imu_packets,1270
IMUtimestamp,quatI,quatJ,quatK,quatReal,quatRadianAccuracy
1596612780.685392,B688431,0.01929,0.02600,-0.99548,0.08942,0.0125
1596612780.69012,B688436,0.01929,0.02600,-0.99548,0.08936,0.0125
1596612780.695772,B688441,0.01929,0.02606,-0.99548,0.08936,0.0125
1596612780.701838,B688447,0.01923,0.02612,-0.99548,0.08936,0.0125
1596612780.706552,B688452,0.01923,0.02612,-0.99548,0.08929,0.0125
1596612780.711234,B688457,0.01923,0.02618,-0.99548,0.08929,0.0125
1596612780.716688,B688463,0.01923,0.02625,-0.99548,0.08929,0.0125
1596612780.7227478,B688468,0.01923,0.02631,-0.99548,0.08923,0.0125
1596612780.7270489,B688473,0.01923,0.02637,-0.99548,0.08923,0.0125
1596612780.732199,B688478,0.01917,0.02643,-0.99548,0.08923,0.0125
1596612780.7371268,B688483,0.01917,0.02649,-0.99548,0.08923,0.0125
1596612780.742452,B688488,0.01917,0.02655,-0.99548,0.08917,0.0125
1596612780.748213,B688493,0.01910,0.02655,-0.99548,0.08917,0.0125
1596612780.75289,B688499,0.01910,0.02661,-0.99548,0.08917,0.0125
1596612780.758446,B688504,0.01904,0.02673,-0.99548,0.08917,0.0125
1596612780.763991,B688509,0.01898,0.02673,-0.99548,0.08917,0.0125
1596612780.76991,B688514,0.01898,0.02679,-0.99548,0.08917,0.0125
1596612780.77297,B688519,0.01892,0.02679,-0.99548,0.08917,0.0125
1596612780.77903,B688524,0.01892,0.02679,-0.99548,0.08917,0.0125
1596612780.782939,B688529,0.01886,0.02679,-0.99548,0.08917,0.0125
1596612780.78828,B688534,0.01886,0.02679,-0.99548,0.08917,0.0125
1596612780.7931032,B688539,0.01880,0.02679,-0.99548,0.08917,0.0125
1596612780.798902,B688544,0.01880,0.02679,-0.99548,0.08917,0.0125
1596612780.803095,B688549,0.01874,0.02679,-0.99548,0.08917,0.0125
1596612780.808322,B688554,0.01874,0.02673,-0.99548,0.08911,0.0125
1596612780.813243,B688559,0.01874,0.02673,-0.99548,0.08911,0.0125
1596612780.818173,B688564,0.01868,0.02673,-0.99548,0.08911,0.0125
1596612780.823273,B688570,0.01868,0.02673,-0.99548,0.08911,0.0125
1596612780.828331,B688575,0.01868,0.02673,-0.99548,0.08905,0.0125
1596612780.835597,B688580,0.01862,0.02673,-0.99548,0.08905,0.0125
1596612780.8397388,B688585,0.01862,0.02673,-0.99548,0.08899,0.0125
1596612780.844526,B688590,0.01855,0.02673,-0.99548,0.08893,0.0125
1596612780.848782,B688595,0.01855,0.02673,-0.99548,0.08893,0.0125
1596612780.853271,B688600,0.01855,0.02673,-0.99548,0.08887,0.0125
1596612780.858898,B688605,0.01849,0.02667,-0.99554,0.08881,0.0125
1596612780.8646882,B688611,0.01849,0.02667,-0.99554,0.08875,0.0125
1596612780.8701062,B688616,0.01849,0.02667,-0.99554,0.08868,0.0125
1596612780.875096,B688622,0.01843,0.02661,-0.99554,0.08862,0.0125
1596612780.884438,B688627,0.01843,0.02661,-0.99554,0.08856,0.0125
1596612780.886273,B688633,0.01843,0.02661,-0.99554,0.08850,0.0125
1596612780.891325,B688638,0.01837,0.02661,-0.99554,0.08838,0.0125
1596612780.896467,B688643,0.01837,0.02661,-0.99554,0.08832,0.0125
1596612780.902438,B688648,0.01837,0.02655,-0.99554,0.08826,0.0125
1596612780.908156,B688653,0.01837,0.02655,-0.99561,0.08820,0.0125
1596612780.9119492,B688658,0.01831,0.02655,-0.99561,0.08813,0.0125
1596612780.916874,B688663,0.01831,0.02655,-0.99561,0.08801,0.0125
1596612780.923181,B688668,0.01831,0.02655,-0.99561,0.08795,0.0125
1596612780.928046,B688673,0.01825,0.02649,-0.99561,0.08789,0.0125
1596612780.9322581,B688679,0.01825,0.02649,-0.99561,0.08783,0.0125
1596612780.937121,B688684,0.01825,0.02649,-0.99561,0.08777,0.0125
1596612780.942389,B688689,0.01825,0.02649,-0.99561,0.08771,0.0125
1596612780.9473338,B688694,0.01825,0.02649,-0.99561,0.08765,0.0125
1596612780.9533892,B688699,0.01825,0.02649,-0.99567,0.08759,0.0125
1596612780.9574609,B688704,0.01825,0.02649,-0.99567,0.08752,0.0125
1596612780.96286,B688709,0.01825,0.02649,-0.99567,0.08752,0.0125
1596612780.967556,B688714,0.01825,0.02649,-0.99567,0.08746,0.0125
1596612780.9726279,B688719,0.01825,0.02649,-0.99567,0.08746,0.0125
1596612780.979744,B688724,0.01831,0.02643,-0.99567,0.08740,0.0125
1596612780.9831822,B688729,0.01831,0.02643,-0.99567,0.08734,0.0125
1596612780.988257,B688734,0.01831,0.02643,-0.99567,0.08734,0.0125
1596612780.9934049,B688739,0.01831,0.02637,-0.99567,0.08734,0.0125
1596612780.999032,B688744,0.01831,0.02631,-0.99567,0.08734,0.0125
1596612781.003843,B688750,0.01831,0.02625,-0.99567,0.08734,0.0125
1596612781.0092459,B688755,0.01831,0.02618,-0.99567,0.08734,0.0125
1596612781.015483,B688761,0.01831,0.02612,-0.99567,0.08734,0.0125
1596612781.020697,B688766,0.01837,0.02606,-0.99567,0.08734,0.0125
1596612781.025337,B688772,0.01837,0.02600,-0.99567,0.08734,0.0125
1596612781.030862,B688777,0.01837,0.02594,-0.99567,0.08734,0.0125
1596612781.036327,B688783,0.01837,0.02594,-0.99567,0.08734,0.0125
1596612781.041316,B688788,0.01843,0.02588,-0.99567,0.08734,0.0125
1596612781.046376,B688793,0.01843,0.02582,-0.99567,0.08740,0.0125
1596612781.051979,B688798,0.01843,0.02582,-0.99567,0.08740,0.0125
1596612781.056703,B688803,0.01843,0.02576,-0.99567,0.08740,0.0125
1596612781.0618508,B688808,0.01843,0.02576,-0.99567,0.08746,0.0125
1596612781.067884,B688814,0.01843,0.02570,-0.99567,0.08746,0.0125
1596612781.073123,B688819,0.01843,0.02570,-0.99567,0.08752,0.0125
1596612781.077397,B688824,0.01843,0.02563,-0.99567,0.08752,0.0125
1596612781.0828989,B688829,0.01843,0.02557,-0.99567,0.08765,0.0125
1596612781.087441,B688834,0.01843,0.02557,-0.99567,0.08765,0.0125
1596612781.092642,B688839,0.01843,0.02551,-0.99567,0.08771,0.0125
1596612781.098173,B688844,0.01837,0.02545,-0.99567,0.08777,0.0125
1596612781.102808,B688849,0.01837,0.02533,-0.99567,0.08783,0.0125
1596612781.108012,B688854,0.01831,0.02527,-0.99567,0.08783,0.0125
1596612781.113225,B688859,0.01825,0.02521,-0.99567,0.08789,0.0125
1596612781.117614,B688864,0.01819,0.02509,-0.99567,0.08795,0.0125
1596612781.123265,B688869,0.01813,0.02502,-0.99567,0.08801,0.0125
1596612781.127883,B688874,0.01807,0.02496,-0.99567,0.08807,0.0125
1596612781.132715,B688879,0.01794,0.02490,-0.99561,0.08813,0.0125
1596612781.1380138,B688885,0.01782,0.02490,-0.99561,0.08826,0.0125
1596612781.1430888,B688890,0.01776,0.02490,-0.99561,0.08832,0.0125
1596612781.148384,B688895,0.01764,0.02496,-0.99561,0.08838,0.0125
1596612781.1534421,B688900,0.01758,0.02502,-0.99561,0.08844,0.0125
1596612781.159198,B688905,0.01746,0.02509,-0.99561,0.08856,0.0125
1596612781.164795,B688911,0.01740,0.02527,-0.99561,0.08862,0.0125
1596612781.170512,B688916,0.01727,0.02545,-0.99561,0.08868,0.0125
1596612781.1758661,B688922,0.01721,0.02570,-0.99554,0.08881,0.0125
1596612781.180505,B688927,0.01715,0.02600,-0.99554,0.08887,0.0125
1596612781.186115,B688932,0.01709,0.02631,-0.99554,0.08893,0.0125
1596612781.192278,B688937,0.01703,0.02673,-0.99554,0.08899,0.0125
1596612781.195735,B688943,0.01703,0.02722,-0.99548,0.08905,0.0125
1596612781.200844,B688948,0.01697,0.02783,-0.99548,0.08905,0.0125
1596612781.2069561,B688953,0.01697,0.02838,-0.99548,0.08911,0.0125
1596612781.21249,B688958,0.01697,0.02905,-0.99548,0.08911,0.0125
1596612781.217252,B688963,0.01703,0.02972,-0.99542,0.08905,0.0125
1596612781.221577,B688968,0.01703,0.03046,-0.99542,0.08905,0.0125
1596612781.2280881,B688973,0.01709,0.03119,-0.99542,0.08899,0.0125
1596612781.231657,B688979,0.01715,0.03204,-0.99536,0.08887,0.0125
1596612781.236873,B688984,0.01721,0.03278,-0.99536,0.08881,0.0125
1596612781.241884,B688989,0.01733,0.03369,-0.99536,0.08862,0.0125
1596612781.2475882,B688994,0.01740,0.03467,-0.99530,0.08844,0.0125
1596612781.252928,B688999,0.01752,0.03552,-0.99530,0.08826,0.0125
1596612781.258968,B689004,0.01764,0.03644,-0.99530,0.08801,0.0125
1596612781.265187,B689009,0.01788,0.03827,-0.99524,0.08746,0.0125
1596612781.2677052,B689015,0.01801,0.03925,-0.99524,0.08716,0.0125
1596612781.274961,B689020,0.01813,0.04004,-0.99524,0.08685,0.0125
1596612781.279158,B689026,0.01831,0.04089,-0.99524,0.08649,0.0125
1596612781.2846668,B689032,0.01849,0.04181,-0.99524,0.08606,0.0125
1596612781.289921,B689037,0.01868,0.04254,-0.99524,0.08569,0.0125
1596612781.29537,B689042,0.01886,0.04321,-0.99524,0.08527,0.0125
1596612781.301353,B689048,0.01904,0.04401,-0.99524,0.08484,0.0125
1596612781.30579,B689053,0.01923,0.04468,-0.99524,0.08435,0.0125
1596612781.31132,B689058,0.01941,0.04535,-0.99524,0.08386,0.0125
1596612781.315797,B689063,0.01959,0.04596,-0.99524,0.08344,0.0126
1596612781.320937,B689068,0.01978,0.04657,-0.99530,0.08295,0.0125
1596612781.32595,B689073,0.01996,0.04712,-0.99530,0.08246,0.0126
1596612781.3334222,B689078,0.02008,0.04761,-0.99530,0.08197,0.0126
1596612781.337354,B689083,0.02026,0.04810,-0.99530,0.08154,0.0126
1596612781.344248,B689088,0.02045,0.04846,-0.99530,0.08112,0.0126
1596612781.346935,B689093,0.02057,0.04883,-0.99530,0.08069,0.0126
1596612781.3517282,B689098,0.02069,0.04919,-0.99536,0.08032,0.0126
1596612781.357409,B689103,0.02081,0.04956,-0.99536,0.07996,0.0126
1596612781.361535,B689108,0.02094,0.04993,-0.99536,0.07965,0.0126
1596612781.367264,B689113,0.02106,0.05029,-0.99536,0.07935,0.0126
1596612781.371871,B689118,0.02112,0.05066,-0.99536,0.07910,0.0126
1596612781.3765,B689123,0.02124,0.05103,-0.99536,0.07886,0.0126
1596612781.381588,B689129,0.02130,0.05139,-0.99536,0.07861,0.0126
1596612781.3867252,B689134,0.02136,0.05176,-0.99536,0.07843,0.0126
1596612781.3928509,B689139,0.02142,0.05212,-0.99536,0.07825,0.0126
1596612781.3968482,B689144,0.02142,0.05243,-0.99536,0.07813,0.0126
1596612781.403191,B689149,0.02148,0.05280,-0.99530,0.07800,0.0126
1596612781.408891,B689154,0.02148,0.05353,-0.99530,0.07788,0.0126
1596612781.412197,B689159,0.02148,0.05383,-0.99530,0.07788,0.0126
1596612781.419334,B689164,0.02148,0.05426,-0.99524,0.07794,0.0126
1596612781.422626,B689169,0.02148,0.05463,-0.99524,0.07794,0.0126
1596612781.427928,B689174,0.02148,0.05499,-0.99518,0.07800,0.0126
1596612781.436291,B689179,0.02142,0.05536,-0.99518,0.07813,0.0126
1596612781.4375732,B689185,0.02142,0.05579,-0.99512,0.07819,0.0126
1596612781.445288,B689190,0.02136,0.05621,-0.99512,0.07831,0.0126
1596612781.45042,B689195,0.02130,0.05664,-0.99506,0.07849,0.0126
1596612781.453365,B689200,0.02130,0.05707,-0.99506,0.07861,0.0126
1596612781.459071,B689206,0.02124,0.05756,-0.99500,0.07880,0.0126
1596612781.467084,B689212,0.02118,0.05804,-0.99493,0.07898,0.0126
1596612781.4698749,B689217,0.02112,0.05853,-0.99493,0.07916,0.0126
1596612781.4792588,B689223,0.02112,0.05896,-0.99487,0.07935,0.0126
1596612781.48141,B689228,0.02106,0.05945,-0.99481,0.07953,0.0126
1596612781.4871979,B689233,0.02100,0.06000,-0.99481,0.07971,0.0126
1596612781.491819,B689238,0.02094,0.06049,-0.99475,0.07990,0.0126
1596612781.496723,B689243,0.02087,0.06097,-0.99469,0.08002,0.0126
1596612781.505297,B689248,0.02081,0.06152,-0.99469,0.08020,0.0126
1596612781.505664,B689253,0.02081,0.06201,-0.99463,0.08032,0.0126
1596612781.5127091,B689258,0.02081,0.06250,-0.99457,0.08044,0.0126
1596612781.516428,B689263,0.02081,0.06293,-0.99457,0.08057,0.0126
1596612781.52208,B689268,0.02081,0.06348,-0.99451,0.08063,0.0126
1596612781.5279691,B689273,0.02087,0.06396,-0.99445,0.08069,0.0126
1596612781.531306,B689278,0.02094,0.06439,-0.99445,0.08075,0.0126
1596612781.5364969,B689284,0.02094,0.06482,-0.99438,0.08075,0.0126
1596612781.5412061,B689289,0.02106,0.06531,-0.99438,0.08069,0.0126
1596612781.551651,B689294,0.02112,0.06573,-0.99432,0.08069,0.0126
1596612781.551666,B689299,0.02118,0.06610,-0.99432,0.08063,0.0126
1596612781.55723,B689304,0.02130,0.06659,-0.99432,0.08051,0.0126
1596612781.5634508,B689309,0.02142,0.06702,-0.99426,0.08038,0.0126
1596612781.566483,B689314,0.02155,0.06738,-0.99426,0.08020,0.0126
1596612781.571518,B689319,0.02173,0.06781,-0.99426,0.08002,0.0126
1596612781.577688,B689324,0.02185,0.06824,-0.99420,0.07983,0.0126
1596612781.581795,B689329,0.02203,0.06866,-0.99420,0.07959,0.0126
1596612781.5874681,B689334,0.02240,0.06946,-0.99420,0.07904,0.0126
1596612781.591862,B689339,0.02258,0.06982,-0.99420,0.07874,0.0126
1596612781.597101,B689344,0.02283,0.07031,-0.99420,0.07837,0.0126
1596612781.603371,B689349,0.02307,0.07074,-0.99420,0.07800,0.0126
1596612781.606955,B689354,0.02325,0.07117,-0.99414,0.07764,0.0127
1596612781.6122172,B689359,0.02350,0.07153,-0.99414,0.07721,0.0126
1596612781.6170518,B689364,0.02368,0.07190,-0.99414,0.07684,0.0126
1596612781.623109,B689369,0.02393,0.07227,-0.99414,0.07642,0.0126
1596612781.627481,B689374,0.02411,0.07257,-0.99414,0.07599,0.0127
1596612781.6327949,B689380,0.02435,0.07281,-0.99420,0.07562,0.0127
1596612781.637235,B689385,0.02454,0.07306,-0.99420,0.07526,0.0126
1596612781.643138,B689390,0.02472,0.07324,-0.99420,0.07483,0.0126
1596612781.64782,B689395,0.02496,0.07343,-0.99420,0.07446,0.0127
1596612781.65246,B689400,0.02509,0.07355,-0.99420,0.07416,0.0127
1596612781.657352,B689405,0.02533,0.07373,-0.99420,0.07373,0.0126
1596612781.662349,B689410,0.02545,0.07391,-0.99426,0.07343,0.0127
1596612781.6673658,B689415,0.02563,0.07410,-0.99426,0.07306,0.0127
1596612781.6728718,B689420,0.02576,0.07428,-0.99426,0.07275,0.0127
1596612781.677551,B689425,0.02588,0.07446,-0.99426,0.07239,0.0126
1596612781.682579,B689430,0.02600,0.07458,-0.99426,0.07208,0.0127
1596612781.687792,B689435,0.02612,0.07477,-0.99426,0.07178,0.0127
1596612781.69444,B689440,0.02625,0.07489,-0.99426,0.07153,0.0127
1596612781.6978712,B689445,0.02631,0.07501,-0.99426,0.07123,0.0126
1596612781.702915,B689450,0.02637,0.07513,-0.99432,0.07092,0.0127
1596612781.707458,B689455,0.02643,0.07520,-0.99432,0.07068,0.0127
1596612781.71261,B689460,0.02649,0.07526,-0.99432,0.07037,0.0126
1596612781.717911,B689465,0.02655,0.07532,-0.99432,0.07013,0.0126
1596612781.723535,B689471,0.02655,0.07532,-0.99432,0.06989,0.0126
1596612781.728981,B689476,0.02655,0.07532,-0.99438,0.06964,0.0126
1596612781.734586,B689482,0.02655,0.07532,-0.99438,0.06946,0.0126
1596612781.7406662,B689487,0.02649,0.07532,-0.99438,0.06927,0.0126
1596612781.745204,B689492,0.02643,0.07532,-0.99438,0.06915,0.0126
1596612781.7509792,B689498,0.02637,0.07532,-0.99445,0.06897,0.0126
1596612781.755947,B689503,0.02631,0.07532,-0.99445,0.06885,0.0126
1596612781.761508,B689509,0.02618,0.07526,-0.99445,0.06879,0.0126
1596612781.766428,B689514,0.02612,0.07526,-0.99445,0.06866,0.0126
1596612781.7717278,B689519,0.02600,0.07520,-0.99445,0.06866,0.0126
1596612781.776384,B689524,0.02594,0.07520,-0.99445,0.06860,0.0126
1596612781.782376,B689529,0.02582,0.07520,-0.99445,0.06866,0.0126
1596612781.7875059,B689534,0.02570,0.07513,-0.99445,0.06866,0.0126
1596612781.792344,B689539,0.02563,0.07513,-0.99445,0.06879,0.0126
1596612781.797272,B689545,0.02551,0.07507,-0.99445,0.06891,0.0126
1596612781.802196,B689550,0.02539,0.07489,-0.99445,0.06915,0.0126
1596612781.8074172,B689555,0.02533,0.07477,-0.99445,0.06934,0.0126
1596612781.8125288,B689560,0.02533,0.07465,-0.99445,0.06952,0.0126
1596612781.8177369,B689565,0.02527,0.07452,-0.99445,0.06976,0.0126
1596612781.822787,B689570,0.02527,0.07434,-0.99445,0.07007,0.0126
1596612781.827337,B689575,0.02527,0.07410,-0.99445,0.07031,0.0126
1596612781.8327239,B689580,0.02527,0.07385,-0.99445,0.07062,0.0126
1596612781.8383071,B689585,0.02533,0.07361,-0.99445,0.07092,0.0126
1596612781.842217,B689590,0.02533,0.07336,-0.99445,0.07129,0.0126
1596612781.8475509,B689595,0.02539,0.07306,-0.99445,0.07159,0.0126
1596612781.8522408,B689600,0.02545,0.07281,-0.99445,0.07190,0.0126
1596612781.857249,B689605,0.02551,0.07245,-0.99445,0.07227,0.0126
1596612781.8625128,B689610,0.02557,0.07214,-0.99445,0.07263,0.0126
1596612781.8687391,B689615,0.02563,0.07184,-0.99438,0.07300,0.0126
1596612781.8730822,B689620,0.02570,0.07153,-0.99438,0.07330,0.0126
1596612781.877185,B689625,0.02576,0.07117,-0.99438,0.07373,0.0126
1596612781.8821828,B689630,0.02576,0.07080,-0.99438,0.07410,0.0126
1596612781.8873239,B689635,0.02582,0.07050,-0.99438,0.07446,0.0126
1596612781.892422,B689640,0.02588,0.07019,-0.99438,0.07483,0.0126
1596612781.897372,B689645,0.02588,0.06989,-0.99438,0.07520,0.0126
1596612781.9023318,B689650,0.02594,0.06958,-0.99438,0.07556,0.0126
1596612781.907628,B689655,0.02600,0.06927,-0.99438,0.07587,0.0126
1596612781.912779,B689660,0.02606,0.06897,-0.99438,0.07623,0.0126
1596612781.9179149,B689665,0.02606,0.06866,-0.99432,0.07660,0.0126
1596612781.922695,B689670,0.02612,0.06836,-0.99432,0.07697,0.0126
1596612781.9276328,B689675,0.02618,0.06799,-0.99432,0.07733,0.0126
1596612781.932711,B689680,0.02625,0.06763,-0.99432,0.07764,0.0126
1596612781.938307,B689686,0.02631,0.06726,-0.99432,0.07800,0.0126
1596612781.9442172,B689692,0.02637,0.06689,-0.99432,0.07831,0.0126
1596612781.9492412,B689697,0.02649,0.06641,-0.99432,0.07861,0.0126
1596612781.954496,B689702,0.02655,0.06604,-0.99432,0.07892,0.0126
1596612781.9598532,B689708,0.02667,0.06567,-0.99432,0.07922,0.0126
1596612781.967422,B689713,0.02679,0.06525,-0.99432,0.07953,0.0126
1596612781.971343,B689718,0.02686,0.06488,-0.99432,0.07983,0.0126
1596612781.975612,B689723,0.02698,0.06451,-0.99432,0.08014,0.0126
1596612781.980511,B689728,0.02710,0.06421,-0.99432,0.08038,0.0126
1596612781.985943,B689734,0.02722,0.06384,-0.99432,0.08069,0.0126
1596612781.99232,B689739,0.02734,0.06360,-0.99432,0.08093,0.0126
1596612781.9965959,B689744,0.02747,0.06329,-0.99432,0.08118,0.0126
1596612782.001359,B689749,0.02759,0.06311,-0.99432,0.08142,0.0126
1596612782.0072691,B689754,0.02771,0.06287,-0.99426,0.08173,0.0126
1596612782.011183,B689759,0.02783,0.06262,-0.99426,0.08197,0.0126
1596612782.017028,B689764,0.02795,0.06244,-0.99426,0.08215,0.0126
1596612782.022103,B689769,0.02820,0.06201,-0.99426,0.08264,0.0126
1596612782.026706,B689775,0.02832,0.06177,-0.99426,0.08289,0.0126
1596612782.032681,B689780,0.02850,0.06158,-0.99426,0.08307,0.0126
1596612782.0372028,B689785,0.02863,0.06134,-0.99420,0.08325,0.0126
1596612782.041787,B689790,0.02881,0.06116,-0.99420,0.08344,0.0126
1596612782.04707,B689795,0.02893,0.06091,-0.99420,0.08362,0.0126
1596612782.0521522,B689800,0.02905,0.06073,-0.99420,0.08380,0.0126
1596612782.056921,B689805,0.02924,0.06049,-0.99420,0.08398,0.0126
1596612782.062159,B689810,0.02942,0.06030,-0.99420,0.08417,0.0126
1596612782.068214,B689815,0.02954,0.06006,-0.99420,0.08429,0.0126
1596612782.072053,B689820,0.02966,0.05988,-0.99420,0.08447,0.0126
1596612782.077255,B689825,0.02979,0.05969,-0.99420,0.08466,0.0126
1596612782.082301,B689830,0.02991,0.05957,-0.99414,0.08478,0.0126
1596612782.087321,B689835,0.03003,0.05939,-0.99414,0.08496,0.0126
1596612782.091894,B689840,0.03015,0.05927,-0.99414,0.08508,0.0126
1596612782.0969589,B689845,0.03021,0.05908,-0.99414,0.08521,0.0126
1596612782.1023831,B689850,0.03033,0.05896,-0.99414,0.08539,0.0126
1596612782.107339,B689855,0.03046,0.05884,-0.99414,0.08551,0.0126
1596612782.1143522,B689860,0.03052,0.05878,-0.99414,0.08563,0.0126
1596612782.118069,B689865,0.03064,0.05865,-0.99414,0.08575,0.0126
1596612782.122423,B689870,0.03070,0.05865,-0.99408,0.08588,0.0126
1596612782.127351,B689875,0.03082,0.05859,-0.99408,0.08600,0.0126
1596612782.132399,B689880,0.03088,0.05853,-0.99408,0.08612,0.0126
1596612782.137713,B689885,0.03094,0.05853,-0.99408,0.08624,0.0126
1596612782.142261,B689890,0.03101,0.05853,-0.99408,0.08636,0.0126
1596612782.1480901,B689895,0.03107,0.05853,-0.99402,0.08649,0.0126
1596612782.1524758,B689900,0.03113,0.05853,-0.99402,0.08661,0.0126
1596612782.157548,B689905,0.03113,0.05853,-0.99402,0.08673,0.0126
1596612782.1626408,B689910,0.03119,0.05859,-0.99402,0.08685,0.0126
1596612782.167837,B689915,0.03119,0.05859,-0.99402,0.08698,0.0126
1596612782.1730628,B689921,0.03119,0.05865,-0.99396,0.08710,0.0126
1596612782.178352,B689926,0.03125,0.05872,-0.99396,0.08716,0.0125
1596612782.184242,B689932,0.03125,0.05878,-0.99396,0.08728,0.0125
1596612782.1890671,B689937,0.03125,0.05884,-0.99396,0.08740,0.0126
1596612782.195563,B689943,0.03125,0.05896,-0.99396,0.08746,0.0125
1596612782.200495,B689948,0.03125,0.05902,-0.99390,0.08752,0.0125
1596612782.2052102,B689953,0.03125,0.05908,-0.99390,0.08765,0.0125
1596612782.210451,B689958,0.03131,0.05914,-0.99390,0.08771,0.0125
1596612782.215404,B689963,0.03131,0.05920,-0.99390,0.08783,0.0125
1596612782.222583,B689969,0.03131,0.05920,-0.99390,0.08789,0.0125
1596612782.225632,B689974,0.03131,0.05914,-0.99390,0.08795,0.0125
1596612782.231591,B689979,0.03131,0.05908,-0.99390,0.08801,0.0125
1596612782.236534,B689984,0.03131,0.05896,-0.99390,0.08813,0.0125
1596612782.241123,B689989,0.03131,0.05878,-0.99390,0.08820,0.0125
1596612782.2465641,B689994,0.03131,0.05865,-0.99390,0.08832,0.0125
1596612782.251393,B689999,0.03137,0.05853,-0.99390,0.08838,0.0125
1596612782.2561631,B690004,0.03137,0.05841,-0.99390,0.08850,0.0125
1596612782.261864,B690009,0.03143,0.05841,-0.99384,0.08856,0.0125
1596612782.267649,B690015,0.03143,0.05835,-0.99384,0.08868,0.0125
1596612782.271821,B690020,0.03156,0.05841,-0.99384,0.08887,0.0125
1596612782.2777321,B690025,0.03156,0.05847,-0.99384,0.08893,0.0125
1596612782.2824142,B690030,0.03162,0.05853,-0.99384,0.08899,0.0125
1596612782.287144,B690035,0.03168,0.05859,-0.99377,0.08911,0.0125
1596612782.2917628,B690040,0.03174,0.05859,-0.99377,0.08917,0.0125
1596612782.297246,B690045,0.03174,0.05865,-0.99377,0.08923,0.0125
1596612782.302324,B690050,0.03180,0.05872,-0.99377,0.08929,0.0125
1596612782.307013,B690055,0.03186,0.05878,-0.99377,0.08936,0.0125
1596612782.311826,B690060,0.03192,0.05884,-0.99371,0.08942,0.0125
1596612782.3174698,B690065,0.03192,0.05890,-0.99371,0.08948,0.0125
1596612782.3225548,B690070,0.03198,0.05896,-0.99371,0.08954,0.0125
1596612782.326968,B690075,0.03204,0.05902,-0.99371,0.08954,0.0125
1596612782.332084,B690080,0.03204,0.05908,-0.99371,0.08954,0.0125
1596612782.337613,B690085,0.03210,0.05914,-0.99371,0.08954,0.0125
1596612782.342358,B690090,0.03210,0.05920,-0.99371,0.08954,0.0125
1596612782.347389,B690095,0.03217,0.05933,-0.99371,0.08948,0.0125
1596612782.352967,B690101,0.03217,0.05945,-0.99371,0.08948,0.0125
1596612782.359328,B690106,0.03217,0.05963,-0.99371,0.08942,0.0125
1596612782.3642921,B690112,0.03217,0.05975,-0.99371,0.08936,0.0125
1596612782.370421,B690117,0.03217,0.05988,-0.99365,0.08929,0.0125
1596612782.374654,B690123,0.03217,0.06000,-0.99371,0.08923,0.0125
1596612782.380215,B690128,0.03217,0.06006,-0.99371,0.08911,0.0125
1596612782.3854442,B690134,0.03217,0.06012,-0.99371,0.08905,0.0125
1596612782.392653,B690139,0.03210,0.06018,-0.99371,0.08899,0.0125
1596612782.3959181,B690144,0.03204,0.06018,-0.99371,0.08893,0.0125
1596612782.4007812,B690149,0.03198,0.06012,-0.99371,0.08887,0.0125
1596612782.4072478,B690154,0.03192,0.06006,-0.99371,0.08881,0.0125
1596612782.411191,B690159,0.03186,0.05994,-0.99371,0.08875,0.0125
1596612782.417242,B690164,0.03180,0.05981,-0.99377,0.08868,0.0125
1596612782.421176,B690169,0.03174,0.05969,-0.99377,0.08862,0.0125
1596612782.42714,B690174,0.03174,0.05945,-0.99377,0.08856,0.0125
1596612782.431214,B690179,0.03168,0.05927,-0.99377,0.08856,0.0125
1596612782.436279,B690184,0.03168,0.05902,-0.99384,0.08850,0.0125
1596612782.441291,B690189,0.03168,0.05872,-0.99384,0.08850,0.0125
1596612782.4518669,B690195,0.03168,0.05847,-0.99384,0.08844,0.0125
1596612782.4521332,B690200,0.03174,0.05786,-0.99390,0.08844,0.0125
1596612782.456928,B690205,0.03180,0.05756,-0.99390,0.08838,0.0125
1596612782.462064,B690210,0.03186,0.05731,-0.99390,0.08838,0.0125
1596612782.466759,B690215,0.03198,0.05701,-0.99396,0.08838,0.0125
1596612782.471817,B690220,0.03210,0.05682,-0.99396,0.08838,0.0125
1596612782.4783008,B690225,0.03223,0.05658,-0.99396,0.08838,0.0125
1596612782.483348,B690230,0.03235,0.05640,-0.99396,0.08838,0.0125
1596612782.487824,B690235,0.03253,0.05627,-0.99396,0.08832,0.0125
1596612782.492091,B690240,0.03265,0.05609,-0.99396,0.08832,0.0125
1596612782.496854,B690245,0.03284,0.05591,-0.99396,0.08832,0.0125
1596612782.504834,B690250,0.03302,0.05573,-0.99396,0.08832,0.0125
1596612782.506776,B690255,0.03314,0.05560,-0.99402,0.08832,0.0125
1596612782.511775,B690260,0.03333,0.05542,-0.99402,0.08832,0.0125
1596612782.5168052,B690265,0.03345,0.05530,-0.99402,0.08832,0.0125
1596612782.5224981,B690270,0.03357,0.05518,-0.99402,0.08832,0.0125
1596612782.529443,B690275,0.03369,0.05511,-0.99402,0.08832,0.0125
1596612782.531868,B690280,0.03381,0.05511,-0.99402,0.08838,0.0125
1596612782.536947,B690285,0.03387,0.05505,-0.99396,0.08838,0.0125
1596612782.543417,B690290,0.03400,0.05505,-0.99396,0.08844,0.0125
1596612782.5479512,B690295,0.03406,0.05505,-0.99396,0.08850,0.0125
1596612782.554052,B690300,0.03412,0.05505,-0.99396,0.08856,0.0125
1596612782.5570729,B690305,0.03418,0.05505,-0.99396,0.08868,0.0125
1596612782.563009,B690310,0.03418,0.05499,-0.99396,0.08875,0.0125
1596612782.567523,B690315,0.03424,0.05493,-0.99396,0.08887,0.0125
1596612782.572347,B690320,0.03424,0.05487,-0.99396,0.08893,0.0125
1596612782.577152,B690326,0.03424,0.05475,-0.99396,0.08905,0.0125
1596612782.582269,B690331,0.03424,0.05469,-0.99390,0.08917,0.0125
1596612782.587221,B690336,0.03418,0.05457,-0.99390,0.08929,0.0125
1596612782.5924091,B690341,0.03418,0.05450,-0.99390,0.08936,0.0125
1596612782.597446,B690346,0.03418,0.05438,-0.99390,0.08954,0.0125
1596612782.603888,B690352,0.03412,0.05432,-0.99390,0.08966,0.0125
1596612782.60818,B690357,0.03406,0.05420,-0.99390,0.08978,0.0125
1596612782.6150641,B690362,0.03400,0.05414,-0.99390,0.08997,0.0125
1596612782.619906,B690368,0.03394,0.05408,-0.99390,0.09009,0.0125
1596612782.624841,B690373,0.03381,0.05396,-0.99390,0.09027,0.0125
1596612782.629951,B690379,0.03375,0.05396,-0.99390,0.09045,0.0125
1596612782.6361148,B690384,0.03369,0.05389,-0.99384,0.09064,0.0125
1596612782.64033,B690389,0.03357,0.05389,-0.99384,0.09082,0.0125
1596612782.645709,B690394,0.03351,0.05383,-0.99384,0.09094,0.0125
1596612782.650843,B690399,0.03339,0.05383,-0.99384,0.09113,0.0125
1596612782.6558359,B690404,0.03333,0.05383,-0.99384,0.09131,0.0125
1596612782.660935,B690409,0.03320,0.05383,-0.99377,0.09149,0.0125
1596612782.665886,B690414,0.03314,0.05383,-0.99377,0.09167,0.0125
1596612782.672555,B690419,0.03302,0.05383,-0.99377,0.09192,0.0125
1596612782.676163,B690424,0.03296,0.05383,-0.99377,0.09204,0.0125
1596612782.681598,B690430,0.03284,0.05383,-0.99371,0.09229,0.0125
1596612782.686955,B690435,0.03259,0.05396,-0.99371,0.09271,0.0125
1596612782.6913412,B690440,0.03253,0.05402,-0.99365,0.09290,0.0125
1596612782.696667,B690445,0.03241,0.05414,-0.99365,0.09314,0.0125
1596612782.702914,B690450,0.03235,0.05426,-0.99365,0.09332,0.0125
1596612782.706995,B690455,0.03223,0.05438,-0.99359,0.09357,0.0125
1596612782.713054,B690460,0.03210,0.05450,-0.99359,0.09375,0.0125
1596612782.716138,B690465,0.03204,0.05463,-0.99353,0.09393,0.0125
1596612782.722889,B690470,0.03192,0.05481,-0.99353,0.09418,0.0125
1596612782.726657,B690475,0.03180,0.05493,-0.99353,0.09436,0.0125
1596612782.732666,B690480,0.03168,0.05499,-0.99347,0.09454,0.0125
1596612782.736115,B690485,0.03156,0.05511,-0.99347,0.09473,0.0125
1596612782.741817,B690490,0.03137,0.05524,-0.99347,0.09485,0.0125
1596612782.747333,B690495,0.03125,0.05530,-0.99347,0.09497,0.0125
1596612782.751273,B690500,0.03107,0.05536,-0.99347,0.09509,0.0125
1596612782.756258,B690505,0.03088,0.05542,-0.99341,0.09521,0.0125
1596612782.761461,B690510,0.03076,0.05542,-0.99341,0.09534,0.0125
1596612782.766814,B690515,0.03058,0.05542,-0.99341,0.09540,0.0125
1596612782.7721632,B690520,0.03046,0.05542,-0.99341,0.09546,0.0125
1596612782.776531,B690525,0.03033,0.05542,-0.99341,0.09552,0.0125
1596612782.7818098,B690530,0.03021,0.05536,-0.99341,0.09552,0.0125
1596612782.787223,B690535,0.03009,0.05536,-0.99341,0.09546,0.0125
1596612782.792479,B690540,0.03003,0.05530,-0.99347,0.09546,0.0125
1596612782.7969542,B690545,0.02997,0.05530,-0.99347,0.09534,0.0125
1596612782.802403,B690551,0.02991,0.05524,-0.99347,0.09521,0.0125
1596612782.807774,B690556,0.02991,0.05518,-0.99347,0.09509,0.0125
1596612782.8120818,B690561,0.02985,0.05505,-0.99353,0.09491,0.0125
1596612782.819606,B690566,0.02985,0.05499,-0.99353,0.09467,0.0125
1596612782.822251,B690571,0.02985,0.05487,-0.99359,0.09448,0.0125
1596612782.826873,B690576,0.02985,0.05475,-0.99359,0.09418,0.0125
1596612782.832386,B690581,0.02985,0.05463,-0.99365,0.09393,0.0125
1596612782.8381171,B690587,0.02985,0.05444,-0.99365,0.09357,0.0125
1596612782.8438551,B690592,0.02985,0.05432,-0.99371,0.09326,0.0125
1596612782.849239,B690598,0.02985,0.05414,-0.99377,0.09290,0.0125
1596612782.85409,B690603,0.02985,0.05402,-0.99377,0.09259,0.0125
1596612782.860986,B690608,0.02985,0.05383,-0.99384,0.09216,0.0125
1596612782.866082,B690614,0.02985,0.05365,-0.99390,0.09180,0.0125
1596612782.870532,B690619,0.02985,0.05341,-0.99396,0.09137,0.0125
1596612782.875537,B690624,0.02985,0.05322,-0.99396,0.09094,0.0125
1596612782.881106,B690629,0.02985,0.05292,-0.99402,0.09045,0.0125
1596612782.886038,B690635,0.02985,0.05267,-0.99408,0.09003,0.0125
1596612782.891507,B690640,0.02985,0.05243,-0.99414,0.08960,0.0125
1596612782.897917,B690645,0.02985,0.05212,-0.99420,0.08917,0.0125
1596612782.901132,B690650,0.02985,0.05145,-0.99432,0.08826,0.0125
1596612782.9063199,B690655,0.02985,0.05109,-0.99438,0.08783,0.0125
1596612782.911216,B690660,0.02985,0.05072,-0.99445,0.08746,0.0125
1596612782.916229,B690665,0.02985,0.05035,-0.99451,0.08704,0.0125
1596612782.923305,B690670,0.02979,0.04999,-0.99451,0.08673,0.0125
1596612782.926275,B690675,0.02972,0.04956,-0.99457,0.08636,0.0125
1596612782.931324,B690680,0.02972,0.04926,-0.99463,0.08612,0.0125
1596612782.9368162,B690685,0.02966,0.04877,-0.99469,0.08582,0.0125
1596612782.9417,B690690,0.02960,0.04840,-0.99469,0.08557,0.0125
1596612782.946927,B690695,0.02960,0.04803,-0.99475,0.08533,0.0125
1596612782.9528651,B690700,0.02954,0.04767,-0.99481,0.08514,0.0125
1596612782.956984,B690705,0.02948,0.04730,-0.99481,0.08496,0.0125
1596612782.962402,B690710,0.02942,0.04706,-0.99487,0.08484,0.0125
1596612782.967155,B690715,0.02942,0.04687,-0.99487,0.08472,0.0125
1596612782.9722261,B690720,0.02936,0.04669,-0.99487,0.08459,0.0125
1596612782.977368,B690725,0.02936,0.04657,-0.99487,0.08453,0.0125
1596612782.9831522,B690731,0.02936,0.04657,-0.99487,0.08447,0.0125
1596612782.9872289,B690736,0.02936,0.04657,-0.99493,0.08447,0.0125
1596612782.991783,B690741,0.02936,0.04657,-0.99487,0.08447,0.0125
1596612782.996879,B690746,0.02942,0.04669,-0.99487,0.08447,0.0125
1596612783.001869,B690751,0.02942,0.04675,-0.99487,0.08447,0.0125
1596612783.006984,B690756,0.02948,0.04681,-0.99487,0.08447,0.0125
1596612783.013052,B690761,0.02948,0.04687,-0.99487,0.08453,0.0125
1596612783.018359,B690767,0.02960,0.04700,-0.99487,0.08453,0.0125
1596612783.02349,B690772,0.02966,0.04712,-0.99487,0.08459,0.0125
1596612783.028783,B690778,0.02979,0.04730,-0.99481,0.08466,0.0125
1596612783.034166,B690783,0.02997,0.04755,-0.99481,0.08472,0.0125
1596612783.0400882,B690789,0.03015,0.04779,-0.99481,0.08478,0.0125
1596612783.045023,B690794,0.03033,0.04797,-0.99475,0.08484,0.0125
1596612783.051348,B690799,0.03052,0.04810,-0.99475,0.08490,0.0125
1596612783.056146,B690804,0.03076,0.04816,-0.99475,0.08496,0.0125
1596612783.061558,B690810,0.03094,0.04816,-0.99475,0.08508,0.0125
1596612783.066311,B690815,0.03119,0.04810,-0.99475,0.08514,0.0125
1596612783.07076,B690820,0.03143,0.04797,-0.99469,0.08521,0.0125
1596612783.0764642,B690825,0.03162,0.04785,-0.99469,0.08521,0.0125
1596612783.0812101,B690830,0.03217,0.04761,-0.99469,0.08533,0.0125
1596612783.087029,B690835,0.03241,0.04749,-0.99469,0.08533,0.0125
1596612783.091435,B690840,0.03259,0.04742,-0.99469,0.08533,0.0125
1596612783.0969238,B690845,0.03278,0.04742,-0.99469,0.08533,0.0125
1596612783.101204,B690850,0.03290,0.04742,-0.99469,0.08527,0.0125
1596612783.106164,B690855,0.03302,0.04742,-0.99469,0.08527,0.0125
1596612783.1116319,B690860,0.03302,0.04742,-0.99469,0.08521,0.0125
1596612783.1168692,B690866,0.03302,0.04749,-0.99469,0.08521,0.0125
1596612783.121401,B690871,0.03296,0.04755,-0.99469,0.08514,0.0125
1596612783.126694,B690876,0.03290,0.04755,-0.99469,0.08508,0.0125
1596612783.131815,B690881,0.03284,0.04761,-0.99469,0.08502,0.0125
1596612783.1364758,B690886,0.03271,0.04761,-0.99469,0.08496,0.0125
1596612783.141808,B690891,0.03259,0.04761,-0.99469,0.08496,0.0125
1596612783.146591,B690896,0.03253,0.04749,-0.99475,0.08490,0.0125
1596612783.154109,B690901,0.03241,0.04742,-0.99475,0.08484,0.0125
1596612783.1574981,B690906,0.03235,0.04724,-0.99475,0.08478,0.0125
1596612783.162685,B690912,0.03235,0.04712,-0.99475,0.08472,0.0125
1596612783.1689138,B690917,0.03235,0.04694,-0.99481,0.08466,0.0125
1596612783.1736152,B690923,0.03235,0.04669,-0.99481,0.08453,0.0125
1596612783.179161,B690928,0.03235,0.04651,-0.99481,0.08447,0.0125
1596612783.1842299,B690933,0.03241,0.04626,-0.99481,0.08441,0.0125
1596612783.190945,B690939,0.03247,0.04608,-0.99487,0.08429,0.0125
1596612783.195935,B690944,0.03253,0.04596,-0.99487,0.08423,0.0125
1596612783.2012002,B690950,0.03259,0.04584,-0.99487,0.08411,0.0125
1596612783.205566,B690955,0.03271,0.04578,-0.99487,0.08398,0.0125
1596612783.2105129,B690960,0.03278,0.04578,-0.99487,0.08386,0.0125
1596612783.216212,B690965,0.03284,0.04590,-0.99487,0.08374,0.0125
1596612783.2206662,B690970,0.03296,0.04602,-0.99487,0.08362,0.0125
1596612783.2284951,B690975,0.03302,0.04620,-0.99487,0.08356,0.0125
1596612783.231044,B690980,0.03308,0.04639,-0.99487,0.08337,0.0125
1596612783.2357051,B690985,0.03314,0.04657,-0.99487,0.08331,0.0125
1596612783.2409668,B690990,0.03314,0.04675,-0.99487,0.08319,0.0125
1596612783.245813,B690995,0.03314,0.04700,-0.99487,0.08301,0.0125
1596612783.251965,B691000,0.03314,0.04724,-0.99487,0.08289,0.0125
1596612783.255438,B691005,0.03320,0.04749,-0.99487,0.08276,0.0125
1596612783.2604642,B691010,0.03326,0.04785,-0.99487,0.08258,0.0125
1596612783.266481,B691015,0.03333,0.04828,-0.99487,0.08240,0.0125
1596612783.2706501,B691020,0.03339,0.04865,-0.99487,0.08221,0.0125
1596612783.276027,B691025,0.03351,0.04901,-0.99487,0.08197,0.0125
1596612783.2810502,B691030,0.03375,0.04980,-0.99487,0.08148,0.0125
1596612783.286861,B691035,0.03387,0.05017,-0.99487,0.08118,0.0125
1596612783.292115,B691041,0.03400,0.05054,-0.99487,0.08087,0.0125
1596612783.29712,B691046,0.03418,0.05090,-0.99487,0.08057,0.0125
1596612783.301226,B691051,0.03430,0.05121,-0.99487,0.08020,0.0125
1596612783.307907,B691056,0.03448,0.05151,-0.99487,0.07990,0.0125
1596612783.3116548,B691061,0.03461,0.05176,-0.99487,0.07959,0.0125
1596612783.316897,B691066,0.03479,0.05200,-0.99487,0.07922,0.0125
1596612783.321682,B691071,0.03491,0.05225,-0.99487,0.07892,0.0125
1596612783.3265831,B691076,0.03510,0.05243,-0.99493,0.07855,0.0125
1596612783.3319318,B691081,0.03522,0.05261,-0.99493,0.07825,0.0125
1596612783.336668,B691086,0.03540,0.05273,-0.99493,0.07794,0.0125
1596612783.342292,B691092,0.03552,0.05286,-0.99493,0.07764,0.0125
1596612783.352057,B691097,0.03571,0.05298,-0.99493,0.07739,0.0125
1596612783.353248,B691102,0.03583,0.05316,-0.99493,0.07715,0.0125
1596612783.359584,B691108,0.03601,0.05334,-0.99493,0.07690,0.0125
1596612783.366494,B691114,0.03613,0.05347,-0.99500,0.07666,0.0125
1596612783.369807,B691119,0.03632,0.05365,-0.99500,0.07648,0.0125
1596612783.376423,B691124,0.03644,0.05389,-0.99493,0.07629,0.0125
1596612783.38039,B691130,0.03662,0.05408,-0.99493,0.07611,0.0125
1596612783.385555,B691135,0.03680,0.05432,-0.99493,0.07599,0.0125
1596612783.390594,B691140,0.03693,0.05457,-0.99493,0.07581,0.0125
1596612783.396771,B691145,0.03711,0.05481,-0.99493,0.07574,0.0125
1596612783.400785,B691150,0.03729,0.05511,-0.99493,0.07568,0.0125
1596612783.407788,B691155,0.03760,0.05560,-0.99487,0.07556,0.0125
1596612783.4114308,B691160,0.03772,0.05585,-0.99487,0.07556,0.0125
1596612783.4158459,B691165,0.03790,0.05615,-0.99481,0.07562,0.0125
1596612783.421119,B691170,0.03802,0.05640,-0.99481,0.07562,0.0125
1596612783.4259908,B691175,0.03821,0.05670,-0.99481,0.07568,0.0125
1596612783.4308102,B691180,0.03833,0.05695,-0.99475,0.07574,0.0125
1596612783.436374,B691185,0.03845,0.05719,-0.99475,0.07581,0.0125
1596612783.44106,B691191,0.03857,0.05750,-0.99469,0.07587,0.0125
1596612783.446387,B691196,0.03870,0.05774,-0.99469,0.07599,0.0125
1596612783.4518259,B691201,0.03876,0.05792,-0.99469,0.07605,0.0125
1596612783.4562109,B691206,0.03882,0.05817,-0.99463,0.07617,0.0125
1596612783.461378,B691211,0.03882,0.05841,-0.99463,0.07629,0.0125
1596612783.467952,B691216,0.03882,0.05859,-0.99457,0.07642,0.0125
1596612783.471401,B691221,0.03882,0.05878,-0.99457,0.07648,0.0125
1596612783.4794722,B691226,0.03882,0.05890,-0.99457,0.07660,0.0125
1596612783.482921,B691231,0.03876,0.05908,-0.99457,0.07672,0.0125
1596612783.486321,B691236,0.03876,0.05914,-0.99457,0.07678,0.0125
1596612783.491463,B691241,0.03864,0.05914,-0.99451,0.07690,0.0125
1596612783.496855,B691246,0.03857,0.05914,-0.99451,0.07697,0.0125
1596612783.501185,B691251,0.03845,0.05914,-0.99451,0.07709,0.0125
1596612783.506243,B691256,0.03833,0.05902,-0.99451,0.07715,0.0125
1596612783.511998,B691261,0.03815,0.05890,-0.99457,0.07721,0.0125
1596612783.51811,B691266,0.03802,0.05872,-0.99457,0.07733,0.0125
1596612783.52226,B691271,0.03784,0.05847,-0.99457,0.07745,0.0125
1596612783.527242,B691276,0.03772,0.05823,-0.99457,0.07751,0.0125
1596612783.531395,B691281,0.03754,0.05798,-0.99457,0.07764,0.0125
1596612783.53615,B691286,0.03735,0.05768,-0.99463,0.07776,0.0125
1596612783.541425,B691291,0.03723,0.05737,-0.99463,0.07788,0.0125
1596612783.546268,B691296,0.03705,0.05707,-0.99463,0.07806,0.0125
1596612783.5519109,B691301,0.03687,0.05676,-0.99463,0.07825,0.0125
1596612783.557647,B691306,0.03668,0.05646,-0.99463,0.07843,0.0125
1596612783.561611,B691311,0.03656,0.05621,-0.99463,0.07861,0.0125
1596612783.567007,B691316,0.03638,0.05591,-0.99463,0.07886,0.0125
1596612783.571489,B691321,0.03625,0.05573,-0.99463,0.07910,0.0125
1596612783.577386,B691327,0.03607,0.05548,-0.99463,0.07941,0.0125
1596612783.582328,B691332,0.03601,0.05524,-0.99463,0.07965,0.0125
1596612783.5878851,B691337,0.03589,0.05505,-0.99463,0.08002,0.0125
1596612783.5941079,B691343,0.03583,0.05493,-0.99463,0.08032,0.0125
1596612783.599869,B691348,0.03577,0.05475,-0.99457,0.08075,0.0125
1596612783.604235,B691354,0.03564,0.05450,-0.99457,0.08112,0.0125
1596612783.609328,B691359,0.03564,0.05438,-0.99457,0.08148,0.0126
1596612783.6155179,B691364,0.03558,0.05420,-0.99451,0.08191,0.0125
1596612783.62049,B691369,0.03558,0.05402,-0.99451,0.08234,0.0125
1596612783.6245918,B691374,0.03558,0.05389,-0.99445,0.08282,0.0125
1596612783.6298099,B691379,0.03558,0.05377,-0.99445,0.08325,0.0126
1596612783.6351821,B691385,0.03558,0.05371,-0.99438,0.08374,0.0126
1596612783.6403441,B691390,0.03558,0.05365,-0.99438,0.08417,0.0125
1596612783.651535,B691395,0.03564,0.05359,-0.99432,0.08466,0.0125
1596612783.651619,B691400,0.03564,0.05359,-0.99426,0.08508,0.0126
1596612783.656055,B691405,0.03571,0.05353,-0.99426,0.08551,0.0126
1596612783.661346,B691410,0.03577,0.05353,-0.99420,0.08600,0.0126
1596612783.6652632,B691415,0.03583,0.05353,-0.99420,0.08643,0.0126
1596612783.671273,B691420,0.03589,0.05353,-0.99414,0.08679,0.0126
1596612783.676508,B691425,0.03589,0.05353,-0.99408,0.08716,0.0126
1596612783.6806211,B691430,0.03589,0.05347,-0.99408,0.08759,0.0126
1596612783.68687,B691435,0.03589,0.05334,-0.99402,0.08795,0.0126
1596612783.6903958,B691440,0.03577,0.05310,-0.99402,0.08832,0.0126
1596612783.6955059,B691445,0.03564,0.05273,-0.99402,0.08868,0.0126
1596612783.700175,B691450,0.03546,0.05231,-0.99402,0.08899,0.0126
1596612783.705457,B691455,0.03528,0.05188,-0.99402,0.08929,0.0126
1596612783.71028,B691460,0.03510,0.05145,-0.99402,0.08954,0.0126
1596612783.7158191,B691465,0.03491,0.05109,-0.99402,0.08978,0.0126
1596612783.7203462,B691470,0.03473,0.05072,-0.99402,0.09003,0.0126
1596612783.726157,B691475,0.03448,0.05042,-0.99402,0.09027,0.0126
1596612783.731328,B691480,0.03430,0.05005,-0.99408,0.09045,0.0126
1596612783.735212,B691485,0.03406,0.04980,-0.99408,0.09058,0.0126
1596612783.740623,B691490,0.03387,0.04950,-0.99408,0.09070,0.0126
1596612783.746561,B691495,0.03369,0.04926,-0.99408,0.09082,0.0126
1596612783.750685,B691500,0.03357,0.04907,-0.99408,0.09088,0.0126
1596612783.75541,B691505,0.03345,0.04901,-0.99408,0.09094,0.0126
1596612783.7732038,B691510,0.03333,0.04901,-0.99408,0.09100,0.0126
1596612783.7732291,B691516,0.03326,0.04926,-0.99408,0.09106,0.0125
1596612783.773236,B691521,0.03326,0.04944,-0.99408,0.09106,0.0126
1596612783.776002,B691526,0.03326,0.04962,-0.99408,0.09106,0.0125
1596612783.780843,B691531,0.03333,0.04974,-0.99402,0.09106,0.0126
1596612783.786918,B691536,0.03339,0.04987,-0.99402,0.09106,0.0126
1596612783.7913558,B691541,0.03345,0.04993,-0.99402,0.09106,0.0126
1596612783.795768,B691546,0.03351,0.04993,-0.99402,0.09106,0.0125
1596612783.801213,B691551,0.03363,0.04987,-0.99402,0.09106,0.0125
1596612783.806439,B691556,0.03369,0.04980,-0.99402,0.09106,0.0125
1596612783.8119948,B691561,0.03375,0.04974,-0.99402,0.09106,0.0125
1596612783.8156512,B691566,0.03381,0.04962,-0.99402,0.09113,0.0125
1596612783.8223748,B691571,0.03381,0.04944,-0.99402,0.09113,0.0125
1596612783.826154,B691576,0.03381,0.04926,-0.99402,0.09119,0.0125
1596612783.831661,B691581,0.03381,0.04907,-0.99402,0.09119,0.0125
1596612783.835905,B691586,0.03381,0.04895,-0.99408,0.09125,0.0125
1596612783.841441,B691591,0.03375,0.04877,-0.99408,0.09131,0.0125
1596612783.846921,B691596,0.03375,0.04871,-0.99408,0.09137,0.0125
1596612783.852031,B691601,0.03369,0.04871,-0.99408,0.09137,0.0125
1596612783.8566358,B691606,0.03369,0.04883,-0.99402,0.09143,0.0125
1596612783.861419,B691611,0.03363,0.04895,-0.99402,0.09143,0.0125
1596612783.868787,B691616,0.03363,0.04907,-0.99402,0.09149,0.0126
1596612783.871459,B691621,0.03357,0.04919,-0.99402,0.09149,0.0126
1596612783.876974,B691626,0.03357,0.04932,-0.99402,0.09149,0.0125
1596612783.882368,B691631,0.03351,0.04950,-0.99402,0.09143,0.0126
1596612783.887132,B691636,0.03351,0.04962,-0.99402,0.09143,0.0125
1596612783.893603,B691641,0.03351,0.04987,-0.99402,0.09143,0.0125
1596612783.897961,B691646,0.03345,0.05017,-0.99402,0.09137,0.0125
1596612783.901731,B691651,0.03345,0.05048,-0.99396,0.09137,0.0126
1596612783.906493,B691656,0.03339,0.05078,-0.99396,0.09137,0.0125
1596612783.911459,B691661,0.03333,0.05109,-0.99396,0.09131,0.0126
1596612783.918159,B691667,0.03320,0.05145,-0.99396,0.09137,0.0125
1596612783.923033,B691672,0.03308,0.05176,-0.99390,0.09137,0.0126
1596612783.927485,B691677,0.03290,0.05206,-0.99390,0.09137,0.0125
1596612783.9323242,B691682,0.03278,0.05231,-0.99390,0.09143,0.0126
1596612783.938105,B691687,0.03253,0.05261,-0.99390,0.09149,0.0125
1596612783.942821,B691693,0.03241,0.05280,-0.99390,0.09161,0.0126
1596612783.948778,B691698,0.03217,0.05310,-0.99384,0.09167,0.0125
1596612783.954371,B691703,0.03198,0.05328,-0.99384,0.09174,0.0126
1596612783.9593458,B691709,0.03180,0.05347,-0.99384,0.09180,0.0125
1596612783.963934,B691714,0.03162,0.05359,-0.99384,0.09192,0.0125
1596612783.970581,B691719,0.03143,0.05371,-0.99384,0.09198,0.0125
1596612783.974185,B691724,0.03125,0.05383,-0.99377,0.09210,0.0125
1596612783.979798,B691730,0.03107,0.05389,-0.99377,0.09216,0.0125
1596612783.984441,B691735,0.03088,0.05396,-0.99377,0.09229,0.0125
1596612783.992567,B691740,0.03070,0.05396,-0.99377,0.09235,0.0126
1596612783.995393,B691745,0.03052,0.05402,-0.99377,0.09241,0.0126
1596612784.000427,B691750,0.03033,0.05402,-0.99377,0.09247,0.0125
1596612784.004886,B691755,0.03015,0.05408,-0.99377,0.09253,0.0126
1596612784.010027,B691760,0.03003,0.05414,-0.99377,0.09253,0.0125
1596612784.0156102,B691765,0.02985,0.05414,-0.99377,0.09259,0.0125
1596612784.020131,B691770,0.02966,0.05426,-0.99377,0.09259,0.0125
1596612784.0251598,B691775,0.02954,0.05432,-0.99377,0.09265,0.0125
1596612784.030184,B691780,0.02936,0.05438,-0.99377,0.09265,0.0125
1596612784.0363169,B691786,0.02924,0.05444,-0.99377,0.09271,0.0125
1596612784.040214,B691791,0.02905,0.05457,-0.99377,0.09271,0.0125
1596612784.045318,B691796,0.02893,0.05469,-0.99377,0.09277,0.0125
1596612784.051166,B691801,0.02887,0.05481,-0.99377,0.09277,0.0125
1596612784.0557718,B691806,0.02875,0.05493,-0.99377,0.09277,0.0125
1596612784.0604851,B691811,0.02869,0.05505,-0.99377,0.09283,0.0125
1596612784.067882,B691816,0.02856,0.05518,-0.99371,0.09283,0.0125
1596612784.071512,B691821,0.02844,0.05548,-0.99371,0.09277,0.0125
1596612784.076206,B691826,0.02838,0.05560,-0.99371,0.09277,0.0125
1596612784.0810409,B691831,0.02838,0.05573,-0.99371,0.09277,0.0125
1596612784.086624,B691836,0.02832,0.05579,-0.99371,0.09271,0.0125
1596612784.0926132,B691841,0.02826,0.05585,-0.99371,0.09271,0.0125
1596612784.0967941,B691846,0.02820,0.05591,-0.99371,0.09265,0.0125
1596612784.1011012,B691851,0.02814,0.05597,-0.99371,0.09259,0.0125
1596612784.106802,B691856,0.02814,0.05597,-0.99371,0.09253,0.0125
1596612784.111666,B691861,0.02808,0.05597,-0.99377,0.09247,0.0125
1596612784.116122,B691866,0.02795,0.05591,-0.99377,0.09241,0.0125
1596612784.1229289,B691872,0.02795,0.05585,-0.99377,0.09235,0.0125
1596612784.126716,B691877,0.02783,0.05579,-0.99377,0.09229,0.0125
1596612784.132231,B691882,0.02783,0.05566,-0.99377,0.09222,0.0125
1596612784.136598,B691887,0.02777,0.05554,-0.99384,0.09210,0.0125
1596612784.14298,B691892,0.02777,0.05536,-0.99384,0.09204,0.0125
1596612784.146537,B691897,0.02771,0.05518,-0.99384,0.09198,0.0125
1596612784.15218,B691902,0.02771,0.05493,-0.99390,0.09186,0.0125
1596612784.159051,B691908,0.02771,0.05469,-0.99390,0.09180,0.0125
1596612784.1644878,B691914,0.02771,0.05444,-0.99390,0.09167,0.0125
1596612784.1683898,B691919,0.02771,0.05414,-0.99396,0.09155,0.0125
1596612784.173811,B691924,0.02771,0.05389,-0.99396,0.09143,0.0125
1596612784.179321,B691930,0.02771,0.05365,-0.99402,0.09131,0.0125
1596612784.184443,B691935,0.02765,0.05334,-0.99402,0.09119,0.0125
1596612784.1897159,B691940,0.02759,0.05304,-0.99402,0.09106,0.0125
1596612784.195146,B691945,0.02759,0.05286,-0.99408,0.09100,0.0125
1596612784.200018,B691950,0.02753,0.05255,-0.99408,0.09082,0.0125
1596612784.2077272,B691955,0.02747,0.05231,-0.99414,0.09070,0.0125
1596612784.210922,B691960,0.02740,0.05206,-0.99414,0.09058,0.0125
1596612784.2157161,B691966,0.02740,0.05188,-0.99420,0.09045,0.0125
1596612784.2201579,B691971,0.02734,0.05164,-0.99420,0.09027,0.0125
1596612784.225198,B691976,0.02728,0.05139,-0.99420,0.09015,0.0125
1596612784.2302752,B691981,0.02722,0.05115,-0.99426,0.08997,0.0125
1596612784.236712,B691986,0.02722,0.05096,-0.99426,0.08984,0.0125
1596612784.24043,B691991,0.02716,0.05072,-0.99432,0.08966,0.0125
1596612784.2456582,B691996,0.02716,0.05054,-0.99432,0.08948,0.0125
1596612784.25118,B692001,0.02716,0.05017,-0.99438,0.08911,0.0125
1596612784.255966,B692006,0.02716,0.05005,-0.99438,0.08893,0.0125
1596612784.261316,B692011,0.02716,0.04993,-0.99445,0.08868,0.0125
1596612784.267092,B692016,0.02722,0.04980,-0.99445,0.08844,0.0125
1596612784.271382,B692021,0.02722,0.04968,-0.99451,0.08826,0.0125
1596612784.2760372,B692026,0.02728,0.04956,-0.99451,0.08801,0.0125
1596612784.2820039,B692032,0.02728,0.04950,-0.99457,0.08777,0.0125
1596612784.28636,B692036,0.02734,0.04944,-0.99457,0.08746,0.0125
1596612784.292141,B692042,0.02740,0.04944,-0.99457,0.08722,0.0125
1596612784.2968278,B692047,0.02747,0.04938,-0.99463,0.08698,0.0125
1596612784.302627,B692053,0.02753,0.04938,-0.99463,0.08667,0.0125
1596612784.3093162,B692059,0.02759,0.04926,-0.99469,0.08636,0.0125
1596612784.313175,B692064,0.02771,0.04907,-0.99469,0.08606,0.0125
1596612784.319427,B692069,0.02777,0.04889,-0.99475,0.08575,0.0126
1596612784.324235,B692075,0.02795,0.04858,-0.99475,0.08539,0.0126
1596612784.329022,B692080,0.02814,0.04834,-0.99481,0.08502,0.0126
1596612784.3344269,B692085,0.02838,0.04816,-0.99487,0.08459,0.0126
1596612784.339183,B692090,0.02863,0.04803,-0.99487,0.08423,0.0126
1596612784.344796,B692095,0.02887,0.04791,-0.99493,0.08374,0.0126
1596612784.351163,B692101,0.02917,0.04779,-0.99493,0.08331,0.0126
1596612784.355125,B692106,0.02936,0.04767,-0.99500,0.08289,0.0126
1596612784.360002,B692111,0.02954,0.04749,-0.99506,0.08246,0.0126
1596612784.364955,B692116,0.02979,0.04712,-0.99506,0.08197,0.0126
1596612784.370346,B692121,0.02991,0.04681,-0.99512,0.08154,0.0126
1596612784.375689,B692126,0.03003,0.04645,-0.99518,0.08118,0.0126
1596612784.381085,B692131,0.03015,0.04602,-0.99524,0.08069,0.0126
1596612784.385591,B692136,0.03027,0.04572,-0.99524,0.08032,0.0127
1596612784.390581,B692141,0.03033,0.04541,-0.99530,0.07996,0.0127
1596612784.3952582,B692146,0.03033,0.04517,-0.99536,0.07965,0.0127
1596612784.401279,B692151,0.03033,0.04486,-0.99536,0.07922,0.0126
1596612784.40582,B692156,0.03027,0.04468,-0.99542,0.07892,0.0126
1596612784.410298,B692161,0.03021,0.04443,-0.99548,0.07861,0.0126
1596612784.415267,B692166,0.03015,0.04413,-0.99548,0.07831,0.0126
1596612784.420314,B692171,0.03003,0.04382,-0.99554,0.07800,0.0126
1596612784.4255848,B692176,0.02997,0.04346,-0.99561,0.07770,0.0126
1596612784.431977,B692181,0.02972,0.04285,-0.99567,0.07709,0.0126
1596612784.4359622,B692186,0.02960,0.04260,-0.99567,0.07678,0.0126
1596612784.440799,B692192,0.02954,0.04242,-0.99573,0.07648,0.0126
1596612784.44687,B692197,0.02942,0.04230,-0.99579,0.07617,0.0126
1596612784.451743,B692202,0.02936,0.04218,-0.99579,0.07587,0.0126
1596612784.456043,B692207,0.02924,0.04211,-0.99585,0.07556,0.0126
1596612784.460947,B692212,0.02917,0.04211,-0.99585,0.07520,0.0126
1596612784.466995,B692217,0.02905,0.04218,-0.99585,0.07489,0.0126
1596612784.470953,B692222,0.02893,0.04230,-0.99591,0.07458,0.0126
1596612784.4759989,B692227,0.02881,0.04254,-0.99591,0.07428,0.0126
1596612784.481026,B692232,0.02875,0.04285,-0.99591,0.07397,0.0126
1596612784.487179,B692237,0.02863,0.04327,-0.99591,0.07367,0.0126
1596612784.491241,B692242,0.02850,0.04370,-0.99591,0.07343,0.0126
1596612784.496319,B692247,0.02832,0.04425,-0.99591,0.07318,0.0126
1596612784.5015612,B692252,0.02820,0.04480,-0.99591,0.07300,0.0126
1596612784.506322,B692257,0.02802,0.04535,-0.99591,0.07275,0.0127
1596612784.512208,B692263,0.02789,0.04596,-0.99591,0.07263,0.0127
1596612784.5194628,B692268,0.02771,0.04651,-0.99591,0.07251,0.0127
1596612784.5230222,B692274,0.02759,0.04724,-0.99585,0.07239,0.0127
1596612784.528383,B692279,0.02753,0.04791,-0.99585,0.07227,0.0127
1596612784.533824,B692285,0.02747,0.04865,-0.99585,0.07214,0.0127
1596612784.539021,B692290,0.02740,0.04932,-0.99579,0.07208,0.0127
1596612784.544496,B692295,0.02740,0.05005,-0.99579,0.07202,0.0127
1596612784.550387,B692301,0.02747,0.05072,-0.99573,0.07196,0.0127
1596612784.554956,B692306,0.02753,0.05133,-0.99573,0.07190,0.0127
1596612784.5603042,B692311,0.02759,0.05188,-0.99567,0.07184,0.0127
1596612784.56559,B692316,0.02765,0.05231,-0.99567,0.07178,0.0127
1596612784.570693,B692321,0.02777,0.05267,-0.99567,0.07178,0.0127
1596612784.575746,B692326,0.02789,0.05286,-0.99561,0.07172,0.0127
1596612784.580804,B692331,0.02820,0.05316,-0.99561,0.07172,0.0127
1596612784.5866182,B692336,0.02844,0.05316,-0.99561,0.07172,0.0127
1596612784.5909739,B692341,0.02863,0.05316,-0.99561,0.07178,0.0127
1596612784.595768,B692347,0.02881,0.05310,-0.99561,0.07178,0.0127
1596612784.6023319,B692352,0.02905,0.05298,-0.99561,0.07178,0.0127
1596612784.606227,B692357,0.02924,0.05286,-0.99561,0.07178,0.0127
1596612784.6119099,B692362,0.02948,0.05273,-0.99561,0.07184,0.0127
1596612784.617054,B692367,0.02972,0.05261,-0.99561,0.07184,0.0127
1596612784.622247,B692373,0.02991,0.05249,-0.99561,0.07184,0.0127
1596612784.62786,B692378,0.03009,0.05237,-0.99561,0.07190,0.0127
1596612784.634345,B692384,0.03033,0.05231,-0.99561,0.07190,0.0126
1596612784.638857,B692390,0.03052,0.05225,-0.99554,0.07196,0.0126
1596612784.644591,B692395,0.03070,0.05231,-0.99554,0.07196,0.0127
1596612784.6491652,B692400,0.03088,0.05237,-0.99554,0.07202,0.0126
1596612784.654343,B692405,0.03101,0.05243,-0.99554,0.07202,0.0126
1596612784.659981,B692411,0.03119,0.05261,-0.99554,0.07208,0.0126
1596612784.664769,B692416,0.03131,0.05273,-0.99548,0.07214,0.0126
1596612784.669707,B692421,0.03137,0.05298,-0.99548,0.07220,0.0126
1596612784.674815,B692426,0.03149,0.05322,-0.99548,0.07227,0.0126
1596612784.680087,B692431,0.03156,0.05347,-0.99542,0.07233,0.0126
1596612784.686676,B692436,0.03162,0.05377,-0.99542,0.07239,0.0126
1596612784.690361,B692441,0.03168,0.05402,-0.99542,0.07245,0.0126
1596612784.695745,B692446,0.03168,0.05432,-0.99536,0.07257,0.0126
1596612784.700021,B692451,0.03174,0.05457,-0.99536,0.07263,0.0126
1596612784.705042,B692456,0.03174,0.05487,-0.99536,0.07269,0.0126
1596612784.710772,B692461,0.03174,0.05511,-0.99530,0.07281,0.0126
1596612784.716334,B692467,0.03180,0.05566,-0.99530,0.07300,0.0126
1596612784.721365,B692472,0.03180,0.05591,-0.99524,0.07312,0.0127
1596612784.727076,B692477,0.03180,0.05615,-0.99524,0.07324,0.0127
1596612784.7311559,B692482,0.03180,0.05634,-0.99518,0.07336,0.0127
1596612784.735583,B692487,0.03186,0.05652,-0.99518,0.07349,0.0127
1596612784.7413461,B692492,0.03186,0.05664,-0.99518,0.07361,0.0127
1596612784.746808,B692497,0.03192,0.05676,-0.99518,0.07373,0.0127
1596612784.7507951,B692502,0.03192,0.05682,-0.99512,0.07385,0.0127
1596612784.7558122,B692507,0.03192,0.05688,-0.99512,0.07397,0.0127
1596612784.762707,B692512,0.03198,0.05695,-0.99512,0.07404,0.0127
1596612784.7671711,B692517,0.03192,0.05695,-0.99512,0.07416,0.0127
1596612784.771223,B692522,0.03192,0.05695,-0.99512,0.07422,0.0127
1596612784.775826,B692527,0.03192,0.05688,-0.99512,0.07434,0.0127
1596612784.780767,B692532,0.03186,0.05682,-0.99512,0.07440,0.0127
1596612784.786056,B692537,0.03180,0.05676,-0.99512,0.07452,0.0127
1596612784.790997,B692542,0.03174,0.05664,-0.99512,0.07458,0.0127
1596612784.796048,B692547,0.03168,0.05646,-0.99512,0.07458,0.0127
1596612784.802397,B692553,0.03156,0.05634,-0.99512,0.07465,0.0127
1596612784.8073769,B692559,0.03149,0.05615,-0.99512,0.07458,0.0127
1596612784.812783,B692564,0.03137,0.05597,-0.99512,0.07458,0.0127
1596612784.8182569,B692569,0.03131,0.05585,-0.99518,0.07452,0.0127
1596612784.823122,B692574,0.03119,0.05566,-0.99518,0.07446,0.0128
1596612784.8286972,B692580,0.03113,0.05554,-0.99518,0.07440,0.0128
1596612784.8342552,B692585,0.03101,0.05542,-0.99524,0.07428,0.0128
1596612784.839493,B692591,0.03088,0.05530,-0.99524,0.07416,0.0128
1596612784.845251,B692596,0.03082,0.05518,-0.99524,0.07404,0.0128
1596612784.850125,B692601,0.03070,0.05511,-0.99530,0.07385,0.0128
1596612784.854871,B692606,0.03064,0.05499,-0.99530,0.07367,0.0128
1596612784.859828,B692611,0.03064,0.05487,-0.99530,0.07349,0.0128
1596612784.8647182,B692616,0.03058,0.05481,-0.99536,0.07330,0.0128
1596612784.870873,B692621,0.03058,0.05469,-0.99536,0.07318,0.0128
1596612784.8752441,B692626,0.03058,0.05463,-0.99536,0.07300,0.0128
1596612784.8801029,B692631,0.03058,0.05450,-0.99536,0.07281,0.0128
1596612784.885005,B692636,0.03064,0.05438,-0.99542,0.07263,0.0128
1596612784.890134,B692641,0.03070,0.05432,-0.99542,0.07245,0.0128
1596612784.8955479,B692647,0.03076,0.05420,-0.99542,0.07227,0.0128
1596612784.9018729,B692652,0.03082,0.05396,-0.99548,0.07196,0.0128
1596612784.907307,B692657,0.03088,0.05383,-0.99548,0.07184,0.0128
1596612784.910672,B692662,0.03094,0.05365,-0.99548,0.07166,0.0128
1596612784.915738,B692667,0.03101,0.05347,-0.99554,0.07153,0.0128
1596612784.921228,B692672,0.03107,0.05328,-0.99554,0.07135,0.0128
1596612784.925857,B692677,0.03113,0.05316,-0.99554,0.07123,0.0128
1596612784.9315221,B692682,0.03113,0.05304,-0.99554,0.07111,0.0128
1596612784.9367812,B692687,0.03119,0.05292,-0.99561,0.07098,0.0128
1596612784.940811,B692692,0.03125,0.05286,-0.99561,0.07080,0.0128
1596612784.946645,B692697,0.03131,0.05286,-0.99561,0.07068,0.0128
1596612784.950937,B692702,0.03137,0.05292,-0.99561,0.07056,0.0128
1596612784.956218,B692707,0.03137,0.05304,-0.99561,0.07037,0.0128
1596612784.9607391,B692712,0.03143,0.05310,-0.99561,0.07025,0.0128
1596612784.965837,B692717,0.03143,0.05322,-0.99561,0.07007,0.0128
1596612784.9708622,B692722,0.03143,0.05341,-0.99561,0.06995,0.0128
1596612784.976531,B692727,0.03137,0.05353,-0.99561,0.06982,0.0128
1596612784.981607,B692733,0.03137,0.05365,-0.99561,0.06964,0.0128
1596612784.9863732,B692738,0.03131,0.05365,-0.99567,0.06952,0.0128
1596612784.9922078,B692744,0.03119,0.05365,-0.99567,0.06940,0.0128
1596612784.998694,B692749,0.03107,0.05359,-0.99567,0.06927,0.0128
1596612785.003242,B692755,0.03094,0.05347,-0.99567,0.06915,0.0128
1596612785.009186,B692760,0.03088,0.05334,-0.99573,0.06909,0.0128
1596612785.015251,B692765,0.03076,0.05322,-0.99573,0.06897,0.0128
1596612785.0195599,B692771,0.03070,0.05298,-0.99573,0.06891,0.0128
1596612785.024406,B692776,0.03064,0.05280,-0.99573,0.06885,0.0128
1596612785.0306098,B692781,0.03052,0.05249,-0.99579,0.06879,0.0128
1596612785.034719,B692786,0.03046,0.05219,-0.99579,0.06879,0.0128
1596612785.04011,B692791,0.03040,0.05176,-0.99585,0.06879,0.0128
1596612785.04493,B692796,0.03033,0.05133,-0.99585,0.06879,0.0128
1596612785.050406,B692801,0.03033,0.05096,-0.99585,0.06879,0.0128
1596612785.0556228,B692807,0.03033,0.05066,-0.99591,0.06879,0.0128
1596612785.060756,B692812,0.03052,0.05011,-0.99591,0.06885,0.0128
1596612785.06537,B692817,0.03070,0.04999,-0.99591,0.06885,0.0128
1596612785.0704079,B692822,0.03088,0.04999,-0.99591,0.06885,0.0128
1596612785.075597,B692827,0.03107,0.04999,-0.99591,0.06891,0.0128
1596612785.080877,B692832,0.03131,0.05005,-0.99585,0.06891,0.0128
1596612785.086035,B692837,0.03149,0.05011,-0.99585,0.06891,0.0128
1596612785.091946,B692842,0.03168,0.05011,-0.99585,0.06897,0.0128
1596612785.096991,B692847,0.03186,0.05005,-0.99585,0.06897,0.0128
1596612785.100736,B692852,0.03204,0.04993,-0.99585,0.06891,0.0128
1596612785.106932,B692857,0.03223,0.04974,-0.99585,0.06891,0.0128
1596612785.110763,B692862,0.03229,0.04956,-0.99585,0.06891,0.0128
1596612785.1163971,B692867,0.03241,0.04926,-0.99591,0.06891,0.0128
1596612785.121293,B692872,0.03241,0.04889,-0.99591,0.06885,0.0128
1596612785.125814,B692877,0.03241,0.04858,-0.99591,0.06885,0.0128
1596612785.131157,B692882,0.03241,0.04822,-0.99591,0.06885,0.0128
1596612785.135725,B692887,0.03235,0.04779,-0.99597,0.06879,0.0128
1596612785.141438,B692892,0.03223,0.04742,-0.99597,0.06885,0.0128
1596612785.1477382,B692898,0.03210,0.04706,-0.99597,0.06885,0.0128
1596612785.151739,B692903,0.03198,0.04675,-0.99603,0.06885,0.0128
1596612785.156487,B692908,0.03180,0.04651,-0.99603,0.06891,0.0128
1596612785.161705,B692913,0.03162,0.04633,-0.99603,0.06891,0.0128
1596612785.167451,B692919,0.03149,0.04626,-0.99603,0.06897,0.0128
1596612785.173128,B692924,0.03137,0.04633,-0.99603,0.06897,0.0128
1596612785.17874,B692929,0.03119,0.04645,-0.99603,0.06903,0.0128
1596612785.183296,B692935,0.03113,0.04663,-0.99603,0.06909,0.0129
1596612785.188611,B692940,0.03101,0.04694,-0.99603,0.06915,0.0129
1596612785.194638,B692946,0.03088,0.04724,-0.99603,0.06921,0.0129
1596612785.1998231,B692951,0.03076,0.04761,-0.99597,0.06934,0.0129
1596612785.204585,B692956,0.03070,0.04791,-0.99597,0.06940,0.0129
1596612785.209573,B692961,0.03070,0.04840,-0.99591,0.06952,0.0129
1596612785.215109,B692966,0.03064,0.04877,-0.99591,0.06958,0.0129
1596612785.220014,B692971,0.03064,0.04926,-0.99585,0.06970,0.0129
1596612785.2250812,B692977,0.03058,0.04980,-0.99585,0.06982,0.0130
1596612785.230238,B692982,0.03058,0.05023,-0.99579,0.06995,0.0130
1596612785.235737,B692987,0.03052,0.05066,-0.99579,0.07007,0.0130
1596612785.240181,B692992,0.03040,0.05151,-0.99573,0.07031,0.0130
1596612785.245694,B692997,0.03033,0.05188,-0.99573,0.07043,0.0130
1596612785.250348,B693002,0.03021,0.05212,-0.99567,0.07056,0.0130
1596612785.255268,B693007,0.03003,0.05237,-0.99567,0.07074,0.0130
1596612785.260811,B693012,0.02985,0.05249,-0.99567,0.07092,0.0130
1596612785.2670348,B693017,0.02966,0.05261,-0.99567,0.07104,0.0130
1596612785.270314,B693022,0.02942,0.05267,-0.99561,0.07123,0.0130
1596612785.275765,B693027,0.02917,0.05267,-0.99561,0.07135,0.0130
1596612785.280534,B693032,0.02893,0.05261,-0.99561,0.07147,0.0130
1596612785.28604,B693037,0.02869,0.05255,-0.99561,0.07159,0.0130
1596612785.290873,B693042,0.02844,0.05249,-0.99567,0.07172,0.0130
1596612785.295649,B693047,0.02820,0.05243,-0.99567,0.07178,0.0130
1596612785.301017,B693052,0.02795,0.05237,-0.99567,0.07190,0.0130
1596612785.307607,B693057,0.02777,0.05231,-0.99567,0.07202,0.0130
1596612785.310656,B693062,0.02759,0.05225,-0.99567,0.07208,0.0130
1596612785.315912,B693068,0.02734,0.05219,-0.99567,0.07214,0.0130
1596612785.3223429,B693073,0.02722,0.05219,-0.99567,0.07214,0.0130
1596612785.3269482,B693078,0.02704,0.05219,-0.99567,0.07214,0.0130
1596612785.331181,B693083,0.02692,0.05219,-0.99567,0.07220,0.0130
1596612785.3363788,B693088,0.02679,0.05225,-0.99567,0.07220,0.0130
1596612785.341248,B693093,0.02673,0.05231,-0.99567,0.07220,0.0130
1596612785.348494,B693099,0.02667,0.05237,-0.99567,0.07220,0.0130
1596612785.3528059,B693104,0.02661,0.05249,-0.99567,0.07214,0.0130
1596612785.357888,B693110,0.02655,0.05261,-0.99567,0.07214,0.0130
1596612785.362805,B693115,0.02649,0.05273,-0.99567,0.07208,0.0130
1596612785.368783,B693120,0.02649,0.05286,-0.99567,0.07202,0.0130
1596612785.3735008,B693125,0.02643,0.05298,-0.99567,0.07202,0.0130
1596612785.378945,B693130,0.02643,0.05316,-0.99567,0.07196,0.0130
1596612785.383942,B693136,0.02649,0.05328,-0.99567,0.07190,0.0130
1596612785.3892229,B693141,0.02649,0.05353,-0.99561,0.07178,0.0130
1596612785.393791,B693146,0.02655,0.05371,-0.99561,0.07172,0.0130
1596612785.3991418,B693151,0.02655,0.05396,-0.99561,0.07159,0.0130
1596612785.404109,B693156,0.02661,0.05420,-0.99561,0.07153,0.0130
1596612785.40913,B693161,0.02673,0.05444,-0.99561,0.07141,0.0130
1596612785.4143739,B693166,0.02679,0.05469,-0.99561,0.07129,0.0130
1596612785.420033,B693171,0.02686,0.05499,-0.99561,0.07117,0.0130
1596612785.424163,B693176,0.02692,0.05530,-0.99561,0.07104,0.0130
1596612785.42963,B693181,0.02692,0.05560,-0.99554,0.07092,0.0130
1596612785.434304,B693186,0.02698,0.05585,-0.99554,0.07074,0.0130
1596612785.43937,B693191,0.02704,0.05615,-0.99554,0.07056,0.0130
1596612785.444156,B693196,0.02710,0.05646,-0.99554,0.07037,0.0130
1596612785.449766,B693201,0.02710,0.05670,-0.99554,0.07019,0.0130
1596612785.4544709,B693206,0.02716,0.05695,-0.99554,0.06995,0.0130
1596612785.4601212,B693211,0.02716,0.05719,-0.99554,0.06976,0.0131
1596612785.464499,B693216,0.02722,0.05743,-0.99554,0.06958,0.0131
1596612785.469748,B693221,0.02722,0.05762,-0.99554,0.06934,0.0131
1596612785.475713,B693226,0.02728,0.05774,-0.99554,0.06921,0.0131
1596612785.479522,B693231,0.02728,0.05780,-0.99554,0.06897,0.0131
1596612785.4846919,B693237,0.02734,0.05786,-0.99561,0.06879,0.0131
1596612785.4900758,B693242,0.02740,0.05786,-0.99561,0.06860,0.0131
1596612785.495282,B693247,0.02747,0.05774,-0.99561,0.06842,0.0131
1596612785.5007129,B693252,0.02753,0.05762,-0.99561,0.06818,0.0131
1596612785.505968,B693257,0.02759,0.05743,-0.99567,0.06799,0.0131
1596612785.5111759,B693262,0.02777,0.05695,-0.99573,0.06757,0.0131
1596612785.515627,B693267,0.02783,0.05664,-0.99573,0.06738,0.0131
1596612785.520591,B693272,0.02795,0.05634,-0.99579,0.06714,0.0131
1596612785.525662,B693277,0.02802,0.05603,-0.99579,0.06696,0.0131
1596612785.530745,B693282,0.02814,0.05566,-0.99579,0.06677,0.0131
1596612785.535469,B693287,0.02820,0.05530,-0.99585,0.06659,0.0131
1596612785.540394,B693292,0.02826,0.05493,-0.99585,0.06641,0.0131
1596612785.545357,B693297,0.02832,0.05457,-0.99591,0.06622,0.0131
1596612785.550349,B693302,0.02838,0.05426,-0.99591,0.06610,0.0130
1596612785.5570612,B693307,0.02838,0.05396,-0.99597,0.06598,0.0130
1596612785.560717,B693313,0.02844,0.05359,-0.99597,0.06586,0.0130
1596612785.567466,B693318,0.02850,0.05322,-0.99603,0.06573,0.0130
1596612785.570967,B693323,0.02850,0.05292,-0.99603,0.06567,0.0131
1596612785.576441,B693328,0.02850,0.05255,-0.99603,0.06561,0.0131
1596612785.58187,B693334,0.02856,0.05219,-0.99609,0.06555,0.0131
1596612785.587869,B693339,0.02856,0.05182,-0.99609,0.06543,0.0131
1596612785.593645,B693344,0.02863,0.05157,-0.99609,0.06537,0.0131
1596612785.5976791,B693350,0.02863,0.05127,-0.99615,0.06531,0.0131
1596612785.6039522,B693355,0.02863,0.05103,-0.99615,0.06519,0.0131
1596612785.608809,B693360,0.02869,0.05078,-0.99615,0.06506,0.0131
1596612785.6141288,B693366,0.02869,0.05060,-0.99622,0.06494,0.0131
1596612785.619391,B693371,0.02869,0.05048,-0.99622,0.06482,0.0131
1596612785.624157,B693376,0.02875,0.05035,-0.99622,0.06470,0.0131
1596612785.628852,B693381,0.02881,0.05029,-0.99622,0.06458,0.0131
1596612785.635005,B693386,0.02881,0.05029,-0.99622,0.06439,0.0131
1596612785.6391838,B693391,0.02881,0.05029,-0.99628,0.06427,0.0131
1596612785.64432,B693396,0.02887,0.05023,-0.99628,0.06415,0.0131
1596612785.6508229,B693401,0.02887,0.05017,-0.99628,0.06396,0.0131
1596612785.654293,B693406,0.02887,0.05005,-0.99628,0.06378,0.0131
1596612785.660198,B693411,0.02893,0.04993,-0.99634,0.06360,0.0131
1596612785.6643488,B693416,0.02899,0.04980,-0.99634,0.06335,0.0131
1596612785.6691148,B693421,0.02911,0.04962,-0.99634,0.06311,0.0131
1596612785.6742241,B693426,0.02924,0.04950,-0.99634,0.06293,0.0131
1596612785.679321,B693431,0.02936,0.04926,-0.99640,0.06262,0.0131
1596612785.684232,B693437,0.02948,0.04895,-0.99640,0.06238,0.0131
1596612785.6900291,B693442,0.02960,0.04865,-0.99646,0.06213,0.0131
1596612785.694669,B693447,0.02972,0.04822,-0.99646,0.06183,0.0131
1596612785.700852,B693452,0.02985,0.04779,-0.99652,0.06152,0.0131
1596612785.705924,B693457,0.02997,0.04736,-0.99652,0.06122,0.0131
1596612785.71052,B693462,0.03021,0.04663,-0.99658,0.06067,0.0131
1596612785.7167099,B693468,0.03033,0.04620,-0.99664,0.06036,0.0131
1596612785.720204,B693473,0.03040,0.04590,-0.99670,0.06006,0.0131
1596612785.725187,B693478,0.03040,0.04565,-0.99670,0.05975,0.0131
1596612785.7301629,B693482,0.03040,0.04547,-0.99670,0.05945,0.0131
1596612785.735261,B693487,0.03040,0.04535,-0.99677,0.05914,0.0131
1596612785.74014,B693493,0.03033,0.04523,-0.99677,0.05884,0.0131
1596612785.7479959,B693498,0.03027,0.04510,-0.99683,0.05853,0.0131
1596612785.751007,B693503,0.03015,0.04504,-0.99683,0.05829,0.0131
1596612785.756431,B693508,0.03003,0.04486,-0.99689,0.05798,0.0131
1596612785.762877,B693514,0.02997,0.04468,-0.99689,0.05768,0.0131
1596612785.767236,B693520,0.02985,0.04437,-0.99695,0.05731,0.0131
1596612785.774852,B693525,0.02979,0.04413,-0.99695,0.05701,0.0131
1596612785.778757,B693530,0.02966,0.04376,-0.99701,0.05664,0.0131
1596612785.783183,B693535,0.02966,0.04340,-0.99701,0.05627,0.0131
1596612785.787908,B693540,0.02966,0.04309,-0.99707,0.05591,0.0131
1596612785.793246,B693546,0.02966,0.04272,-0.99713,0.05554,0.0131
1596612785.799628,B693551,0.02966,0.04236,-0.99713,0.05518,0.0131
1596612785.804009,B693556,0.02972,0.04205,-0.99719,0.05475,0.0131
1596612785.808887,B693561,0.02979,0.04181,-0.99719,0.05432,0.0131
1596612785.813927,B693566,0.02985,0.04163,-0.99725,0.05389,0.0132
1596612785.819536,B693571,0.02991,0.04150,-0.99725,0.05353,0.0132
1596612785.8251362,B693577,0.02997,0.04150,-0.99725,0.05310,0.0132
1596612785.82933,B693582,0.03009,0.04156,-0.99731,0.05267,0.0132
1596612785.834144,B693587,0.03015,0.04169,-0.99731,0.05231,0.0132
1596612785.839315,B693592,0.03021,0.04199,-0.99731,0.05194,0.0132
1596612785.8451688,B693597,0.03027,0.04230,-0.99731,0.05157,0.0132
1596612785.849474,B693602,0.03027,0.04260,-0.99731,0.05133,0.0132
1596612785.854315,B693607,0.03033,0.04297,-0.99731,0.05103,0.0133
1596612785.859752,B693612,0.03033,0.04340,-0.99731,0.05078,0.0133
1596612785.864383,B693617,0.03033,0.04388,-0.99731,0.05048,0.0133
1596612785.86945,B693622,0.03040,0.04437,-0.99731,0.05023,0.0133
1596612785.874779,B693627,0.03040,0.04492,-0.99725,0.05005,0.0133
1596612785.880239,B693632,0.03046,0.04547,-0.99725,0.04980,0.0133
1596612785.8848808,B693637,0.03058,0.04602,-0.99725,0.04956,0.0133
1596612785.8898401,B693642,0.03070,0.04706,-0.99719,0.04926,0.0133
1596612785.895156,B693647,0.03082,0.04749,-0.99719,0.04907,0.0133
1596612785.900428,B693652,0.03094,0.04791,-0.99719,0.04895,0.0133
1596612785.9067452,B693658,0.03107,0.04828,-0.99713,0.04883,0.0133
1596612785.9104671,B693663,0.03119,0.04858,-0.99713,0.04871,0.0133
1596612785.9152021,B693668,0.03137,0.04889,-0.99713,0.04858,0.0133
1596612785.9203641,B693673,0.03149,0.04913,-0.99713,0.04846,0.0133
1596612785.925159,B693678,0.03162,0.04938,-0.99713,0.04840,0.0133
1596612785.930634,B693683,0.03180,0.04956,-0.99707,0.04828,0.0133
1596612785.936085,B693688,0.03192,0.04980,-0.99707,0.04822,0.0133
1596612785.941768,B693694,0.03204,0.04999,-0.99707,0.04822,0.0133
1596612785.9475148,B693700,0.03223,0.05023,-0.99707,0.04816,0.0133
1596612785.952816,B693705,0.03235,0.05042,-0.99707,0.04816,0.0133
1596612785.957598,B693710,0.03247,0.05060,-0.99701,0.04816,0.0133
1596612785.963136,B693715,0.03259,0.05078,-0.99701,0.04816,0.0133
1596612785.968041,B693720,0.03271,0.05103,-0.99701,0.04816,0.0133
1596612785.974678,B693726,0.03284,0.05127,-0.99701,0.04816,0.0133
1596612785.979439,B693731,0.03296,0.05157,-0.99695,0.04816,0.0133
1596612785.983958,B693736,0.03308,0.05188,-0.99695,0.04816,0.0133
1596612785.9893131,B693741,0.03320,0.05219,-0.99695,0.04822,0.0133
1596612785.994145,B693747,0.03326,0.05249,-0.99689,0.04822,0.0133
1596612785.999848,B693752,0.03333,0.05280,-0.99689,0.04828,0.0133
1596612786.004252,B693757,0.03345,0.05322,-0.99683,0.04834,0.0133
1596612786.009706,B693762,0.03351,0.05359,-0.99683,0.04840,0.0133
1596612786.015606,B693767,0.03357,0.05396,-0.99683,0.04852,0.0134
1596612786.0196328,B693772,0.03357,0.05432,-0.99677,0.04865,0.0134
1596612786.025876,B693777,0.03363,0.05469,-0.99677,0.04877,0.0134
1596612786.029621,B693782,0.03369,0.05511,-0.99670,0.04889,0.0134
1596612786.034139,B693787,0.03369,0.05548,-0.99670,0.04901,0.0134
1596612786.0395021,B693792,0.03369,0.05597,-0.99664,0.04919,0.0134
1596612786.0443368,B693797,0.03369,0.05640,-0.99664,0.04938,0.0134
1596612786.0516531,B693802,0.03369,0.05682,-0.99658,0.04962,0.0134
1596612786.055582,B693807,0.03375,0.05731,-0.99652,0.04987,0.0134
1596612786.059341,B693812,0.03375,0.05774,-0.99652,0.05005,0.0134
1596612786.064671,B693817,0.03375,0.05817,-0.99646,0.05029,0.0134
1596612786.070965,B693823,0.03375,0.05902,-0.99640,0.05078,0.0134
1596612786.0756428,B693827,0.03375,0.05945,-0.99634,0.05103,0.0134
1596612786.079975,B693833,0.03375,0.05981,-0.99634,0.05127,0.0134
1596612786.085634,B693838,0.03369,0.06018,-0.99628,0.05151,0.0134
1596612786.0910609,B693843,0.03369,0.06049,-0.99628,0.05176,0.0134
1596612786.095121,B693848,0.03369,0.06079,-0.99622,0.05194,0.0134
1596612786.099825,B693853,0.03369,0.06104,-0.99622,0.05219,0.0134
1596612786.105031,B693858,0.03369,0.06128,-0.99615,0.05243,0.0134
1596612786.109804,B693863,0.03363,0.06140,-0.99615,0.05261,0.0134
1596612786.1155899,B693868,0.03363,0.06152,-0.99615,0.05280,0.0134
1596612786.119781,B693873,0.03357,0.06165,-0.99615,0.05298,0.0134
1596612786.125226,B693878,0.03351,0.06165,-0.99609,0.05316,0.0134
1596612786.130969,B693883,0.03345,0.06158,-0.99609,0.05328,0.0134
1596612786.135031,B693888,0.03333,0.06146,-0.99609,0.05347,0.0134
1596612786.14004,B693893,0.03320,0.06134,-0.99609,0.05359,0.0134
1596612786.145576,B693898,0.03308,0.06116,-0.99615,0.05371,0.0135
1596612786.150872,B693904,0.03296,0.06097,-0.99615,0.05383,0.0135
1596612786.1573818,B693909,0.03284,0.06073,-0.99615,0.05396,0.0134
1596612786.16214,B693915,0.03265,0.06042,-0.99615,0.05408,0.0134
1596612786.167449,B693920,0.03253,0.06012,-0.99622,0.05426,0.0134
1596612786.1730628,B693926,0.03241,0.05981,-0.99622,0.05438,0.0134
1596612786.17872,B693931,0.03229,0.05945,-0.99622,0.05450,0.0134
1596612786.183535,B693936,0.03217,0.05914,-0.99622,0.05469,0.0134
1596612786.1888661,B693942,0.03204,0.05878,-0.99628,0.05487,0.0134
1596612786.1947389,B693947,0.03198,0.05847,-0.99628,0.05505,0.0134
1596612786.1989188,B693952,0.03192,0.05811,-0.99628,0.05536,0.0134
1596612786.204203,B693957,0.03186,0.05780,-0.99628,0.05560,0.0134
1596612786.2087371,B693962,0.03180,0.05750,-0.99628,0.05591,0.0134
1596612786.213747,B693967,0.03180,0.05725,-0.99628,0.05615,0.0134
1596612786.2189791,B693972,0.03180,0.05695,-0.99628,0.05658,0.0134
1596612786.224735,B693977,0.03174,0.05664,-0.99628,0.05695,0.0134
1596612786.229287,B693982,0.03174,0.05640,-0.99628,0.05731,0.0134
1596612786.234627,B693987,0.03174,0.05609,-0.99628,0.05768,0.0134
1596612786.238854,B693992,0.03174,0.05579,-0.99622,0.05817,0.0134
1596612786.243783,B693997,0.03174,0.05542,-0.99622,0.05865,0.0134
1596612786.249532,B694002,0.03168,0.05511,-0.99622,0.05908,0.0134
1596612786.254124,B694007,0.03168,0.05481,-0.99622,0.05957,0.0134
1596612786.259367,B694012,0.03168,0.05450,-0.99622,0.06012,0.0135
1596612786.264357,B694017,0.03168,0.05420,-0.99615,0.06061,0.0135
1596612786.269425,B694022,0.03174,0.05396,-0.99615,0.06110,0.0135
1596612786.2749782,B694027,0.03174,0.05371,-0.99615,0.06158,0.0135
1596612786.279837,B694032,0.03174,0.05353,-0.99615,0.06207,0.0135
1596612786.284781,B694038,0.03174,0.05328,-0.99609,0.06299,0.0135
1596612786.2897909,B694043,0.03168,0.05316,-0.99609,0.06335,0.0136
1596612786.294635,B694048,0.03168,0.05310,-0.99603,0.06378,0.0136
1596612786.3007019,B694053,0.03168,0.05316,-0.99603,0.06415,0.0136
1596612786.304731,B694058,0.03162,0.05316,-0.99597,0.06451,0.0136
1596612786.309909,B694063,0.03156,0.05316,-0.99597,0.06482,0.0136
1596612786.315527,B694068,0.03137,0.05310,-0.99597,0.06519,0.0136
1596612786.320319,B694073,0.03125,0.05304,-0.99597,0.06543,0.0136
1596612786.325001,B694078,0.03113,0.05292,-0.99597,0.06567,0.0136
1596612786.329781,B694083,0.03094,0.05286,-0.99597,0.06586,0.0136
1596612786.335058,B694088,0.03076,0.05273,-0.99597,0.06604,0.0136
1596612786.339774,B694093,0.03058,0.05267,-0.99597,0.06622,0.0136
1596612786.345073,B694098,0.03033,0.05255,-0.99597,0.06635,0.0136
1596612786.350065,B694103,0.03015,0.05243,-0.99597,0.06641,0.0136
1596612786.35521,B694108,0.02985,0.05219,-0.99597,0.06647,0.0136
1596612786.360364,B694113,0.02960,0.05188,-0.99597,0.06653,0.0136
1596612786.3658721,B694118,0.02936,0.05151,-0.99603,0.06659,0.0137
1596612786.370388,B694123,0.02911,0.05121,-0.99603,0.06659,0.0137
1596612786.37586,B694128,0.02893,0.05078,-0.99609,0.06659,0.0137
1596612786.380654,B694133,0.02881,0.05048,-0.99609,0.06653,0.0137
1596612786.388261,B694138,0.02875,0.05023,-0.99609,0.06653,0.0137
1596612786.391083,B694143,0.02875,0.05005,-0.99609,0.06647,0.0137
1596612786.3961658,B694148,0.02875,0.04999,-0.99615,0.06641,0.0137
1596612786.400307,B694153,0.02881,0.05005,-0.99615,0.06628,0.0137
1596612786.405897,B694158,0.02887,0.05017,-0.99615,0.06622,0.0137
1596612786.410531,B694163,0.02899,0.05029,-0.99609,0.06616,0.0137
1596612786.415505,B694169,0.02911,0.05042,-0.99609,0.06610,0.0137
1596612786.421193,B694174,0.02924,0.05054,-0.99609,0.06604,0.0137
1596612786.427535,B694180,0.02936,0.05060,-0.99609,0.06604,0.0137
1596612786.431639,B694185,0.02948,0.05060,-0.99609,0.06598,0.0137
1596612786.437933,B694190,0.02960,0.05060,-0.99609,0.06598,0.0137
1596612786.4421508,B694196,0.02966,0.05060,-0.99609,0.06598,0.0137
1596612786.447924,B694201,0.02972,0.05060,-0.99609,0.06598,0.0137
1596612786.453383,B694206,0.02979,0.05060,-0.99609,0.06604,0.0137
1596612786.458418,B694211,0.02985,0.05054,-0.99609,0.06610,0.0137
1596612786.463455,B694217,0.02985,0.05054,-0.99609,0.06610,0.0137
1596612786.4687831,B694222,0.02985,0.05060,-0.99609,0.06622,0.0137
1596612786.4737458,B694227,0.02985,0.05060,-0.99609,0.06622,0.0138
1596612786.478644,B694232,0.02985,0.05072,-0.99603,0.06628,0.0137
1596612786.483891,B694237,0.02985,0.05090,-0.99603,0.06635,0.0137
1596612786.488814,B694242,0.02991,0.05121,-0.99603,0.06635,0.0137
1596612786.49392,B694247,0.02991,0.05151,-0.99603,0.06635,0.0137
1596612786.4989288,B694252,0.02991,0.05206,-0.99597,0.06635,0.0137
1596612786.503975,B694257,0.02997,0.05267,-0.99597,0.06635,0.0137
1596612786.5088131,B694262,0.02997,0.05328,-0.99591,0.06628,0.0138
1596612786.513908,B694267,0.02997,0.05396,-0.99591,0.06622,0.0138
1596612786.51905,B694272,0.02997,0.05463,-0.99585,0.06616,0.0138
1596612786.523814,B694277,0.02997,0.05542,-0.99585,0.06604,0.0138
1596612786.529862,B694282,0.02997,0.05615,-0.99579,0.06598,0.0138
1596612786.534966,B694287,0.03003,0.05688,-0.99573,0.06586,0.0138
1596612786.539426,B694292,0.03009,0.05847,-0.99567,0.06567,0.0138
1596612786.544221,B694297,0.03009,0.05920,-0.99561,0.06555,0.0139
1596612786.549582,B694303,0.03015,0.05981,-0.99561,0.06549,0.0139
1596612786.5542998,B694308,0.03015,0.06049,-0.99554,0.06537,0.0139
1596612786.5593338,B694313,0.03021,0.06104,-0.99554,0.06531,0.0139
1596612786.5641978,B694318,0.03021,0.06152,-0.99554,0.06525,0.0139
1596612786.569129,B694323,0.03015,0.06189,-0.99548,0.06512,0.0139
1596612786.574547,B694328,0.03015,0.06219,-0.99548,0.06506,0.0139
1596612786.579504,B694333,0.03009,0.06238,-0.99548,0.06500,0.0139
1596612786.584264,B694338,0.03003,0.06250,-0.99548,0.06500,0.0139
1596612786.589351,B694343,0.02991,0.06256,-0.99548,0.06500,0.0139
1596612786.594473,B694348,0.02979,0.06256,-0.99548,0.06494,0.0139
1596612786.600323,B694353,0.02966,0.06250,-0.99548,0.06494,0.0139
1596612786.6042812,B694358,0.02960,0.06244,-0.99548,0.06500,0.0139
1596612786.609278,B694363,0.02948,0.06238,-0.99548,0.06500,0.0139
1596612786.615246,B694368,0.02936,0.06226,-0.99548,0.06500,0.0139
1596612786.620118,B694373,0.02930,0.06219,-0.99548,0.06506,0.0139
1596612786.625005,B694378,0.02917,0.06207,-0.99554,0.06506,0.0139
1596612786.629602,B694383,0.02911,0.06207,-0.99554,0.06512,0.0140
1596612786.6345448,B694388,0.02905,0.06201,-0.99554,0.06512,0.0140
1596612786.64031,B694393,0.02899,0.06201,-0.99554,0.06512,0.0140
1596612786.645161,B694398,0.02893,0.06201,-0.99554,0.06519,0.0140
1596612786.649442,B694403,0.02893,0.06207,-0.99554,0.06525,0.0140
1596612786.654516,B694408,0.02893,0.06219,-0.99548,0.06525,0.0140
1596612786.6605709,B694413,0.02899,0.06232,-0.99548,0.06531,0.0140
1596612786.664702,B694418,0.02899,0.06244,-0.99548,0.06537,0.0140
1596612786.671456,B694423,0.02905,0.06262,-0.99548,0.06537,0.0140
1596612786.675073,B694428,0.02911,0.06287,-0.99542,0.06543,0.0140
1596612786.680769,B694433,0.02924,0.06305,-0.99542,0.06549,0.0140
1596612786.685109,B694438,0.02930,0.06329,-0.99542,0.06555,0.0140
1596612786.6897438,B694443,0.02942,0.06354,-0.99536,0.06561,0.0140
1596612786.694731,B694448,0.02948,0.06384,-0.99536,0.06567,0.0141
1596612786.7005088,B694453,0.02960,0.06415,-0.99536,0.06573,0.0141
1596612786.7050161,B694458,0.02972,0.06439,-0.99530,0.06580,0.0141
1596612786.710967,B694464,0.02985,0.06470,-0.99530,0.06586,0.0141
1596612786.717655,B694470,0.02997,0.06500,-0.99524,0.06592,0.0141
1596612786.722185,B694475,0.03009,0.06537,-0.99524,0.06598,0.0141
1596612786.7280488,B694480,0.03021,0.06567,-0.99518,0.06604,0.0141
1596612786.7331982,B694486,0.03027,0.06598,-0.99518,0.06610,0.0141
1596612786.7377138,B694491,0.03040,0.06635,-0.99512,0.06610,0.0141
1596612786.743955,B694497,0.03046,0.06665,-0.99512,0.06616,0.0141
1596612786.748545,B694502,0.03046,0.06696,-0.99512,0.06616,0.0141
1596612786.753645,B694507,0.03046,0.06720,-0.99506,0.06622,0.0141
1596612786.75877,B694512,0.03046,0.06750,-0.99506,0.06622,0.0141
1596612786.7645252,B694517,0.03040,0.06775,-0.99506,0.06628,0.0141
1596612786.768655,B694522,0.03040,0.06793,-0.99500,0.06628,0.0141
1596612786.773767,B694527,0.03033,0.06812,-0.99500,0.06628,0.0141
1596612786.778681,B694532,0.03021,0.06824,-0.99500,0.06628,0.0141
1596612786.785035,B694537,0.03015,0.06836,-0.99500,0.06628,0.0141
1596612786.789003,B694542,0.03003,0.06842,-0.99500,0.06628,0.0141
1596612786.794584,B694547,0.02991,0.06848,-0.99500,0.06635,0.0142
1596612786.799339,B694552,0.02972,0.06848,-0.99500,0.06635,0.0142
1596612786.804306,B694558,0.02960,0.06842,-0.99500,0.06635,0.0142
1596612786.810158,B694563,0.02930,0.06830,-0.99500,0.06635,0.0142
1596612786.814902,B694568,0.02917,0.06818,-0.99506,0.06635,0.0142
1596612786.819722,B694573,0.02905,0.06805,-0.99506,0.06641,0.0142
1596612786.824707,B694578,0.02893,0.06793,-0.99506,0.06641,0.0142
1596612786.82957,B694583,0.02881,0.06781,-0.99506,0.06641,0.0142
1596612786.8345332,B694588,0.02869,0.06763,-0.99506,0.06641,0.0142
1596612786.839515,B694593,0.02863,0.06750,-0.99512,0.06641,0.0142
1596612786.845396,B694598,0.02856,0.06732,-0.99512,0.06641,0.0142
1596612786.850355,B694603,0.02850,0.06714,-0.99512,0.06641,0.0143
1596612786.855351,B694608,0.02844,0.06696,-0.99512,0.06641,0.0143
1596612786.859753,B694614,0.02838,0.06677,-0.99518,0.06641,0.0143
1596612786.86465,B694619,0.02832,0.06659,-0.99518,0.06641,0.0143
1596612786.869813,B694624,0.02832,0.06641,-0.99518,0.06641,0.0143
1596612786.875186,B694629,0.02826,0.06628,-0.99518,0.06641,0.0143
1596612786.8797388,B694634,0.02826,0.06610,-0.99518,0.06635,0.0143
1596612786.886105,B694639,0.02826,0.06598,-0.99524,0.06635,0.0144
1596612786.890507,B694644,0.02826,0.06586,-0.99524,0.06635,0.0144
1596612786.8961291,B694650,0.02826,0.06573,-0.99524,0.06628,0.0144
1596612786.9017348,B694655,0.02832,0.06555,-0.99524,0.06628,0.0144
1596612786.907542,B694661,0.02832,0.06543,-0.99524,0.06622,0.0144
1596612786.912291,B694666,0.02832,0.06531,-0.99524,0.06622,0.0144
1596612786.9176269,B694671,0.02838,0.06525,-0.99530,0.06616,0.0144
1596612786.92281,B694677,0.02844,0.06512,-0.99530,0.06610,0.0144
1596612786.927947,B694682,0.02850,0.06500,-0.99530,0.06598,0.0144
1596612786.934248,B694687,0.02856,0.06494,-0.99530,0.06592,0.0144
1596612786.938587,B694692,0.02863,0.06482,-0.99530,0.06580,0.0144
1596612786.943579,B694697,0.02869,0.06476,-0.99530,0.06573,0.0144
1596612786.949087,B694702,0.02875,0.06476,-0.99530,0.06561,0.0144
1596612786.9537501,B694708,0.02881,0.06476,-0.99536,0.06555,0.0144
1596612786.958889,B694713,0.02893,0.06476,-0.99536,0.06543,0.0144
1596612786.965491,B694718,0.02899,0.06488,-0.99536,0.06531,0.0144
1596612786.9696739,B694723,0.02917,0.06506,-0.99530,0.06512,0.0144
1596612786.974684,B694728,0.02930,0.06506,-0.99536,0.06500,0.0144
1596612786.9798248,B694733,0.02936,0.06506,-0.99536,0.06488,0.0144
1596612786.9845812,B694738,0.02948,0.06500,-0.99536,0.06476,0.0144
1596612786.991963,B694743,0.02960,0.06488,-0.99536,0.06464,0.0144
1596612786.99611,B694749,0.02972,0.06482,-0.99536,0.06451,0.0144
1596612787.00035,B694754,0.02991,0.06476,-0.99536,0.06433,0.0144
1596612787.005622,B694759,0.03003,0.06476,-0.99536,0.06421,0.0144
1596612787.010038,B694764,0.03015,0.06476,-0.99536,0.06409,0.0145
1596612787.015351,B694769,0.03027,0.06476,-0.99542,0.06390,0.0145
1596612787.021352,B694775,0.03033,0.06470,-0.99542,0.06378,0.0145
1596612787.027536,B694781,0.03040,0.06445,-0.99542,0.06366,0.0145
1596612787.032768,B694786,0.03040,0.06427,-0.99542,0.06354,0.0145
1596612787.0375192,B694791,0.03040,0.06396,-0.99548,0.06342,0.0145
1596612787.0423381,B694796,0.03046,0.06366,-0.99548,0.06323,0.0145
1596612787.04773,B694801,0.03046,0.06335,-0.99554,0.06311,0.0145
1596612787.053387,B694807,0.03046,0.06299,-0.99554,0.06299,0.0145
1596612787.057879,B694812,0.03046,0.06268,-0.99561,0.06287,0.0145
1596612787.064449,B694817,0.03040,0.06226,-0.99561,0.06268,0.0145
1596612787.0700412,B694822,0.03033,0.06189,-0.99567,0.06256,0.0145
1596612787.073519,B694827,0.03027,0.06152,-0.99567,0.06244,0.0146
1596612787.0784729,B694832,0.03021,0.06116,-0.99573,0.06238,0.0146
1596612787.08354,B694837,0.03003,0.06079,-0.99573,0.06226,0.0145
1596612787.0887308,B694842,0.02991,0.06036,-0.99579,0.06219,0.0146
1596612787.093557,B694848,0.02979,0.06000,-0.99579,0.06213,0.0146
1596612787.098536,B694853,0.02966,0.05963,-0.99585,0.06207,0.0146
1596612787.104438,B694858,0.02960,0.05927,-0.99585,0.06201,0.0146
1596612787.1087182,B694863,0.02948,0.05884,-0.99591,0.06195,0.0146
1596612787.1139631,B694868,0.02942,0.05847,-0.99591,0.06189,0.0146
1596612787.119769,B694873,0.02930,0.05798,-0.99597,0.06183,0.0146
1596612787.124037,B694878,0.02924,0.05756,-0.99597,0.06177,0.0146
1596612787.1297421,B694883,0.02924,0.05713,-0.99603,0.06171,0.0147
1596612787.134177,B694888,0.02924,0.05676,-0.99603,0.06158,0.0147
1596612787.1409972,B694893,0.02924,0.05627,-0.99609,0.06152,0.0147
1596612787.1447182,B694898,0.02930,0.05554,-0.99615,0.06128,0.0147
1596612787.149875,B694904,0.02936,0.05518,-0.99615,0.06116,0.0147
1596612787.1547918,B694908,0.02942,0.05487,-0.99622,0.06104,0.0147
1596612787.159606,B694913,0.02948,0.05457,-0.99622,0.06091,0.0147
1596612787.164722,B694918,0.02960,0.05432,-0.99622,0.06079,0.0147
1596612787.169675,B694923,0.02966,0.05414,-0.99628,0.06061,0.0148
1596612787.1752489,B694928,0.02979,0.05408,-0.99628,0.06042,0.0148
1596612787.1795998,B694933,0.02985,0.05402,-0.99628,0.06030,0.0148
1596612787.184258,B694938,0.02997,0.05408,-0.99628,0.06012,0.0148
1596612787.1896,B694943,0.02997,0.05420,-0.99628,0.06000,0.0148
