imu_packets,1168
IMUtimestamp,quatI,quatJ,quatK,quatReal,quatRadianAccuracy
1582011851.788609,0.03967,-0.01764,-0.99847,0.03479,0.0185
1582011851.793802,0.03961,-0.01770,-0.99847,0.03479,0.0185
1582011851.799468,0.03961,-0.01782,-0.99847,0.03473,0.0185
1582011851.805789,0.03961,-0.01794,-0.99847,0.03473,0.0185
1582011851.810082,0.03961,-0.01807,-0.99847,0.03467,0.0185
1582011851.8160992,0.03967,-0.01819,-0.99847,0.03467,0.0185
1582011851.821374,0.03967,-0.01825,-0.99847,0.03467,0.0185
1582011851.827036,0.03973,-0.01849,-0.99841,0.03467,0.0185
1582011851.83298,0.03973,-0.01855,-0.99841,0.03467,0.0185
1582011851.83759,0.03973,-0.01868,-0.99841,0.03467,0.0185
1582011851.843625,0.03979,-0.01874,-0.99841,0.03467,0.0185
1582011851.8493671,0.03979,-0.01886,-0.99841,0.03473,0.0185
1582011851.8547788,0.03986,-0.01892,-0.99841,0.03473,0.0185
1582011851.860539,0.03986,-0.01904,-0.99841,0.03479,0.0185
1582011851.865628,0.03992,-0.01910,-0.99841,0.03479,0.0185
1582011851.87271,0.03992,-0.01917,-0.99841,0.03485,0.0185
1582011851.876788,0.03992,-0.01935,-0.99841,0.03491,0.0185
1582011851.882636,0.03992,-0.01941,-0.99841,0.03497,0.0185
1582011851.888795,0.03992,-0.01947,-0.99841,0.03497,0.0185
1582011851.893934,0.03986,-0.01953,-0.99841,0.03497,0.0185
1582011851.899762,0.03986,-0.01959,-0.99841,0.03503,0.0185
1582011851.9048488,0.03979,-0.01965,-0.99841,0.03503,0.0185
1582011851.910007,0.03979,-0.01971,-0.99841,0.03503,0.0185
1582011851.915751,0.03979,-0.01978,-0.99841,0.03510,0.0185
1582011851.921197,0.03973,-0.01984,-0.99841,0.03510,0.0185
1582011851.927329,0.03967,-0.01996,-0.99841,0.03516,0.0185
1582011851.935442,0.03961,-0.01996,-0.99841,0.03516,0.0185
1582011851.9400299,0.03961,-0.01990,-0.99841,0.03516,0.0185
1582011851.943275,0.03955,-0.01984,-0.99841,0.03522,0.0185
1582011851.949177,0.03955,-0.01984,-0.99841,0.03528,0.0185
1582011851.954169,0.03949,-0.01971,-0.99841,0.03528,0.0185
1582011851.9594722,0.03943,-0.01965,-0.99841,0.03534,0.0185
1582011851.966411,0.03937,-0.01959,-0.99841,0.03540,0.0185
1582011851.970319,0.03931,-0.01947,-0.99841,0.03540,0.0185
1582011851.976304,0.03925,-0.01941,-0.99841,0.03546,0.0185
1582011851.981998,0.03912,-0.01923,-0.99841,0.03552,0.0185
1582011851.9877372,0.03906,-0.01917,-0.99841,0.03558,0.0185
1582011851.994018,0.03900,-0.01910,-0.99841,0.03558,0.0185
1582011851.999286,0.03894,-0.01898,-0.99841,0.03564,0.0185
1582011852.004889,0.03888,-0.01892,-0.99841,0.03564,0.0185
1582011852.010176,0.03882,-0.01886,-0.99841,0.03571,0.0185
1582011852.015786,0.03882,-0.01880,-0.99841,0.03571,0.0185
1582011852.0219562,0.03876,-0.01874,-0.99841,0.03571,0.0185
1582011852.026848,0.03876,-0.01874,-0.99841,0.03577,0.0185
1582011852.033875,0.03870,-0.01874,-0.99841,0.03583,0.0185
1582011852.038613,0.03870,-0.01874,-0.99841,0.03583,0.0185
1582011852.045215,0.03870,-0.01880,-0.99841,0.03589,0.0185
1582011852.0497332,0.03870,-0.01886,-0.99841,0.03589,0.0185
1582011852.0551429,0.03870,-0.01892,-0.99841,0.03595,0.0185
1582011852.060663,0.03870,-0.01892,-0.99841,0.03595,0.0185
1582011852.06641,0.03870,-0.01898,-0.99841,0.03595,0.0185
1582011852.0717702,0.03870,-0.01898,-0.99841,0.03601,0.0185
1582011852.0784798,0.03870,-0.01892,-0.99841,0.03595,0.0185
1582011852.084142,0.03870,-0.01892,-0.99841,0.03595,0.0185
1582011852.089199,0.03876,-0.01886,-0.99841,0.03595,0.0185
1582011852.09471,0.03876,-0.01892,-0.99841,0.03589,0.0185
1582011852.100595,0.03882,-0.01892,-0.99841,0.03589,0.0185
1582011852.106119,0.03888,-0.01904,-0.99841,0.03589,0.0185
1582011852.111647,0.03894,-0.01917,-0.99841,0.03583,0.0185
1582011852.116956,0.03894,-0.01935,-0.99841,0.03583,0.0185
1582011852.122443,0.03900,-0.01984,-0.99841,0.03577,0.0185
1582011852.128775,0.03906,-0.02008,-0.99841,0.03571,0.0185
1582011852.134444,0.03912,-0.02039,-0.99841,0.03571,0.0185
1582011852.13979,0.03912,-0.02057,-0.99841,0.03564,0.0185
1582011852.144763,0.03918,-0.02087,-0.99835,0.03564,0.0185
1582011852.1502059,0.03925,-0.02112,-0.99835,0.03558,0.0185
1582011852.155189,0.03931,-0.02136,-0.99835,0.03558,0.0185
1582011852.1616309,0.03931,-0.02161,-0.99835,0.03558,0.0185
1582011852.16838,0.03937,-0.02203,-0.99835,0.03552,0.0185
1582011852.1725929,0.03943,-0.02222,-0.99835,0.03552,0.0185
1582011852.179106,0.03949,-0.02240,-0.99835,0.03552,0.0185
1582011852.184769,0.03955,-0.02252,-0.99835,0.03552,0.0185
1582011852.189713,0.03961,-0.02258,-0.99835,0.03552,0.0185
1582011852.194603,0.03967,-0.02271,-0.99829,0.03552,0.0185
1582011852.2000508,0.03979,-0.02277,-0.99829,0.03552,0.0185
1582011852.206793,0.03986,-0.02289,-0.99829,0.03558,0.0185
1582011852.212086,0.03998,-0.02301,-0.99829,0.03558,0.0185
1582011852.217865,0.04004,-0.02307,-0.99829,0.03558,0.0185
1582011852.225996,0.04004,-0.02313,-0.99829,0.03564,0.0185
1582011852.229038,0.04010,-0.02319,-0.99829,0.03564,0.0185
1582011852.2353191,0.04016,-0.02325,-0.99829,0.03571,0.0185
1582011852.239789,0.04016,-0.02338,-0.99829,0.03577,0.0185
1582011852.245502,0.04022,-0.02344,-0.99829,0.03583,0.0185
1582011852.251789,0.04028,-0.02356,-0.99829,0.03589,0.0185
1582011852.257418,0.04034,-0.02393,-0.99823,0.03607,0.0185
1582011852.263156,0.04041,-0.02411,-0.99823,0.03613,0.0185
1582011852.268532,0.04047,-0.02435,-0.99823,0.03625,0.0185
1582011852.276716,0.04053,-0.02460,-0.99823,0.03638,0.0185
1582011852.2787242,0.04059,-0.02478,-0.99823,0.03650,0.0185
1582011852.2851572,0.04071,-0.02502,-0.99817,0.03662,0.0185
1582011852.290601,0.04083,-0.02521,-0.99817,0.03674,0.0185
1582011852.295073,0.04095,-0.02545,-0.99817,0.03693,0.0185
1582011852.3017442,0.04108,-0.02563,-0.99817,0.03705,0.0185
1582011852.3066308,0.04138,-0.02600,-0.99811,0.03741,0.0185
1582011852.3123891,0.04156,-0.02618,-0.99811,0.03760,0.0185
1582011852.318979,0.04175,-0.02631,-0.99805,0.03778,0.0185
1582011852.3236558,0.04193,-0.02643,-0.99805,0.03796,0.0185
1582011852.329649,0.04211,-0.02643,-0.99805,0.03809,0.0185
1582011852.335115,0.04236,-0.02649,-0.99805,0.03827,0.0185
1582011852.3400698,0.04254,-0.02643,-0.99799,0.03839,0.0185
1582011852.345939,0.04279,-0.02643,-0.99799,0.03857,0.0185
1582011852.352677,0.04333,-0.02631,-0.99799,0.03876,0.0185
1582011852.356925,0.04358,-0.02631,-0.99792,0.03888,0.0185
1582011852.362676,0.04382,-0.02637,-0.99792,0.03894,0.0185
1582011852.3689752,0.04413,-0.02643,-0.99792,0.03906,0.0185
1582011852.374403,0.04431,-0.02649,-0.99792,0.03906,0.0185
1582011852.379877,0.04456,-0.02661,-0.99786,0.03912,0.0185
1582011852.3852942,0.04480,-0.02673,-0.99786,0.03918,0.0185
1582011852.3919559,0.04504,-0.02686,-0.99786,0.03925,0.0185
1582011852.396105,0.04547,-0.02716,-0.99780,0.03925,0.0185
1582011852.401301,0.04565,-0.02734,-0.99780,0.03925,0.0185
1582011852.407393,0.04584,-0.02753,-0.99780,0.03925,0.0185
1582011852.4142,0.04602,-0.02771,-0.99780,0.03925,0.0185
1582011852.418942,0.04620,-0.02795,-0.99774,0.03925,0.0185
1582011852.424101,0.04639,-0.02814,-0.99774,0.03918,0.0185
1582011852.430325,0.04663,-0.02838,-0.99774,0.03912,0.0185
1582011852.436657,0.04681,-0.02863,-0.99774,0.03906,0.0185
1582011852.4406312,0.04700,-0.02893,-0.99774,0.03906,0.0185
1582011852.4465652,0.04724,-0.02917,-0.99768,0.03900,0.0185
1582011852.4520519,0.04773,-0.02972,-0.99768,0.03888,0.0186
1582011852.457061,0.04797,-0.02991,-0.99762,0.03882,0.0186
1582011852.463897,0.04828,-0.03015,-0.99762,0.03876,0.0186
1582011852.468798,0.04852,-0.03033,-0.99762,0.03876,0.0186
1582011852.473898,0.04877,-0.03046,-0.99762,0.03870,0.0186
1582011852.479342,0.04907,-0.03052,-0.99756,0.03870,0.0186
1582011852.484818,0.04932,-0.03058,-0.99756,0.03870,0.0186
1582011852.491628,0.04956,-0.03058,-0.99756,0.03870,0.0186
1582011852.497094,0.04987,-0.03058,-0.99756,0.03870,0.0186
1582011852.501471,0.05035,-0.03040,-0.99750,0.03882,0.0186
1582011852.506499,0.05060,-0.03033,-0.99750,0.03888,0.0186
1582011852.5131001,0.05078,-0.03027,-0.99750,0.03894,0.0186
1582011852.518702,0.05096,-0.03021,-0.99750,0.03906,0.0186
1582011852.525451,0.05115,-0.03021,-0.99744,0.03918,0.0186
1582011852.5295439,0.05133,-0.03015,-0.99744,0.03931,0.0186
1582011852.5366242,0.05151,-0.03015,-0.99744,0.03943,0.0186
1582011852.541037,0.05164,-0.03015,-0.99744,0.03955,0.0186
1582011852.547426,0.05176,-0.03015,-0.99744,0.03973,0.0186
1582011852.5516422,0.05188,-0.03021,-0.99738,0.04010,0.0186
1582011852.55752,0.05194,-0.03021,-0.99738,0.04022,0.0186
1582011852.563371,0.05200,-0.03027,-0.99738,0.04041,0.0186
1582011852.569765,0.05200,-0.03027,-0.99738,0.04065,0.0186
1582011852.574652,0.05200,-0.03033,-0.99738,0.04083,0.0186
1582011852.581662,0.05194,-0.03040,-0.99738,0.04102,0.0186
1582011852.585463,0.05182,-0.03046,-0.99731,0.04126,0.0186
1582011852.5913012,0.05170,-0.03052,-0.99731,0.04144,0.0186
1582011852.5972,0.05127,-0.03058,-0.99731,0.04193,0.0186
1582011852.605302,0.05103,-0.03058,-0.99731,0.04218,0.0186
1582011852.6084402,0.05072,-0.03052,-0.99731,0.04248,0.0186
1582011852.613922,0.05048,-0.03040,-0.99738,0.04272,0.0186
1582011852.620637,0.05011,-0.03027,-0.99738,0.04303,0.0186
1582011852.624633,0.04980,-0.03003,-0.99738,0.04333,0.0186
1582011852.630392,0.04950,-0.02972,-0.99738,0.04358,0.0186
1582011852.6368158,0.04919,-0.02936,-0.99738,0.04388,0.0186
1582011852.641676,0.04871,-0.02856,-0.99744,0.04443,0.0186
1582011852.647479,0.04852,-0.02820,-0.99744,0.04468,0.0186
1582011852.653389,0.04828,-0.02771,-0.99744,0.04498,0.0186
1582011852.658877,0.04810,-0.02734,-0.99744,0.04523,0.0186
1582011852.664682,0.04791,-0.02686,-0.99744,0.04553,0.0186
1582011852.670718,0.04773,-0.02643,-0.99744,0.04578,0.0186
1582011852.6748202,0.04755,-0.02588,-0.99750,0.04602,0.0186
1582011852.680574,0.04736,-0.02545,-0.99750,0.04626,0.0186
1582011852.685688,0.04700,-0.02441,-0.99750,0.04675,0.0186
1582011852.692755,0.04681,-0.02393,-0.99750,0.04700,0.0186
1582011852.697645,0.04669,-0.02344,-0.99750,0.04724,0.0186
1582011852.702875,0.04651,-0.02301,-0.99750,0.04749,0.0186
1582011852.709022,0.04633,-0.02252,-0.99756,0.04773,0.0186
1582011852.714805,0.04620,-0.02222,-0.99756,0.04797,0.0186
1582011852.719742,0.04608,-0.02191,-0.99756,0.04828,0.0186
1582011852.7254138,0.04596,-0.02161,-0.99756,0.04852,0.0186
1582011852.730623,0.04590,-0.02142,-0.99750,0.04883,0.0186
1582011852.736043,0.04584,-0.02130,-0.99750,0.04938,0.0186
1582011852.7421498,0.04590,-0.02130,-0.99750,0.04974,0.0186
1582011852.748735,0.04596,-0.02136,-0.99744,0.05005,0.0186
1582011852.753237,0.04608,-0.02155,-0.99744,0.05035,0.0186
1582011852.758631,0.04620,-0.02173,-0.99744,0.05066,0.0186
1582011852.764472,0.04639,-0.02197,-0.99738,0.05096,0.0186
1582011852.76965,0.04657,-0.02228,-0.99738,0.05127,0.0186
1582011852.775069,0.04681,-0.02264,-0.99731,0.05157,0.0186
1582011852.781016,0.04700,-0.02307,-0.99725,0.05188,0.0186
1582011852.786933,0.04742,-0.02393,-0.99719,0.05249,0.0186
1582011852.7930508,0.04761,-0.02435,-0.99719,0.05273,0.0186
1582011852.798975,0.04779,-0.02484,-0.99713,0.05304,0.0186
1582011852.8049002,0.04797,-0.02527,-0.99713,0.05328,0.0186
1582011852.810291,0.04816,-0.02576,-0.99707,0.05359,0.0186
1582011852.8160481,0.04834,-0.02618,-0.99701,0.05383,0.0186
1582011852.820959,0.04852,-0.02655,-0.99701,0.05408,0.0186
1582011852.8260758,0.04871,-0.02692,-0.99695,0.05438,0.0186
1582011852.831362,0.04913,-0.02759,-0.99689,0.05487,0.0186
1582011852.83752,0.04932,-0.02783,-0.99689,0.05511,0.0186
1582011852.843269,0.04956,-0.02808,-0.99683,0.05536,0.0186
1582011852.849501,0.04974,-0.02832,-0.99683,0.05560,0.0186
1582011852.854833,0.04993,-0.02850,-0.99677,0.05579,0.0186
1582011852.859819,0.05011,-0.02863,-0.99677,0.05603,0.0186
1582011852.8652549,0.05029,-0.02875,-0.99677,0.05615,0.0186
1582011852.8710861,0.05042,-0.02881,-0.99670,0.05634,0.0186
1582011852.8764842,0.05066,-0.02875,-0.99670,0.05664,0.0186
1582011852.882277,0.05072,-0.02863,-0.99670,0.05682,0.0186
1582011852.888909,0.05078,-0.02856,-0.99670,0.05695,0.0186
1582011852.894282,0.05084,-0.02844,-0.99664,0.05707,0.0186
1582011852.899853,0.05084,-0.02832,-0.99664,0.05719,0.0186
1582011852.904638,0.05078,-0.02826,-0.99664,0.05731,0.0186
1582011852.910283,0.05072,-0.02820,-0.99664,0.05743,0.0186
1582011852.9164338,0.05060,-0.02814,-0.99664,0.05756,0.0186
1582011852.9219048,0.05035,-0.02808,-0.99664,0.05774,0.0186
1582011852.9271219,0.05017,-0.02808,-0.99664,0.05792,0.0186
1582011852.9330618,0.04993,-0.02808,-0.99664,0.05804,0.0186
1582011852.9386072,0.04974,-0.02808,-0.99664,0.05817,0.0186
1582011852.9443042,0.04956,-0.02814,-0.99664,0.05829,0.0186
1582011852.9509509,0.04932,-0.02820,-0.99664,0.05847,0.0186
1582011852.954753,0.04907,-0.02826,-0.99670,0.05859,0.0186
1582011852.9600902,0.04883,-0.02832,-0.99670,0.05872,0.0186
1582011852.9662132,0.04858,-0.02832,-0.99670,0.05884,0.0186
1582011852.972244,0.04816,-0.02844,-0.99670,0.05908,0.0186
1582011852.977104,0.04797,-0.02844,-0.99670,0.05914,0.0186
1582011852.982802,0.04779,-0.02850,-0.99670,0.05927,0.0186
1582011852.987967,0.04761,-0.02850,-0.99670,0.05933,0.0186
1582011852.993663,0.04742,-0.02850,-0.99670,0.05945,0.0186
1582011852.999747,0.04730,-0.02850,-0.99670,0.05951,0.0186
1582011853.004407,0.04712,-0.02850,-0.99670,0.05957,0.0186
1582011853.009761,0.04706,-0.02850,-0.99670,0.05963,0.0186
1582011853.0165179,0.04694,-0.02850,-0.99670,0.05969,0.0186
1582011853.021112,0.04675,-0.02863,-0.99670,0.05975,0.0186
1582011853.027443,0.04669,-0.02869,-0.99670,0.05981,0.0186
1582011853.033152,0.04657,-0.02875,-0.99670,0.05981,0.0186
1582011853.040446,0.04651,-0.02881,-0.99670,0.05981,0.0186
1582011853.044744,0.04645,-0.02887,-0.99670,0.05981,0.0186
1582011853.0497742,0.04639,-0.02893,-0.99670,0.05981,0.0186
1582011853.056685,0.04633,-0.02893,-0.99670,0.05975,0.0186
1582011853.062449,0.04633,-0.02887,-0.99670,0.05969,0.0186
1582011853.0678751,0.04633,-0.02881,-0.99670,0.05963,0.0186
1582011853.07235,0.04633,-0.02869,-0.99677,0.05951,0.0186
1582011853.078094,0.04633,-0.02856,-0.99677,0.05945,0.0186
1582011853.083968,0.04639,-0.02838,-0.99677,0.05939,0.0186
1582011853.089015,0.04645,-0.02820,-0.99677,0.05933,0.0186
1582011853.094302,0.04651,-0.02789,-0.99677,0.05927,0.0186
1582011853.1019258,0.04663,-0.02759,-0.99677,0.05920,0.0186
1582011853.105858,0.04669,-0.02716,-0.99677,0.05920,0.0186
1582011853.1112,0.04687,-0.02643,-0.99677,0.05920,0.0186
1582011853.1173902,0.04694,-0.02612,-0.99683,0.05927,0.0186
1582011853.123054,0.04687,-0.02594,-0.99683,0.05933,0.0186
1582011853.1307478,0.04681,-0.02588,-0.99683,0.05939,0.0186
1582011853.134291,0.04669,-0.02588,-0.99683,0.05951,0.0186
1582011853.1403751,0.04645,-0.02588,-0.99683,0.05957,0.0186
1582011853.145089,0.04620,-0.02582,-0.99683,0.05969,0.0186
1582011853.151524,0.04596,-0.02576,-0.99683,0.05975,0.0186
1582011853.157818,0.04535,-0.02533,-0.99683,0.05994,0.0186
1582011853.162453,0.04498,-0.02502,-0.99689,0.06006,0.0186
1582011853.1686,0.04468,-0.02466,-0.99689,0.06012,0.0186
1582011853.1738582,0.04425,-0.02429,-0.99689,0.06024,0.0186
1582011853.1799822,0.04382,-0.02380,-0.99695,0.06036,0.0186
1582011853.18514,0.04327,-0.02325,-0.99695,0.06055,0.0186
1582011853.189847,0.04291,-0.02271,-0.99695,0.06073,0.0186
1582011853.195738,0.04236,-0.02191,-0.99701,0.06097,0.0186
1582011853.2008169,0.04163,-0.02020,-0.99701,0.06140,0.0186
1582011853.206969,0.04132,-0.01917,-0.99707,0.06171,0.0186
1582011853.212524,0.04114,-0.01807,-0.99707,0.06195,0.0186
1582011853.21679,0.04095,-0.01703,-0.99707,0.06226,0.0186
1582011853.224084,0.04089,-0.01581,-0.99707,0.06256,0.0186
1582011853.228367,0.04095,-0.01465,-0.99707,0.06293,0.0186
1582011853.233846,0.04102,-0.01367,-0.99707,0.06323,0.0186
1582011853.239192,0.04120,-0.01263,-0.99707,0.06354,0.0186
1582011853.2445922,0.04138,-0.01154,-0.99701,0.06396,0.0186
1582011853.2503529,0.04169,-0.01062,-0.99701,0.06427,0.0186
1582011853.2559202,0.04236,-0.00879,-0.99695,0.06488,0.0186
1582011853.261386,0.04279,-0.00763,-0.99695,0.06525,0.0186
1582011853.267033,0.04327,-0.00659,-0.99689,0.06555,0.0186
1582011853.272866,0.04382,-0.00555,-0.99683,0.06580,0.0186
1582011853.2787032,0.04437,-0.00458,-0.99683,0.06610,0.0186
1582011853.28416,0.04504,-0.00348,-0.99677,0.06635,0.0186
1582011853.289581,0.04578,-0.00244,-0.99670,0.06665,0.0186
1582011853.2966342,0.04651,-0.00140,-0.99670,0.06689,0.0186
1582011853.301165,0.04810,0.00061,-0.99658,0.06738,0.0187
1582011853.3076422,0.04889,0.00159,-0.99652,0.06757,0.0187
1582011853.312779,0.04962,0.00250,-0.99646,0.06775,0.0187
1582011853.318173,0.05048,0.00360,-0.99640,0.06793,0.0187
1582011853.3238661,0.05121,0.00464,-0.99634,0.06812,0.0187
1582011853.328962,0.05200,0.00574,-0.99628,0.06824,0.0187
1582011853.3348138,0.05286,0.00702,-0.99622,0.06836,0.0187
1582011853.340033,0.05353,0.00806,-0.99615,0.06842,0.0187
1582011853.345862,0.05432,0.00928,-0.99615,0.06854,0.0187
1582011853.352181,0.05560,0.01141,-0.99603,0.06860,0.0187
1582011853.357265,0.05621,0.01239,-0.99597,0.06860,0.0187
1582011853.362182,0.05688,0.01349,-0.99591,0.06860,0.0187
1582011853.368298,0.05750,0.01440,-0.99591,0.06860,0.0187
1582011853.373775,0.05804,0.01532,-0.99585,0.06854,0.0187
1582011853.380318,0.05853,0.01617,-0.99579,0.06848,0.0187
1582011853.3853598,0.05908,0.01697,-0.99579,0.06842,0.0187
1582011853.391294,0.05957,0.01782,-0.99573,0.06830,0.0187
1582011853.3947651,0.05994,0.01849,-0.99567,0.06824,0.0187
1582011853.401398,0.06030,0.01910,-0.99567,0.06818,0.0187
1582011853.4067872,0.06097,0.02008,-0.99561,0.06818,0.0187
1582011853.412448,0.06122,0.02045,-0.99561,0.06818,0.0187
1582011853.418253,0.06146,0.02069,-0.99554,0.06824,0.0187
1582011853.423734,0.06165,0.02081,-0.99554,0.06830,0.0187
1582011853.429753,0.06177,0.02094,-0.99554,0.06842,0.0187
1582011853.434061,0.06195,0.02094,-0.99548,0.06854,0.0187
1582011853.4396539,0.06207,0.02081,-0.99548,0.06866,0.0187
1582011853.445257,0.06213,0.02069,-0.99548,0.06885,0.0187
1582011853.4509802,0.06226,0.02020,-0.99542,0.06927,0.0187
1582011853.456088,0.06232,0.01990,-0.99542,0.06946,0.0187
1582011853.462831,0.06226,0.01953,-0.99542,0.06970,0.0187
1582011853.4684439,0.06226,0.01910,-0.99542,0.06995,0.0187
1582011853.4734888,0.06219,0.01874,-0.99542,0.07019,0.0187
1582011853.478815,0.06207,0.01831,-0.99542,0.07050,0.0187
1582011853.484599,0.06195,0.01782,-0.99542,0.07080,0.0187
1582011853.48979,0.06183,0.01727,-0.99542,0.07111,0.0187
1582011853.495276,0.06165,0.01666,-0.99542,0.07147,0.0187
1582011853.5008152,0.06122,0.01550,-0.99536,0.07220,0.0187
1582011853.5056791,0.06104,0.01489,-0.99536,0.07251,0.0187
1582011853.511084,0.06079,0.01410,-0.99536,0.07288,0.0187
1582011853.5171242,0.06055,0.01337,-0.99536,0.07318,0.0187
1582011853.523658,0.06030,0.01251,-0.99536,0.07355,0.0187
1582011853.529217,0.06006,0.01154,-0.99536,0.07391,0.0187
1582011853.534278,0.05994,0.01074,-0.99536,0.07416,0.0188
1582011853.539435,0.05969,0.00970,-0.99536,0.07446,0.0187
1582011853.5471601,0.05951,0.00879,-0.99536,0.07477,0.0188
1582011853.5510159,0.05920,0.00677,-0.99536,0.07520,0.0188
1582011853.5569541,0.05908,0.00586,-0.99536,0.07544,0.0188
1582011853.562452,0.05896,0.00500,-0.99536,0.07562,0.0188
1582011853.568562,0.05878,0.00403,-0.99536,0.07581,0.0188
1582011853.5735989,0.05872,0.00330,-0.99536,0.07593,0.0188
1582011853.58059,0.05859,0.00256,-0.99536,0.07611,0.0188
1582011853.5845702,0.05847,0.00183,-0.99536,0.07629,0.0188
1582011853.590834,0.05841,0.00128,-0.99536,0.07648,0.0188
1582011853.596711,0.05823,0.00043,-0.99536,0.07678,0.0188
1582011853.600978,0.05817,0.00012,-0.99536,0.07690,0.0188
1582011853.608455,0.05811,-0.00006,-0.99530,0.07709,0.0188
1582011853.612756,0.05804,-0.00018,-0.99530,0.07721,0.0188
1582011853.618793,0.05811,-0.00024,-0.99530,0.07739,0.0188
1582011853.624369,0.05817,-0.00018,-0.99530,0.07751,0.0188
1582011853.629865,0.05823,-0.00012,-0.99530,0.07770,0.0188
1582011853.635186,0.05841,0.00000,-0.99524,0.07788,0.0188
1582011853.641383,0.05896,0.00043,-0.99518,0.07813,0.0188
1582011853.646374,0.05939,0.00079,-0.99518,0.07825,0.0188
1582011853.652423,0.05994,0.00128,-0.99512,0.07837,0.0188
1582011853.658008,0.06067,0.00183,-0.99506,0.07843,0.0188
1582011853.663994,0.06134,0.00232,-0.99500,0.07849,0.0188
1582011853.669228,0.06213,0.00262,-0.99500,0.07855,0.0188
1582011853.674432,0.06299,0.00256,-0.99493,0.07861,0.0188
1582011853.680327,0.06354,0.00226,-0.99487,0.07855,0.0188
1582011853.685812,0.06451,0.00110,-0.99481,0.07837,0.0188
1582011853.6936939,0.06488,0.00055,-0.99481,0.07825,0.0188
1582011853.697084,0.06512,0.00024,-0.99481,0.07813,0.0188
1582011853.702825,0.06525,0.00024,-0.99481,0.07794,0.0188
1582011853.708117,0.06525,0.00037,-0.99481,0.07770,0.0188
1582011853.7135308,0.06525,0.00061,-0.99487,0.07751,0.0188
1582011853.719337,0.06519,0.00085,-0.99487,0.07733,0.0188
1582011853.7248352,0.06506,0.00098,-0.99487,0.07715,0.0188
1582011853.730161,0.06482,0.00079,-0.99493,0.07703,0.0188
1582011853.739753,0.06433,-0.00024,-0.99500,0.07666,0.0188
1582011853.743,0.06403,-0.00110,-0.99500,0.07648,0.0188
1582011853.748841,0.06366,-0.00220,-0.99506,0.07623,0.0188
1582011853.75388,0.06342,-0.00323,-0.99506,0.07605,0.0188
1582011853.7595751,0.06311,-0.00433,-0.99512,0.07587,0.0188
1582011853.765097,0.06281,-0.00555,-0.99512,0.07562,0.0188
1582011853.771147,0.06250,-0.00665,-0.99518,0.07544,0.0188
1582011853.776114,0.06189,-0.00867,-0.99524,0.07507,0.0188
1582011853.7812731,0.06158,-0.00964,-0.99524,0.07489,0.0188
1582011853.787852,0.06122,-0.01044,-0.99524,0.07471,0.0188
1582011853.792842,0.06091,-0.01111,-0.99530,0.07458,0.0188
1582011853.798401,0.06061,-0.01166,-0.99530,0.07446,0.0188
1582011853.804192,0.06024,-0.01215,-0.99536,0.07440,0.0188
1582011853.8093739,0.05988,-0.01270,-0.99536,0.07434,0.0188
1582011853.814529,0.05951,-0.01306,-0.99536,0.07428,0.0188
1582011853.8207202,0.05920,-0.01343,-0.99536,0.07428,0.0188
1582011853.826924,0.05859,-0.01392,-0.99542,0.07422,0.0188
1582011853.833451,0.05835,-0.01398,-0.99542,0.07422,0.0188
1582011853.837743,0.05811,-0.01398,-0.99542,0.07422,0.0188
1582011853.843795,0.05786,-0.01392,-0.99548,0.07416,0.0188
1582011853.8492749,0.05774,-0.01379,-0.99548,0.07416,0.0188
1582011853.8563242,0.05762,-0.01355,-0.99548,0.07410,0.0188
1582011853.86028,0.05750,-0.01331,-0.99548,0.07404,0.0188
1582011853.86561,0.05743,-0.01263,-0.99554,0.07391,0.0188
1582011853.870878,0.05750,-0.01221,-0.99554,0.07385,0.0188
1582011853.876721,0.05750,-0.01190,-0.99554,0.07373,0.0188
1582011853.883307,0.05756,-0.01141,-0.99554,0.07361,0.0188
1582011853.888821,0.05762,-0.01105,-0.99554,0.07349,0.0188
1582011853.8937159,0.05768,-0.01062,-0.99561,0.07336,0.0188
1582011853.900063,0.05768,-0.01019,-0.99561,0.07324,0.0188
1582011853.905278,0.05774,-0.00977,-0.99561,0.07312,0.0188
1582011853.910502,0.05774,-0.00934,-0.99561,0.07294,0.0188
1582011853.916493,0.05780,-0.00861,-0.99567,0.07269,0.0188
1582011853.9220889,0.05780,-0.00824,-0.99567,0.07257,0.0188
1582011853.9282382,0.05786,-0.00787,-0.99567,0.07239,0.0188
1582011853.933878,0.05792,-0.00763,-0.99567,0.07227,0.0188
1582011853.94031,0.05798,-0.00739,-0.99567,0.07208,0.0188
1582011853.944851,0.05804,-0.00708,-0.99567,0.07196,0.0188
1582011853.951327,0.05811,-0.00690,-0.99573,0.07178,0.0188
1582011853.9556742,0.05835,-0.00653,-0.99573,0.07153,0.0188
1582011853.9619331,0.05853,-0.00629,-0.99573,0.07141,0.0188
1582011853.966651,0.05865,-0.00616,-0.99573,0.07129,0.0188
1582011853.973027,0.05878,-0.00604,-0.99573,0.07117,0.0188
1582011853.9784691,0.05890,-0.00586,-0.99573,0.07104,0.0188
1582011853.983722,0.05902,-0.00574,-0.99573,0.07098,0.0188
1582011853.989146,0.05920,-0.00562,-0.99573,0.07092,0.0188
1582011853.995473,0.05927,-0.00543,-0.99573,0.07086,0.0188
1582011854.0011148,0.05939,-0.00531,-0.99573,0.07086,0.0188
1582011854.0060968,0.05957,-0.00494,-0.99567,0.07092,0.0188
1582011854.01211,0.05963,-0.00476,-0.99567,0.07098,0.0188
1582011854.017921,0.05969,-0.00458,-0.99567,0.07104,0.0188
1582011854.02327,0.05981,-0.00439,-0.99567,0.07117,0.0188
1582011854.02876,0.05994,-0.00415,-0.99567,0.07129,0.0188
1582011854.035017,0.06000,-0.00397,-0.99561,0.07141,0.0188
1582011854.0391989,0.06012,-0.00378,-0.99561,0.07159,0.0188
1582011854.0453131,0.06024,-0.00360,-0.99561,0.07184,0.0188
1582011854.0505888,0.06055,-0.00323,-0.99554,0.07239,0.0188
1582011854.056586,0.06073,-0.00311,-0.99548,0.07263,0.0188
1582011854.0625548,0.06091,-0.00299,-0.99548,0.07300,0.0188
1582011854.06831,0.06110,-0.00287,-0.99542,0.07336,0.0188
1582011854.074782,0.06122,-0.00275,-0.99542,0.07373,0.0188
1582011854.079177,0.06140,-0.00262,-0.99536,0.07416,0.0188
1582011854.085053,0.06158,-0.00250,-0.99530,0.07458,0.0188
1582011854.090453,0.06183,-0.00232,-0.99524,0.07507,0.0188
1582011854.0965672,0.06213,-0.00195,-0.99518,0.07599,0.0188
1582011854.102562,0.06232,-0.00171,-0.99512,0.07648,0.0188
1582011854.1086159,0.06250,-0.00146,-0.99506,0.07703,0.0188
1582011854.1137888,0.06268,-0.00116,-0.99500,0.07751,0.0188
1582011854.119207,0.06281,-0.00085,-0.99500,0.07806,0.0188
1582011854.125291,0.06299,-0.00043,-0.99493,0.07874,0.0188
1582011854.130152,0.06305,0.00000,-0.99487,0.07928,0.0188
1582011854.1374238,0.06317,0.00098,-0.99475,0.08057,0.0188
1582011854.1417449,0.06311,0.00159,-0.99469,0.08136,0.0188
1582011854.1486,0.06305,0.00214,-0.99463,0.08215,0.0188
1582011854.1532679,0.06299,0.00281,-0.99457,0.08307,0.0188
1582011854.1590059,0.06287,0.00342,-0.99451,0.08380,0.0188
1582011854.164351,0.06268,0.00415,-0.99445,0.08472,0.0188
1582011854.170275,0.06250,0.00500,-0.99432,0.08575,0.0188
1582011854.174927,0.06238,0.00580,-0.99426,0.08661,0.0188
1582011854.181,0.06207,0.00769,-0.99408,0.08868,0.0188
1582011854.1864161,0.06189,0.00836,-0.99402,0.08972,0.0188
1582011854.1914701,0.06171,0.00879,-0.99390,0.09082,0.0188
1582011854.197,0.06146,0.00891,-0.99384,0.09174,0.0188
1582011854.202954,0.06116,0.00867,-0.99377,0.09277,0.0188
1582011854.207492,0.06085,0.00824,-0.99371,0.09375,0.0188
1582011854.213289,0.06055,0.00763,-0.99365,0.09467,0.0188
1582011854.218644,0.06018,0.00702,-0.99359,0.09558,0.0188
1582011854.225112,0.05981,0.00641,-0.99353,0.09656,0.0188
1582011854.229752,0.05951,0.00610,-0.99347,0.09735,0.0188
1582011854.236018,0.05914,0.00586,-0.99341,0.09821,0.0188
1582011854.2408462,0.05859,0.00592,-0.99329,0.09967,0.0188
1582011854.247445,0.05835,0.00604,-0.99323,0.10034,0.0188
1582011854.253233,0.05817,0.00610,-0.99316,0.10095,0.0188
1582011854.258559,0.05798,0.00610,-0.99310,0.10144,0.0188
1582011854.2640572,0.05792,0.00604,-0.99310,0.10199,0.0188
1582011854.2696042,0.05786,0.00580,-0.99304,0.10248,0.0188
1582011854.275179,0.05780,0.00549,-0.99298,0.10291,0.0188
1582011854.281198,0.05774,0.00476,-0.99292,0.10364,0.0188
1582011854.286282,0.05774,0.00433,-0.99292,0.10394,0.0188
1582011854.293109,0.05774,0.00397,-0.99286,0.10431,0.0188
1582011854.297835,0.05774,0.00366,-0.99286,0.10455,0.0188
1582011854.3043158,0.05774,0.00336,-0.99280,0.10486,0.0188
1582011854.309154,0.05774,0.00317,-0.99280,0.10504,0.0188
1582011854.313864,0.05786,0.00305,-0.99274,0.10529,0.0188
1582011854.31922,0.05792,0.00293,-0.99274,0.10541,0.0188
1582011854.325103,0.05811,0.00275,-0.99274,0.10553,0.0188
1582011854.331093,0.05847,0.00232,-0.99268,0.10565,0.0188
1582011854.336203,0.05872,0.00208,-0.99268,0.10559,0.0188
1582011854.343668,0.05896,0.00183,-0.99268,0.10553,0.0188
1582011854.347611,0.05920,0.00153,-0.99268,0.10547,0.0188
1582011854.3531039,0.05939,0.00128,-0.99268,0.10529,0.0188
1582011854.358905,0.05963,0.00104,-0.99268,0.10510,0.0188
1582011854.364052,0.05988,0.00079,-0.99268,0.10480,0.0188
1582011854.37016,0.06006,0.00061,-0.99268,0.10455,0.0188
1582011854.375669,0.06036,0.00031,-0.99274,0.10388,0.0188
1582011854.3814359,0.06049,0.00024,-0.99280,0.10345,0.0188
1582011854.387939,0.06055,0.00018,-0.99280,0.10309,0.0188
1582011854.393694,0.06061,0.00012,-0.99286,0.10260,0.0188
1582011854.398421,0.06061,0.00012,-0.99292,0.10211,0.0188
1582011854.405466,0.06055,0.00018,-0.99298,0.10156,0.0188
1582011854.40991,0.06049,0.00031,-0.99304,0.10107,0.0188
1582011854.414351,0.06030,0.00037,-0.99310,0.10046,0.0188
1582011854.420099,0.06018,0.00043,-0.99316,0.09998,0.0188
1582011854.4254699,0.05969,0.00055,-0.99335,0.09875,0.0188
1582011854.431081,0.05939,0.00055,-0.99341,0.09808,0.0188
1582011854.43646,0.05914,0.00049,-0.99347,0.09753,0.0188
1582011854.442237,0.05884,0.00049,-0.99353,0.09692,0.0188
1582011854.4495811,0.05847,0.00037,-0.99365,0.09625,0.0188
1582011854.4537039,0.05817,0.00031,-0.99371,0.09570,0.0188
1582011854.4608698,0.05786,0.00018,-0.99377,0.09503,0.0188
1582011854.464093,0.05756,0.00006,-0.99390,0.09436,0.0188
1582011854.469409,0.05725,0.00000,-0.99396,0.09381,0.0188
1582011854.4759018,0.05695,-0.00012,-0.99402,0.09320,0.0188
1582011854.481747,0.05646,-0.00037,-0.99414,0.09204,0.0188
1582011854.4871209,0.05621,-0.00043,-0.99420,0.09155,0.0188
1582011854.492938,0.05597,-0.00049,-0.99426,0.09100,0.0188
1582011854.498206,0.05579,-0.00049,-0.99432,0.09058,0.0188
1582011854.503936,0.05560,-0.00049,-0.99438,0.09009,0.0188
1582011854.50881,0.05542,-0.00049,-0.99445,0.08966,0.0188
1582011854.514834,0.05530,-0.00043,-0.99445,0.08929,0.0188
1582011854.520758,0.05511,-0.00031,-0.99457,0.08862,0.0188
1582011854.525984,0.05505,-0.00018,-0.99457,0.08832,0.0188
1582011854.532802,0.05499,-0.00012,-0.99463,0.08801,0.0188
1582011854.537832,0.05493,-0.00012,-0.99463,0.08771,0.0188
1582011854.54459,0.05493,-0.00012,-0.99463,0.08740,0.0188
1582011854.548565,0.05487,-0.00012,-0.99469,0.08716,0.0188
1582011854.553886,0.05487,-0.00024,-0.99469,0.08685,0.0188
1582011854.560095,0.05487,-0.00031,-0.99475,0.08655,0.0188
1582011854.565196,0.05481,-0.00049,-0.99475,0.08624,0.0188
1582011854.570267,0.05475,-0.00092,-0.99481,0.08569,0.0188
1582011854.5765991,0.05469,-0.00116,-0.99487,0.08539,0.0188
1582011854.581808,0.05457,-0.00140,-0.99487,0.08502,0.0188
1582011854.588253,0.05450,-0.00159,-0.99493,0.08472,0.0188
1582011854.5930219,0.05444,-0.00177,-0.99493,0.08441,0.0188
1582011854.601322,0.05438,-0.00195,-0.99500,0.08405,0.0188
1582011854.604813,0.05438,-0.00214,-0.99500,0.08374,0.0188
1582011854.609214,0.05438,-0.00226,-0.99506,0.08337,0.0188
1582011854.616438,0.05444,-0.00232,-0.99506,0.08301,0.0188
1582011854.6209211,0.05463,-0.00238,-0.99512,0.08234,0.0188
1582011854.628017,0.05481,-0.00232,-0.99512,0.08197,0.0188
1582011854.63165,0.05493,-0.00220,-0.99512,0.08160,0.0188
1582011854.637579,0.05505,-0.00208,-0.99518,0.08130,0.0188
1582011854.643726,0.05524,-0.00189,-0.99518,0.08093,0.0188
1582011854.649815,0.05536,-0.00171,-0.99524,0.08057,0.0188
1582011854.653623,0.05548,-0.00140,-0.99524,0.08020,0.0188
1582011854.660356,0.05560,-0.00104,-0.99524,0.07983,0.0188
1582011854.6650639,0.05579,-0.00055,-0.99530,0.07941,0.0188
1582011854.672161,0.05640,0.00067,-0.99530,0.07861,0.0188
1582011854.677313,0.05682,0.00122,-0.99530,0.07825,0.0188
1582011854.682691,0.05731,0.00183,-0.99530,0.07782,0.0188
1582011854.688812,0.05780,0.00208,-0.99530,0.07745,0.0188
1582011854.693865,0.05835,0.00208,-0.99530,0.07709,0.0188
1582011854.698889,0.05884,0.00183,-0.99530,0.07666,0.0188
1582011854.705009,0.05939,0.00140,-0.99530,0.07623,0.0188
1582011854.710444,0.05994,0.00092,-0.99530,0.07581,0.0188
1582011854.715521,0.06079,0.00024,-0.99536,0.07495,0.0188
1582011854.721705,0.06116,0.00012,-0.99536,0.07446,0.0188
1582011854.73005,0.06146,0.00018,-0.99536,0.07404,0.0188
1582011854.7331321,0.06177,0.00031,-0.99536,0.07361,0.0188
1582011854.738315,0.06201,0.00049,-0.99536,0.07324,0.0188
1582011854.7444081,0.06226,0.00061,-0.99542,0.07281,0.0188
1582011854.750875,0.06238,0.00067,-0.99542,0.07245,0.0188
1582011854.7549398,0.06250,0.00049,-0.99542,0.07208,0.0188
1582011854.760115,0.06262,-0.00043,-0.99548,0.07135,0.0188
1582011854.765472,0.06256,-0.00110,-0.99554,0.07092,0.0188
1582011854.7723808,0.06244,-0.00183,-0.99554,0.07056,0.0188
1582011854.776947,0.06232,-0.00256,-0.99561,0.07019,0.0188
1582011854.782767,0.06219,-0.00323,-0.99561,0.06982,0.0188
1582011854.787704,0.06195,-0.00385,-0.99567,0.06952,0.0188
1582011854.793301,0.06177,-0.00452,-0.99567,0.06915,0.0188
1582011854.798804,0.06152,-0.00500,-0.99573,0.06885,0.0188
1582011854.8050141,0.06122,-0.00549,-0.99573,0.06854,0.0188
1582011854.8098712,0.06097,-0.00592,-0.99579,0.06824,0.0188
1582011854.815893,0.06042,-0.00659,-0.99585,0.06775,0.0188
1582011854.820537,0.06018,-0.00690,-0.99585,0.06750,0.0188
1582011854.826705,0.05994,-0.00720,-0.99591,0.06726,0.0188
1582011854.832433,0.05969,-0.00745,-0.99591,0.06708,0.0188
1582011854.8381288,0.05951,-0.00769,-0.99597,0.06683,0.0188
1582011854.844312,0.05927,-0.00787,-0.99597,0.06659,0.0188
1582011854.84922,0.05908,-0.00806,-0.99603,0.06641,0.0188
1582011854.855686,0.05890,-0.00812,-0.99603,0.06616,0.0188
1582011854.860727,0.05865,-0.00806,-0.99609,0.06573,0.0188
1582011854.8665411,0.05853,-0.00787,-0.99609,0.06549,0.0188
1582011854.873503,0.05847,-0.00763,-0.99609,0.06531,0.0188
1582011854.878865,0.05841,-0.00732,-0.99615,0.06512,0.0188
1582011854.883439,0.05835,-0.00690,-0.99615,0.06488,0.0188
1582011854.888814,0.05829,-0.00641,-0.99615,0.06470,0.0188
1582011854.894031,0.05823,-0.00592,-0.99622,0.06451,0.0188
1582011854.900108,0.05817,-0.00543,-0.99622,0.06439,0.0188
1582011854.90534,0.05804,-0.00439,-0.99622,0.06421,0.0188
1582011854.910809,0.05798,-0.00385,-0.99622,0.06415,0.0188
1582011854.917419,0.05792,-0.00342,-0.99628,0.06415,0.0188
1582011854.922818,0.05780,-0.00287,-0.99628,0.06415,0.0188
1582011854.928521,0.05774,-0.00250,-0.99628,0.06421,0.0188
1582011854.933389,0.05762,-0.00208,-0.99628,0.06427,0.0188
1582011854.938566,0.05750,-0.00171,-0.99628,0.06439,0.0188
1582011854.944122,0.05743,-0.00134,-0.99628,0.06451,0.0188
1582011854.9498339,0.05731,-0.00104,-0.99628,0.06470,0.0188
1582011854.9556139,0.05725,-0.00055,-0.99622,0.06512,0.0188
1582011854.961235,0.05719,-0.00037,-0.99622,0.06531,0.0188
1582011854.967066,0.05719,-0.00018,-0.99622,0.06561,0.0188
1582011854.973547,0.05719,-0.00012,-0.99622,0.06592,0.0188
1582011854.978715,0.05719,0.00000,-0.99615,0.06622,0.0188
1582011854.984472,0.05713,0.00012,-0.99615,0.06659,0.0188
1582011854.989928,0.05713,0.00024,-0.99609,0.06696,0.0188
1582011854.9968488,0.05701,0.00055,-0.99609,0.06769,0.0188
1582011855.000768,0.05695,0.00079,-0.99603,0.06818,0.0188
1582011855.0064929,0.05688,0.00104,-0.99603,0.06860,0.0188
1582011855.0123572,0.05676,0.00128,-0.99597,0.06909,0.0188
1582011855.019495,0.05670,0.00159,-0.99597,0.06958,0.0188
1582011855.0245051,0.05658,0.00189,-0.99591,0.07007,0.0188
1582011855.0286489,0.05646,0.00226,-0.99591,0.07068,0.0188
1582011855.0346408,0.05634,0.00262,-0.99585,0.07123,0.0188
1582011855.041924,0.05615,0.00305,-0.99585,0.07178,0.0188
1582011855.0457542,0.05585,0.00385,-0.99579,0.07294,0.0188
1582011855.051573,0.05573,0.00421,-0.99573,0.07343,0.0188
1582011855.0574248,0.05560,0.00464,-0.99567,0.07404,0.0188
1582011855.063165,0.05548,0.00507,-0.99567,0.07452,0.0188
1582011855.068702,0.05536,0.00549,-0.99561,0.07501,0.0188
1582011855.074247,0.05518,0.00598,-0.99561,0.07556,0.0188
1582011855.080985,0.05511,0.00635,-0.99554,0.07593,0.0188
1582011855.085226,0.05493,0.00720,-0.99554,0.07666,0.0188
1582011855.091852,0.05487,0.00763,-0.99548,0.07703,0.0188
1582011855.096111,0.05481,0.00800,-0.99548,0.07727,0.0188
1582011855.10173,0.05475,0.00842,-0.99542,0.07751,0.0188
1582011855.1073,0.05469,0.00885,-0.99542,0.07770,0.0188
1582011855.113344,0.05463,0.00928,-0.99542,0.07788,0.0188
1582011855.1183062,0.05457,0.00977,-0.99542,0.07800,0.0188
1582011855.123722,0.05457,0.01031,-0.99542,0.07806,0.0188
1582011855.129306,0.05450,0.01093,-0.99536,0.07813,0.0188
1582011855.134393,0.05450,0.01154,-0.99536,0.07819,0.0188
1582011855.140078,0.05450,0.01208,-0.99536,0.07819,0.0188
1582011855.1456482,0.05457,0.01324,-0.99536,0.07813,0.0188
1582011855.150901,0.05463,0.01373,-0.99536,0.07806,0.0188
1582011855.156727,0.05475,0.01410,-0.99536,0.07800,0.0188
1582011855.161775,0.05487,0.01440,-0.99536,0.07788,0.0188
1582011855.168065,0.05505,0.01459,-0.99536,0.07776,0.0188
1582011855.176672,0.05518,0.01465,-0.99536,0.07764,0.0188
1582011855.179022,0.05530,0.01459,-0.99536,0.07751,0.0188
1582011855.186226,0.05542,0.01447,-0.99536,0.07739,0.0188
1582011855.189187,0.05560,0.01428,-0.99536,0.07721,0.0188
1582011855.195106,0.05573,0.01416,-0.99536,0.07709,0.0188
1582011855.200372,0.05591,0.01416,-0.99536,0.07672,0.0188
1582011855.206034,0.05603,0.01422,-0.99542,0.07648,0.0188
1582011855.211785,0.05603,0.01440,-0.99542,0.07629,0.0188
1582011855.218037,0.05603,0.01453,-0.99542,0.07611,0.0188
1582011855.223179,0.05597,0.01459,-0.99542,0.07587,0.0188
1582011855.228576,0.05585,0.01465,-0.99548,0.07568,0.0188
1582011855.23447,0.05573,0.01459,-0.99548,0.07550,0.0188
1582011855.241143,0.05524,0.01447,-0.99554,0.07507,0.0188
1582011855.245673,0.05499,0.01440,-0.99554,0.07483,0.0188
1582011855.2506628,0.05469,0.01434,-0.99561,0.07465,0.0188
1582011855.256145,0.05438,0.01440,-0.99567,0.07440,0.0188
1582011855.2620952,0.05402,0.01453,-0.99567,0.07422,0.0188
1582011855.268526,0.05371,0.01459,-0.99573,0.07404,0.0188
1582011855.273928,0.05334,0.01471,-0.99573,0.07385,0.0188
1582011855.278316,0.05298,0.01477,-0.99579,0.07367,0.0188
1582011855.284528,0.05261,0.01471,-0.99579,0.07349,0.0188
1582011855.289469,0.05231,0.01453,-0.99585,0.07336,0.0188
1582011855.295959,0.05194,0.01428,-0.99585,0.07324,0.0188
1582011855.3020968,0.05139,0.01349,-0.99591,0.07306,0.0188
1582011855.3065422,0.05109,0.01294,-0.99591,0.07306,0.0188
1582011855.312031,0.05084,0.01233,-0.99597,0.07300,0.0188
1582011855.3179111,0.05066,0.01184,-0.99597,0.07300,0.0188
1582011855.325024,0.05042,0.01129,-0.99597,0.07300,0.0188
1582011855.3285928,0.05023,0.01074,-0.99603,0.07306,0.0188
1582011855.33473,0.05005,0.01031,-0.99603,0.07312,0.0188
1582011855.3413959,0.04987,0.00952,-0.99603,0.07324,0.0188
1582011855.345728,0.04987,0.00922,-0.99603,0.07336,0.0188
1582011855.3527648,0.04987,0.00891,-0.99603,0.07349,0.0188
1582011855.3570938,0.04999,0.00873,-0.99597,0.07361,0.0188
1582011855.36258,0.05017,0.00848,-0.99597,0.07373,0.0188
1582011855.36808,0.05035,0.00836,-0.99597,0.07385,0.0188
1582011855.373578,0.05060,0.00818,-0.99591,0.07404,0.0188
1582011855.379456,0.05084,0.00812,-0.99591,0.07416,0.0188
1582011855.384873,0.05115,0.00806,-0.99591,0.07428,0.0188
1582011855.391115,0.05164,0.00800,-0.99585,0.07452,0.0188
1582011855.395838,0.05194,0.00806,-0.99585,0.07465,0.0188
1582011855.4015841,0.05212,0.00812,-0.99579,0.07477,0.0188
1582011855.4081511,0.05231,0.00830,-0.99579,0.07483,0.0188
1582011855.413167,0.05249,0.00848,-0.99579,0.07495,0.0188
1582011855.418251,0.05255,0.00867,-0.99573,0.07507,0.0188
1582011855.4237819,0.05261,0.00891,-0.99573,0.07513,0.0188
1582011855.4308312,0.05255,0.00916,-0.99573,0.07526,0.0188
1582011855.436121,0.05243,0.00970,-0.99573,0.07538,0.0188
1582011855.440764,0.05225,0.00995,-0.99573,0.07544,0.0188
1582011855.448025,0.05206,0.01019,-0.99573,0.07550,0.0188
1582011855.4529521,0.05176,0.01038,-0.99573,0.07556,0.0188
1582011855.457999,0.05151,0.01056,-0.99573,0.07556,0.0188
1582011855.463149,0.05127,0.01074,-0.99579,0.07562,0.0188
1582011855.4687328,0.05090,0.01093,-0.99579,0.07568,0.0188
1582011855.473967,0.05066,0.01111,-0.99579,0.07574,0.0188
1582011855.4812632,0.05035,0.01123,-0.99579,0.07581,0.0188
1582011855.485235,0.04974,0.01147,-0.99579,0.07605,0.0188
1582011855.4909,0.04944,0.01166,-0.99579,0.07617,0.0188
1582011855.495987,0.04919,0.01178,-0.99579,0.07629,0.0188
1582011855.504611,0.04889,0.01190,-0.99579,0.07654,0.0188
1582011855.507614,0.04865,0.01208,-0.99579,0.07672,0.0188
1582011855.513216,0.04846,0.01227,-0.99579,0.07690,0.0188
1582011855.5185559,0.04828,0.01245,-0.99579,0.07715,0.0188
1582011855.525333,0.04810,0.01270,-0.99573,0.07745,0.0188
1582011855.531359,0.04797,0.01294,-0.99573,0.07776,0.0188
1582011855.535213,0.04773,0.01343,-0.99567,0.07831,0.0188
1582011855.541176,0.04767,0.01373,-0.99567,0.07867,0.0188
1582011855.547298,0.04761,0.01398,-0.99567,0.07898,0.0188
1582011855.554174,0.04755,0.01422,-0.99561,0.07935,0.0188
1582011855.558655,0.04749,0.01440,-0.99561,0.07965,0.0188
1582011855.5632231,0.04749,0.01465,-0.99554,0.07996,0.0188
1582011855.569063,0.04749,0.01489,-0.99554,0.08032,0.0188
1582011855.573623,0.04749,0.01508,-0.99548,0.08063,0.0188
1582011855.579947,0.04749,0.01526,-0.99548,0.08093,0.0188
1582011855.58498,0.04755,0.01569,-0.99542,0.08154,0.0188
1582011855.5902169,0.04761,0.01581,-0.99536,0.08179,0.0188
1582011855.596721,0.04767,0.01587,-0.99536,0.08203,0.0188
1582011855.6027782,0.04773,0.01593,-0.99536,0.08228,0.0188
1582011855.6067998,0.04785,0.01593,-0.99530,0.08252,0.0188
1582011855.612864,0.04791,0.01593,-0.99530,0.08270,0.0188
1582011855.61797,0.04803,0.01587,-0.99530,0.08289,0.0188
1582011855.6232052,0.04822,0.01581,-0.99524,0.08307,0.0188
1582011855.6290848,0.04834,0.01575,-0.99524,0.08319,0.0188
1582011855.634463,0.04846,0.01563,-0.99524,0.08331,0.0188
1582011855.640488,0.04877,0.01538,-0.99518,0.08337,0.0188
1582011855.645207,0.04895,0.01520,-0.99518,0.08337,0.0188
1582011855.652595,0.04913,0.01501,-0.99518,0.08331,0.0188
1582011855.657223,0.04932,0.01483,-0.99518,0.08325,0.0188
1582011855.6631758,0.04950,0.01459,-0.99518,0.08313,0.0188
1582011855.668309,0.04968,0.01440,-0.99518,0.08301,0.0188
1582011855.6739562,0.04987,0.01410,-0.99524,0.08282,0.0188
1582011855.6794398,0.05005,0.01385,-0.99524,0.08258,0.0188
1582011855.684055,0.05023,0.01355,-0.99524,0.08234,0.0188
1582011855.690423,0.05035,0.01324,-0.99524,0.08203,0.0188
1582011855.696782,0.05066,0.01263,-0.99530,0.08142,0.0188
1582011855.701418,0.05078,0.01239,-0.99536,0.08099,0.0188
1582011855.7092302,0.05090,0.01221,-0.99536,0.08057,0.0188
1582011855.7127092,0.05109,0.01215,-0.99542,0.08020,0.0188
1582011855.718464,0.05127,0.01215,-0.99542,0.07971,0.0188
1582011855.7248352,0.05157,0.01215,-0.99542,0.07922,0.0188
1582011855.729505,0.05194,0.01221,-0.99548,0.07867,0.0188
1582011855.735809,0.05280,0.01196,-0.99548,0.07764,0.0188
1582011855.740221,0.05322,0.01172,-0.99554,0.07709,0.0188
1582011855.7457979,0.05365,0.01141,-0.99554,0.07654,0.0188
1582011855.7517362,0.05402,0.01117,-0.99561,0.07599,0.0188
1582011855.757514,0.05438,0.01086,-0.99561,0.07538,0.0188
1582011855.762799,0.05475,0.01068,-0.99567,0.07477,0.0188
1582011855.769579,0.05511,0.01068,-0.99567,0.07410,0.0188
1582011855.773521,0.05536,0.01086,-0.99573,0.07343,0.0188
1582011855.780412,0.05560,0.01111,-0.99573,0.07288,0.0188
1582011855.784821,0.05585,0.01154,-0.99573,0.07220,0.0188
1582011855.790245,0.05609,0.01239,-0.99579,0.07104,0.0188
1582011855.799571,0.05615,0.01282,-0.99585,0.07043,0.0188
1582011855.800747,0.05621,0.01324,-0.99591,0.06982,0.0188
1582011855.807292,0.05621,0.01355,-0.99591,0.06921,0.0188
1582011855.812902,0.05615,0.01385,-0.99597,0.06866,0.0188
1582011855.817821,0.05603,0.01404,-0.99603,0.06812,0.0188
1582011855.824137,0.05585,0.01428,-0.99603,0.06750,0.0188
1582011855.83007,0.05566,0.01447,-0.99609,0.06696,0.0188
1582011855.833888,0.05542,0.01465,-0.99615,0.06647,0.0188
1582011855.839516,0.05518,0.01483,-0.99615,0.06598,0.0188
1582011855.8454652,0.05457,0.01526,-0.99628,0.06512,0.0188
1582011855.851419,0.05426,0.01544,-0.99634,0.06476,0.0188
1582011855.8573802,0.05396,0.01563,-0.99634,0.06439,0.0188
1582011855.8625128,0.05359,0.01581,-0.99640,0.06409,0.0188
1582011855.86796,0.05328,0.01593,-0.99640,0.06378,0.0188
1582011855.8775811,0.05298,0.01605,-0.99646,0.06354,0.0188
1582011855.880487,0.05273,0.01611,-0.99646,0.06329,0.0188
1582011855.884813,0.05225,0.01624,-0.99652,0.06287,0.0188
1582011855.890604,0.05206,0.01636,-0.99652,0.06268,0.0188
1582011855.896634,0.05194,0.01654,-0.99658,0.06250,0.0188
1582011855.9037719,0.05176,0.01672,-0.99658,0.06232,0.0188
1582011855.90759,0.05164,0.01703,-0.99658,0.06213,0.0188
1582011855.913391,0.05157,0.01746,-0.99658,0.06195,0.0188
1582011855.918377,0.05151,0.01794,-0.99658,0.06177,0.0188
1582011855.923754,0.05145,0.01862,-0.99658,0.06165,0.0188
1582011855.930039,0.05145,0.01929,-0.99658,0.06146,0.0188
1582011855.935101,0.05139,0.02075,-0.99658,0.06116,0.0188
1582011855.940762,0.05133,0.02148,-0.99658,0.06104,0.0188
1582011855.946898,0.05127,0.02222,-0.99658,0.06097,0.0188
1582011855.9531672,0.05115,0.02295,-0.99658,0.06085,0.0188
1582011855.958108,0.05109,0.02350,-0.99658,0.06079,0.0188
1582011855.964752,0.05096,0.02411,-0.99658,0.06073,0.0188
1582011855.969862,0.05084,0.02466,-0.99658,0.06073,0.0188
1582011855.974665,0.05072,0.02515,-0.99652,0.06073,0.0188
1582011855.9795892,0.05042,0.02594,-0.99652,0.06079,0.0188
1582011855.98529,0.05029,0.02631,-0.99652,0.06091,0.0188
1582011855.991738,0.05017,0.02655,-0.99652,0.06104,0.0188
1582011855.996771,0.05005,0.02673,-0.99652,0.06116,0.0188
1582011856.001649,0.04993,0.02686,-0.99652,0.06128,0.0188
1582011856.007606,0.04974,0.02692,-0.99652,0.06152,0.0188
1582011856.013889,0.04962,0.02698,-0.99652,0.06171,0.0188
1582011856.0192041,0.04950,0.02698,-0.99646,0.06195,0.0188
1582011856.024141,0.04919,0.02686,-0.99646,0.06256,0.0188
1582011856.033466,0.04913,0.02679,-0.99646,0.06287,0.0188
1582011856.035658,0.04901,0.02673,-0.99646,0.06311,0.0188
1582011856.040999,0.04895,0.02655,-0.99640,0.06354,0.0188
1582011856.045938,0.04889,0.02643,-0.99640,0.06384,0.0188
1582011856.052821,0.04883,0.02631,-0.99640,0.06421,0.0188
1582011856.057396,0.04883,0.02618,-0.99640,0.06451,0.0188
1582011856.064726,0.04883,0.02600,-0.99634,0.06488,0.0188
1582011856.0690858,0.04883,0.02588,-0.99634,0.06525,0.0188
1582011856.075076,0.04889,0.02570,-0.99634,0.06561,0.0188
1582011856.0802948,0.04907,0.02545,-0.99628,0.06628,0.0188
1582011856.085963,0.04913,0.02533,-0.99628,0.06653,0.0188
1582011856.0916321,0.04919,0.02515,-0.99622,0.06677,0.0188
1582011856.097774,0.04932,0.02496,-0.99622,0.06708,0.0188
1582011856.105236,0.04938,0.02478,-0.99622,0.06732,0.0188
1582011856.110085,0.04938,0.02454,-0.99622,0.06763,0.0188
1582011856.11363,0.04938,0.02423,-0.99615,0.06793,0.0188
1582011856.1197288,0.04938,0.02399,-0.99615,0.06812,0.0188
1582011856.125074,0.04926,0.02325,-0.99615,0.06866,0.0188
1582011856.130559,0.04913,0.02289,-0.99615,0.06891,0.0188
1582011856.1366851,0.04901,0.02252,-0.99615,0.06909,0.0188
1582011856.141502,0.04877,0.02209,-0.99615,0.06940,0.0188
1582011856.14852,0.04858,0.02167,-0.99615,0.06970,0.0188
1582011856.1537752,0.04840,0.02124,-0.99615,0.06989,0.0188
1582011856.158638,0.04822,0.02081,-0.99615,0.07019,0.0188
1582011856.163475,0.04797,0.02032,-0.99615,0.07043,0.0188
1582011856.169856,0.04779,0.01984,-0.99615,0.07074,0.0188
1582011856.1753988,0.04749,0.01874,-0.99615,0.07123,0.0188
1582011856.182251,0.04736,0.01825,-0.99615,0.07153,0.0188
1582011856.1871529,0.04724,0.01758,-0.99615,0.07178,0.0188
1582011856.19263,0.04712,0.01703,-0.99615,0.07202,0.0188
1582011856.198665,0.04706,0.01636,-0.99615,0.07227,0.0188
1582011856.2044008,0.04694,0.01563,-0.99615,0.07257,0.0188
1582011856.209225,0.04687,0.01501,-0.99615,0.07275,0.0188
1582011856.215117,0.04675,0.01367,-0.99615,0.07318,0.0188
1582011856.22065,0.04669,0.01294,-0.99615,0.07336,0.0188
1582011856.225714,0.04663,0.01233,-0.99615,0.07349,0.0188
1582011856.231806,0.04651,0.01166,-0.99615,0.07367,0.0188
1582011856.2374668,0.04639,0.01117,-0.99615,0.07379,0.0188
1582011856.2434938,0.04620,0.01062,-0.99615,0.07397,0.0188
1582011856.248636,0.04596,0.01013,-0.99615,0.07410,0.0188
1582011856.255733,0.04572,0.00983,-0.99615,0.07416,0.0188
1582011856.259694,0.04517,0.00958,-0.99615,0.07434,0.0188
1582011856.265905,0.04492,0.00970,-0.99615,0.07440,0.0188
1582011856.271583,0.04480,0.00989,-0.99615,0.07446,0.0188
1582011856.277034,0.04462,0.01013,-0.99615,0.07458,0.0188
1582011856.282985,0.04449,0.01019,-0.99615,0.07471,0.0188
1582011856.288,0.04437,0.01007,-0.99615,0.07483,0.0188
1582011856.2935512,0.04425,0.00983,-0.99615,0.07489,0.0188
1582011856.3007638,0.04413,0.00958,-0.99615,0.07495,0.0188
1582011856.3047428,0.04395,0.00903,-0.99615,0.07501,0.0188
1582011856.310335,0.04382,0.00885,-0.99615,0.07501,0.0188
1582011856.316617,0.04376,0.00873,-0.99622,0.07501,0.0188
1582011856.3216572,0.04370,0.00861,-0.99622,0.07495,0.0188
1582011856.328458,0.04364,0.00848,-0.99622,0.07483,0.0188
1582011856.333549,0.04352,0.00818,-0.99622,0.07477,0.0188
1582011856.3394592,0.04352,0.00781,-0.99622,0.07471,0.0188
1582011856.3440871,0.04346,0.00720,-0.99622,0.07458,0.0188
1582011856.350243,0.04333,0.00574,-0.99628,0.07440,0.0188
1582011856.355453,0.04327,0.00507,-0.99628,0.07428,0.0188
1582011856.361172,0.04327,0.00439,-0.99628,0.07422,0.0188
1582011856.367691,0.04327,0.00378,-0.99628,0.07416,0.0188
1582011856.3727949,0.04321,0.00336,-0.99634,0.07410,0.0188
1582011856.378746,0.04321,0.00299,-0.99634,0.07404,0.0188
1582011856.3837209,0.04321,0.00275,-0.99634,0.07397,0.0188
1582011856.3970351,0.04327,0.00269,-0.99634,0.07397,0.0188
1582011856.3972511,0.04346,0.00281,-0.99634,0.07397,0.0188
1582011856.400887,0.04364,0.00311,-0.99628,0.07404,0.0188
1582011856.4059432,0.04382,0.00342,-0.99628,0.07410,0.0188
1582011856.412575,0.04407,0.00378,-0.99628,0.07410,0.0188
1582011856.41782,0.04431,0.00415,-0.99628,0.07416,0.0188
1582011856.424246,0.04462,0.00452,-0.99622,0.07422,0.0188
1582011856.428712,0.04498,0.00488,-0.99622,0.07428,0.0188
1582011856.433492,0.04529,0.00519,-0.99622,0.07434,0.0188
1582011856.439166,0.04565,0.00555,-0.99615,0.07434,0.0188
1582011856.445546,0.04633,0.00623,-0.99615,0.07440,0.0188
1582011856.4515772,0.04663,0.00659,-0.99609,0.07440,0.0188
1582011856.456942,0.04694,0.00702,-0.99609,0.07440,0.0188
1582011856.462519,0.04718,0.00745,-0.99609,0.07440,0.0188
1582011856.4684238,0.04742,0.00787,-0.99609,0.07434,0.0188
1582011856.473922,0.04767,0.00842,-0.99603,0.07428,0.0188
1582011856.4791381,0.04785,0.00885,-0.99603,0.07422,0.0188
1582011856.48435,0.04797,0.00940,-0.99603,0.07416,0.0188
1582011856.496463,0.04810,0.01044,-0.99603,0.07397,0.0188
1582011856.496477,0.04803,0.01080,-0.99603,0.07385,0.0188
1582011856.5014179,0.04797,0.01129,-0.99609,0.07367,0.0188
1582011856.5079339,0.04785,0.01172,-0.99609,0.07349,0.0188
1582011856.512913,0.04773,0.01202,-0.99609,0.07336,0.0188
1582011856.518265,0.04761,0.01233,-0.99609,0.07318,0.0188
1582011856.523316,0.04742,0.01257,-0.99615,0.07294,0.0188
1582011856.529369,0.04718,0.01282,-0.99615,0.07275,0.0188
1582011856.5352268,0.04675,0.01300,-0.99622,0.07233,0.0188
1582011856.540722,0.04651,0.01300,-0.99622,0.07214,0.0188
1582011856.5475042,0.04614,0.01288,-0.99628,0.07190,0.0188
1582011856.553455,0.04590,0.01282,-0.99628,0.07172,0.0188
1582011856.5587142,0.04559,0.01270,-0.99634,0.07153,0.0188
1582011856.563436,0.04523,0.01251,-0.99634,0.07135,0.0188
1582011856.570068,0.04486,0.01239,-0.99640,0.07117,0.0188
1582011856.57483,0.04425,0.01215,-0.99646,0.07086,0.0188
1582011856.58162,0.04388,0.01215,-0.99646,0.07074,0.0188
1582011856.5865018,0.04358,0.01215,-0.99646,0.07062,0.0188
1582011856.592619,0.04327,0.01221,-0.99652,0.07056,0.0188
1582011856.598825,0.04303,0.01233,-0.99652,0.07050,0.0188
1582011856.602596,0.04279,0.01251,-0.99652,0.07043,0.0188
1582011856.608191,0.04254,0.01276,-0.99652,0.07043,0.0188
1582011856.6144571,0.04236,0.01288,-0.99652,0.07043,0.0188
1582011856.619773,0.04199,0.01324,-0.99652,0.07050,0.0188
1582011856.624877,0.04181,0.01337,-0.99652,0.07050,0.0188
1582011856.6319711,0.04163,0.01349,-0.99652,0.07056,0.0188
1582011856.63681,0.04150,0.01349,-0.99652,0.07056,0.0188
1582011856.64302,0.04138,0.01355,-0.99658,0.07062,0.0188
1582011856.649607,0.04126,0.01355,-0.99658,0.07068,0.0188
1582011856.6532931,0.04114,0.01355,-0.99658,0.07068,0.0188
1582011856.6575239,0.04102,0.01349,-0.99658,0.07068,0.0188
1582011856.663285,0.04095,0.01343,-0.99658,0.07074,0.0188
1582011856.668434,0.04089,0.01337,-0.99658,0.07074,0.0188
1582011856.67409,0.04077,0.01331,-0.99658,0.07068,0.0188
1582011856.680987,0.04065,0.01318,-0.99658,0.07062,0.0188
1582011856.684907,0.04059,0.01312,-0.99658,0.07056,0.0189
1582011856.690801,0.04059,0.01312,-0.99658,0.07050,0.0189
1582011856.695702,0.04053,0.01312,-0.99658,0.07043,0.0189
1582011856.701238,0.04053,0.01306,-0.99664,0.07031,0.0189
1582011856.707131,0.04053,0.01306,-0.99664,0.07019,0.0189
1582011856.7129102,0.04053,0.01312,-0.99664,0.07007,0.0189
1582011856.718393,0.04059,0.01312,-0.99664,0.06995,0.0189
1582011856.72328,0.04065,0.01312,-0.99664,0.06976,0.0189
1582011856.729331,0.04077,0.01318,-0.99664,0.06958,0.0189
1582011856.734587,0.04102,0.01331,-0.99664,0.06915,0.0189
1582011856.739965,0.04126,0.01343,-0.99670,0.06891,0.0189
1582011856.745902,0.04144,0.01355,-0.99670,0.06860,0.0189
1582011856.750921,0.04175,0.01373,-0.99670,0.06836,0.0189
1582011856.75791,0.04199,0.01392,-0.99670,0.06805,0.0189
1582011856.7622871,0.04224,0.01410,-0.99670,0.06781,0.0189
1582011856.768147,0.04248,0.01434,-0.99670,0.06744,0.0188
1582011856.773818,0.04279,0.01465,-0.99670,0.06714,0.0188
1582011856.778549,0.04303,0.01489,-0.99670,0.06683,0.0189
1582011856.784588,0.04333,0.01526,-0.99670,0.06647,0.0189
1582011856.7897332,0.04395,0.01611,-0.99670,0.06580,0.0189
1582011856.7968168,0.04431,0.01654,-0.99670,0.06543,0.0189
1582011856.801167,0.04468,0.01697,-0.99670,0.06512,0.0189
1582011856.809377,0.04498,0.01727,-0.99677,0.06476,0.0189
1582011856.8128488,0.04529,0.01740,-0.99677,0.06451,0.0189
1582011856.818476,0.04565,0.01752,-0.99677,0.06421,0.0189
1582011856.824428,0.04596,0.01758,-0.99677,0.06384,0.0189
1582011856.829219,0.04669,0.01776,-0.99677,0.06323,0.0189
1582011856.836258,0.04706,0.01801,-0.99677,0.06299,0.0189
1582011856.840807,0.04749,0.01825,-0.99677,0.06262,0.0189
1582011856.846368,0.04785,0.01849,-0.99677,0.06238,0.0189
1582011856.8517618,0.04822,0.01874,-0.99670,0.06201,0.0189
1582011856.857109,0.04852,0.01886,-0.99670,0.06177,0.0189
1582011856.864029,0.04883,0.01898,-0.99677,0.06146,0.0189
1582011856.868094,0.04907,0.01904,-0.99677,0.06110,0.0189
1582011856.874043,0.04932,0.01904,-0.99677,0.06079,0.0189
1582011856.880266,0.04944,0.01904,-0.99677,0.06055,0.0189
1582011856.8847418,0.04968,0.01880,-0.99677,0.05988,0.0189
1582011856.8921,0.04974,0.01862,-0.99683,0.05957,0.0189
1582011856.8975449,0.04968,0.01843,-0.99683,0.05927,0.0189
1582011856.902161,0.04962,0.01813,-0.99689,0.05896,0.0189
1582011856.9075232,0.04956,0.01788,-0.99689,0.05865,0.0189
1582011856.9153779,0.04938,0.01752,-0.99695,0.05835,0.0189
1582011856.918766,0.04926,0.01727,-0.99695,0.05811,0.0189
1582011856.924173,0.04901,0.01691,-0.99701,0.05780,0.0189
1582011856.930828,0.04852,0.01630,-0.99707,0.05731,0.0189
1582011856.936403,0.04828,0.01599,-0.99707,0.05707,0.0189
1582011856.942375,0.04803,0.01563,-0.99713,0.05676,0.0189
1582011856.948579,0.04779,0.01532,-0.99713,0.05652,0.0189
1582011856.9534879,0.04755,0.01508,-0.99719,0.05627,0.0189
1582011856.95805,0.04736,0.01483,-0.99719,0.05603,0.0189
1582011856.966233,0.04712,0.01465,-0.99725,0.05573,0.0189
1582011856.9704802,0.04694,0.01453,-0.99725,0.05548,0.0189
1582011856.974677,0.04657,0.01440,-0.99731,0.05499,0.0189
1582011856.982219,0.04645,0.01447,-0.99731,0.05469,0.0189
1582011856.986207,0.04633,0.01459,-0.99731,0.05444,0.0189
1582011856.9920819,0.04626,0.01477,-0.99738,0.05414,0.0189
1582011856.998174,0.04614,0.01489,-0.99738,0.05389,0.0189
1582011857.002579,0.04608,0.01514,-0.99738,0.05365,0.0189
1582011857.00807,0.04602,0.01538,-0.99738,0.05341,0.0189
1582011857.016922,0.04596,0.01563,-0.99744,0.05310,0.0189
1582011857.0193112,0.04590,0.01581,-0.99744,0.05286,0.0189
1582011857.0247931,0.04578,0.01617,-0.99744,0.05225,0.0189
1582011857.030018,0.04572,0.01624,-0.99750,0.05200,0.0189
1582011857.0362508,0.04559,0.01630,-0.99750,0.05176,0.0189
1582011857.041801,0.04547,0.01636,-0.99750,0.05151,0.0189
1582011857.0468638,0.04535,0.01636,-0.99750,0.05133,0.0189
1582011857.052217,0.04523,0.01636,-0.99756,0.05115,0.0189
1582011857.057615,0.04504,0.01630,-0.99756,0.05090,0.0189
1582011857.067531,0.04492,0.01624,-0.99756,0.05078,0.0189
1582011857.0693781,0.04480,0.01617,-0.99756,0.05060,0.0189
1582011857.0741918,0.04462,0.01611,-0.99762,0.05048,0.0189
1582011857.080184,0.04431,0.01587,-0.99762,0.05029,0.0189
1582011857.0854242,0.04413,0.01575,-0.99762,0.05023,0.0189
1582011857.091271,0.04395,0.01563,-0.99762,0.05023,0.0189
1582011857.0963461,0.04382,0.01550,-0.99768,0.05023,0.0190
1582011857.1023302,0.04364,0.01538,-0.99768,0.05029,0.0189
1582011857.1074061,0.04352,0.01526,-0.99768,0.05029,0.0190
1582011857.1133199,0.04333,0.01520,-0.99768,0.05042,0.0190
1582011857.119276,0.04327,0.01514,-0.99768,0.05048,0.0190
1582011857.1248279,0.04315,0.01514,-0.99768,0.05066,0.0190
1582011857.129316,0.04303,0.01520,-0.99768,0.05096,0.0190
1582011857.134889,0.04303,0.01526,-0.99762,0.05115,0.0190
1582011857.140439,0.04303,0.01538,-0.99762,0.05139,0.0190
1582011857.146667,0.04309,0.01550,-0.99762,0.05164,0.0190
1582011857.151977,0.04315,0.01569,-0.99762,0.05188,0.0190
1582011857.15805,0.04321,0.01581,-0.99756,0.05206,0.0190
1582011857.165279,0.04327,0.01599,-0.99756,0.05231,0.0190
1582011857.168898,0.04340,0.01617,-0.99756,0.05255,0.0190
1582011857.174407,0.04358,0.01648,-0.99750,0.05298,0.0190
1582011857.180544,0.04364,0.01660,-0.99750,0.05322,0.0190
1582011857.186504,0.04376,0.01666,-0.99750,0.05347,0.0190
1582011857.192815,0.04388,0.01672,-0.99744,0.05371,0.0190
1582011857.197366,0.04401,0.01672,-0.99744,0.05396,0.0191
1582011857.202948,0.04407,0.01666,-0.99744,0.05414,0.0191
1582011857.208683,0.04419,0.01654,-0.99738,0.05438,0.0191
1582011857.213511,0.04431,0.01642,-0.99738,0.05463,0.0191
1582011857.219174,0.04437,0.01624,-0.99738,0.05481,0.0191
1582011857.224787,0.04443,0.01587,-0.99738,0.05530,0.0191
1582011857.2305999,0.04449,0.01569,-0.99731,0.05548,0.0191
1582011857.236366,0.04449,0.01556,-0.99731,0.05573,0.0191
1582011857.242662,0.04449,0.01538,-0.99731,0.05591,0.0191
1582011857.2473578,0.04449,0.01520,-0.99731,0.05615,0.0191
1582011857.2534149,0.04449,0.01508,-0.99731,0.05640,0.0191
1582011857.258823,0.04449,0.01495,-0.99731,0.05658,0.0191
1582011857.264746,0.04449,0.01483,-0.99725,0.05682,0.0191
1582011857.2698948,0.04456,0.01471,-0.99725,0.05725,0.0191
1582011857.274548,0.04456,0.01459,-0.99725,0.05743,0.0191
1582011857.2802281,0.04462,0.01453,-0.99725,0.05762,0.0191
1582011857.285693,0.04462,0.01434,-0.99725,0.05780,0.0191
1582011857.292501,0.04468,0.01422,-0.99719,0.05798,0.0191
1582011857.297127,0.04468,0.01398,-0.99719,0.05817,0.0191
1582011857.302803,0.04474,0.01373,-0.99719,0.05835,0.0191
1582011857.308117,0.04474,0.01349,-0.99719,0.05853,0.0191
1582011857.314256,0.04474,0.01318,-0.99719,0.05865,0.0191
1582011857.320132,0.04468,0.01257,-0.99719,0.05890,0.0191
1582011857.3251882,0.04468,0.01233,-0.99719,0.05896,0.0191
1582011857.3307142,0.04462,0.01208,-0.99719,0.05908,0.0191
1582011857.3357,0.04456,0.01196,-0.99719,0.05914,0.0191
1582011857.3418071,0.04443,0.01190,-0.99719,0.05920,0.0191
1582011857.348325,0.04431,0.01184,-0.99719,0.05927,0.0191
1582011857.353011,0.04419,0.01184,-0.99719,0.05933,0.0191
1582011857.3579478,0.04401,0.01178,-0.99719,0.05939,0.0191
1582011857.364414,0.04382,0.01160,-0.99719,0.05945,0.0192
1582011857.369434,0.04333,0.01099,-0.99725,0.05951,0.0192
1582011857.376341,0.04303,0.01062,-0.99725,0.05957,0.0192
1582011857.3814101,0.04272,0.01019,-0.99725,0.05957,0.0192
1582011857.3867352,0.04242,0.00983,-0.99725,0.05951,0.0192
1582011857.392083,0.04218,0.00946,-0.99731,0.05945,0.0192
1582011857.398785,0.04181,0.00903,-0.99731,0.05939,0.0192
1582011857.4030342,0.04150,0.00861,-0.99731,0.05933,0.0192
1582011857.409517,0.04114,0.00812,-0.99738,0.05920,0.0192
1582011857.414687,0.04059,0.00720,-0.99738,0.05902,0.0192
1582011857.4195998,0.04034,0.00659,-0.99744,0.05890,0.0192
1582011857.42557,0.04010,0.00604,-0.99744,0.05878,0.0192
1582011857.4311569,0.03986,0.00549,-0.99744,0.05872,0.0192
1582011857.4367511,0.03967,0.00494,-0.99750,0.05859,0.0192
1582011857.441686,0.03943,0.00433,-0.99750,0.05853,0.0192
1582011857.449733,0.03931,0.00378,-0.99750,0.05841,0.0192
1582011857.452938,0.03912,0.00330,-0.99750,0.05835,0.0192
1582011857.4597251,0.03900,0.00293,-0.99756,0.05835,0.0192
1582011857.463495,0.03882,0.00256,-0.99756,0.05835,0.0192
1582011857.469602,0.03870,0.00220,-0.99756,0.05841,0.0192
1582011857.474606,0.03864,0.00214,-0.99756,0.05847,0.0192
1582011857.481102,0.03864,0.00214,-0.99756,0.05853,0.0192
1582011857.4868438,0.03870,0.00220,-0.99750,0.05865,0.0192
1582011857.491692,0.03882,0.00232,-0.99750,0.05878,0.0192
1582011857.497782,0.03894,0.00256,-0.99750,0.05890,0.0192
1582011857.5043871,0.03918,0.00281,-0.99750,0.05902,0.0193
1582011857.509206,0.03949,0.00311,-0.99744,0.05914,0.0193
1582011857.5138948,0.03979,0.00342,-0.99744,0.05933,0.0193
1582011857.519762,0.04053,0.00415,-0.99738,0.05963,0.0193
1582011857.526795,0.04089,0.00446,-0.99738,0.05975,0.0193
1582011857.531431,0.04132,0.00488,-0.99731,0.05994,0.0193
1582011857.5374799,0.04169,0.00525,-0.99731,0.06012,0.0193
1582011857.544526,0.04205,0.00574,-0.99725,0.06030,0.0193
1582011857.547967,0.04248,0.00629,-0.99725,0.06055,0.0193
1582011857.5535629,0.04279,0.00684,-0.99719,0.06073,0.0193
1582011857.5591161,0.04309,0.00739,-0.99719,0.06091,0.0194
1582011857.5656772,0.04370,0.00867,-0.99713,0.06134,0.0194
1582011857.570938,0.04388,0.00928,-0.99707,0.06152,0.0194
1582011857.57659,0.04407,0.00995,-0.99707,0.06171,0.0194
1582011857.5851462,0.04419,0.01062,-0.99707,0.06189,0.0194
1582011857.5871942,0.04425,0.01129,-0.99701,0.06207,0.0194
1582011857.5939672,0.04431,0.01196,-0.99701,0.06226,0.0194
1582011857.5982132,0.04431,0.01251,-0.99701,0.06238,0.0194
1582011857.604198,0.04437,0.01306,-0.99695,0.06256,0.0194
1582011857.609429,0.04431,0.01392,-0.99695,0.06287,0.0194
1582011857.615218,0.04431,0.01422,-0.99695,0.06305,0.0194
1582011857.62157,0.04425,0.01447,-0.99689,0.06317,0.0194
1582011857.626624,0.04419,0.01459,-0.99689,0.06329,0.0194
1582011857.632114,0.04419,0.01465,-0.99689,0.06348,0.0194
1582011857.638071,0.04413,0.01465,-0.99689,0.06360,0.0194
1582011857.643103,0.04401,0.01465,-0.99689,0.06372,0.0194
1582011857.649627,0.04395,0.01453,-0.99689,0.06384,0.0194
1582011857.654303,0.04382,0.01434,-0.99689,0.06415,0.0194
1582011857.6602151,0.04370,0.01422,-0.99689,0.06433,0.0194
1582011857.668281,0.04364,0.01410,-0.99689,0.06445,0.0194
1582011857.672482,0.04358,0.01398,-0.99689,0.06464,0.0194
1582011857.678658,0.04352,0.01392,-0.99683,0.06482,0.0194
1582011857.683705,0.04346,0.01385,-0.99683,0.06506,0.0194
1582011857.687843,0.04340,0.01385,-0.99683,0.06525,0.0194
1582011857.694308,0.04333,0.01392,-0.99683,0.06549,0.0194
1582011857.699966,0.04327,0.01416,-0.99677,0.06598,0.0194
1582011857.7058702,0.04321,0.01434,-0.99677,0.06616,0.0194
1582011857.7117891,0.04321,0.01459,-0.99677,0.06641,0.0194
1582011857.717209,0.04321,0.01477,-0.99670,0.06665,0.0195
1582011857.7227101,0.04321,0.01501,-0.99670,0.06689,0.0195
1582011857.728064,0.04315,0.01526,-0.99670,0.06714,0.0195
1582011857.733963,0.04315,0.01538,-0.99670,0.06732,0.0195
1582011857.738722,0.04315,0.01544,-0.99664,0.06757,0.0195
1582011857.744971,0.04315,0.01544,-0.99664,0.06793,0.0195
1582011857.750541,0.04315,0.01526,-0.99664,0.06812,0.0195
1582011857.755986,0.04315,0.01508,-0.99664,0.06830,0.0195
1582011857.7608051,0.04309,0.01477,-0.99664,0.06842,0.0195
1582011857.766728,0.04309,0.01447,-0.99658,0.06854,0.0195
1582011857.772925,0.04315,0.01422,-0.99658,0.06866,0.0195
1582011857.777459,0.04315,0.01385,-0.99658,0.06873,0.0195
1582011857.783297,0.04321,0.01349,-0.99658,0.06885,0.0195
1582011857.788407,0.04327,0.01318,-0.99658,0.06891,0.0195
1582011857.793907,0.04346,0.01263,-0.99658,0.06897,0.0195
1582011857.799741,0.04358,0.01239,-0.99658,0.06897,0.0195
1582011857.805063,0.04376,0.01215,-0.99658,0.06891,0.0195
1582011857.8126888,0.04395,0.01196,-0.99658,0.06891,0.0195
1582011857.816725,0.04413,0.01178,-0.99658,0.06885,0.0195
1582011857.822759,0.04437,0.01166,-0.99658,0.06879,0.0195
1582011857.827938,0.04462,0.01147,-0.99658,0.06866,0.0195
1582011857.832694,0.04480,0.01135,-0.99658,0.06860,0.0195
1582011857.838102,0.04504,0.01123,-0.99658,0.06848,0.0195
1582011857.8446422,0.04529,0.01111,-0.99658,0.06830,0.0195
1582011857.850954,0.04572,0.01086,-0.99658,0.06799,0.0195
1582011857.856255,0.04584,0.01080,-0.99658,0.06781,0.0195
1582011857.8607879,0.04608,0.01068,-0.99658,0.06757,0.0195
1582011857.865946,0.04620,0.01056,-0.99658,0.06732,0.0195
1582011857.871905,0.04639,0.01044,-0.99664,0.06708,0.0195
1582011857.877106,0.04663,0.01031,-0.99664,0.06683,0.0195
1582011857.885314,0.04687,0.01019,-0.99664,0.06653,0.0195
1582011857.888256,0.04706,0.01001,-0.99664,0.06628,0.0195
1582011857.893999,0.04736,0.00964,-0.99664,0.06604,0.0195
1582011857.8991911,0.04779,0.00861,-0.99664,0.06555,0.0195
1582011857.9052029,0.04803,0.00787,-0.99670,0.06531,0.0195
1582011857.913075,0.04828,0.00720,-0.99670,0.06506,0.0195
1582011857.9168582,0.04852,0.00659,-0.99670,0.06488,0.0195
1582011857.922935,0.04877,0.00592,-0.99670,0.06464,0.0195
1582011857.9289758,0.04907,0.00537,-0.99670,0.06439,0.0195
1582011857.934273,0.04938,0.00482,-0.99670,0.06421,0.0195
1582011857.9390972,0.04993,0.00391,-0.99670,0.06378,0.0195
1582011857.944639,0.05023,0.00348,-0.99670,0.06360,0.0195
1582011857.949613,0.05042,0.00299,-0.99670,0.06342,0.0195
1582011857.9573178,0.05060,0.00256,-0.99670,0.06329,0.0195
1582011857.961494,0.05078,0.00201,-0.99670,0.06311,0.0195
1582011857.96749,0.05084,0.00153,-0.99670,0.06293,0.0195
1582011857.972733,0.05084,0.00104,-0.99670,0.06281,0.0195
1582011857.978059,0.05084,0.00061,-0.99677,0.06262,0.0195
1582011857.983762,0.05078,0.00012,-0.99677,0.06244,0.0195
1582011857.988831,0.05066,-0.00018,-0.99677,0.06226,0.0195
1582011857.994795,0.05023,-0.00085,-0.99683,0.06201,0.0195
1582011858.0003378,0.04999,-0.00122,-0.99683,0.06195,0.0195
1582011858.006146,0.04968,-0.00153,-0.99683,0.06183,0.0195
1582011858.01171,0.04938,-0.00183,-0.99689,0.06177,0.0195
1582011858.017483,0.04901,-0.00214,-0.99689,0.06171,0.0195
1582011858.0226471,0.04865,-0.00244,-0.99689,0.06165,0.0195
1582011858.027657,0.04828,-0.00269,-0.99695,0.06158,0.0195
1582011858.036405,0.04791,-0.00293,-0.99695,0.06158,0.0195
1582011858.041007,0.04718,-0.00336,-0.99701,0.06152,0.0195
1582011858.046391,0.04687,-0.00354,-0.99701,0.06152,0.0195
1582011858.051954,0.04657,-0.00366,-0.99701,0.06152,0.0195
1582011858.057947,0.04626,-0.00378,-0.99701,0.06152,0.0195
1582011858.062314,0.04596,-0.00391,-0.99701,0.06152,0.0195
1582011858.067654,0.04572,-0.00397,-0.99707,0.06152,0.0195
1582011858.073456,0.04541,-0.00397,-0.99707,0.06158,0.0195
1582011858.078581,0.04523,-0.00397,-0.99707,0.06158,0.0195
1582011858.086533,0.04480,-0.00366,-0.99707,0.06165,0.0195
1582011858.08973,0.04462,-0.00342,-0.99707,0.06165,0.0195
1582011858.095326,0.04449,-0.00317,-0.99707,0.06171,0.0195
1582011858.1008399,0.04437,-0.00281,-0.99713,0.06171,0.0195
1582011858.106534,0.04425,-0.00232,-0.99713,0.06171,0.0195
1582011858.114006,0.04413,-0.00195,-0.99713,0.06177,0.0195
1582011858.117507,0.04401,-0.00140,-0.99713,0.06183,0.0195
1582011858.1237812,0.04388,-0.00092,-0.99713,0.06189,0.0195
1582011858.130204,0.04382,-0.00037,-0.99713,0.06195,0.0195
1582011858.1343381,0.04364,0.00061,-0.99713,0.06213,0.0195
1582011858.141078,0.04358,0.00116,-0.99713,0.06226,0.0195
1582011858.146256,0.04352,0.00159,-0.99713,0.06238,0.0195
1582011858.151956,0.04346,0.00195,-0.99707,0.06250,0.0195
1582011858.1575859,0.04340,0.00232,-0.99707,0.06268,0.0195
1582011858.16436,0.04333,0.00269,-0.99707,0.06281,0.0195
1582011858.169846,0.04327,0.00299,-0.99707,0.06293,0.0195
1582011858.175575,0.04321,0.00348,-0.99707,0.06329,0.0195
1582011858.180005,0.04321,0.00360,-0.99707,0.06348,0.0195
1582011858.1890812,0.04321,0.00372,-0.99701,0.06366,0.0195
1582011858.192975,0.04321,0.00378,-0.99701,0.06384,0.0195
1582011858.197394,0.04327,0.00385,-0.99701,0.06403,0.0195
1582011858.202877,0.04327,0.00391,-0.99701,0.06427,0.0195
1582011858.208344,0.04333,0.00391,-0.99695,0.06445,0.0195
1582011858.216522,0.04340,0.00385,-0.99695,0.06494,0.0195
1582011858.220342,0.04346,0.00385,-0.99689,0.06519,0.0195
1582011858.225426,0.04352,0.00385,-0.99689,0.06543,0.0195
1582011858.2313678,0.04358,0.00378,-0.99689,0.06573,0.0195
1582011858.237022,0.04364,0.00372,-0.99689,0.06604,0.0195
1582011858.242346,0.04364,0.00372,-0.99683,0.06628,0.0195
1582011858.2483919,0.04376,0.00366,-0.99683,0.06659,0.0195
1582011858.2539258,0.04382,0.00366,-0.99677,0.06689,0.0195
1582011858.258817,0.04388,0.00366,-0.99677,0.06714,0.0194
1582011858.264555,0.04407,0.00378,-0.99670,0.06769,0.0194
1582011858.270472,0.04413,0.00385,-0.99670,0.06799,0.0194
1582011858.275962,0.04425,0.00391,-0.99670,0.06824,0.0194
1582011858.282523,0.04437,0.00391,-0.99664,0.06854,0.0194
1582011858.2870662,0.04456,0.00397,-0.99664,0.06879,0.0194
1582011858.29295,0.04474,0.00397,-0.99658,0.06909,0.0194
1582011858.297781,0.04486,0.00397,-0.99658,0.06934,0.0194
1582011858.303711,0.04504,0.00391,-0.99652,0.06964,0.0194
