imu_packets,1244
IMUtimestamp,quatI,quatJ,quatK,quatReal,quatRadianAccuracy
1580974059.770299,0.01227,-0.00146,-0.99341,0.11401,0.0177
1580974059.776608,0.01184,-0.00110,-0.99329,0.11481,0.0177
1580974059.781363,0.01172,-0.00085,-0.99329,0.11530,0.0177
1580974059.788071,0.01160,-0.00061,-0.99323,0.11560,0.0177
1580974059.7929149,0.01147,-0.00043,-0.99316,0.11597,0.0177
1580974059.798192,0.01147,-0.00018,-0.99316,0.11627,0.0177
1580974059.804257,0.01141,0.00006,-0.99310,0.11652,0.0177
1580974059.809315,0.01147,0.00031,-0.99310,0.11682,0.0177
1580974059.815097,0.01147,0.00061,-0.99304,0.11707,0.0177
1580974059.820514,0.01172,0.00122,-0.99298,0.11743,0.0177
1580974059.826123,0.01184,0.00159,-0.99298,0.11761,0.0177
1580974059.831873,0.01208,0.00189,-0.99298,0.11774,0.0177
1580974059.8376992,0.01233,0.00220,-0.99292,0.11792,0.0177
1580974059.8446379,0.01257,0.00250,-0.99292,0.11798,0.0177
1580974059.848813,0.01288,0.00281,-0.99292,0.11810,0.0177
1580974059.854251,0.01324,0.00311,-0.99292,0.11823,0.0177
1580974059.861163,0.01355,0.00342,-0.99286,0.11835,0.0177
1580974059.865448,0.01440,0.00397,-0.99286,0.11853,0.0177
1580974059.873206,0.01495,0.00421,-0.99280,0.11865,0.0177
1580974059.877399,0.01544,0.00439,-0.99280,0.11871,0.0177
1580974059.882408,0.01599,0.00452,-0.99280,0.11877,0.0176
1580974059.888711,0.01654,0.00464,-0.99274,0.11890,0.0177
1580974059.893301,0.01709,0.00482,-0.99274,0.11896,0.0176
1580974059.8999639,0.01764,0.00500,-0.99274,0.11908,0.0176
1580974059.905096,0.01819,0.00519,-0.99268,0.11914,0.0176
1580974059.9125571,0.01874,0.00549,-0.99268,0.11926,0.0176
1580974059.916847,0.01971,0.00604,-0.99261,0.11951,0.0176
1580974059.9232352,0.02014,0.00635,-0.99261,0.11963,0.0176
1580974059.929276,0.02063,0.00677,-0.99255,0.11981,0.0176
1580974059.933356,0.02100,0.00708,-0.99255,0.12000,0.0176
1580974059.941355,0.02136,0.00745,-0.99249,0.12018,0.0176
1580974059.946183,0.02173,0.00793,-0.99243,0.12042,0.0176
1580974059.949991,0.02203,0.00836,-0.99243,0.12067,0.0176
1580974059.9566689,0.02258,0.00934,-0.99231,0.12115,0.0176
1580974059.9622421,0.02283,0.00995,-0.99231,0.12146,0.0176
1580974059.9674869,0.02307,0.01050,-0.99225,0.12170,0.0176
1580974059.9726028,0.02325,0.01117,-0.99219,0.12201,0.0176
1580974059.978109,0.02344,0.01184,-0.99213,0.12225,0.0176
1580974059.983519,0.02362,0.01257,-0.99213,0.12256,0.0176
1580974059.9890969,0.02374,0.01349,-0.99207,0.12292,0.0176
1580974059.9981608,0.02386,0.01428,-0.99200,0.12317,0.0176
1580974060.001893,0.02399,0.01520,-0.99194,0.12354,0.0176
1580974060.0075572,0.02405,0.01721,-0.99182,0.12421,0.0176
1580974060.012722,0.02411,0.01807,-0.99176,0.12445,0.0176
1580974060.0181708,0.02411,0.01904,-0.99170,0.12482,0.0176
1580974060.025007,0.02411,0.01996,-0.99164,0.12512,0.0176
1580974060.028539,0.02411,0.02087,-0.99158,0.12543,0.0176
1580974060.033998,0.02405,0.02179,-0.99152,0.12573,0.0176
1580974060.040004,0.02399,0.02252,-0.99146,0.12604,0.0176
1580974060.046423,0.02386,0.02332,-0.99139,0.12634,0.0175
1580974060.0505269,0.02368,0.02460,-0.99133,0.12695,0.0175
1580974060.056735,0.02356,0.02502,-0.99127,0.12720,0.0175
1580974060.064481,0.02338,0.02539,-0.99121,0.12750,0.0175
1580974060.069473,0.02325,0.02563,-0.99121,0.12781,0.0175
1580974060.07391,0.02307,0.02576,-0.99115,0.12799,0.0175
1580974060.0788622,0.02295,0.02570,-0.99115,0.12823,0.0175
1580974060.084374,0.02277,0.02551,-0.99115,0.12848,0.0175
1580974060.090477,0.02252,0.02515,-0.99109,0.12872,0.0175
1580974060.096674,0.02222,0.02405,-0.99109,0.12909,0.0175
1580974060.102012,0.02209,0.02325,-0.99109,0.12927,0.0175
1580974060.107957,0.02197,0.02228,-0.99109,0.12946,0.0175
1580974060.114263,0.02185,0.02136,-0.99109,0.12958,0.0175
1580974060.119424,0.02173,0.02026,-0.99109,0.12970,0.0175
1580974060.124536,0.02161,0.01898,-0.99115,0.12982,0.0175
1580974060.1301062,0.02148,0.01782,-0.99115,0.12988,0.0175
1580974060.1355672,0.02136,0.01538,-0.99115,0.13007,0.0175
1580974060.1411269,0.02124,0.01398,-0.99115,0.13013,0.0175
1580974060.148261,0.02118,0.01270,-0.99121,0.13019,0.0174
1580974060.152189,0.02112,0.01147,-0.99121,0.13025,0.0174
1580974060.157961,0.02106,0.01038,-0.99121,0.13025,0.0174
1580974060.1635818,0.02106,0.00916,-0.99121,0.13025,0.0174
1580974060.169491,0.02100,0.00800,-0.99121,0.13025,0.0174
1580974060.174613,0.02094,0.00696,-0.99121,0.13025,0.0174
1580974060.18024,0.02087,0.00500,-0.99127,0.13025,0.0174
1580974060.185657,0.02087,0.00415,-0.99127,0.13019,0.0174
1580974060.193496,0.02087,0.00336,-0.99127,0.13019,0.0174
1580974060.197498,0.02087,0.00275,-0.99127,0.13013,0.0174
1580974060.203149,0.02094,0.00214,-0.99127,0.13007,0.0174
1580974060.2090418,0.02094,0.00165,-0.99127,0.13000,0.0174
1580974060.216334,0.02100,0.00122,-0.99127,0.12988,0.0174
1580974060.2224598,0.02106,0.00092,-0.99133,0.12982,0.0174
1580974060.2262669,0.02112,0.00067,-0.99133,0.12970,0.0174
1580974060.232896,0.02130,0.00037,-0.99133,0.12952,0.0174
1580974060.237744,0.02136,0.00031,-0.99133,0.12946,0.0174
1580974060.242489,0.02148,0.00018,-0.99139,0.12933,0.0174
1580974060.249644,0.02161,0.00012,-0.99139,0.12921,0.0174
1580974060.2534819,0.02173,0.00006,-0.99139,0.12909,0.0174
1580974060.2599838,0.02185,-0.00006,-0.99139,0.12897,0.0174
1580974060.266192,0.02216,-0.00024,-0.99146,0.12872,0.0174
1580974060.2705889,0.02228,-0.00037,-0.99146,0.12860,0.0173
1580974060.277544,0.02240,-0.00049,-0.99146,0.12854,0.0173
1580974060.282827,0.02252,-0.00061,-0.99146,0.12842,0.0173
1580974060.288026,0.02264,-0.00079,-0.99146,0.12830,0.0173
1580974060.293443,0.02277,-0.00092,-0.99152,0.12817,0.0173
1580974060.299576,0.02289,-0.00104,-0.99152,0.12805,0.0173
1580974060.3052979,0.02307,-0.00116,-0.99152,0.12793,0.0172
1580974060.3103309,0.02319,-0.00122,-0.99152,0.12781,0.0172
1580974060.317023,0.02338,-0.00110,-0.99158,0.12756,0.0172
1580974060.3215518,0.02344,-0.00092,-0.99158,0.12738,0.0172
1580974060.326988,0.02350,-0.00061,-0.99158,0.12726,0.0172
1580974060.332944,0.02356,-0.00031,-0.99158,0.12714,0.0172
1580974060.338312,0.02362,0.00000,-0.99164,0.12695,0.0172
1580974060.344897,0.02374,0.00037,-0.99164,0.12677,0.0172
1580974060.3505769,0.02386,0.00073,-0.99164,0.12659,0.0172
1580974060.355924,0.02411,0.00140,-0.99170,0.12622,0.0172
1580974060.360715,0.02417,0.00165,-0.99176,0.12598,0.0172
1580974060.366574,0.02429,0.00189,-0.99176,0.12579,0.0171
1580974060.3722281,0.02435,0.00214,-0.99176,0.12561,0.0171
1580974060.377627,0.02435,0.00226,-0.99182,0.12543,0.0171
1580974060.384458,0.02435,0.00238,-0.99182,0.12518,0.0171
1580974060.3884559,0.02435,0.00244,-0.99188,0.12500,0.0171
1580974060.3938491,0.02423,0.00250,-0.99188,0.12482,0.0171
1580974060.401186,0.02411,0.00250,-0.99188,0.12463,0.0170
1580974060.405025,0.02393,0.00238,-0.99194,0.12451,0.0170
1580974060.410789,0.02356,0.00208,-0.99200,0.12421,0.0170
1580974060.416034,0.02332,0.00183,-0.99200,0.12408,0.0170
1580974060.4220538,0.02313,0.00146,-0.99200,0.12396,0.0170
1580974060.4294112,0.02283,0.00098,-0.99207,0.12384,0.0170
1580974060.433229,0.02264,0.00043,-0.99207,0.12372,0.0170
1580974060.438677,0.02240,-0.00024,-0.99207,0.12354,0.0170
1580974060.44446,0.02216,-0.00092,-0.99213,0.12341,0.0170
1580974060.449495,0.02179,-0.00171,-0.99213,0.12323,0.0170
1580974060.455445,0.02142,-0.00244,-0.99219,0.12311,0.0170
1580974060.4613461,0.02045,-0.00415,-0.99225,0.12268,0.0170
1580974060.4684951,0.01996,-0.00500,-0.99225,0.12250,0.0170
1580974060.47279,0.01941,-0.00598,-0.99231,0.12231,0.0169
1580974060.47799,0.01886,-0.00696,-0.99231,0.12213,0.0169
1580974060.486717,0.01819,-0.00812,-0.99231,0.12195,0.0169
1580974060.490169,0.01752,-0.00934,-0.99237,0.12177,0.0169
1580974060.4956229,0.01678,-0.01056,-0.99237,0.12158,0.0169
1580974060.500725,0.01544,-0.01300,-0.99243,0.12128,0.0169
1580974060.506452,0.01471,-0.01416,-0.99243,0.12109,0.0169
1580974060.512444,0.01410,-0.01520,-0.99243,0.12097,0.0169
1580974060.5179572,0.01337,-0.01630,-0.99243,0.12085,0.0169
1580974060.523166,0.01276,-0.01715,-0.99243,0.12073,0.0169
1580974060.528524,0.01202,-0.01801,-0.99249,0.12054,0.0169
1580974060.5351691,0.01129,-0.01868,-0.99249,0.12042,0.0169
1580974060.5397062,0.00995,-0.01947,-0.99249,0.12018,0.0169
1580974060.5449228,0.00934,-0.01959,-0.99255,0.12012,0.0169
1580974060.551552,0.00873,-0.01959,-0.99255,0.12000,0.0168
1580974060.556929,0.00818,-0.01947,-0.99255,0.11993,0.0168
1580974060.561506,0.00763,-0.01917,-0.99255,0.11981,0.0168
1580974060.5693738,0.00714,-0.01862,-0.99261,0.11975,0.0168
1580974060.574406,0.00684,-0.01807,-0.99261,0.11969,0.0168
1580974060.581089,0.00653,-0.01721,-0.99268,0.11957,0.0168
1580974060.585071,0.00629,-0.01611,-0.99268,0.11945,0.0167
1580974060.590655,0.00610,-0.01483,-0.99274,0.11926,0.0167
1580974060.595448,0.00604,-0.01337,-0.99280,0.11908,0.0167
1580974060.602022,0.00616,-0.01001,-0.99286,0.11865,0.0167
1580974060.607604,0.00635,-0.00781,-0.99292,0.11835,0.0167
1580974060.615915,0.00659,-0.00586,-0.99298,0.11798,0.0167
1580974060.618626,0.00690,-0.00360,-0.99304,0.11761,0.0167
1580974060.6246378,0.00732,-0.00092,-0.99310,0.11713,0.0167
1580974060.630652,0.00775,0.00128,-0.99316,0.11670,0.0167
1580974060.6370602,0.00879,0.00580,-0.99323,0.11572,0.0167
1580974060.640372,0.00940,0.00818,-0.99329,0.11517,0.0167
1580974060.648488,0.00995,0.01025,-0.99329,0.11462,0.0167
1580974060.652976,0.01062,0.01233,-0.99335,0.11401,0.0167
1580974060.6581,0.01117,0.01398,-0.99341,0.11346,0.0167
1580974060.664404,0.01184,0.01563,-0.99341,0.11285,0.0167
1580974060.66946,0.01257,0.01727,-0.99347,0.11218,0.0167
1580974060.676657,0.01318,0.01855,-0.99347,0.11157,0.0167
1580974060.68261,0.01453,0.02069,-0.99359,0.11035,0.0167
1580974060.6861281,0.01526,0.02148,-0.99359,0.10968,0.0167
1580974060.692498,0.01587,0.02216,-0.99365,0.10913,0.0167
1580974060.699091,0.01654,0.02277,-0.99371,0.10852,0.0167
1580974060.703347,0.01709,0.02319,-0.99371,0.10797,0.0167
1580974060.708747,0.01770,0.02356,-0.99377,0.10742,0.0167
1580974060.715743,0.01831,0.02386,-0.99384,0.10681,0.0167
1580974060.7210271,0.01880,0.02405,-0.99384,0.10632,0.0167
1580974060.725887,0.01929,0.02423,-0.99390,0.10577,0.0167
1580974060.730905,0.02014,0.02429,-0.99402,0.10480,0.0167
1580974060.7366662,0.02051,0.02429,-0.99402,0.10443,0.0167
1580974060.7430441,0.02081,0.02417,-0.99408,0.10400,0.0167
1580974060.7472,0.02112,0.02399,-0.99408,0.10358,0.0167
1580974060.753261,0.02136,0.02380,-0.99414,0.10327,0.0167
1580974060.75791,0.02161,0.02362,-0.99420,0.10297,0.0167
1580974060.7647,0.02173,0.02338,-0.99420,0.10266,0.0167
1580974060.7698529,0.02185,0.02313,-0.99426,0.10242,0.0167
1580974060.7775118,0.02191,0.02289,-0.99426,0.10223,0.0167
1580974060.780255,0.02179,0.02258,-0.99426,0.10199,0.0167
1580974060.786268,0.02167,0.02246,-0.99432,0.10193,0.0167
1580974060.7916532,0.02148,0.02234,-0.99432,0.10199,0.0167
1580974060.79852,0.02130,0.02228,-0.99432,0.10205,0.0167
1580974060.803662,0.02112,0.02222,-0.99432,0.10217,0.0167
1580974060.808395,0.02087,0.02216,-0.99426,0.10236,0.0167
1580974060.8139908,0.02069,0.02203,-0.99426,0.10260,0.0167
1580974060.8194618,0.02051,0.02197,-0.99426,0.10284,0.0167
1580974060.825081,0.02020,0.02179,-0.99420,0.10358,0.0167
1580974060.8309581,0.02014,0.02161,-0.99414,0.10394,0.0167
1580974060.8378382,0.02008,0.02148,-0.99414,0.10431,0.0167
1580974060.842565,0.02008,0.02124,-0.99408,0.10474,0.0167
1580974060.84918,0.02008,0.02106,-0.99402,0.10516,0.0167
1580974060.8540952,0.02008,0.02081,-0.99396,0.10565,0.0167
1580974060.8591418,0.02008,0.02063,-0.99396,0.10608,0.0166
1580974060.8641431,0.02002,0.02045,-0.99390,0.10663,0.0166
1580974060.8702981,0.01996,0.02026,-0.99384,0.10712,0.0166
1580974060.875519,0.01971,0.02026,-0.99371,0.10809,0.0166
1580974060.881207,0.01953,0.02045,-0.99371,0.10858,0.0166
1580974060.888713,0.01935,0.02069,-0.99365,0.10907,0.0166
1580974060.893454,0.01910,0.02106,-0.99359,0.10962,0.0166
1580974060.8985448,0.01898,0.02136,-0.99353,0.11005,0.0166
1580974060.9048178,0.01886,0.02173,-0.99347,0.11053,0.0166
1580974060.9093492,0.01886,0.02228,-0.99335,0.11145,0.0166
1580974060.9146938,0.01886,0.02252,-0.99329,0.11182,0.0166
1580974060.921022,0.01886,0.02289,-0.99323,0.11218,0.0166
1580974060.926566,0.01880,0.02332,-0.99323,0.11249,0.0166
1580974060.934391,0.01874,0.02368,-0.99316,0.11267,0.0166
1580974060.937669,0.01868,0.02411,-0.99316,0.11285,0.0166
1580974060.9430652,0.01862,0.02448,-0.99310,0.11304,0.0166
1580974060.948663,0.01862,0.02472,-0.99310,0.11316,0.0166
1580974060.9539552,0.01862,0.02490,-0.99310,0.11322,0.0166
1580974060.960596,0.01868,0.02484,-0.99310,0.11328,0.0166
1580974060.966073,0.01886,0.02472,-0.99304,0.11334,0.0166
1580974060.970437,0.01923,0.02405,-0.99310,0.11328,0.0166
1580974060.9768572,0.01941,0.02356,-0.99310,0.11322,0.0166
1580974060.982214,0.01965,0.02289,-0.99310,0.11316,0.0166
1580974060.9888792,0.01990,0.02222,-0.99316,0.11310,0.0166
1580974060.993862,0.02020,0.02142,-0.99316,0.11304,0.0165
1580974060.998966,0.02039,0.02057,-0.99316,0.11298,0.0165
1580974061.005492,0.02057,0.01971,-0.99323,0.11292,0.0165
1580974061.0101912,0.02063,0.01892,-0.99323,0.11292,0.0165
1580974061.0155468,0.02045,0.01758,-0.99323,0.11304,0.0164
1580974061.021857,0.02026,0.01697,-0.99323,0.11310,0.0164
1580974061.027293,0.02002,0.01642,-0.99323,0.11328,0.0164
1580974061.032487,0.01978,0.01587,-0.99323,0.11346,0.0164
1580974061.038238,0.01953,0.01520,-0.99323,0.11371,0.0164
1580974061.044286,0.01941,0.01453,-0.99316,0.11395,0.0164
1580974061.049682,0.01923,0.01379,-0.99316,0.11426,0.0164
1580974061.057075,0.01917,0.01294,-0.99316,0.11456,0.0164
1580974061.0608451,0.01917,0.01141,-0.99310,0.11517,0.0164
1580974061.0664861,0.01923,0.01074,-0.99310,0.11542,0.0164
1580974061.0725179,0.01935,0.01001,-0.99304,0.11566,0.0164
1580974061.0788631,0.01947,0.00946,-0.99304,0.11591,0.0164
1580974061.083642,0.01965,0.00897,-0.99298,0.11615,0.0164
1580974061.089838,0.01978,0.00854,-0.99298,0.11633,0.0164
1580974061.0953238,0.01996,0.00824,-0.99298,0.11652,0.0164
1580974061.0999901,0.02026,0.00800,-0.99292,0.11688,0.0164
1580974061.105516,0.02032,0.00806,-0.99286,0.11700,0.0164
1580974061.1145191,0.02039,0.00818,-0.99286,0.11713,0.0164
1580974061.117223,0.02045,0.00842,-0.99286,0.11725,0.0164
1580974061.123276,0.02045,0.00873,-0.99286,0.11737,0.0164
1580974061.1286988,0.02045,0.00909,-0.99280,0.11749,0.0164
1580974061.133898,0.02039,0.00964,-0.99280,0.11768,0.0164
1580974061.140573,0.02032,0.01019,-0.99280,0.11780,0.0164
1580974061.145429,0.02020,0.01093,-0.99274,0.11792,0.0163
1580974061.1503859,0.01984,0.01270,-0.99274,0.11816,0.0163
1580974061.156364,0.01959,0.01367,-0.99268,0.11835,0.0163
1580974061.16226,0.01935,0.01489,-0.99268,0.11847,0.0163
1580974061.167404,0.01910,0.01605,-0.99261,0.11859,0.0163
1580974061.173526,0.01880,0.01733,-0.99261,0.11877,0.0163
1580974061.178464,0.01849,0.01862,-0.99255,0.11896,0.0163
1580974061.184396,0.01819,0.02008,-0.99249,0.11914,0.0163
1580974061.189899,0.01782,0.02130,-0.99249,0.11926,0.0163
1580974061.196599,0.01721,0.02362,-0.99237,0.11963,0.0163
1580974061.202118,0.01685,0.02466,-0.99237,0.11981,0.0163
1580974061.206969,0.01654,0.02551,-0.99231,0.12000,0.0163
1580974061.212491,0.01624,0.02618,-0.99225,0.12018,0.0163
1580974061.21916,0.01599,0.02661,-0.99225,0.12036,0.0163
1580974061.224571,0.01581,0.02698,-0.99219,0.12054,0.0163
1580974061.229428,0.01563,0.02716,-0.99219,0.12073,0.0163
1580974061.2342558,0.01550,0.02716,-0.99219,0.12091,0.0163
1580974061.23984,0.01538,0.02698,-0.99219,0.12103,0.0163
1580974061.245229,0.01532,0.02643,-0.99213,0.12140,0.0163
1580974061.251093,0.01532,0.02600,-0.99213,0.12158,0.0163
1580974061.256979,0.01526,0.02563,-0.99213,0.12177,0.0163
1580974061.262475,0.01526,0.02509,-0.99213,0.12195,0.0163
1580974061.267905,0.01526,0.02466,-0.99213,0.12207,0.0163
1580974061.274694,0.01526,0.02417,-0.99207,0.12219,0.0163
1580974061.279426,0.01526,0.02374,-0.99207,0.12238,0.0163
1580974061.284461,0.01526,0.02325,-0.99207,0.12250,0.0163
1580974061.29072,0.01520,0.02234,-0.99207,0.12280,0.0163
1580974061.295498,0.01520,0.02191,-0.99207,0.12299,0.0162
1580974061.3023732,0.01520,0.02142,-0.99207,0.12317,0.0162
1580974061.3077161,0.01520,0.02094,-0.99200,0.12329,0.0162
1580974061.314998,0.01526,0.02051,-0.99200,0.12347,0.0162
1580974061.3185222,0.01526,0.02002,-0.99200,0.12360,0.0162
1580974061.3247092,0.01526,0.01947,-0.99200,0.12378,0.0162
1580974061.3308392,0.01532,0.01898,-0.99200,0.12390,0.0162
1580974061.336471,0.01532,0.01813,-0.99200,0.12415,0.0162
1580974061.341147,0.01532,0.01770,-0.99194,0.12427,0.0162
1580974061.346771,0.01532,0.01733,-0.99194,0.12439,0.0162
1580974061.354648,0.01520,0.01703,-0.99194,0.12445,0.0162
1580974061.358171,0.01514,0.01672,-0.99194,0.12451,0.0162
1580974061.363262,0.01501,0.01648,-0.99194,0.12457,0.0162
1580974061.3697522,0.01477,0.01630,-0.99194,0.12469,0.0162
1580974061.375568,0.01434,0.01593,-0.99194,0.12476,0.0162
1580974061.380487,0.01404,0.01581,-0.99194,0.12482,0.0162
1580974061.3852491,0.01379,0.01575,-0.99194,0.12488,0.0162
1580974061.3907251,0.01349,0.01575,-0.99194,0.12494,0.0162
1580974061.396808,0.01331,0.01575,-0.99194,0.12494,0.0162
1580974061.40253,0.01300,0.01581,-0.99194,0.12500,0.0162
1580974061.408798,0.01276,0.01587,-0.99194,0.12500,0.0162
1580974061.413324,0.01245,0.01599,-0.99194,0.12506,0.0162
1580974061.4197602,0.01221,0.01611,-0.99194,0.12506,0.0162
1580974061.4246001,0.01196,0.01636,-0.99194,0.12506,0.0161
1580974061.432213,0.01160,0.01703,-0.99194,0.12500,0.0161
1580974061.4359941,0.01141,0.01752,-0.99194,0.12500,0.0161
1580974061.44177,0.01123,0.01831,-0.99194,0.12494,0.0161
1580974061.448709,0.01099,0.01923,-0.99194,0.12488,0.0161
1580974061.4529212,0.01086,0.02002,-0.99194,0.12482,0.0161
1580974061.462805,0.01093,0.02094,-0.99194,0.12469,0.0161
1580974061.463552,0.01111,0.02161,-0.99194,0.12457,0.0161
1580974061.469447,0.01160,0.02216,-0.99194,0.12439,0.0161
1580974061.475289,0.01288,0.02228,-0.99194,0.12396,0.0161
1580974061.481766,0.01355,0.02209,-0.99200,0.12372,0.0161
1580974061.487356,0.01416,0.02179,-0.99200,0.12347,0.0161
1580974061.493181,0.01465,0.02142,-0.99207,0.12323,0.0161
1580974061.500334,0.01495,0.02100,-0.99207,0.12292,0.0161
1580974061.503505,0.01520,0.02051,-0.99213,0.12268,0.0161
1580974061.509773,0.01532,0.01984,-0.99219,0.12244,0.0161
1580974061.515746,0.01544,0.01819,-0.99225,0.12195,0.0161
1580974061.520011,0.01550,0.01697,-0.99231,0.12177,0.0161
1580974061.526219,0.01544,0.01581,-0.99237,0.12152,0.0161
1580974061.5323038,0.01526,0.01459,-0.99237,0.12134,0.0161
1580974061.540399,0.01495,0.01331,-0.99243,0.12122,0.0161
1580974061.5431209,0.01440,0.01208,-0.99249,0.12103,0.0161
1580974061.548627,0.01373,0.01086,-0.99249,0.12085,0.0161
1580974061.554731,0.01306,0.00989,-0.99255,0.12067,0.0161
1580974061.5611641,0.01221,0.00885,-0.99261,0.12054,0.0161
1580974061.5655801,0.01050,0.00696,-0.99268,0.12018,0.0161
1580974061.570687,0.00964,0.00610,-0.99268,0.12006,0.0161
1580974061.578819,0.00891,0.00531,-0.99274,0.11993,0.0162
1580974061.58237,0.00806,0.00439,-0.99274,0.11981,0.0161
1580974061.5885482,0.00739,0.00366,-0.99280,0.11963,0.0161
1580974061.594368,0.00659,0.00293,-0.99280,0.11951,0.0161
1580974061.598569,0.00586,0.00226,-0.99280,0.11938,0.0161
1580974061.604525,0.00513,0.00159,-0.99286,0.11932,0.0161
1580974061.609953,0.00439,0.00116,-0.99286,0.11926,0.0161
1580974061.616184,0.00305,0.00073,-0.99286,0.11920,0.0161
1580974061.6213691,0.00232,0.00073,-0.99286,0.11920,0.0161
1580974061.628469,0.00165,0.00092,-0.99286,0.11920,0.0161
1580974061.633148,0.00110,0.00116,-0.99286,0.11926,0.0161
1580974061.638826,0.00049,0.00165,-0.99286,0.11932,0.0161
1580974061.643567,0.00000,0.00220,-0.99286,0.11938,0.0161
1580974061.649477,-0.00043,0.00293,-0.99286,0.11951,0.0161
1580974061.6565871,-0.00067,0.00378,-0.99280,0.11957,0.0161
1580974061.660665,-0.00085,0.00580,-0.99280,0.11975,0.0161
1580974061.66686,-0.00073,0.00690,-0.99280,0.11975,0.0161
1580974061.673047,-0.00049,0.00812,-0.99280,0.11975,0.0161
1580974061.678072,-0.00012,0.00940,-0.99274,0.11975,0.0161
1580974061.683559,0.00037,0.01080,-0.99274,0.11969,0.0161
1580974061.6888058,0.00110,0.01239,-0.99274,0.11957,0.0161
1580974061.6960168,0.00189,0.01392,-0.99274,0.11945,0.0161
1580974061.700502,0.00372,0.01691,-0.99274,0.11908,0.0161
1580974061.705685,0.00476,0.01837,-0.99274,0.11884,0.0161
1580974061.714615,0.00574,0.01959,-0.99274,0.11853,0.0161
1580974061.717122,0.00690,0.02081,-0.99274,0.11823,0.0161
1580974061.7240078,0.00800,0.02185,-0.99274,0.11786,0.0161
1580974061.7291598,0.00922,0.02277,-0.99280,0.11743,0.0161
1580974061.7346408,0.01044,0.02350,-0.99280,0.11700,0.0161
1580974061.739446,0.01288,0.02460,-0.99286,0.11597,0.0161
1580974061.7448618,0.01398,0.02490,-0.99292,0.11542,0.0161
1580974061.753004,0.01508,0.02515,-0.99292,0.11487,0.0161
1580974061.755987,0.01599,0.02521,-0.99298,0.11438,0.0161
1580974061.76241,0.01703,0.02527,-0.99304,0.11383,0.0161
1580974061.768616,0.01782,0.02521,-0.99310,0.11334,0.0161
1580974061.773155,0.01855,0.02509,-0.99310,0.11285,0.0161
1580974061.778677,0.01929,0.02484,-0.99316,0.11237,0.0161
1580974061.784308,0.01990,0.02460,-0.99323,0.11188,0.0161
1580974061.789688,0.02051,0.02429,-0.99329,0.11139,0.0161
1580974061.797048,0.02136,0.02362,-0.99335,0.11060,0.0161
1580974061.801451,0.02173,0.02332,-0.99341,0.11023,0.0161
1580974061.80773,0.02203,0.02289,-0.99347,0.10986,0.0161
1580974061.8131,0.02228,0.02258,-0.99347,0.10956,0.0161
1580974061.8182578,0.02252,0.02216,-0.99353,0.10925,0.0161
1580974061.8234282,0.02271,0.02173,-0.99353,0.10901,0.0161
1580974061.829361,0.02283,0.02142,-0.99359,0.10883,0.0161
1580974061.834552,0.02301,0.02069,-0.99359,0.10852,0.0161
1580974061.841335,0.02307,0.02032,-0.99365,0.10846,0.0161
1580974061.846226,0.02307,0.02002,-0.99365,0.10840,0.0161
1580974061.8525388,0.02301,0.01978,-0.99365,0.10840,0.0161
1580974061.85824,0.02295,0.01953,-0.99365,0.10846,0.0161
1580974061.864127,0.02277,0.01929,-0.99365,0.10858,0.0161
1580974061.868434,0.02252,0.01910,-0.99365,0.10876,0.0161
1580974061.87627,0.02228,0.01892,-0.99359,0.10895,0.0161
1580974061.8795562,0.02197,0.01874,-0.99359,0.10925,0.0161
1580974061.885313,0.02118,0.01843,-0.99353,0.10992,0.0161
1580974061.8929842,0.02081,0.01831,-0.99353,0.11029,0.0161
1580974061.897404,0.02045,0.01819,-0.99347,0.11078,0.0161
1580974061.902567,0.02002,0.01807,-0.99341,0.11121,0.0161
1580974061.9102888,0.01959,0.01788,-0.99341,0.11169,0.0161
1580974061.913711,0.01917,0.01776,-0.99335,0.11230,0.0161
1580974061.9188259,0.01880,0.01758,-0.99329,0.11273,0.0161
1580974061.928364,0.01843,0.01740,-0.99323,0.11340,0.0161
1580974061.9307652,0.01782,0.01697,-0.99310,0.11456,0.0161
1580974061.9364212,0.01758,0.01672,-0.99304,0.11511,0.0161
1580974061.942415,0.01727,0.01648,-0.99298,0.11572,0.0161
1580974061.947679,0.01703,0.01630,-0.99292,0.11633,0.0161
1580974061.9532511,0.01678,0.01617,-0.99286,0.11682,0.0161
1580974061.961005,0.01642,0.01630,-0.99280,0.11743,0.0161
1580974061.963868,0.01599,0.01654,-0.99274,0.11810,0.0161
1580974061.9715562,0.01544,0.01697,-0.99268,0.11871,0.0161
1580974061.974881,0.01489,0.01758,-0.99255,0.11938,0.0161
1580974061.98075,0.01385,0.01904,-0.99243,0.12061,0.0161
1580974061.987571,0.01331,0.01990,-0.99231,0.12140,0.0161
1580974061.9956238,0.01282,0.02063,-0.99225,0.12207,0.0161
1580974061.998094,0.01239,0.02130,-0.99213,0.12262,0.0161
1580974062.004575,0.01190,0.02203,-0.99207,0.12323,0.0161
1580974062.008578,0.01135,0.02277,-0.99194,0.12390,0.0161
1580974062.014344,0.01086,0.02338,-0.99188,0.12451,0.0161
1580974062.020596,0.01001,0.02411,-0.99176,0.12549,0.0161
1580974062.0275788,0.00977,0.02423,-0.99170,0.12598,0.0161
1580974062.032469,0.00958,0.02405,-0.99164,0.12640,0.0161
1580974062.037089,0.00958,0.02368,-0.99158,0.12677,0.0161
1580974062.0420191,0.00964,0.02307,-0.99158,0.12708,0.0161
1580974062.051334,0.00983,0.02234,-0.99158,0.12744,0.0161
1580974062.054292,0.01013,0.02142,-0.99152,0.12775,0.0161
1580974062.060837,0.01044,0.02051,-0.99152,0.12799,0.0161
1580974062.064248,0.01080,0.01947,-0.99146,0.12830,0.0161
1580974062.069855,0.01111,0.01855,-0.99146,0.12860,0.0161
1580974062.0750709,0.01166,0.01703,-0.99139,0.12909,0.0161
1580974062.080832,0.01190,0.01630,-0.99139,0.12946,0.0161
1580974062.0878458,0.01202,0.01569,-0.99133,0.12976,0.0161
1580974062.092719,0.01221,0.01501,-0.99133,0.13019,0.0161
1580974062.098047,0.01227,0.01447,-0.99127,0.13049,0.0161
1580974062.104647,0.01233,0.01379,-0.99121,0.13098,0.0161
1580974062.1091142,0.01239,0.01324,-0.99115,0.13141,0.0161
1580974062.116042,0.01251,0.01184,-0.99103,0.13239,0.0161
1580974062.120598,0.01263,0.01105,-0.99097,0.13293,0.0161
1580974062.1260731,0.01276,0.01025,-0.99091,0.13342,0.0161
1580974062.135875,0.01294,0.00952,-0.99084,0.13391,0.0161
1580974062.137683,0.01312,0.00885,-0.99084,0.13428,0.0161
1580974062.1439428,0.01337,0.00824,-0.99078,0.13470,0.0161
1580974062.14852,0.01367,0.00769,-0.99072,0.13519,0.0161
1580974062.154481,0.01392,0.00726,-0.99066,0.13556,0.0161
1580974062.159619,0.01434,0.00684,-0.99054,0.13623,0.0161
1580974062.166643,0.01459,0.00684,-0.99048,0.13654,0.0161
1580974062.171712,0.01477,0.00696,-0.99048,0.13684,0.0161
1580974062.178632,0.01495,0.00714,-0.99042,0.13708,0.0161
1580974062.182813,0.01508,0.00745,-0.99036,0.13733,0.0160
1580974062.1890619,0.01520,0.00787,-0.99036,0.13751,0.0160
1580974062.1940951,0.01532,0.00842,-0.99030,0.13776,0.0160
1580974062.199111,0.01532,0.00897,-0.99030,0.13794,0.0160
1580974062.204515,0.01520,0.01050,-0.99023,0.13837,0.0160
1580974062.2100449,0.01508,0.01135,-0.99017,0.13849,0.0160
1580974062.217202,0.01489,0.01221,-0.99017,0.13867,0.0160
1580974062.2217758,0.01465,0.01331,-0.99011,0.13885,0.0160
1580974062.2286222,0.01434,0.01428,-0.99011,0.13898,0.0160
1580974062.233162,0.01404,0.01538,-0.99005,0.13916,0.0160
1580974062.238593,0.01373,0.01654,-0.98999,0.13928,0.0160
1580974062.243708,0.01337,0.01788,-0.98999,0.13947,0.0160
1580974062.2492008,0.01306,0.01904,-0.98993,0.13965,0.0160
1580974062.257062,0.01270,0.02026,-0.98987,0.13983,0.0160
1580974062.2607958,0.01202,0.02234,-0.98981,0.14008,0.0160
1580974062.266604,0.01172,0.02319,-0.98981,0.14020,0.0160
1580974062.2733161,0.01141,0.02399,-0.98975,0.14032,0.0160
1580974062.278666,0.01117,0.02454,-0.98975,0.14044,0.0160
1580974062.283606,0.01093,0.02502,-0.98969,0.14050,0.0160
1580974062.291413,0.01074,0.02533,-0.98969,0.14056,0.0160
1580974062.2943208,0.01056,0.02551,-0.98969,0.14063,0.0160
1580974062.302145,0.01025,0.02533,-0.98969,0.14063,0.0160
1580974062.307582,0.01013,0.02509,-0.98969,0.14063,0.0160
1580974062.313247,0.00995,0.02466,-0.98969,0.14063,0.0160
1580974062.31775,0.00983,0.02423,-0.98975,0.14056,0.0159
1580974062.32273,0.00964,0.02368,-0.98975,0.14056,0.0159
1580974062.329261,0.00952,0.02313,-0.98975,0.14050,0.0159
1580974062.3355808,0.00928,0.02240,-0.98981,0.14044,0.0159
1580974062.338482,0.00909,0.02179,-0.98981,0.14038,0.0159
1580974062.348182,0.00891,0.02094,-0.98987,0.14026,0.0159
1580974062.349767,0.00848,0.01947,-0.98993,0.14008,0.0159
1580974062.356856,0.00830,0.01874,-0.98993,0.13995,0.0159
1580974062.3640661,0.00812,0.01794,-0.98999,0.13983,0.0159
1580974062.367732,0.00793,0.01715,-0.98999,0.13965,0.0159
1580974062.373141,0.00787,0.01654,-0.99005,0.13953,0.0159
1580974062.3814652,0.00775,0.01587,-0.99011,0.13934,0.0159
1580974062.385011,0.00769,0.01520,-0.99011,0.13916,0.0159
1580974062.389775,0.00763,0.01459,-0.99017,0.13892,0.0159
1580974062.3949041,0.00757,0.01373,-0.99023,0.13849,0.0159
1580974062.400613,0.00763,0.01337,-0.99030,0.13824,0.0159
1580974062.406034,0.00769,0.01312,-0.99030,0.13800,0.0159
1580974062.413854,0.00775,0.01294,-0.99036,0.13776,0.0159
1580974062.4193852,0.00781,0.01276,-0.99042,0.13745,0.0159
1580974062.4243279,0.00787,0.01263,-0.99042,0.13715,0.0159
1580974062.4297202,0.00793,0.01257,-0.99048,0.13684,0.0159
1580974062.4347851,0.00800,0.01251,-0.99054,0.13647,0.0159
1580974062.440931,0.00806,0.01227,-0.99060,0.13586,0.0159
1580974062.4471,0.00812,0.01215,-0.99066,0.13550,0.0159
1580974062.45239,0.00818,0.01202,-0.99072,0.13519,0.0159
1580974062.457555,0.00818,0.01184,-0.99078,0.13489,0.0159
1580974062.4644969,0.00824,0.01166,-0.99078,0.13452,0.0159
1580974062.4687219,0.00830,0.01147,-0.99084,0.13416,0.0159
1580974062.4738739,0.00836,0.01129,-0.99091,0.13379,0.0159
1580974062.480896,0.00848,0.01111,-0.99097,0.13342,0.0159
1580974062.485051,0.00879,0.01086,-0.99109,0.13257,0.0159
1580974062.492377,0.00903,0.01080,-0.99115,0.13214,0.0159
1580974062.497077,0.00922,0.01093,-0.99121,0.13171,0.0159
1580974062.503456,0.00946,0.01111,-0.99127,0.13116,0.0159
1580974062.509355,0.00970,0.01147,-0.99133,0.13062,0.0159
1580974062.513602,0.01001,0.01196,-0.99139,0.13000,0.0159
1580974062.519892,0.01038,0.01245,-0.99146,0.12946,0.0159
1580974062.525016,0.01093,0.01294,-0.99152,0.12872,0.0158
1580974062.529519,0.01233,0.01355,-0.99170,0.12738,0.0158
1580974062.5377548,0.01312,0.01361,-0.99176,0.12671,0.0158
1580974062.541622,0.01404,0.01355,-0.99182,0.12598,0.0158
1580974062.5477571,0.01483,0.01349,-0.99194,0.12524,0.0158
1580974062.5547678,0.01550,0.01337,-0.99200,0.12457,0.0158
1580974062.558013,0.01611,0.01324,-0.99207,0.12384,0.0158
1580974062.5655649,0.01678,0.01306,-0.99219,0.12305,0.0158
1580974062.569371,0.01721,0.01282,-0.99225,0.12238,0.0158
1580974062.576471,0.01801,0.01196,-0.99243,0.12109,0.0158
1580974062.5806851,0.01837,0.01117,-0.99249,0.12042,0.0158
1580974062.586984,0.01874,0.01038,-0.99255,0.11981,0.0158
1580974062.592572,0.01910,0.00934,-0.99261,0.11926,0.0158
1580974062.6006029,0.01929,0.00842,-0.99268,0.11877,0.0158
1580974062.6032152,0.01947,0.00720,-0.99280,0.11823,0.0158
1580974062.60942,0.01953,0.00616,-0.99286,0.11780,0.0158
1580974062.6141639,0.01947,0.00513,-0.99292,0.11731,0.0158
1580974062.6206038,0.01898,0.00342,-0.99304,0.11639,0.0158
1580974062.625868,0.01868,0.00281,-0.99304,0.11603,0.0158
1580974062.633031,0.01825,0.00214,-0.99310,0.11560,0.0158
1580974062.637404,0.01788,0.00159,-0.99316,0.11523,0.0158
1580974062.6441998,0.01746,0.00098,-0.99323,0.11487,0.0158
1580974062.650374,0.01697,0.00037,-0.99329,0.11450,0.0158
1580974062.654301,0.01654,-0.00012,-0.99335,0.11420,0.0158
1580974062.6617548,0.01605,-0.00067,-0.99335,0.11389,0.0158
1580974062.665638,0.01501,-0.00177,-0.99341,0.11340,0.0158
1580974062.670454,0.01453,-0.00226,-0.99347,0.11322,0.0158
1580974062.677587,0.01404,-0.00269,-0.99347,0.11304,0.0158
1580974062.682775,0.01349,-0.00305,-0.99353,0.11298,0.0157
1580974062.687082,0.01294,-0.00336,-0.99353,0.11292,0.0157
1580974062.692875,0.01239,-0.00354,-0.99353,0.11285,0.0157
1580974062.6980438,0.01178,-0.00366,-0.99353,0.11285,0.0157
1580974062.703373,0.01117,-0.00378,-0.99353,0.11292,0.0157
1580974062.709495,0.01062,-0.00372,-0.99353,0.11304,0.0157
1580974062.716801,0.00964,-0.00348,-0.99353,0.11328,0.0157
1580974062.720515,0.00922,-0.00317,-0.99353,0.11340,0.0157
1580974062.725986,0.00891,-0.00275,-0.99347,0.11359,0.0157
1580974062.734079,0.00867,-0.00220,-0.99347,0.11371,0.0157
1580974062.7377338,0.00854,-0.00165,-0.99347,0.11383,0.0157
1580974062.744405,0.00854,-0.00085,-0.99347,0.11389,0.0156
1580974062.750442,0.00861,0.00012,-0.99347,0.11401,0.0156
1580974062.7552269,0.00909,0.00232,-0.99341,0.11407,0.0156
1580974062.760703,0.00946,0.00366,-0.99341,0.11407,0.0156
1580974062.7651289,0.00989,0.00494,-0.99341,0.11401,0.0156
1580974062.770575,0.01038,0.00647,-0.99341,0.11395,0.0157
1580974062.778698,0.01086,0.00775,-0.99341,0.11383,0.0157
1580974062.7839282,0.01141,0.00934,-0.99341,0.11371,0.0157
1580974062.787505,0.01196,0.01062,-0.99341,0.11353,0.0157
1580974062.793565,0.01257,0.01208,-0.99341,0.11334,0.0156
1580974062.799566,0.01312,0.01337,-0.99341,0.11316,0.0156
1580974062.80413,0.01373,0.01471,-0.99341,0.11292,0.0156
1580974062.809424,0.01483,0.01691,-0.99341,0.11243,0.0156
1580974062.815383,0.01526,0.01776,-0.99341,0.11218,0.0157
1580974062.821713,0.01575,0.01855,-0.99341,0.11188,0.0156
1580974062.828744,0.01611,0.01917,-0.99341,0.11163,0.0156
1580974062.83224,0.01648,0.01965,-0.99347,0.11139,0.0156
1580974062.837894,0.01678,0.01996,-0.99347,0.11115,0.0156
1580974062.843827,0.01703,0.02020,-0.99347,0.11090,0.0156
1580974062.848477,0.01727,0.02026,-0.99353,0.11066,0.0156
1580974062.8543448,0.01746,0.02020,-0.99353,0.11041,0.0156
1580974062.859798,0.01782,0.01990,-0.99359,0.11005,0.0156
1580974062.866743,0.01794,0.01959,-0.99359,0.10986,0.0156
1580974062.872006,0.01807,0.01935,-0.99359,0.10968,0.0156
1580974062.876951,0.01813,0.01904,-0.99365,0.10956,0.0156
1580974062.883861,0.01825,0.01868,-0.99365,0.10950,0.0156
1580974062.887889,0.01831,0.01837,-0.99365,0.10938,0.0156
1580974062.893643,0.01837,0.01807,-0.99365,0.10931,0.0156
1580974062.899086,0.01837,0.01782,-0.99365,0.10931,0.0156
1580974062.905122,0.01837,0.01733,-0.99371,0.10931,0.0156
1580974062.911407,0.01831,0.01715,-0.99371,0.10931,0.0156
1580974062.916896,0.01825,0.01703,-0.99371,0.10938,0.0156
1580974062.922415,0.01813,0.01703,-0.99365,0.10944,0.0156
1580974062.928352,0.01794,0.01703,-0.99365,0.10956,0.0156
1580974062.933404,0.01776,0.01715,-0.99365,0.10968,0.0156
1580974062.939641,0.01721,0.01758,-0.99359,0.11005,0.0156
1580974062.946032,0.01697,0.01788,-0.99359,0.11023,0.0156
1580974062.954046,0.01660,0.01825,-0.99359,0.11047,0.0156
1580974062.956173,0.01630,0.01855,-0.99353,0.11066,0.0156
1580974062.961619,0.01599,0.01886,-0.99353,0.11090,0.0156
1580974062.968116,0.01569,0.01917,-0.99353,0.11108,0.0156
1580974062.9728901,0.01544,0.01947,-0.99347,0.11133,0.0155
1580974062.980182,0.01514,0.01971,-0.99347,0.11157,0.0155
1580974062.984593,0.01477,0.01996,-0.99341,0.11182,0.0155
1580974062.9898722,0.01453,0.02014,-0.99341,0.11212,0.0155
1580974062.995353,0.01404,0.02020,-0.99335,0.11255,0.0155
1580974063.0010781,0.01385,0.02014,-0.99335,0.11273,0.0155
1580974063.006974,0.01373,0.01996,-0.99329,0.11292,0.0155
1580974063.012368,0.01361,0.01978,-0.99329,0.11310,0.0155
1580974063.0182662,0.01349,0.01953,-0.99329,0.11328,0.0155
1580974063.024816,0.01337,0.01929,-0.99329,0.11340,0.0155
1580974063.029299,0.01331,0.01904,-0.99329,0.11353,0.0155
1580974063.0344489,0.01318,0.01862,-0.99323,0.11371,0.0155
1580974063.039861,0.01312,0.01843,-0.99323,0.11377,0.0155
1580974063.0466518,0.01294,0.01843,-0.99323,0.11377,0.0155
1580974063.0526981,0.01270,0.01855,-0.99323,0.11377,0.0155
1580974063.0584981,0.01239,0.01886,-0.99323,0.11377,0.0155
1580974063.0627499,0.01190,0.01935,-0.99323,0.11383,0.0155
1580974063.068643,0.01123,0.02002,-0.99323,0.11383,0.0155
1580974063.0733492,0.01062,0.02069,-0.99323,0.11389,0.0155
1580974063.079581,0.01001,0.02124,-0.99323,0.11395,0.0155
1580974063.0849228,0.00897,0.02179,-0.99316,0.11426,0.0155
1580974063.09085,0.00861,0.02173,-0.99316,0.11438,0.0155
1580974063.096503,0.00818,0.02142,-0.99316,0.11456,0.0155
1580974063.1021938,0.00781,0.02106,-0.99316,0.11475,0.0155
1580974063.107475,0.00739,0.02057,-0.99310,0.11493,0.0155
1580974063.11325,0.00684,0.02002,-0.99310,0.11523,0.0155
1580974063.118305,0.00647,0.01953,-0.99310,0.11542,0.0155
1580974063.1240761,0.00604,0.01886,-0.99310,0.11572,0.0155
1580974063.129384,0.00543,0.01727,-0.99304,0.11639,0.0155
1580974063.135351,0.00531,0.01636,-0.99304,0.11670,0.0155
1580974063.140618,0.00525,0.01520,-0.99298,0.11707,0.0155
1580974063.148549,0.00531,0.01392,-0.99298,0.11749,0.0155
1580974063.1529431,0.00537,0.01288,-0.99292,0.11786,0.0155
1580974063.157608,0.00555,0.01166,-0.99292,0.11823,0.0155
1580974063.1629372,0.00574,0.01050,-0.99286,0.11871,0.0155
1580974063.168531,0.00592,0.00940,-0.99280,0.11914,0.0155
1580974063.175704,0.00610,0.00842,-0.99280,0.11957,0.0155
1580974063.1803951,0.00653,0.00665,-0.99268,0.12042,0.0155
1580974063.1855612,0.00677,0.00580,-0.99261,0.12091,0.0155
1580974063.19186,0.00702,0.00494,-0.99255,0.12134,0.0155
1580974063.197352,0.00732,0.00421,-0.99255,0.12170,0.0155
1580974063.204036,0.00763,0.00348,-0.99249,0.12219,0.0155
1580974063.20987,0.00800,0.00275,-0.99243,0.12268,0.0155
1580974063.213783,0.00830,0.00201,-0.99237,0.12311,0.0155
1580974063.220947,0.00867,0.00134,-0.99231,0.12347,0.0154
1580974063.2261271,0.00946,0.00000,-0.99219,0.12439,0.0154
1580974063.23228,0.00983,-0.00055,-0.99213,0.12482,0.0154
1580974063.237132,0.01013,-0.00098,-0.99207,0.12512,0.0154
1580974063.242506,0.01050,-0.00140,-0.99207,0.12549,0.0154
1580974063.249042,0.01080,-0.00171,-0.99200,0.12592,0.0154
1580974063.254074,0.01111,-0.00189,-0.99194,0.12622,0.0154
1580974063.2600021,0.01154,-0.00208,-0.99188,0.12683,0.0154
1580974063.265238,0.01172,-0.00208,-0.99182,0.12708,0.0154
1580974063.271966,0.01184,-0.00195,-0.99182,0.12726,0.0154
1580974063.2764559,0.01196,-0.00177,-0.99176,0.12744,0.0154
1580974063.282091,0.01202,-0.00153,-0.99176,0.12762,0.0154
1580974063.2884579,0.01202,-0.00110,-0.99176,0.12775,0.0154
1580974063.2932758,0.01202,-0.00055,-0.99170,0.12787,0.0154
1580974063.2988002,0.01190,-0.00006,-0.99170,0.12793,0.0154
1580974063.30439,0.01178,0.00073,-0.99170,0.12805,0.0154
1580974063.3094249,0.01147,0.00256,-0.99170,0.12805,0.0153
1580974063.315669,0.01129,0.00348,-0.99170,0.12799,0.0154
1580974063.3216808,0.01111,0.00476,-0.99170,0.12793,0.0153
1580974063.326797,0.01093,0.00598,-0.99170,0.12781,0.0154
1580974063.333278,0.01074,0.00708,-0.99176,0.12769,0.0154
1580974063.337457,0.01056,0.00842,-0.99176,0.12756,0.0154
1580974063.345109,0.01044,0.00964,-0.99176,0.12738,0.0154
1580974063.348841,0.01025,0.01105,-0.99176,0.12720,0.0154
1580974063.3606982,0.01007,0.01227,-0.99176,0.12695,0.0154
1580974063.360713,0.00983,0.01453,-0.99182,0.12653,0.0154
1580974063.366034,0.00970,0.01569,-0.99182,0.12628,0.0154
1580974063.373673,0.00964,0.01666,-0.99182,0.12604,0.0154
1580974063.379301,0.00958,0.01740,-0.99188,0.12585,0.0154
1580974063.3833091,0.00952,0.01825,-0.99188,0.12555,0.0154
1580974063.388801,0.00946,0.01886,-0.99188,0.12531,0.0154
1580974063.394228,0.00934,0.01984,-0.99194,0.12476,0.0154
1580974063.400301,0.00928,0.02020,-0.99194,0.12451,0.0153
1580974063.405098,0.00922,0.02051,-0.99200,0.12421,0.0153
1580974063.4128299,0.00916,0.02063,-0.99200,0.12396,0.0153
1580974063.4169931,0.00909,0.02075,-0.99207,0.12372,0.0153
1580974063.4226189,0.00903,0.02075,-0.99207,0.12341,0.0153
1580974063.4280992,0.00903,0.02075,-0.99213,0.12317,0.0153
1580974063.435862,0.00897,0.02069,-0.99219,0.12286,0.0153
1580974063.4404988,0.00897,0.02063,-0.99219,0.12256,0.0153
1580974063.445237,0.00897,0.02057,-0.99225,0.12231,0.0153
1580974063.450003,0.00897,0.02039,-0.99231,0.12170,0.0153
1580974063.4566662,0.00903,0.02032,-0.99237,0.12146,0.0153
1580974063.463091,0.00909,0.02026,-0.99237,0.12115,0.0153
1580974063.468085,0.00916,0.02026,-0.99243,0.12085,0.0153
1580974063.473071,0.00928,0.02026,-0.99243,0.12054,0.0153
1580974063.4777331,0.00940,0.02026,-0.99249,0.12024,0.0153
1580974063.483114,0.00958,0.02039,-0.99255,0.11993,0.0153
1580974063.48882,0.00989,0.02063,-0.99261,0.11926,0.0153
1580974063.4944158,0.01007,0.02075,-0.99261,0.11896,0.0153
1580974063.49986,0.01025,0.02087,-0.99268,0.11865,0.0153
1580974063.5067189,0.01050,0.02106,-0.99268,0.11829,0.0153
1580974063.5120661,0.01068,0.02124,-0.99274,0.11792,0.0153
1580974063.516949,0.01080,0.02136,-0.99280,0.11761,0.0153
1580974063.522518,0.01099,0.02148,-0.99280,0.11731,0.0153
1580974063.52833,0.01117,0.02155,-0.99286,0.11700,0.0153
1580974063.535609,0.01135,0.02161,-0.99286,0.11670,0.0153
1580974063.539287,0.01172,0.02161,-0.99292,0.11609,0.0153
1580974063.5520031,0.01190,0.02155,-0.99298,0.11584,0.0153
1580974063.552022,0.01208,0.02142,-0.99298,0.11560,0.0153
1580974063.556585,0.01233,0.02136,-0.99304,0.11536,0.0153
1580974063.5619998,0.01257,0.02124,-0.99304,0.11511,0.0152
1580974063.567668,0.01282,0.02112,-0.99310,0.11487,0.0152
1580974063.572667,0.01318,0.02106,-0.99310,0.11462,0.0152
1580974063.578052,0.01349,0.02100,-0.99310,0.11444,0.0152
1580974063.5844438,0.01379,0.02094,-0.99316,0.11420,0.0152
1580974063.5896409,0.01440,0.02124,-0.99316,0.11383,0.0152
1580974063.595674,0.01471,0.02155,-0.99316,0.11359,0.0152
1580974063.601399,0.01495,0.02203,-0.99316,0.11340,0.0152
1580974063.606488,0.01514,0.02258,-0.99323,0.11322,0.0152
1580974063.614675,0.01538,0.02313,-0.99323,0.11304,0.0152
1580974063.61763,0.01581,0.02362,-0.99323,0.11285,0.0152
1580974063.6250749,0.01636,0.02399,-0.99323,0.11267,0.0152
1580974063.628812,0.01703,0.02411,-0.99323,0.11249,0.0152
1580974063.6350222,0.01849,0.02380,-0.99323,0.11212,0.0152
1580974063.642093,0.01923,0.02350,-0.99323,0.11194,0.0152
1580974063.646142,0.01978,0.02319,-0.99329,0.11182,0.0152
1580974063.652221,0.02032,0.02289,-0.99329,0.11163,0.0152
1580974063.6612291,0.02075,0.02258,-0.99329,0.11145,0.0152
1580974063.6630259,0.02112,0.02234,-0.99329,0.11133,0.0152
1580974063.668601,0.02142,0.02197,-0.99335,0.11121,0.0152
1580974063.673624,0.02173,0.02161,-0.99335,0.11108,0.0152
1580974063.6797938,0.02203,0.02118,-0.99335,0.11096,0.0152
1580974063.685218,0.02277,0.02008,-0.99341,0.11078,0.0152
1580974063.691055,0.02313,0.01941,-0.99341,0.11066,0.0152
1580974063.6996439,0.02350,0.01880,-0.99341,0.11047,0.0152
1580974063.703263,0.02380,0.01813,-0.99347,0.11035,0.0152
1580974063.7088299,0.02411,0.01740,-0.99347,0.11011,0.0152
1580974063.714014,0.02429,0.01678,-0.99353,0.10992,0.0152
1580974063.719388,0.02435,0.01569,-0.99359,0.10938,0.0152
1580974063.728398,0.02423,0.01514,-0.99359,0.10907,0.0152
1580974063.731424,0.02411,0.01459,-0.99365,0.10883,0.0152
1580974063.736982,0.02399,0.01404,-0.99371,0.10852,0.0152
1580974063.742986,0.02380,0.01349,-0.99377,0.10822,0.0152
1580974063.748117,0.02356,0.01276,-0.99377,0.10791,0.0152
1580974063.754295,0.02325,0.01208,-0.99384,0.10767,0.0152
1580974063.761863,0.02264,0.01068,-0.99396,0.10712,0.0152
1580974063.769713,0.02234,0.01007,-0.99396,0.10687,0.0152
1580974063.771691,0.02203,0.00946,-0.99402,0.10669,0.0152
1580974063.7771,0.02161,0.00879,-0.99402,0.10645,0.0152
1580974063.781955,0.02118,0.00824,-0.99408,0.10626,0.0152
1580974063.7874281,0.02075,0.00775,-0.99408,0.10608,0.0152
1580974063.794795,0.02032,0.00739,-0.99414,0.10596,0.0152
1580974063.79891,0.01984,0.00708,-0.99414,0.10583,0.0152
1580974063.8044548,0.01886,0.00677,-0.99420,0.10571,0.0152
1580974063.809498,0.01837,0.00671,-0.99420,0.10571,0.0152
1580974063.815422,0.01794,0.00677,-0.99420,0.10565,0.0152
1580974063.821155,0.01758,0.00684,-0.99420,0.10565,0.0152
1580974063.826474,0.01733,0.00702,-0.99420,0.10565,0.0152
1580974063.831965,0.01709,0.00732,-0.99426,0.10559,0.0152
1580974063.8375812,0.01697,0.00775,-0.99426,0.10559,0.0152
1580974063.8432472,0.01691,0.00836,-0.99426,0.10547,0.0152
1580974063.8509471,0.01697,0.00909,-0.99426,0.10541,0.0152
1580974063.8551831,0.01721,0.01099,-0.99426,0.10504,0.0152
1580974063.861103,0.01740,0.01208,-0.99426,0.10486,0.0152
1580974063.8803341,0.01770,0.01355,-0.99426,0.10455,0.0152
1580974063.880345,0.01801,0.01483,-0.99426,0.10431,0.0152
1580974063.8803499,0.01843,0.01636,-0.99426,0.10394,0.0152
1580974063.885207,0.01892,0.01813,-0.99426,0.10352,0.0152
1580974063.88866,0.01935,0.01965,-0.99426,0.10309,0.0152
1580974063.8962991,0.02026,0.02258,-0.99432,0.10217,0.0152
1580974063.901291,0.02081,0.02399,-0.99432,0.10168,0.0152
1580974063.9064808,0.02136,0.02527,-0.99432,0.10114,0.0152
1580974063.911386,0.02185,0.02643,-0.99432,0.10059,0.0152
1580974063.927199,0.02234,0.02728,-0.99432,0.10010,0.0152
1580974063.927208,0.02283,0.02802,-0.99438,0.09955,0.0152
1580974063.927818,0.02332,0.02869,-0.99438,0.09894,0.0152
1580974063.932968,0.02374,0.02905,-0.99445,0.09839,0.0152
1580974063.941631,0.02417,0.02930,-0.99451,0.09784,0.0152
1580974063.9478662,0.02484,0.02936,-0.99457,0.09680,0.0152
1580974063.955194,0.02515,0.02917,-0.99463,0.09637,0.0152
1580974063.956639,0.02539,0.02893,-0.99463,0.09589,0.0152
1580974063.962796,0.02563,0.02863,-0.99469,0.09552,0.0152
1580974063.96734,0.02582,0.02826,-0.99475,0.09509,0.0152
1580974063.972708,0.02600,0.02777,-0.99475,0.09467,0.0152
1580974063.978645,0.02612,0.02740,-0.99481,0.09442,0.0152
1580974063.9918468,0.02637,0.02655,-0.99487,0.09381,0.0152
1580974063.991859,0.02649,0.02606,-0.99493,0.09357,0.0152
1580974063.995167,0.02655,0.02570,-0.99493,0.09338,0.0152
1580974064.0011709,0.02661,0.02521,-0.99500,0.09314,0.0152
1580974064.007766,0.02667,0.02484,-0.99500,0.09302,0.0152
1580974064.0131562,0.02673,0.02448,-0.99500,0.09296,0.0152
1580974064.0174239,0.02679,0.02411,-0.99506,0.09283,0.0152
1580974064.022706,0.02679,0.02380,-0.99506,0.09277,0.0152
1580974064.03652,0.02673,0.02356,-0.99506,0.09271,0.0152
1580974064.0365272,0.02667,0.02332,-0.99506,0.09271,0.0152
1580974064.039371,0.02649,0.02301,-0.99506,0.09271,0.0152
1580974064.047982,0.02631,0.02289,-0.99506,0.09277,0.0152
1580974064.0545359,0.02612,0.02277,-0.99506,0.09283,0.0152
1580974064.057694,0.02594,0.02264,-0.99506,0.09296,0.0152
1580974064.06201,0.02570,0.02258,-0.99506,0.09308,0.0152
1580974064.0673869,0.02545,0.02252,-0.99506,0.09326,0.0152
1580974064.0841012,0.02515,0.02246,-0.99506,0.09344,0.0152
1580974064.084225,0.02484,0.02240,-0.99506,0.09369,0.0152
1580974064.084231,0.02411,0.02228,-0.99500,0.09424,0.0152
1580974064.0901592,0.02374,0.02222,-0.99500,0.09454,0.0152
1580974064.09626,0.02344,0.02216,-0.99500,0.09479,0.0152
1580974064.1027079,0.02313,0.02203,-0.99493,0.09515,0.0152
1580974064.107292,0.02295,0.02185,-0.99493,0.09546,0.0152
1580974064.112824,0.02271,0.02167,-0.99493,0.09576,0.0152
1580974064.118573,0.02258,0.02142,-0.99487,0.09607,0.0152
1580974064.125961,0.02246,0.02112,-0.99487,0.09637,0.0152
1580974064.1291971,0.02228,0.02087,-0.99487,0.09668,0.0152
1580974064.1346319,0.02197,0.02045,-0.99481,0.09723,0.0152
1580974064.141094,0.02167,0.02039,-0.99481,0.09747,0.0152
1580974064.146067,0.02136,0.02045,-0.99475,0.09772,0.0152
1580974064.151733,0.02087,0.02069,-0.99475,0.09796,0.0152
1580974064.159265,0.02032,0.02112,-0.99475,0.09821,0.0152
1580974064.1624541,0.01959,0.02173,-0.99469,0.09857,0.0152
1580974064.1677172,0.01892,0.02234,-0.99469,0.09882,0.0152
1580974064.173577,0.01819,0.02301,-0.99463,0.09918,0.0152
1580974064.186177,0.01715,0.02386,-0.99457,0.09985,0.0152
1580974064.186242,0.01666,0.02411,-0.99451,0.10022,0.0152
1580974064.19166,0.01630,0.02423,-0.99451,0.10052,0.0152
1580974064.196588,0.01593,0.02429,-0.99451,0.10083,0.0152
1580974064.205012,0.01550,0.02429,-0.99445,0.10114,0.0152
1580974064.2076192,0.01514,0.02423,-0.99445,0.10144,0.0152
1580974064.213347,0.01483,0.02411,-0.99438,0.10168,0.0152
1580974064.2188869,0.01447,0.02356,-0.99438,0.10217,0.0152
1580974064.226112,0.01447,0.02301,-0.99438,0.10248,0.0152
1580974064.230539,0.01453,0.02240,-0.99432,0.10278,0.0152
1580974064.236198,0.01465,0.02179,-0.99432,0.10303,0.0152
1580974064.241473,0.01483,0.02100,-0.99432,0.10327,0.0152
1580974064.2468858,0.01508,0.02020,-0.99432,0.10364,0.0152
1580974064.252637,0.01532,0.01929,-0.99426,0.10400,0.0152
1580974064.2588742,0.01556,0.01862,-0.99426,0.10437,0.0152
1580974064.266526,0.01575,0.01782,-0.99420,0.10474,0.0152
1580974064.2690492,0.01611,0.01648,-0.99414,0.10553,0.0152
1580974064.274386,0.01630,0.01587,-0.99414,0.10596,0.0152
1580974064.282867,0.01648,0.01514,-0.99408,0.10645,0.0152
1580974064.28626,0.01660,0.01447,-0.99402,0.10693,0.0152
1580974064.2914681,0.01678,0.01392,-0.99396,0.10736,0.0152
1580974064.300121,0.01691,0.01331,-0.99396,0.10785,0.0152
1580974064.303343,0.01709,0.01263,-0.99390,0.10840,0.0152
1580974064.3079522,0.01727,0.01202,-0.99384,0.10889,0.0153
1580974064.313786,0.01752,0.01141,-0.99377,0.10938,0.0153
1580974064.3228989,0.01794,0.01044,-0.99371,0.11029,0.0153
1580974064.3253791,0.01819,0.01007,-0.99365,0.11066,0.0153
1580974064.3319511,0.01843,0.00977,-0.99359,0.11115,0.0153
1580974064.336896,0.01862,0.00952,-0.99353,0.11145,0.0153
1580974064.342059,0.01886,0.00940,-0.99353,0.11188,0.0153
1580974064.347488,0.01910,0.00940,-0.99347,0.11224,0.0153
1580974064.3563159,0.01929,0.00952,-0.99341,0.11261,0.0153
1580974064.3593311,0.01947,0.00970,-0.99335,0.11285,0.0153
1580974064.36415,0.01984,0.01038,-0.99329,0.11346,0.0153
1580974064.370816,0.01996,0.01080,-0.99323,0.11371,0.0153
1580974064.375073,0.02008,0.01129,-0.99323,0.11389,0.0153
1580974064.3813162,0.02020,0.01202,-0.99316,0.11414,0.0153
1580974064.389032,0.02020,0.01288,-0.99316,0.11432,0.0153
1580974064.392035,0.02020,0.01373,-0.99310,0.11450,0.0153
1580974064.3977659,0.02014,0.01489,-0.99310,0.11462,0.0153
1580974064.403189,0.02002,0.01611,-0.99304,0.11475,0.0153
1580974064.4085782,0.01984,0.01758,-0.99304,0.11493,0.0153
1580974064.417254,0.01935,0.02063,-0.99292,0.11517,0.0153
1580974064.4279501,0.01898,0.02246,-0.99292,0.11530,0.0153
1580974064.427964,0.01862,0.02423,-0.99286,0.11542,0.0153
1580974064.431731,0.01831,0.02582,-0.99280,0.11554,0.0153
1580974064.437369,0.01788,0.02759,-0.99274,0.11560,0.0153
1580974064.442816,0.01746,0.02936,-0.99268,0.11572,0.0153
1580974064.449003,0.01703,0.03088,-0.99261,0.11584,0.0154
1580974064.4537752,0.01617,0.03345,-0.99255,0.11609,0.0154
1580974064.460261,0.01569,0.03455,-0.99249,0.11621,0.0154
1580974064.465339,0.01532,0.03534,-0.99249,0.11633,0.0154
1580974064.473566,0.01489,0.03601,-0.99243,0.11646,0.0154
1580974064.478034,0.01465,0.03638,-0.99243,0.11652,0.0154
1580974064.4822211,0.01434,0.03662,-0.99237,0.11664,0.0154
1580974064.487674,0.01404,0.03674,-0.99237,0.11676,0.0154
1580974064.495903,0.01379,0.03674,-0.99237,0.11688,0.0154
1580974064.499336,0.01355,0.03668,-0.99237,0.11694,0.0154
1580974064.504069,0.01337,0.03650,-0.99237,0.11707,0.0154
1580974064.5094998,0.01324,0.03625,-0.99237,0.11713,0.0154
1580974064.516613,0.01300,0.03564,-0.99237,0.11731,0.0155
1580974064.528073,0.01294,0.03528,-0.99237,0.11737,0.0155
1580974064.5281549,0.01288,0.03491,-0.99237,0.11737,0.0155
1580974064.532653,0.01288,0.03455,-0.99243,0.11737,0.0155
1580974064.5382059,0.01288,0.03412,-0.99243,0.11737,0.0155
1580974064.543468,0.01288,0.03375,-0.99243,0.11737,0.0155
1580974064.5504231,0.01306,0.03308,-0.99243,0.11731,0.0155
1580974064.55511,0.01312,0.03284,-0.99249,0.11725,0.0155
1580974064.560668,0.01331,0.03265,-0.99249,0.11719,0.0155
1580974064.566294,0.01343,0.03247,-0.99249,0.11707,0.0155
1580974064.5716321,0.01361,0.03241,-0.99249,0.11700,0.0155
1580974064.582759,0.01379,0.03241,-0.99249,0.11688,0.0155
1580974064.582766,0.01398,0.03247,-0.99255,0.11676,0.0155
1580974064.588469,0.01416,0.03259,-0.99255,0.11658,0.0155
1580974064.593895,0.01453,0.03290,-0.99255,0.11627,0.0155
1580974064.599787,0.01471,0.03314,-0.99255,0.11603,0.0155
1580974064.6082041,0.01489,0.03339,-0.99261,0.11584,0.0155
1580974064.610969,0.01501,0.03357,-0.99261,0.11560,0.0155
1580974064.616621,0.01514,0.03375,-0.99261,0.11536,0.0155
1580974064.6226392,0.01526,0.03387,-0.99268,0.11511,0.0155
1580974064.6318772,0.01538,0.03394,-0.99268,0.11487,0.0155
1580974064.63317,0.01544,0.03400,-0.99268,0.11462,0.0155
1580974064.638459,0.01569,0.03400,-0.99274,0.11414,0.0155
1580974064.6445189,0.01581,0.03400,-0.99280,0.11389,0.0155
1580974064.649384,0.01593,0.03400,-0.99280,0.11365,0.0155
1580974064.655382,0.01605,0.03406,-0.99286,0.11340,0.0156
1580974064.6614559,0.01624,0.03412,-0.99286,0.11316,0.0156
1580974064.668428,0.01636,0.03424,-0.99286,0.11292,0.0156
1580974064.6724281,0.01654,0.03442,-0.99292,0.11267,0.0156
1580974064.6814342,0.01666,0.03473,-0.99292,0.11243,0.0156
1580974064.684798,0.01678,0.03516,-0.99292,0.11218,0.0156
1580974064.690547,0.01691,0.03632,-0.99292,0.11176,0.0156
1580974064.695178,0.01691,0.03699,-0.99292,0.11157,0.0156
1580974064.708042,0.01697,0.03772,-0.99292,0.11139,0.0156
1580974064.708056,0.01709,0.03839,-0.99292,0.11121,0.0156
1580974064.713543,0.01740,0.03888,-0.99292,0.11108,0.0156
1580974064.717362,0.01776,0.03925,-0.99292,0.11096,0.0156
1580974064.723305,0.01813,0.03943,-0.99292,0.11084,0.0156
1580974064.735221,0.01898,0.03937,-0.99292,0.11060,0.0157
1580974064.73523,0.01929,0.03925,-0.99292,0.11053,0.0157
1580974064.7403011,0.01953,0.03906,-0.99292,0.11053,0.0157
1580974064.750486,0.01984,0.03876,-0.99292,0.11053,0.0157
1580974064.753781,0.02002,0.03851,-0.99292,0.11060,0.0157
1580974064.7579,0.02020,0.03815,-0.99292,0.11066,0.0157
1580974064.762669,0.02039,0.03772,-0.99292,0.11078,0.0157
1580974064.7680151,0.02063,0.03723,-0.99292,0.11090,0.0157
1580974064.776852,0.02081,0.03668,-0.99292,0.11102,0.0157
1580974064.779376,0.02118,0.03558,-0.99292,0.11139,0.0158
1580974064.788739,0.02136,0.03503,-0.99292,0.11157,0.0157
1580974064.794129,0.02142,0.03455,-0.99292,0.11169,0.0157
1580974064.797127,0.02142,0.03412,-0.99292,0.11182,0.0157
1580974064.8033412,0.02142,0.03375,-0.99292,0.11194,0.0157
1580974064.8074272,0.02130,0.03345,-0.99292,0.11200,0.0157
1580974064.8130932,0.02112,0.03320,-0.99292,0.11206,0.0158
1580974064.818458,0.02069,0.03278,-0.99292,0.11206,0.0158
1580974064.8331048,0.02045,0.03253,-0.99298,0.11206,0.0158
1580974064.8331141,0.02026,0.03223,-0.99298,0.11206,0.0158
1580974064.837749,0.02002,0.03186,-0.99298,0.11200,0.0158
1580974064.8411992,0.01978,0.03137,-0.99304,0.11200,0.0158
1580974064.847473,0.01953,0.03082,-0.99304,0.11194,0.0158
1580974064.852278,0.01923,0.03015,-0.99310,0.11188,0.0158
1580974064.8574898,0.01892,0.02948,-0.99310,0.11188,0.0158
1580974064.863904,0.01849,0.02869,-0.99310,0.11188,0.0158
1580974064.880373,0.01813,0.02795,-0.99316,0.11194,0.0158
1580974064.8803918,0.01727,0.02661,-0.99323,0.11200,0.0158
1580974064.880492,0.01678,0.02612,-0.99323,0.11200,0.0159
1580974064.886647,0.01630,0.02563,-0.99323,0.11212,0.0159
1580974064.891551,0.01587,0.02539,-0.99323,0.11218,0.0159
1580974064.904497,0.01538,0.02521,-0.99323,0.11230,0.0159
1580974064.904503,0.01495,0.02521,-0.99323,0.11243,0.0159
1580974064.909148,0.01447,0.02527,-0.99323,0.11261,0.0159
1580974064.913522,0.01379,0.02576,-0.99316,0.11292,0.0159
1580974064.91904,0.01355,0.02618,-0.99316,0.11304,0.0159
1580974064.9257998,0.01337,0.02661,-0.99310,0.11316,0.0159
1580974064.9311721,0.01331,0.02722,-0.99310,0.11322,0.0159
1580974064.937875,0.01331,0.02789,-0.99310,0.11328,0.0159
1580974064.942451,0.01343,0.02875,-0.99304,0.11334,0.0159
1580974064.947556,0.01355,0.02985,-0.99304,0.11334,0.0159
1580974064.95332,0.01373,0.03101,-0.99298,0.11328,0.0159
1580974064.958478,0.01428,0.03363,-0.99292,0.11304,0.0160
1580974064.964708,0.01459,0.03510,-0.99286,0.11285,0.0160
1580974064.977581,0.01489,0.03650,-0.99286,0.11267,0.0160
1580974064.978108,0.01526,0.03809,-0.99280,0.11243,0.0160
1580974064.981523,0.01556,0.03949,-0.99280,0.11218,0.0161
1580974064.988678,0.01593,0.04095,-0.99274,0.11194,0.0161
1580974064.992435,0.01636,0.04260,-0.99274,0.11157,0.0161
1580974064.998297,0.01666,0.04370,-0.99268,0.11133,0.0161
1580974065.003849,0.01733,0.04602,-0.99268,0.11060,0.0161
1580974065.00964,0.01764,0.04694,-0.99261,0.11023,0.0161
1580974065.015337,0.01788,0.04761,-0.99261,0.10992,0.0161
1580974065.026017,0.01819,0.04822,-0.99261,0.10956,0.0161
1580974065.028068,0.01837,0.04858,-0.99268,0.10925,0.0161
1580974065.0320199,0.01862,0.04883,-0.99268,0.10895,0.0162
1580974065.037097,0.01880,0.04895,-0.99268,0.10864,0.0162
1580974065.042515,0.01892,0.04889,-0.99274,0.10840,0.0162
1580974065.048383,0.01910,0.04877,-0.99274,0.10809,0.0162
1580974065.056826,0.01941,0.04822,-0.99280,0.10767,0.0162
1580974065.059934,0.01953,0.04785,-0.99286,0.10748,0.0163
1580974065.0677178,0.01971,0.04736,-0.99292,0.10730,0.0163
1580974065.071465,0.01984,0.04687,-0.99292,0.10718,0.0163
1580974065.0803032,0.02002,0.04639,-0.99298,0.10699,0.0163
1580974065.0843441,0.02014,0.04572,-0.99304,0.10687,0.0163
1580974065.088629,0.02026,0.04510,-0.99304,0.10675,0.0163
1580974065.094651,0.02045,0.04382,-0.99310,0.10663,0.0163
1580974065.100013,0.02057,0.04309,-0.99316,0.10657,0.0163
1580974065.105663,0.02063,0.04242,-0.99316,0.10657,0.0163
1580974065.113157,0.02063,0.04181,-0.99323,0.10657,0.0163
1580974065.11867,0.02063,0.04114,-0.99323,0.10663,0.0163
1580974065.122978,0.02063,0.04041,-0.99329,0.10663,0.0163
1580974065.129,0.02057,0.03973,-0.99329,0.10669,0.0163
1580974065.13376,0.02032,0.03864,-0.99329,0.10687,0.0163
1580974065.139573,0.02014,0.03802,-0.99335,0.10699,0.0164
1580974065.1455848,0.01990,0.03754,-0.99335,0.10712,0.0164
1580974065.1516218,0.01965,0.03705,-0.99335,0.10724,0.0164
1580974065.156503,0.01935,0.03656,-0.99335,0.10736,0.0164
1580974065.162101,0.01892,0.03601,-0.99335,0.10748,0.0164
1580974065.168044,0.01855,0.03552,-0.99341,0.10760,0.0164
1580974065.174276,0.01819,0.03497,-0.99341,0.10779,0.0164
1580974065.179302,0.01727,0.03387,-0.99341,0.10803,0.0164
1580974065.185246,0.01685,0.03333,-0.99341,0.10822,0.0164
1580974065.190849,0.01630,0.03271,-0.99347,0.10834,0.0164
1580974065.198292,0.01581,0.03217,-0.99347,0.10846,0.0165
1580974065.2046561,0.01532,0.03156,-0.99347,0.10858,0.0165
1580974065.207347,0.01477,0.03082,-0.99347,0.10870,0.0165
1580974065.212972,0.01428,0.03021,-0.99353,0.10883,0.0165
1580974065.2189848,0.01385,0.02954,-0.99353,0.10889,0.0165
1580974065.224434,0.01294,0.02832,-0.99359,0.10889,0.0165
1580974065.230291,0.01245,0.02765,-0.99359,0.10889,0.0166
1580974065.2390091,0.01202,0.02716,-0.99359,0.10889,0.0166
1580974065.241672,0.01141,0.02667,-0.99365,0.10889,0.0166
1580974065.24705,0.01074,0.02631,-0.99365,0.10889,0.0166
1580974065.253619,0.00983,0.02612,-0.99365,0.10883,0.0166
1580974065.260986,0.00897,0.02606,-0.99365,0.10889,0.0166
1580974065.2634199,0.00665,0.02618,-0.99365,0.10901,0.0166
1580974065.26895,0.00549,0.02625,-0.99365,0.10913,0.0166
1580974065.275102,0.00458,0.02612,-0.99365,0.10925,0.0166
1580974065.281187,0.00354,0.02588,-0.99365,0.10938,0.0166
1580974065.28594,0.00262,0.02557,-0.99365,0.10956,0.0166
1580974065.292233,0.00165,0.02509,-0.99365,0.10974,0.0166
1580974065.2970262,0.00067,0.02460,-0.99365,0.10992,0.0166
1580974065.302368,-0.00043,0.02405,-0.99365,0.11011,0.0166
1580974065.309126,-0.00146,0.02350,-0.99359,0.11029,0.0166
1580974065.313792,-0.00323,0.02228,-0.99359,0.11066,0.0167
1580974065.320617,-0.00397,0.02148,-0.99359,0.11084,0.0167
1580974065.326209,-0.00452,0.02063,-0.99359,0.11102,0.0167
1580974065.331885,-0.00488,0.01947,-0.99359,0.11121,0.0167
1580974065.336967,-0.00507,0.01849,-0.99359,0.11139,0.0167
1580974065.34238,-0.00513,0.01721,-0.99359,0.11157,0.0167
1580974065.349243,-0.00507,0.01599,-0.99359,0.11182,0.0167
1580974065.355723,-0.00470,0.01361,-0.99359,0.11224,0.0167
1580974065.359552,-0.00446,0.01233,-0.99359,0.11249,0.0167
1580974065.366037,-0.00415,0.01129,-0.99353,0.11273,0.0167
1580974065.371669,-0.00378,0.01019,-0.99353,0.11304,0.0167
1580974065.377739,-0.00342,0.00928,-0.99353,0.11334,0.0168
1580974065.382337,-0.00305,0.00836,-0.99347,0.11377,0.0168
1580974065.3888571,-0.00262,0.00745,-0.99341,0.11420,0.0168
1580974065.39418,-0.00220,0.00659,-0.99341,0.11462,0.0168
1580974065.400269,-0.00134,0.00525,-0.99329,0.11560,0.0168
1580974065.4062269,-0.00085,0.00464,-0.99323,0.11615,0.0168
1580974065.410382,-0.00031,0.00409,-0.99316,0.11676,0.0168
1580974065.414934,0.00018,0.00372,-0.99310,0.11725,0.0168
1580974065.4222112,0.00073,0.00336,-0.99304,0.11786,0.0168
1580974065.4288409,0.00128,0.00305,-0.99298,0.11841,0.0168
1580974065.432203,0.00177,0.00299,-0.99292,0.11890,0.0169
1580974065.4378262,0.00232,0.00293,-0.99286,0.11945,0.0169
1580974065.4439092,0.00293,0.00305,-0.99274,0.12006,0.0169
1580974065.447652,0.00342,0.00323,-0.99268,0.12061,0.0169
1580974065.4552891,0.00391,0.00360,-0.99261,0.12109,0.0169
1580974065.4600902,0.00482,0.00458,-0.99249,0.12219,0.0169
1580974065.465058,0.00513,0.00519,-0.99243,0.12268,0.0169
1580974065.472853,0.00543,0.00586,-0.99237,0.12317,0.0169
1580974065.476626,0.00562,0.00659,-0.99231,0.12366,0.0169
1580974065.481667,0.00580,0.00745,-0.99225,0.12415,0.0169
1580974065.489425,0.00592,0.00848,-0.99213,0.12463,0.0169
1580974065.492525,0.00598,0.00946,-0.99207,0.12506,0.0169
1580974065.499805,0.00592,0.01068,-0.99200,0.12561,0.0169
1580974065.5039291,0.00562,0.01337,-0.99182,0.12659,0.0170
1580974065.508538,0.00531,0.01483,-0.99176,0.12701,0.0170
1580974065.514518,0.00500,0.01630,-0.99170,0.12744,0.0170
1580974065.521616,0.00464,0.01801,-0.99164,0.12793,0.0170
1580974065.5260549,0.00427,0.01953,-0.99152,0.12836,0.0170
1580974065.5313542,0.00385,0.02130,-0.99146,0.12878,0.0170
1580974065.536721,0.00336,0.02301,-0.99133,0.12921,0.0170
1580974065.5443358,0.00287,0.02484,-0.99121,0.12970,0.0170
1580974065.5503092,0.00238,0.02661,-0.99115,0.13013,0.0170
1580974065.554579,0.00189,0.02814,-0.99103,0.13049,0.0170
1580974065.559996,0.00098,0.03088,-0.99091,0.13116,0.0170
1580974065.5652092,0.00055,0.03210,-0.99078,0.13153,0.0170
1580974065.5715451,0.00012,0.03314,-0.99072,0.13184,0.0171
1580974065.5789208,-0.00018,0.03400,-0.99066,0.13214,0.0171
1580974065.582154,-0.00055,0.03467,-0.99060,0.13239,0.0171
1580974065.588232,-0.00092,0.03534,-0.99054,0.13269,0.0171
1580974065.595547,-0.00122,0.03577,-0.99048,0.13293,0.0171
1580974065.598902,-0.00177,0.03619,-0.99042,0.13336,0.0171
1580974065.604542,-0.00208,0.03625,-0.99036,0.13354,0.0172
1580974065.610755,-0.00232,0.03625,-0.99036,0.13379,0.0171
1580974065.616997,-0.00250,0.03619,-0.99030,0.13397,0.0171
1580974065.622282,-0.00275,0.03601,-0.99030,0.13409,0.0172
1580974065.627695,-0.00299,0.03571,-0.99030,0.13422,0.0172
1580974065.6332889,-0.00323,0.03546,-0.99030,0.13434,0.0172
1580974065.6385548,-0.00354,0.03467,-0.99030,0.13452,0.0172
1580974065.653439,-0.00366,0.03430,-0.99030,0.13464,0.0172
1580974065.6534479,-0.00378,0.03387,-0.99030,0.13464,0.0172
1580974065.6570098,-0.00385,0.03339,-0.99030,0.13470,0.0172
1580974065.662751,-0.00385,0.03290,-0.99036,0.13470,0.0172
1580974065.6667259,-0.00385,0.03241,-0.99036,0.13470,0.0172
1580974065.673682,-0.00378,0.03192,-0.99036,0.13470,0.0172
1580974065.6780741,-0.00360,0.03107,-0.99042,0.13452,0.0173
1580974065.68359,-0.00342,0.03070,-0.99042,0.13446,0.0173
1580974065.688874,-0.00323,0.03046,-0.99048,0.13434,0.0173
1580974065.694859,-0.00311,0.03027,-0.99048,0.13422,0.0173
1580974065.701482,-0.00287,0.03015,-0.99054,0.13403,0.0173
1580974065.706503,-0.00269,0.03021,-0.99054,0.13391,0.0173
1580974065.711776,-0.00250,0.03033,-0.99054,0.13373,0.0173
1580974065.7173991,-0.00238,0.03052,-0.99054,0.13354,0.0174
1580974065.722091,-0.00220,0.03076,-0.99060,0.13336,0.0174
1580974065.728035,-0.00201,0.03101,-0.99060,0.13318,0.0174
1580974065.733897,-0.00171,0.03168,-0.99060,0.13287,0.0174
1580974065.739983,-0.00146,0.03210,-0.99066,0.13269,0.0174
1580974065.7457721,-0.00128,0.03253,-0.99066,0.13251,0.0174
1580974065.7527208,-0.00110,0.03296,-0.99066,0.13239,0.0174
1580974065.756751,-0.00092,0.03351,-0.99066,0.13220,0.0174
1580974065.762038,-0.00067,0.03412,-0.99066,0.13208,0.0174
1580974065.767373,-0.00049,0.03473,-0.99066,0.13190,0.0174
1580974065.773171,-0.00031,0.03540,-0.99066,0.13177,0.0174
1580974065.783757,0.00006,0.03693,-0.99060,0.13159,0.0174
1580974065.784447,0.00024,0.03790,-0.99060,0.13147,0.0174
1580974065.790402,0.00037,0.03894,-0.99054,0.13141,0.0174
1580974065.7959979,0.00043,0.04004,-0.99054,0.13135,0.0174
1580974065.8014789,0.00049,0.04138,-0.99048,0.13135,0.0174
1580974065.807133,0.00055,0.04303,-0.99042,0.13135,0.0174
1580974065.813496,0.00061,0.04449,-0.99036,0.13135,0.0174
1580974065.818296,0.00079,0.04614,-0.99023,0.13141,0.0174
1580974065.8240309,0.00146,0.04901,-0.99011,0.13153,0.0175
1580974065.829907,0.00195,0.05029,-0.99005,0.13159,0.0175
1580974065.8360739,0.00250,0.05170,-0.98993,0.13165,0.0175
1580974065.842567,0.00305,0.05298,-0.98987,0.13171,0.0175
1580974065.8464708,0.00366,0.05444,-0.98975,0.13177,0.0175
1580974065.853009,0.00427,0.05603,-0.98969,0.13184,0.0175
1580974065.8574028,0.00476,0.05750,-0.98956,0.13196,0.0175
1580974065.8634748,0.00525,0.05920,-0.98944,0.13196,0.0175
1580974065.8685608,0.00616,0.06256,-0.98926,0.13208,0.0175
1580974065.8744478,0.00659,0.06403,-0.98914,0.13208,0.0175
1580974065.882623,0.00708,0.06586,-0.98901,0.13208,0.0175
1580974065.886386,0.00745,0.06738,-0.98889,0.13208,0.0175
1580974065.894251,0.00775,0.06854,-0.98883,0.13208,0.0176
1580974065.898397,0.00806,0.06982,-0.98877,0.13208,0.0176
1580974065.902572,0.00836,0.07074,-0.98871,0.13202,0.0176
1580974065.908187,0.00861,0.07147,-0.98865,0.13196,0.0176
1580974065.914419,0.00903,0.07208,-0.98859,0.13184,0.0176
1580974065.921321,0.00909,0.07208,-0.98865,0.13171,0.0176
1580974065.9264681,0.00916,0.07184,-0.98865,0.13159,0.0176
1580974065.931641,0.00909,0.07147,-0.98871,0.13153,0.0177
1580974065.937373,0.00897,0.07086,-0.98877,0.13141,0.0177
1580974065.9423978,0.00885,0.07013,-0.98883,0.13129,0.0177
1580974065.949354,0.00861,0.06934,-0.98889,0.13116,0.0177
1580974065.956256,0.00818,0.06744,-0.98907,0.13104,0.0177
1580974065.96427,0.00787,0.06622,-0.98914,0.13098,0.0177
1580974065.9656372,0.00751,0.06506,-0.98920,0.13098,0.0177
1580974065.970966,0.00714,0.06396,-0.98932,0.13098,0.0177
1580974065.9783528,0.00665,0.06274,-0.98938,0.13104,0.0177
1580974065.98258,0.00604,0.06140,-0.98944,0.13110,0.0177
1580974065.988023,0.00549,0.06018,-0.98950,0.13123,0.0177
1580974065.993202,0.00415,0.05786,-0.98962,0.13165,0.0177
1580974065.999468,0.00336,0.05676,-0.98962,0.13196,0.0178
1580974066.004989,0.00256,0.05591,-0.98962,0.13226,0.0178
1580974066.015998,0.00159,0.05511,-0.98962,0.13263,0.0178
1580974066.016008,0.00079,0.05463,-0.98962,0.13300,0.0178
1580974066.0232298,-0.00012,0.05420,-0.98956,0.13342,0.0178
1580974066.0299368,-0.00110,0.05389,-0.98950,0.13391,0.0178
1580974066.032696,-0.00195,0.05377,-0.98944,0.13440,0.0178
1580974066.039037,-0.00348,0.05389,-0.98932,0.13544,0.0178
1580974066.0444539,-0.00403,0.05420,-0.98926,0.13593,0.0178
1580974066.051857,-0.00458,0.05469,-0.98914,0.13647,0.0178
1580974066.0575209,-0.00494,0.05530,-0.98901,0.13690,0.0178
1580974066.0614378,-0.00519,0.05621,-0.98889,0.13739,0.0178
1580974066.0673459,-0.00543,0.05750,-0.98877,0.13788,0.0178
1580974066.072303,-0.00549,0.05878,-0.98865,0.13824,0.0179
1580974066.079802,-0.00555,0.06036,-0.98846,0.13867,0.0179
1580974066.084865,-0.00531,0.06390,-0.98816,0.13934,0.0179
1580974066.090135,-0.00507,0.06580,-0.98798,0.13965,0.0179
1580974066.0953112,-0.00482,0.06763,-0.98785,0.13989,0.0179
1580974066.100986,-0.00452,0.06958,-0.98767,0.14008,0.0180
1580974066.106585,-0.00415,0.07141,-0.98755,0.14026,0.0180
1580974066.1120799,-0.00372,0.07336,-0.98737,0.14044,0.0180
1580974066.118657,-0.00336,0.07489,-0.98724,0.14056,0.0180
1580974066.123497,-0.00244,0.07770,-0.98700,0.14075,0.0180
1580974066.128701,-0.00201,0.07880,-0.98688,0.14081,0.0180
1580974066.1356502,-0.00159,0.07953,-0.98682,0.14081,0.0180
1580974066.140434,-0.00110,0.08020,-0.98676,0.14087,0.0180
1580974066.14665,-0.00061,0.08057,-0.98676,0.14093,0.0180
1580974066.1515079,-0.00018,0.08075,-0.98669,0.14093,0.0181
1580974066.158381,0.00037,0.08075,-0.98669,0.14093,0.0181
1580974066.1653981,0.00085,0.08063,-0.98676,0.14093,0.0181
1580974066.1685498,0.00134,0.08032,-0.98676,0.14099,0.0181
1580974066.175818,0.00220,0.07941,-0.98682,0.14099,0.0181
1580974066.179271,0.00269,0.07880,-0.98688,0.14099,0.0181
1580974066.1857338,0.00311,0.07813,-0.98694,0.14093,0.0181
1580974066.19102,0.00354,0.07733,-0.98700,0.14093,0.0181
1580974066.1970031,0.00391,0.07666,-0.98706,0.14093,0.0181
1580974066.203546,0.00433,0.07581,-0.98712,0.14093,0.0181
1580974066.215622,0.00470,0.07507,-0.98718,0.14099,0.0181
1580974066.215632,0.00531,0.07349,-0.98724,0.14105,0.0181
1580974066.218891,0.00562,0.07269,-0.98730,0.14105,0.0181
1580974066.2278259,0.00580,0.07208,-0.98737,0.14111,0.0181
1580974066.231544,0.00598,0.07141,-0.98737,0.14117,0.0181
1580974066.237768,0.00610,0.07086,-0.98743,0.14130,0.0182
1580974066.247079,0.00623,0.07037,-0.98743,0.14142,0.0182
1580974066.247334,0.00629,0.06989,-0.98743,0.14154,0.0182
1580974066.2533429,0.00629,0.06952,-0.98743,0.14178,0.0182
1580974066.258999,0.00610,0.06897,-0.98743,0.14227,0.0182
1580974066.264212,0.00598,0.06873,-0.98737,0.14258,0.0182
1580974066.2694242,0.00580,0.06860,-0.98737,0.14288,0.0182
1580974066.281163,0.00562,0.06842,-0.98730,0.14325,0.0183
1580974066.281179,0.00537,0.06824,-0.98724,0.14362,0.0183
1580974066.2876658,0.00519,0.06799,-0.98724,0.14404,0.0183
1580974066.306544,0.00494,0.06775,-0.98718,0.14453,0.0183
1580974066.3065548,0.00476,0.06744,-0.98712,0.14496,0.0183
1580974066.306561,0.00446,0.06671,-0.98700,0.14600,0.0183
1580974066.3091671,0.00433,0.06628,-0.98700,0.14648,0.0183
1580974066.324057,0.00421,0.06586,-0.98694,0.14697,0.0183
1580974066.324405,0.00415,0.06531,-0.98688,0.14740,0.0183
1580974066.326068,0.00403,0.06488,-0.98688,0.14783,0.0183
1580974066.3316522,0.00397,0.06439,-0.98688,0.14819,0.0183
1580974066.353484,0.00385,0.06390,-0.98682,0.14856,0.0183
1580974066.353497,0.00366,0.06354,-0.98682,0.14893,0.0183
1580974066.353503,0.00342,0.06317,-0.98676,0.14929,0.0183
1580974066.353508,0.00299,0.06238,-0.98676,0.14972,0.0183
1580974066.359118,0.00281,0.06189,-0.98676,0.14990,0.0183
1580974066.371198,0.00275,0.06122,-0.98676,0.15002,0.0183
1580974066.371212,0.00281,0.06036,-0.98682,0.15009,0.0183
1580974066.3760798,0.00287,0.05963,-0.98688,0.15002,0.0183
1580974066.3837261,0.00299,0.05872,-0.98694,0.14984,0.0183
1580974066.387519,0.00305,0.05792,-0.98706,0.14960,0.0183
1580974066.393022,0.00317,0.05707,-0.98712,0.14923,0.0183
1580974066.3980842,0.00372,0.05566,-0.98737,0.14819,0.0183
1580974066.403444,0.00421,0.05499,-0.98755,0.14746,0.0184
1580974066.4111428,0.00482,0.05432,-0.98767,0.14667,0.0184
1580974066.414484,0.00562,0.05359,-0.98785,0.14569,0.0184
1580974066.421708,0.00647,0.05286,-0.98804,0.14459,0.0184
1580974066.4255319,0.00745,0.05200,-0.98828,0.14343,0.0184
1580974066.431214,0.00854,0.05115,-0.98853,0.14203,0.0184
1580974066.436467,0.00977,0.05011,-0.98877,0.14050,0.0184
1580974066.4450948,0.01111,0.04901,-0.98901,0.13885,0.0184
1580974066.4475899,0.01257,0.04773,-0.98932,0.13696,0.0184
1580974066.4529889,0.01538,0.04510,-0.98993,0.13330,0.0184
1580974066.459821,0.01703,0.04346,-0.99030,0.13098,0.0184
1580974066.4649642,0.01849,0.04199,-0.99060,0.12891,0.0185
1580974066.469516,0.01996,0.04041,-0.99091,0.12671,0.0185
1580974066.475029,0.02136,0.03888,-0.99121,0.12457,0.0185
1580974066.4804301,0.02289,0.03723,-0.99152,0.12225,0.0185
1580974066.486132,0.02441,0.03552,-0.99188,0.11963,0.0185
1580974066.491494,0.02588,0.03387,-0.99219,0.11713,0.0186
1580974066.497144,0.02734,0.03223,-0.99249,0.11462,0.0186
1580974066.502835,0.02893,0.03046,-0.99286,0.11169,0.0186
1580974066.509008,0.03156,0.02740,-0.99347,0.10638,0.0186
1580974066.5138822,0.03302,0.02582,-0.99377,0.10333,0.0187
1580974066.520289,0.03442,0.02435,-0.99408,0.10028,0.0187
1580974066.524976,0.03571,0.02301,-0.99438,0.09717,0.0187
1580974066.530945,0.03680,0.02179,-0.99463,0.09430,0.0187
1580974066.53702,0.03790,0.02057,-0.99493,0.09113,0.0187
1580974066.5430112,0.03906,0.01935,-0.99518,0.08752,0.0188
1580974066.547246,0.03998,0.01831,-0.99548,0.08435,0.0188
1580974066.5522408,0.04095,0.01715,-0.99573,0.08063,0.0188
1580974066.55811,0.04169,0.01617,-0.99597,0.07745,0.0188
1580974066.56429,0.04303,0.01404,-0.99652,0.06989,0.0188
1580974066.570156,0.04358,0.01282,-0.99683,0.06567,0.0188
1580974066.577173,0.04395,0.01184,-0.99701,0.06201,0.0188
1580974066.582387,0.04419,0.01080,-0.99725,0.05798,0.0188
1580974066.5868008,0.04437,0.00958,-0.99756,0.05334,0.0189
1580974066.592045,0.04443,0.00848,-0.99780,0.04889,0.0189
1580974066.59807,0.04443,0.00745,-0.99799,0.04468,0.0189
1580974066.604519,0.04407,0.00519,-0.99841,0.03522,0.0189
1580974066.609578,0.04376,0.00409,-0.99860,0.03052,0.0189
1580974066.614923,0.04340,0.00305,-0.99872,0.02606,0.0190
1580974066.621142,0.04297,0.00189,-0.99884,0.02087,0.0190
1580974066.626037,0.04254,0.00073,-0.99896,0.01569,0.0190
1580974066.6327329,0.04205,-0.00043,-0.99908,0.01044,0.0192
1580974066.637397,0.04156,-0.00165,-0.99915,0.00507,0.0192
1580974066.6422558,-0.04095,0.00293,0.99915,0.00098,0.0192
1580974066.649248,-0.04041,0.00421,0.99915,0.00677,0.0192
1580974066.654049,-0.03931,0.00653,0.99902,0.01807,0.0193
1580974066.661636,-0.03870,0.00781,0.99890,0.02448,0.0193
1580974066.665698,-0.03802,0.00903,0.99878,0.03107,0.0194
1580974066.671498,-0.03754,0.01001,0.99860,0.03638,0.0194
1580974066.676453,-0.03680,0.01123,0.99829,0.04352,0.0194
1580974066.682719,-0.03619,0.01227,0.99799,0.05011,0.0194
1580974066.688614,-0.03558,0.01324,0.99768,0.05670,0.0195
1580974066.6942148,-0.03448,0.01495,0.99683,0.07007,0.0195
1580974066.700713,-0.03394,0.01581,0.99628,0.07770,0.0195
1580974066.706175,-0.03345,0.01648,0.99567,0.08484,0.0196
1580974066.7106931,-0.03308,0.01709,0.99506,0.09235,0.0197
1580974066.716206,-0.03284,0.01752,0.99438,0.09900,0.0197
1580974066.7221959,-0.03265,0.01794,0.99353,0.10724,0.0197
1580974066.726968,-0.03259,0.01813,0.99274,0.11438,0.0197
1580974066.73293,-0.03265,0.01825,0.99170,0.12280,0.0198
1580974066.739174,-0.03314,0.01794,0.98956,0.13916,0.0199
1580974066.744321,-0.03351,0.01764,0.98828,0.14777,0.0199
