,subject_num,posture,cursor_type,repetition,target_num,wide,mean_offset,std_offset,overall_mean_offset,overall_std_offset,initial_contact_time,target_in_count,target_in_total_time,target_in_mean_time,mean_offset_horizontal,mean_offset_vertical,std_offset_horizontal,std_offset_vertical,mean_abs_offset_horizontal,mean_abs_offset_vertical,std_abs_offset_horizontal,std_abs_offset_vertical,longest_dwell_time,movement_length,entering_position,walking_speed,error
0,13,STAND,HEAD,4,0,SMALL,3.6281063706322145,2.1013410595592954,5.740099725049124,4.227453869912568,1.7500700000000506,2.0,0.46649666666673206,0.23324833333336603,-1.266918134345736,-2.432200740663515,0.7100440186844321,3.095671363444029,1.2696374496586433,3.2668380604374048,0.705144718960921,2.1913249340244674,0.43316333333339874,13.41699265439221,"(-0.12627042853033288, -1.469190163008392)",0.021399809271484854,
1,13,STAND,HEAD,4,1,SMALL,4.794402446624899,2.588505777740572,6.741457372314639,4.108900012092475,1.9006299999998646,2.0,0.5807566666665631,0.29037833333328156,-1.5170239146978657,-4.251238361154459,0.6452589463844696,2.984822794899941,1.541702901045224,4.290209819663309,0.583514911112349,2.9282425982945113,0.3629233333333862,13.59306306083693,"(-0.7788317024597404, -1.232422959962193)",0.017099741691893555,
2,13,STAND,HEAD,4,2,SMALL,0.5720890201138306,0.3383550941569945,8.511379773738147,5.21679030152729,2.2001900000000205,1.0,0.5334533333332577,0.5334533333332577,0.3018813189662008,-0.014697756083492663,0.3181616872098831,0.5070102422692205,0.3018813189662008,0.4301714187733992,0.3181616872098831,0.2570348473529286,0.5334533333332577,14.726154004061351,"(-1.0646934120653953, 0.9524114278333968)",0.018791029797835066,
3,13,STAND,HEAD,4,3,SMALL,,,,,,,,,,,,,,,,,,,,,"('no success frames', 0)"
4,13,STAND,HEAD,4,4,SMALL,0.6852146659787917,0.30789812471019185,8.511808788087679,4.125873659829851,3.566100000000006,1.0,0.43348333333327294,0.43348333333327294,0.4199231642041518,0.5354314545077039,0.11982071438828833,0.2957743843617597,0.4199231642041518,0.5354314545077039,0.11982071438828833,0.2957743843617597,0.43348333333327294,14.80982271689239,"(-0.6348012795910449, 1.1617617712507382)",0.013346467148610432,
5,13,STAND,HEAD,4,5,SMALL,1.4622149749313103,0.46111402855473016,5.356670261125942,4.441486844589492,2.5983699999999317,3.0,1.2993400000001203,0.43311333333337343,-0.03911733186413367,-0.1765344411897059,0.6236189413941161,1.3939653780929175,0.5509483132179754,1.2694631508550311,0.2913301907207421,0.5934908404118447,0.4827933333333779,19.815470956476602,"(1.4806780900806729, 0.02098042114010923)",0.017025168265904184,
6,13,STAND,HEAD,4,6,SMALL,0.5447646424133944,0.44902475560846244,7.549560978034266,5.043221928566441,2.46521000000007,1.0,0.4696133333332303,0.4696133333332303,-0.18891966378015995,0.4785486521850412,0.1521875361314584,0.4601789589684616,0.18891966378015995,0.5091346387767751,0.1521875361314584,0.42472757323259597,0.4696133333332303,14.57321773710656,"(0.49752060524531316, 1.3235232134003923)",0.014270751849936852,
7,13,STAND,HEAD,4,7,SMALL,0.8006394557335491,0.425994883937808,8.79312137302007,4.300719798015743,5.184929999999895,1.0,0.43482333333330037,0.43482333333330037,0.13961224664363953,0.7427437637327858,0.2888720076207046,0.4132786593720696,0.25754825113994,0.7427437637327858,0.18616086531262244,0.4132786593720696,0.43482333333330037,27.66137595202444,"(-0.6405037451516904, 1.3396544136956123)",0.018529241258347907,
8,13,STAND,HEAD,4,8,SMALL,1.5298234640482353,0.5349775735969505,3.535568316136793,3.7633407438535342,1.9298700000000508,4.0,1.7510333333333468,0.4377583333333367,0.918364759685617,-0.7101302523615113,0.6556557131985574,0.9239244072848743,0.9881544910224903,1.0264808550499707,0.5442492015970386,0.5492641924736557,0.7332833333333914,15.377627486288254,"(1.3858999190668442, 0.26591220097988355)",0.016023465022452006,
9,13,WALK,HEAD,4,0,SMALL,,,,,,,,,,,,,,,,,,,,,"('no success frames', 0)"
10,13,WALK,HEAD,4,1,SMALL,,,,,,,,,,,,,,,,,,,,,"('no success frames', 0)"
11,13,WALK,HEAD,4,2,SMALL,12.715608949794051,7.009818084341713,12.443415741170293,7.097663389110808,1.1860039999999685,2.0,0.2818766666666799,0.14093833333333994,-11.143093767209029,1.3983866159791862,9.162647298273036,0.9494349748811866,12.530465752381032,1.433736657166847,7.139092975981828,0.8949155886576693,0.19782333333333402,27.597900880297274,"(0.9769520824773252, 0.9472474443235086)",0.6168002919911073,
12,13,WALK,HEAD,4,3,SMALL,5.789603057681102,4.719733392179429,9.807973472616927,3.6394959360246038,4.199364000000003,1.0,0.28546933333334057,0.28546933333334057,-5.284467052479983,1.5027220577169602,5.05400719386704,0.3716545066552998,5.338950611355262,1.5027220577169602,4.995210580867691,0.3716545066552998,0.28546933333334057,73.19694976188805,"(0.8547337833231801, 1.0326846715189646)",0.5608544496747283,
13,13,WALK,HEAD,4,4,SMALL,,,,,,,,,,,,,,,,,,,,,"('no success frames', 0)"
14,13,WALK,HEAD,4,5,SMALL,,,,,,,,,,,,,,,,,,,,,"('no success frames', 0)"
15,13,WALK,HEAD,4,6,SMALL,,,,,,,,,,,,,,,,,,,,,"('no success frames', 0)"
16,13,WALK,HEAD,4,7,SMALL,12.197105256650868,4.070524140832738,10.809917499515489,5.4233233232555,2.6319159999999897,1.0,0.1003333333333406,0.1003333333333406,-12.102880956197202,0.9256142384016793,4.215396822893509,0.492591324352781,12.122812192822302,0.9256142384016793,4.157318594700172,0.492591324352781,0.1003333333333406,28.295898930541842,"(-0.9428621620927942, 0.6443649324599363)",0.5814005818833184,
17,13,WALK,HEAD,4,8,SMALL,,,,,,,,,,,,,,,,,,,,,"('no success frames', 0)"
18,13,STAND,HEAD,5,0,LARGE,0.5964614229038903,0.41455974055688594,10.145650273058692,9.188775062674107,4.599740000000111,1.0,0.4848633333333813,0.4848633333333813,-0.5301028456882031,0.22047617875051426,0.35959691024760476,0.2639426482386055,0.5323649349403407,0.24489444016952636,0.3561144846963819,0.24058534499194736,0.4848633333333813,42.196416128810405,"(1.1717221786543206, 0.8204192575640121)",0.018320168885880544,
19,13,STAND,HEAD,5,1,LARGE,2.9880219987047063,1.3712460499799555,7.113301963658786,6.878793575783159,1.6833500000000186,2.0,0.547576666666661,0.2737883333333305,-1.2318634604536862,0.9191632956048211,2.258155308790835,1.8388457320240903,2.0546691719031256,1.7069863122246092,1.543026110858294,1.1408682516662545,0.4324533333333723,22.770828954058818,"(-0.9495886748357592, 0.9988703224420306)",0.026278405046688165,
20,13,STAND,HEAD,5,2,LARGE,0.8937238447231095,0.16871984429990441,11.853173074400232,9.177814626388797,4.599969999999985,1.0,0.3488933333333383,0.3488933333333383,0.7575075738350652,-0.06723259223245819,0.04155316020393157,0.5086691608622003,0.7575075738350652,0.42083848583695344,0.04155316020393157,0.2776258173729498,0.3488933333333383,44.755877934822905,"(-0.8414183501845827, -1.0495293890385682)",0.017390798508434287,
21,13,STAND,HEAD,5,3,LARGE,1.1323612803461545,0.43574718263545054,11.74582096852132,11.901488475418189,2.801529999999957,3.0,1.9991699999999129,0.666389999999971,-0.4576363621243384,-0.7280778060807251,0.7048701798576491,0.48906264565691376,0.7236155844796566,0.8019126411272067,0.42504701109702464,0.35426078057332283,1.0,31.257089623877036,"(-0.5443315552674619, 1.2813799748675763)",0.020265231546054308,
22,13,STAND,HEAD,5,4,LARGE,,,,,,,,,,,,,,,,,,,,,"('no success frames', 0)"
23,13,STAND,HEAD,5,5,LARGE,0.5756561897066641,0.40018944027326414,13.48285440869152,10.562302792205344,2.784180000000106,1.0,0.4815733333332749,0.4815733333332749,-0.29259647657630034,0.29081907198849677,0.24632166594361768,0.5163708966719389,0.3014873149715542,0.46978494801487564,0.23494006489508576,0.3542247542497836,0.4815733333332749,25.697577062739406,"(0.7171832321899814, 1.2098759115284423)",0.016809794635668746,
24,13,STAND,HEAD,5,6,LARGE,2.640807349914884,2.304080758996345,10.393613917173926,10.195675130872083,2.567260000000033,1.0,1.4163833333332454,1.4163833333332454,-0.6435342467176914,1.787127362880025,0.9002174864456627,2.8084715889933283,1.0460877485081188,2.2124611793339537,0.35431270225849126,2.4848783204738303,1.0,27.69947522758396,"(-0.561600443662087, 1.3336157699891942)",0.022626396190127646,
25,13,STAND,HEAD,5,7,LARGE,1.2062415897398135,0.2199362030993898,12.535084826192815,10.310294812402374,2.4176700000000437,2.0,0.8494366666666944,0.4247183333333472,0.9278181028105236,0.6556982533701828,0.38949613363021957,0.25285998638758134,0.9373923542179493,0.6556982533701828,0.3654018892669387,0.25285998638758134,0.4509333333333264,31.838736355082915,"(0.2047690896040848, 1.4323445426654473)",0.02522590466023437,
26,13,STAND,HEAD,5,8,LARGE,,,,,,,,,,,,,,,,,,,,,"('no success frames', 0)"
27,13,WALK,HEAD,5,0,LARGE,,,,,,,,,,,,,,,,,,,,,"('no success frames', 0)"
28,13,WALK,HEAD,5,1,LARGE,,,,,,,,,,,,,,,,,,,,,"('no success frames', 0)"
29,13,WALK,HEAD,5,2,LARGE,,,,,,,,,,,,,,,,,,,,,"('no success frames', 0)"
30,13,WALK,HEAD,5,3,LARGE,,,,,,,,,,,,,,,,,,,,,"('no success frames', 0)"
31,13,WALK,HEAD,5,4,LARGE,,,,,,,,,,,,,,,,,,,,,"('no success frames', 0)"
32,13,WALK,HEAD,5,5,LARGE,,,,,,,,,,,,,,,,,,,,,"('no success frames', 0)"
33,13,WALK,HEAD,5,6,LARGE,,,,,,,,,,,,,,,,,,,,,"('no success frames', 0)"
34,13,WALK,HEAD,5,7,LARGE,8.178297558699606,3.3377832665868383,10.381070007718458,6.385224336101259,1.9318359999999757,1.0,0.11748833333334308,0.11748833333334308,5.886953851351995,-4.140870125240018,4.207523515790618,2.932750875459757,5.908621226305734,4.248429180759947,4.176875144269905,2.7737661289612507,0.11748833333334308,37.05311304627162,"(1.0621309744514917, -0.8408528668979329)",0.6811598812312766,
35,13,WALK,HEAD,5,8,LARGE,,,,,,,,,,,,,,,,,,,,,"('no success frames', 0)"
36,13,STAND,HEAD,6,0,SMALL,,,,,,,,,,,,,,,,,,,,,"('no success frames', 0)"
37,13,STAND,HEAD,6,1,SMALL,4.1659763489370425,1.1653943895410575,6.057744561555266,3.466890374953183,1.8492400000000089,1.0,0.1831133333332976,0.1831133333332976,-2.8537604338543905,-1.6422470984142514,1.2462658259277555,2.5207244230620818,2.9158602000054987,2.688660559398692,1.0922365163879664,1.3409047646193686,0.1831133333332976,13.777585399068316,"(-1.28535836442299, -0.6648304841098707)",0.01962027848936819,
38,13,STAND,HEAD,6,2,SMALL,3.2329501003654157,1.4371634809424867,6.171678499653321,4.580599029629214,1.917109999999866,2.0,0.4336166666667547,0.21680833333337735,-2.443482312690601,-1.5617321702034084,1.4802247444665215,1.3884619151681419,2.558678561448276,1.8532617623705567,1.2695288260020061,0.9627273680613924,0.25037333333333056,15.607007847667646,"(-1.2019075206956273, 0.4768394352715859)",0.020341967248661746,
39,13,STAND,HEAD,6,3,SMALL,0.8839275471989991,0.24399667123830016,10.203159294437095,6.848391418453794,4.650720000000092,1.0,0.3659833333331638,0.3659833333331638,0.6198630447060096,0.41519011041420467,0.09610015069461826,0.5350231468516868,0.6198630447060096,0.5130017927673096,0.09610015069461826,0.43694662773676574,0.3659833333331638,29.21257729582515,"(-0.4934835496191283, 1.3854706868479383)",0.016426614939454992,
40,13,STAND,HEAD,6,4,SMALL,1.3676084024429351,0.1578053882190932,8.280444702677851,6.905995885128122,4.548090000000002,1.0,0.40114333333329644,0.40114333333329644,1.207971668955685,-0.06792590260393386,0.06586163884255429,0.6649550391493533,1.207971668955685,0.571361033992864,0.06586163884255429,0.3292502385414805,0.40114333333329644,28.274897304334303,"(-1.1039440742208626, 0.9855281370321478)",0.014847872785875238,
41,13,STAND,HEAD,6,5,SMALL,1.17261565381731,0.48955625263480146,6.975694748427568,4.908642395476309,3.683719999999994,2.0,0.9182766666668309,0.45913833333341547,0.5890881744095047,0.97887777578581,0.32793003565462997,0.45035873910926777,0.5890881744095047,0.9900781224347869,0.32793003565462997,0.4248379393044335,0.6505733333333713,27.191237926421095,"(-1.298185191434385, 0.7274835820350205)",0.017090656803058213,
42,13,STAND,HEAD,6,6,SMALL,0.8805593650074978,0.38426423629627393,10.295501528939802,5.821424015206357,3.549929999999904,1.0,0.9851133333334322,0.9851133333334322,-0.07154665264724037,-0.7329335131081365,0.3493630882451268,0.5126088142896957,0.22195774410863162,0.7858233136857746,0.27772964188183424,0.42547833039990013,0.9851133333334322,37.694115696969604,"(1.281612266698687, 0.6405635512046928)",0.02132110046683551,
43,13,STAND,HEAD,6,7,SMALL,0.8182772003218315,0.2547610702406122,9.10748559081642,4.775727623893567,2.6995899999999438,1.0,0.45092333333335166,0.45092333333335166,0.37425150655431594,0.11484125536368595,0.3326926478163188,0.7008542447420542,0.45483786369287754,0.5946767276996627,0.20297431890977413,0.37030622460002055,0.45092333333335166,19.283713985520116,"(0.43946527342636443, 1.393386817125375)",0.020396780309183175,
44,13,STAND,HEAD,6,8,SMALL,1.3393384060420017,0.10536134938219037,7.896980727069655,3.812393441856623,4.9336000000000695,1.0,0.08350333333331339,0.08350333333331339,0.9919191794920579,-0.8973897807426319,0.025986682896172918,0.1287611140336551,0.9919191794920579,0.8973897807426319,0.025986682896172918,0.1287611140336551,0.08350333333331339,44.93100712776658,"(-1.02287818844313, -1.0466265512069413)",0.016227332300553614,
45,13,WALK,HEAD,6,0,SMALL,2.1560894544692757,0.5616042977004315,12.2810385644823,8.460158265239388,4.1669919999999365,2.0,0.19892566666664302,0.09946283333332151,-1.9730098804485101,0.26543603080311756,0.5859020979794135,0.8195152980610677,1.9730098804485101,0.7540080197548548,0.5859020979794135,0.404189046841458,0.1655923333333097,59.59239756506505,"(1.0519342571581944, -0.9667076937666081)",0.698233139146446,
46,13,WALK,HEAD,6,1,SMALL,11.908974306441044,6.258869595363617,10.90048410564843,6.378180362978903,0.7830999999999904,1.0,0.5497333333333093,0.5497333333333093,-11.515595618450599,-1.6756695315292562,6.579847213139798,1.5202766256900262,11.609709495214986,1.8515247099976573,6.411659287051043,1.299428322173817,0.5497333333333093,13.582662475273219,"(-1.4136311489218656, -0.0688185773828991)",0.6793169622196206,
47,13,WALK,HEAD,6,2,SMALL,5.080664200331585,3.907251454596902,6.41608319222563,4.875272200068628,0.9500120000000152,2.0,0.4513186666666267,0.22565933333331334,-3.8566264694106,-0.9184719240206856,4.886560448405952,1.235253090882004,4.655549770689245,1.308948255950555,4.129139803837658,0.8077755310965581,0.2498333333333297,19.998973171595637,"(1.1052814024582744, -0.4997636116315931)",0.649742349676512,
48,13,WALK,HEAD,6,3,SMALL,6.289865680390605,4.972486267243016,8.475107914317384,4.686604936790492,3.899037999999962,1.0,0.4004333333333837,0.4004333333333837,-5.952043017807771,1.139266960674589,5.171935072562845,0.9259412459486175,6.150873335393112,1.1460642702854975,4.930114063786989,0.917386353614085,0.4004333333333837,56.59851355059783,"(-0.8003376034932614, 1.2403410364892267)",0.6627478767238021,
49,13,WALK,HEAD,6,4,SMALL,,,,,,,,,,,,,,,,,,,,,"('no success frames', 0)"
50,13,WALK,HEAD,6,5,SMALL,,,,,,,,,,,,,,,,,,,,,"('no success frames', 0)"
51,13,WALK,HEAD,6,6,SMALL,8.094526876750855,5.4491210411769195,17.24957714597582,14.55568686613064,2.483000000000061,1.0,0.25273333333328385,0.25273333333328385,-6.616011883485765,2.506702828183986,6.456696570907099,1.8901343019327739,6.7236230243395,2.5935482072543,6.343810424296196,1.7682593452707986,0.25273333333328385,65.6716440614005,"(-0.4289958631291313, -1.2968947549981777)",0.7009794179490709,
52,13,WALK,HEAD,6,7,SMALL,,,,,,,,,,,,,,,,,,,,,"('no success frames', 0)"
53,13,WALK,HEAD,6,8,SMALL,,,,,,,,,,,,,,,,,,,,,"('no success frames', 0)"
54,13,STAND,HEAD,7,0,LARGE,,,,,,,,,,,,,,,,,,,,,"('no success frames', 0)"
55,13,STAND,HEAD,7,1,LARGE,6.662593982335837,4.3926407925326085,12.5080591472453,9.646448674561102,1.9676500000000487,2.0,0.19655666666659877,0.09827833333329938,-4.401303093342359,3.991194767450599,2.93766480527312,4.450214878339495,4.436097640287834,4.880314994481454,2.884560907575215,3.4457559281349615,0.13185333333334104,27.86376180017799,"(-1.3435433985127787, 0.13951028368676077)",0.031137860147327452,
56,13,STAND,HEAD,7,2,LARGE,,,,,,,,,,,,,,,,,,,,,"('no success frames', 0)"
57,13,STAND,HEAD,7,3,LARGE,4.692083984933391,2.4018513824033167,11.86421866139943,11.304348358322457,3.8840399999999136,1.0,0.1668733333333724,0.1668733333333724,-1.2899151590986033,4.42120195606836,0.24452252135253325,2.554575145856918,1.2899151590986033,4.42120195606836,0.24452252135253325,2.554575145856918,0.1668733333333724,37.80903248298996,"(1.3662130045428285, 0.4863724309803956)",0.021346646993594443,
58,13,STAND,HEAD,7,4,LARGE,,,,,,,,,,,,,,,,,,,,,"('no success frames', 0)"
59,13,STAND,HEAD,7,5,LARGE,,,,,,,,,,,,,,,,,,,,,"('no success frames', 0)"
60,13,STAND,HEAD,7,6,LARGE,,,,,,,,,,,,,,,,,,,,,"('no success frames', 0)"
61,13,STAND,HEAD,7,7,LARGE,1.1945220715226827,0.3672175997877015,14.257371599175936,11.517947407043993,4.01538000000005,2.0,0.7507466666664337,0.3753733333332169,-0.889313387343941,-0.49848144870215044,0.37453849604312384,0.6234250200072267,0.8926008278636729,0.685263401144565,0.3664994692449014,0.40473335276970773,0.416873333333145,45.711471309716,"(-0.06956075443434884, 1.293599807971816)",0.026327811806225048,
62,13,STAND,HEAD,7,8,LARGE,,,,,,,,,,,,,,,,,,,,,"('no success frames', 0)"
63,13,WALK,HEAD,7,0,LARGE,,,,,,,,,,,,,,,,,,,,,"('no success frames', 0)"
64,13,WALK,HEAD,7,1,LARGE,9.12992144147702,3.6441634825206144,14.00652476801086,7.637255266390961,3.43454399999996,1.0,0.06643333333332369,0.06643333333332369,-8.813147297872115,0.21750210506091153,3.97745592190409,1.7767874020555878,8.841711857076259,1.4829522729425422,3.9128544216870256,0.9909566723511479,0.06643333333332369,70.80822750581358,"(-0.8739039203737207, 1.0556278249438265)",0.7279095501709577,
65,13,WALK,HEAD,7,2,LARGE,6.020436633394584,3.731742934546033,15.551792184988189,11.69620364538587,2.600361000000021,2.0,0.2834736666666837,0.14173683333334186,4.755215748468562,1.7616571929344969,4.770717126397244,1.3303928666063067,5.579791017884359,1.882438704827879,3.765389298431381,1.1518367373523934,0.14814033333337495,57.422900391950904,"(-0.7586520111089925, 0.7230684777269545)",0.6816555586283709,
66,13,WALK,HEAD,7,3,LARGE,,,,,,,,,,,,,,,,,,,,,"('no success frames', 0)"
67,13,WALK,HEAD,7,4,LARGE,,,,,,,,,,,,,,,,,,,,,"('no success frames', 0)"
68,13,WALK,HEAD,7,5,LARGE,2.6423781928318073,1.0148412131361102,16.625636396223804,12.094654344742416,3.782299999999964,2.0,0.20064466666673675,0.10032233333336837,-0.5492165016341075,-1.436504176435403,2.23768627268032,0.8383845339813145,1.9960370803855862,1.5409935140159,1.1288352593801145,0.6225030056582639,0.1511643333333571,58.90995097535607,"(0.5614127697238018, 1.045859637852402)",0.7025591712602158,
69,13,WALK,HEAD,7,6,LARGE,14.849209449304075,6.419215486205453,16.004162089701957,8.686435379088152,1.8648470000000543,1.0,0.06558133333331473,0.06558133333331473,11.379925787801072,4.425799012953737,9.692853367759772,4.363870705003626,12.712748360650115,4.53567894683988,7.852982993064624,4.24893436399448,0.06558133333331473,39.99555828207946,"(-0.5993529410706486, 1.2508943353698498)",0.6885191701063674,
70,13,WALK,HEAD,7,7,LARGE,,,,,,,,,,,,,,,,,,,,,"('no success frames', 0)"
71,13,WALK,HEAD,7,8,LARGE,,,,,,,,,,,,,,,,,,,,,"('no success frames', 0)"
72,13,STAND,HEAD,8,0,SMALL,2.245581824302725,1.014095908737435,6.180102792763326,4.079015734931847,3.8156799999999294,1.0,0.36804333333341976,0.36804333333341976,0.8145951403311292,-1.8555319255872131,0.0683221718224461,1.404695282029909,0.8145951403311292,2.0243711026411977,0.0683221718224461,1.143997779950308,0.36804333333341976,27.729057276381194,"(-0.6833219906530559, 1.2398828554775747)",0.01226741294949733,
73,13,STAND,HEAD,8,1,SMALL,,,,,,,,,,,,,,,,,,,,,"('no success frames', 0)"
74,13,STAND,HEAD,8,2,SMALL,,,,,,,,,,,,,,,,,,,,,"('no success frames', 0)"
75,13,STAND,HEAD,8,3,SMALL,1.0058965357360654,0.19772272349224837,10.85651019482766,3.7835983774479742,4.466309999999794,1.0,0.31776333333349005,0.31776333333349005,0.9764661521695568,0.0647323332978576,0.17084916187043175,0.2593099230226026,0.9764661521695568,0.20979220655486427,0.17084916187043175,0.15835605930201338,0.31776333333349005,29.549865540349174,"(-1.3194645543591932, 0.5958487210627794)",0.023460225610792966,
76,13,STAND,HEAD,8,4,SMALL,,,,,,,,,,,,,,,,,,,,,"('no success frames', 0)"
77,13,STAND,HEAD,8,5,SMALL,1.0728146515787302,0.17249312953810042,9.732716043472761,4.948802642977049,3.5323899999998503,1.0,0.517343333333459,0.517343333333459,0.6782848639426632,0.8067442735451119,0.04845828408453504,0.26231742231928823,0.6782848639426632,0.8067442735451119,0.04845828408453504,0.26231742231928823,0.517343333333459,31.507907383766018,"(-0.5847751893039259, 1.3600174944109682)",0.019819837382577924,
78,13,STAND,HEAD,8,6,SMALL,2.404717865083192,0.7192863522135905,5.851695256733648,5.457458551847226,1.8989200000000892,1.0,0.4353133333334275,0.4353133333334275,1.826381638466659,0.7726568476976541,0.7715116703374322,1.3349488192453018,1.8918419213981046,1.2871095360012672,0.592052118290385,0.8466043591724633,0.4353133333334275,20.725293455273725,"(1.1918857993219518, -0.7142445502259136)",0.018973494104182434,
79,13,STAND,HEAD,8,7,SMALL,3.4479020949224166,1.0573820586744918,5.880327908310428,3.726719125776344,2.0625,1.0,0.2677133333334344,0.2677133333334344,2.5292096390812597,-0.5448412956627214,1.0747152908111122,2.2774988157676646,2.5692101595852788,2.1291322176272844,0.9746323113602601,0.9625181388644294,0.2677133333334344,17.89046794484327,"(0.9098286225535475, 1.0130229185628679)",0.018026770337267132,
80,13,STAND,HEAD,8,8,SMALL,,,,,,,,,,,,,,,,,,,,,"('no success frames', 0)"
81,13,WALK,HEAD,8,0,SMALL,,,,,,,,,,,,,,,,,,,,,"('no success frames', 0)"
82,13,WALK,HEAD,8,1,SMALL,5.970769914487118,2.1755347628179593,5.885594598875837,2.1940998641439364,0.2171329999999898,1.0,0.06633333333334879,0.06633333333334879,4.84016880699648,-3.02255288999345,2.670329027437075,0.8367101779143341,4.857339688952696,3.02255288999345,2.6388562200829955,0.8367101779143341,0.06633333333334879,6.121953805014593,"(0.2564342145428924, -1.3099712870011615)",0.7000136895250995,
83,13,WALK,HEAD,8,2,SMALL,6.437764806763059,3.67970508616081,7.8093769645466455,3.597898411885547,3.0493999999999915,2.0,0.2842916666667785,0.14214583333338926,-5.1522126758328985,1.2374878272636014,5.153968260170041,0.6776743052172358,6.25394874367212,1.2436078170512652,3.726848901359957,0.6662795237550468,0.1842943333333854,47.25579623772438,"(1.1187765528498659, 0.8858198640719479)",0.6537866495726017,
84,13,WALK,HEAD,8,3,SMALL,,,,,,,,,,,,,,,,,,,,,"('no success frames', 0)"
85,13,WALK,HEAD,8,4,SMALL,,,,,,,,,,,,,,,,,,,,,"('no success frames', 0)"
86,13,WALK,HEAD,8,5,SMALL,,,,,,,,,,,,,,,,,,,,,"('no success frames', 0)"
87,13,WALK,HEAD,8,6,SMALL,10.431388010185577,4.155400418618971,13.124092997202647,6.9927744190590975,3.4865429999999833,1.0,0.11423333333337571,0.11423333333337571,10.142904297299017,-2.0881834042534972,4.259244783115417,0.8476573747861791,10.213746778558978,2.0916323415380007,4.084486129572264,0.8390154502428329,0.11423333333337571,51.03064485671029,"(1.4406776974361435, 0.1569266464448873)",0.7132412107188194,
88,13,WALK,HEAD,8,7,SMALL,,,,,,,,,,,,,,,,,,,,,"('no success frames', 0)"
89,13,WALK,HEAD,8,8,SMALL,,,,,,,,,,,,,,,,,,,,,"('no success frames', 0)"
90,13,STAND,HEAD,9,0,LARGE,4.826491275986508,3.1390906374708676,9.284680999395075,5.438900967056981,4.232759999999871,1.0,0.19926333333345003,0.19926333333345003,-0.46284852531000625,4.642584318125364,0.32146172382477883,3.3632856405460876,0.474522008094257,4.802845551666789,0.30356563891069505,3.1247904688923085,0.19926333333345003,57.65230098959552,"(-0.10246087699837858, -1.2643401161796533)",0.026369177220792524,
91,13,STAND,HEAD,9,1,LARGE,,,,,,,,,,,,,,,,,,,,,"('no success frames', 0)"
92,13,STAND,HEAD,9,2,LARGE,4.29449818498409,2.149591816306541,11.466883862334624,10.588423559309387,2.516969999999901,1.0,0.3845133333334464,0.3845133333334464,-0.15514760676803993,-2.408879373278446,3.0389570730698243,2.843707403353171,2.3348974752883382,2.813711531397122,1.9418834076830938,2.440924706398488,0.3845133333334464,32.322666647849736,"(-0.8340066032233864, 1.121525578346052)",0.04110713136854088,
93,13,STAND,HEAD,9,3,LARGE,,,,,,,,,,,,,,,,,,,,,"('no success frames', 0)"
94,13,STAND,HEAD,9,4,LARGE,,,,,,,,,,,,,,,,,,,,,"('no success frames', 0)"
95,13,STAND,HEAD,9,5,LARGE,7.6650381868954325,5.352997601896328,12.512144781075527,8.76643516432098,3.9652399999999943,1.0,0.1500033333332188,0.1500033333332188,0.19009250444448622,7.52147644520523,0.5790601174576314,5.5224923510999675,0.4874951413039686,7.52147644520523,0.3613087368584605,5.5224923510999675,0.1500033333332188,32.24414137849164,"(-1.43498291035678, 0.13768245399678847)",0.023567724044904252,
96,13,STAND,HEAD,9,6,LARGE,,,,,,,,,,,,,,,,,,,,,"('no success frames', 0)"
97,13,STAND,HEAD,9,7,LARGE,,,,,,,,,,,,,,,,,,,,,"('no success frames', 0)"
98,13,STAND,HEAD,9,8,LARGE,3.462423902623158,1.4569911180616513,5.747374595312476,3.1994430908833147,2.7508600000001024,1.0,0.3351033333333665,0.3351033333333665,0.5710891412678768,-3.315597670513325,0.1649403297158989,1.6641349189538317,0.5710891412678768,3.3741545116168816,0.1649403297158989,1.5410629114404646,0.3351033333333665,28.39032735988673,"(-0.9594547616453184, 1.0880751736175682)",0.027796401050854385,
99,13,WALK,HEAD,9,0,LARGE,21.760899089533808,14.862752737777567,19.171491754480137,12.423331885854171,2.1979639999999563,1.0,0.13406933333331683,0.13406933333331683,21.22453090232854,-3.4654331100172553,14.811103178191045,3.5560071450639823,21.246198632115217,3.804605480176186,14.77981919439591,3.1882147414363753,0.13406933333331683,31.683549839392338,"(0.9642130824038304, -0.4992498293868266)",0.6763755801778164,
100,13,WALK,HEAD,9,1,LARGE,,,,,,,,,,,,,,,,,,,,,"('no success frames', 0)"
101,13,WALK,HEAD,9,2,LARGE,12.808502967894468,5.907393977381017,21.3558812179838,9.717126615399938,4.2649000000000115,1.0,0.06803333333326311,0.06803333333326311,-12.693461081799203,-1.4693499787194664,5.920073037452022,0.8015314816210487,12.721944870265354,1.4736239201954384,5.857207938464916,0.7934662891087219,0.06803333333326311,74.878879493191,"(-0.6408852404884158, 0.07596365016655682)",0.6979218382716454,
102,13,WALK,HEAD,9,3,LARGE,,,,,,,,,,,,,,,,,,,,,"('no success frames', 0)"
103,13,WALK,HEAD,9,4,LARGE,6.540701848744753,2.794047650707766,10.574257012089646,7.912441499120734,1.8168940000000475,2.0,0.09962166666668204,0.04981083333334102,-4.231128386163475,2.8505493984365926,4.2298963951838,2.599055716970869,5.3999805269532715,3.0443468705204175,2.5643210169441786,2.367845727496235,0.06628833333334871,44.150746669015426,"(-0.11608781333613649, 1.323641564009833)",0.617835657977429,
104,13,WALK,HEAD,9,5,LARGE,3.9456798632936256,1.7852720480651907,14.48711438766486,9.474534042787143,3.2841789999999946,1.0,0.10035033333341137,0.10035033333341137,-3.5846597336428596,1.1797990139275267,1.8028511569712602,1.1298712791098602,3.5846597336428596,1.44553088947437,1.8028511569712602,0.7563965367149734,0.10035033333341137,69.51699802856797,"(1.2927526901618478, 0.6713810922639141)",0.6429076881081535,
105,13,WALK,HEAD,9,6,LARGE,,,,,,,,,,,,,,,,,,,,,"('no success frames', 0)"
106,13,WALK,HEAD,9,7,LARGE,,,,,,,,,,,,,,,,,,,,,"('no success frames', 0)"
107,13,WALK,HEAD,9,8,LARGE,,,,,,,,,,,,,,,,,,,,,"('no success frames', 0)"
108,13,STAND,EYE,4,0,SMALL,0.8583429575591698,0.29049655216161113,7.244538648643894,4.769458031086816,1.7489000000000487,1.0,0.4837333333332784,0.4837333333332784,0.7849034113729445,-0.142448253265961,0.21822756088593293,0.3753275989352998,0.7849034113729445,0.2802306700367692,0.21822756088593293,0.2836831511157511,0.4837333333332784,12.774306960683832,"(-1.0249612008233573, -1.0721429625672698)",0.023251733296762955,
109,13,STAND,EYE,4,1,SMALL,1.307652256704535,0.5159370109641168,4.025354238610042,4.577244352098375,1.6820999999999913,4.0,2.342997333333422,0.5857493333333555,0.2751932564526804,0.926032519179081,0.44961119330246324,0.9189459805222138,0.3987938853226434,1.1766402091703236,0.34415764503162727,0.5612328980405866,1.0,13.548747018856764,"(-0.018281243093355215, -1.4339630947073658)",0.014312448448364072,
110,13,STAND,EYE,4,2,SMALL,1.3012889154618261,0.06686723449776075,5.6867039341905254,4.993572045066624,1.5823970000000145,1.0,1.232596333333307,1.232596333333307,0.5987458947388353,1.1377239821156035,0.20121376378546457,0.07061342079276407,0.5987458947388353,1.1377239821156035,0.20121376378546457,0.07061342079276407,1.0,13.20712387947235,"(-0.5601341651393597, 1.3268008860149507)",0.01074389926872889,
111,13,STAND,EYE,4,3,SMALL,1.3519695659563689,0.22740762408090515,4.05683840628058,4.30027786024152,1.2636509999999817,2.0,1.201009666666611,0.6005048333333055,0.9357424837899667,0.962386864975151,0.24853558770996237,0.12721644758485512,0.9357424837899667,0.962386864975151,0.24853558770996237,0.12721644758485512,0.6498763333333121,13.509289103476293,"(-0.7725920427476893, 1.2064229352773452)",0.00750865073812794,
112,13,STAND,EYE,4,4,SMALL,1.6585617497643947,0.1594991059049338,3.74693527571057,4.009436864234141,1.6853029999999762,1.0,0.34979333333333973,0.34979333333333973,0.9604727317875983,1.3158622031183413,0.169973068027508,0.3063763935015677,0.9604727317875983,1.3158622031183413,0.169973068027508,0.3063763935015677,0.34979333333333973,14.35199581392677,"(-1.3730512786086102, 0.5745521647024674)",0.009856650302688948,
113,13,STAND,EYE,4,5,SMALL,1.396554605142733,0.07737072629306586,4.741354143184264,5.128796768774334,1.5688000000000102,2.0,2.4809576666666016,1.2404788333333008,0.22057208848885604,1.37307376236759,0.11851098896932405,0.09182852219270687,0.22057208848885604,1.37307376236759,0.11851098896932405,0.09182852219270687,1.0,14.551182750875608,"(-0.1695009021780347, 1.4043806455900523)",0.011870251555093808,
114,13,STAND,EYE,4,6,SMALL,1.71950329677941,0.26266678307570734,3.5649741695279227,3.8198391996780465,1.2675629999999956,2.0,0.8294886666665813,0.41474433333329064,0.38122754341860426,1.594449423029364,0.49575146629411054,0.30581794701491394,0.5083088988697541,1.594449423029364,0.3636163013163474,0.30581794701491394,0.6820803333332909,13.618311627569392,"(0.32028183360209095, 1.4254403276843846)",0.01028868867459506,
115,13,STAND,EYE,4,7,SMALL,1.3403957308630499,0.7632992010414038,4.859997331869216,4.6697921860904446,1.100563999999963,2.0,0.751635666666804,0.375817833333402,1.169110268404241,-0.14481728944213948,0.974215711891305,0.219636661679682,1.2889738331132528,0.1964391232696456,0.8063823305761435,0.17427656226590676,0.5038663333333792,11.913583925974386,"(1.2397341665482822, -0.7331819551721992)",0.01306869058045655,
116,13,STAND,EYE,4,8,SMALL,0.7699041790320044,0.23627677210415918,5.574563208035136,4.21210175080246,1.631762999999978,1.0,0.5681243333333744,0.5681243333333744,0.48819986674211113,0.42526418196361376,0.4414070970489274,0.19993515000621698,0.5047909588318139,0.42526418196361376,0.4217233518837972,0.19993515000621698,0.5681243333333744,13.905195198639852,"(-1.4335990634122933, 0.09192546034464044)",0.012824640676265129,
117,13,WALK,EYE,4,0,SMALL,,,,,,,,,,,,,,,,,,,,,"('no success frames', 0)"
118,13,WALK,EYE,4,1,SMALL,,,,,,,,,,,,,,,,,,,,,"('no success frames', 0)"
119,13,WALK,EYE,4,2,SMALL,,,,,,,,,,,,,,,,,,,,,"('no success frames', 0)"
120,13,WALK,EYE,4,3,SMALL,,,,,,,,,,,,,,,,,,,,,"('no success frames', 0)"
121,13,WALK,EYE,4,4,SMALL,4.878642943169854,2.1872991996763345,6.83868921074972,3.7448644630039523,1.848450000000014,2.0,0.4324826666666619,0.21624133333333095,-0.7353374212737133,2.8716381329145944,3.9830045843012942,1.9964571641322222,3.508873183454366,2.8895263244863045,2.007546119659336,1.9732432001151567,0.3335653333333274,37.57972181240764,"(-0.8589606674423287, 1.1080184761852934)",0.6062271970851509,
122,13,WALK,EYE,4,5,SMALL,,,,,,,,,,,,,,,,,,,,,"('no success frames', 0)"
123,13,WALK,EYE,4,6,SMALL,,,,,,,,,,,,,,,,,,,,,"('no success frames', 0)"
124,13,WALK,EYE,4,7,SMALL,15.259462555796828,9.445015455209667,12.786864134023732,8.564980997999541,1.9224520000000211,2.0,0.17844866666661496,0.08922433333330748,-3.8358457294322386,-0.5988466056726119,17.52887404859359,0.9334683897603057,15.201412450309302,0.9532824030779574,9.472203227988514,0.5799066307965557,0.12769633333332042,27.320784637874155,"(1.3121997177846225, -0.03805370052420187)",0.576894411213312,
125,13,WALK,EYE,4,8,SMALL,8.365660495890884,4.186475732227465,10.869292696363075,4.709824105382637,2.8022000000000276,2.0,0.09842266666663968,0.04921133333331984,8.17477703670579,-0.8129549062044791,4.090172038408677,1.811845966260001,8.179561432762508,1.3091013048713007,4.08052311614008,1.5001058147644708,0.06508933333330635,31.782687777739564,"(0.3181623377718523, -1.2123715998627347)",0.6194748866372993,
126,13,STAND,EYE,5,0,LARGE,0.9503178420072411,0.22506530515545137,10.853018661897655,9.987252051275254,2.315307999999959,1.0,0.7157873333333403,0.7157873333333403,0.4249469636727001,0.7460744984901737,0.45108930826520705,0.13082819092014802,0.42830713667964354,0.7460744984901737,0.44782201131764054,0.13082819092014802,0.7157873333333403,28.73227722821714,"(-1.3680503153693744, 0.41204216654340087)",0.02515976896073823,
127,13,STAND,EYE,5,1,LARGE,0.7111523755639999,0.25145260143485654,10.4386576722575,10.749998750026508,2.615649000000076,1.0,0.8000843333333326,0.8000843333333326,-0.3206659348995464,0.3568206313075727,0.5340048126853115,0.24423033470691985,0.4700872845868281,0.3578635169118518,0.4055084841331989,0.2426662722183724,0.8000843333333326,33.337600902869625,"(1.4399416509394638, 0.006853179066112602)",0.01960361010192741,
128,13,STAND,EYE,5,2,LARGE,0.9190234069114525,0.21653085225374574,8.306525936187702,8.45415788191522,3.3014439999999468,1.0,0.8644483333334013,0.8644483333334013,-0.02097880935865926,0.6153072590778973,0.7129296497618514,0.11614228851693323,0.6310146588574108,0.6153072590778973,0.3202725534192899,0.11614228851693323,0.8644483333334013,41.872731958083094,"(1.3482398259487294, 0.5133902042917811)",0.018419546592793008,
129,13,STAND,EYE,5,3,LARGE,0.9713452590994001,0.25575672124801657,9.392840775847572,10.677496591150131,1.6999369999999772,1.0,1.7358483333333956,1.7358483333333956,0.7702194135808965,0.5733724351480715,0.25219018977294627,0.1534284347671476,0.7702194135808965,0.5733724351480715,0.25219018977294627,0.1534284347671476,1.0,27.63909669563463,"(-0.8445866987090858, 1.080789003639481)",0.014007360489810853,
130,13,STAND,EYE,5,4,LARGE,1.8221812148915904,0.5945703069186635,6.631275260125879,8.780980428000369,1.664747000000034,1.0,1.6173663333333101,1.6173663333333101,1.2527967039115322,1.310028694996709,0.5021254610606327,0.36909157015089405,1.2527967039115322,1.310028694996709,0.5021254610606327,0.36909157015089405,1.0,28.162076855052966,"(-1.180067429402244, 0.708368246387522)",0.011209993660785556,
131,13,STAND,EYE,5,5,LARGE,1.5163957328551907,0.5866661405374064,8.169831282939436,9.606923824656022,1.867399999999975,2.0,1.136605666666757,0.5683028333333785,0.39643190907307496,1.4007434836495245,0.24584162873574156,0.6821589109975016,0.44157714362444334,1.4007620544062889,0.1493819765171297,0.6821204831807764,0.6356333333333472,27.022647783798348,"(0.5429384237632213, 1.3165466678677689)",0.021822504120209463,
132,13,STAND,EYE,5,6,LARGE,1.998922598268641,0.46703205921423707,7.13880646461561,8.901918387932948,1.7316899999999578,1.0,0.482735333333297,0.482735333333297,0.35866762511785694,1.831293539038362,0.6842456486484096,0.5156995799442531,0.7084827377573562,1.831293539038362,0.3049456220649295,0.5156995799442531,0.482735333333297,26.78870280039177,"(0.7632965386681079, 1.222637806527473)",0.013876818165020923,
133,13,STAND,EYE,5,7,LARGE,1.3624700029518986,0.870043766603886,9.000696412422624,10.155788168094267,1.4501659999999674,2.0,1.2338416666667098,0.6169208333333549,0.9002164549884734,-0.04765632984701248,1.0931592678310251,0.7845307976265069,0.9764591236767227,0.6995223532494605,1.0249705328251622,0.35189951136423964,1.0,26.248205742946464,"(0.6375446405942888, -1.2480595711840579)",0.016357671678312077,
134,13,STAND,EYE,5,8,LARGE,1.6194054881900837,0.5775175239524957,6.1009173979872156,8.175795561505296,1.6979990000000953,2.0,1.8669196666666648,0.9334598333333324,0.8417979062845627,1.2969010206577514,0.4253173844229377,0.6208705002319468,0.8845096906785628,1.3383052740096284,0.326892967817805,0.5252849341024917,1.0,24.648490171914748,"(0.8479278428819974, -1.1718026389804237)",0.0175034252858346,
135,13,WALK,EYE,5,0,LARGE,,,,,,,,,,,,,,,,,,,,,"('no success frames', 0)"
136,13,WALK,EYE,5,1,LARGE,,,,,,,,,,,,,,,,,,,,,"('no success frames', 0)"
137,13,WALK,EYE,5,2,LARGE,5.934680765539404,5.176294227860884,9.52371533058769,8.306216890215852,1.4668419999999855,3.0,0.6686430000000086,0.22288100000000288,5.01277762670928,1.7419212347703115,5.762411710987069,0.8247019461701064,5.557321333136674,1.7419212347703115,5.236636084413721,0.8247019461701064,0.3350683333333412,27.95533838170266,"(-1.0717280469618515, 0.6069360254437868)",0.643037181551413,
138,13,WALK,EYE,5,3,LARGE,,,,,,,,,,,,,,,,,,,,,"('no success frames', 0)"
139,13,WALK,EYE,5,4,LARGE,,,,,,,,,,,,,,,,,,,,,"('no success frames', 0)"
140,13,WALK,EYE,5,5,LARGE,1.214353113173539,0.1695137898716788,10.635557865988302,7.076404029218646,5.019878000000006,1.0,0.0662313333333221,0.0662313333333221,0.6306619769411222,1.0300397156184904,0.22126639868465428,0.06067794999111536,0.6306619769411222,1.0300397156184904,0.22126639868465428,0.06067794999111536,0.0662313333333221,82.5083862195684,"(-0.8781982486410271, 1.0921987406967588)",0.6504172754639848,
141,13,WALK,EYE,5,6,LARGE,,,,,,,,,,,,,,,,,,,,,"('no success frames', 0)"
142,13,WALK,EYE,5,7,LARGE,9.63693333257815,4.995340567620135,14.812491783800567,8.122433712907437,2.200683999999967,2.0,0.1783646666666565,0.08918233333332826,-8.657433510094931,0.34613174383275563,6.4926769056942994,0.8394521064036243,9.563567341390714,0.7686702206493072,5.05423800693881,0.48042947021921717,0.09787733333334547,39.55672774937223,"(1.107472903889878, -0.24162227350345233)",0.6017174295942425,
143,13,WALK,EYE,5,8,LARGE,,,,,,,,,,,,,,,,,,,,,"('no success frames', 0)"
144,13,STAND,EYE,6,0,SMALL,1.1077612010071032,0.21208606952717748,4.671516167246381,4.902982703825069,1.3978700000000117,1.0,1.950573333333326,1.950573333333326,-0.14335071927599297,0.9152302896490182,0.4192771314426955,0.4912578951149598,0.39978809032179163,1.014970204550621,0.18788582864357475,0.21712258432922935,1.0,12.685563258006818,"(-0.41624519849953856, -1.3865330445603945)",0.014039458675151118,
145,13,STAND,EYE,6,1,SMALL,0.9951565050502795,0.1927269991403478,5.148489323250565,4.303766929526094,3.5187899999998535,1.0,0.7142433333333732,0.7142433333333732,0.4082658343610347,-0.872729417091832,0.16812868176780332,0.26904916286207514,0.4082658343610347,0.872729417091832,0.16812868176780332,0.26904916286207514,0.7142433333333732,18.747450635321584,"(-0.040239670223517265, -1.4720141646406546)",0.013622425973584444,
146,13,STAND,EYE,6,2,SMALL,1.4570124649485965,0.5089700923801583,4.100517515486996,4.825917989037729,1.4809000000000196,2.0,1.9190166666665545,0.9595083333332772,1.0976989820126508,0.7978780832217919,0.3781913020394465,0.6314026968744734,1.0976989820126508,0.8693395773920443,0.3781913020394465,0.5281768291001757,1.0,14.176530179666182,"(-1.3623069792917892, -0.4995369890556134)",0.012592275906536691,
147,13,STAND,EYE,6,3,SMALL,1.387651923866433,0.4468311553120963,5.147089921059045,5.21421187372598,1.6127299999999423,2.0,1.1974666666666887,0.5987333333333443,1.3648565194503484,-0.14936075182939912,0.4616960965387624,0.1651829461265678,1.3648565194503484,0.15295811308924423,0.4616960965387624,0.16182804331906642,0.6005933333333663,14.505824016195717,"(-1.3946905087039614, -0.43593611467217386)",0.014449871361413888,
148,13,STAND,EYE,6,4,SMALL,1.8372144833699047,0.45851619955244866,3.9836153394332325,4.286732122539612,1.5324100000000271,3.0,1.147370000000001,0.38245666666666694,1.5160016169143744,1.018488180886849,0.4438676934273559,0.23057560053178733,1.5160016169143744,1.018488180886849,0.4438676934273559,0.23057560053178733,0.46607333333330037,15.459047507297152,"(-1.1614966303760799, 0.8935795147380361)",0.013014409299719117,
149,13,STAND,EYE,6,5,SMALL,0.9767833177963104,0.148361715551718,7.021618656928931,4.91627862024242,1.434690000000046,1.0,0.46473333333327294,0.46473333333327294,0.4021695903676361,0.8466687048974003,0.23968427550382954,0.20732712264331493,0.4130596787819697,0.8466687048974003,0.21961141748253635,0.20732712264331493,0.46473333333327294,12.677830765415475,"(0.09785192807897314, 1.4073512650388977)",0.01860258093721277,
150,13,STAND,EYE,6,6,SMALL,1.0704587491075803,0.12028210902923038,7.064598565116931,4.795198377811884,1.4332299999998668,1.0,0.5006133333334067,0.5006133333334067,0.5250341155339683,0.779160014043028,0.5004354124027166,0.1912079897228237,0.6602429215072054,0.779160014043028,0.2906065062182014,0.1912079897228237,0.5006133333334067,12.151456851128666,"(0.7120427836090016, 1.1835396173458292)",0.009605778368038815,
151,13,STAND,EYE,6,7,SMALL,1.7125972631164368,0.6210007652654498,4.306010644125798,4.193242681446791,1.1808200000000397,2.0,0.830966666666715,0.4154833333333575,1.4945691899894553,0.6196282238420894,0.7797874288217373,0.3090187641536407,1.57283388397002,0.6605232415058848,0.604991757735971,0.20665943038833368,0.5971133333333986,12.160407204150475,"(1.3647752709063905, -0.6091078712545794)",0.013599779625762778,
152,13,STAND,EYE,6,8,SMALL,0.9021328567008989,0.2390266497933635,6.690822043739056,3.8776202911035207,2.999680000000012,1.0,0.3666533333332912,0.3666533333332912,0.5681938293590312,0.6877764616924542,0.1250828617461916,0.24566067914146922,0.5681938293590312,0.6877764616924542,0.1250828617461916,0.24566067914146922,0.3666533333332912,25.207848306876883,"(-0.9060410219256694, 1.1228892543308149)",0.010660212454707649,
153,13,WALK,EYE,6,0,SMALL,5.559164402662948,3.6720464648126163,5.648225463437161,3.615887105801065,0.3668309999999906,3.0,0.25104400000001303,0.08368133333333767,-0.755276787937323,0.16965375428464033,6.488539032525554,1.3406246788578675,5.293469910831645,1.1618181055194616,3.8146637150525757,0.6866341981292257,0.11633333333336016,11.619263986700632,"(1.427571766545313, 0.30758820930617503)",0.6289913866447869,
154,13,WALK,EYE,6,1,SMALL,12.86652905109842,7.373178690376449,10.942915530731367,6.156123631445123,3.8166200000000003,1.0,0.03333333333333333,0.03333333333333333,12.441137506242054,-2.437446572653636,7.63404315115915,0.9887475681953198,12.441137506242054,2.437446572653636,7.63404315115915,0.9887475681953198,0.03333333333333333,80.00837577790571,"(-0.3480755836662013, -1.4582407044286612)",0.6125404919562122,
155,13,WALK,EYE,6,2,SMALL,3.3522830983416685,2.3379176040383296,6.209196130123781,4.635082243557054,2.133483999999953,3.0,0.7675860000000284,0.25586200000000947,-1.977096400486412,0.9882191616495702,3.410741972533897,0.4713392009054811,3.0916466956216695,0.9882191616495702,2.4394168244056256,0.4713392009054811,0.44947133333337963,47.41903041456008,"(1.1707206963161738, 0.7676934781365787)",0.6293869398571421,
156,13,WALK,EYE,6,3,SMALL,,,,,,,,,,,,,,,,,,,,,"('no success frames', 0)"
157,13,WALK,EYE,6,4,SMALL,,,,,,,,,,,,,,,,,,,,,"('no success frames', 0)"
158,13,WALK,EYE,6,5,SMALL,,,,,,,,,,,,,,,,,,,,,"('no success frames', 0)"
159,13,WALK,EYE,6,6,SMALL,,,,,,,,,,,,,,,,,,,,,"('no success frames', 0)"
160,13,WALK,EYE,6,7,SMALL,10.47540932682763,5.863729184208624,8.968142771587669,4.972364377151135,2.4496480000000247,1.0,0.19949933333330894,0.19949933333330894,-10.408743600260703,0.9479199995602364,5.887619874904608,0.4649786188565738,10.408743600260703,0.9479199995602364,5.887619874904608,0.4649786188565738,0.19949933333330894,40.18999990337766,"(1.3184995890286189, 0.3400824835964471)",0.5851277578252095,
161,13,WALK,EYE,6,8,SMALL,8.390103508945362,5.339866792758106,8.475377736869879,4.848255805724273,1.431779000000006,2.0,0.36735166666665386,0.18367583333332693,-8.21366939668215,0.979587288686597,5.447478614084363,0.904589993450019,8.220538524491525,1.2150629043144547,5.437058449425789,0.546873132244912,0.2175623333333495,25.55031441866842,"(1.2409388111266821, 0.286353540241322)",0.6187091322531175,
162,13,STAND,EYE,7,0,LARGE,0.9633252740777603,0.27406172438638393,15.363030994241742,10.29510293398307,3.567389999999932,1.0,0.21618333333325002,0.21618333333325002,0.7975584412141279,-0.5401613020015184,0.2321920433350793,0.1460467340464529,0.7975584412141279,0.5401613020015184,0.2321920433350793,0.1460467340464529,0.21618333333325002,28.069927245462473,"(-1.1570277419128914, -0.7685712800614226)",0.017736714465854342,
163,13,STAND,EYE,7,1,LARGE,1.2266439470418289,0.11819259306679827,12.878300323670048,10.834513018657923,2.3819599999999355,1.0,0.31788333333341445,0.31788333333341445,1.0607454275926935,-0.5996856776593115,0.0312755964021014,0.18441980883131973,1.0607454275926935,0.5996856776593115,0.0312755964021014,0.18441980883131973,0.31788333333341445,28.36333720968341,"(-1.1101976498388169, -0.9248319952985469)",0.017379012580087644,
164,13,STAND,EYE,7,2,LARGE,0.9566783572435761,0.30386957187734,7.6682684192407615,9.903985735527865,1.350460000000112,1.0,2.039073333333393,2.039073333333393,0.5220284247508699,0.24576629943639833,0.7508572258385484,0.34017867103325705,0.8625149186492117,0.37592521934722894,0.2973882631241653,0.18473902985472176,1.0,27.35302087192447,"(-1.2727141241226079, -0.6380205490513617)",0.01573345184567854,
165,13,STAND,EYE,7,3,LARGE,0.9714415186370766,0.2706787209552771,12.735370817758527,7.504461098957822,4.4375,1.0,0.18177333333327017,0.18177333333327017,0.5238422696620713,0.8073104222735722,0.2592744337683367,0.15978161106317726,0.5238422696620713,0.8073104222735722,0.2592744337683367,0.15978161106317726,0.18177333333327017,52.54595005815924,"(-0.9106268517691518, 1.056782058807471)",0.02057273794534098,
166,13,STAND,EYE,7,4,LARGE,1.2419771920385199,0.09533429571873288,6.827353515007268,9.114909281685998,2.1662599999999657,1.0,2.8332633333334645,2.8332633333334645,0.890093880552149,0.8645972648840942,0.07427788983293127,0.07936853019134225,0.890093880552149,0.8645972648840942,0.07427788983293127,0.07936853019134225,1.0,28.442267000848894,"(-1.1475702942401096, 0.8712191765720689)",0.011623341721060975,
167,13,STAND,EYE,7,5,LARGE,1.3444347163204646,0.16763406329784158,6.539547190599006,8.539610337458223,2.215689999999995,3.0,2.1995000000000346,0.7331666666666782,0.504611942445525,1.2270933821407763,0.1550225166057022,0.2268619387031681,0.504611942445525,1.2270933821407763,0.1550225166057022,0.2268619387031681,1.0,28.004429063795918,"(-1.130290868097001, 0.8615266916457358)",0.014870690908991147,
168,13,STAND,EYE,7,6,LARGE,1.9345155904615785,0.6573171442374796,6.069578424215919,8.015242200872041,1.4483299999999417,3.0,1.1548800000001394,0.38496000000004643,0.2527899425681839,1.8589253560119545,0.417912274056223,0.6937347044526929,0.37850059884594545,1.8589253560119545,0.3081097625120132,0.6937347044526929,0.6353333333334225,26.458324309413964,"(0.34907505538589967, 1.3729303172562908)",0.013582440425620712,
169,13,STAND,EYE,7,7,LARGE,2.0004880761663433,0.7855140386487701,5.852064536301883,7.99722509955046,1.351069999999936,3.0,1.4490400000000592,0.48301333333335306,0.6000033950849544,1.6963086202892774,0.956401377553222,0.6854371079800867,0.8893738887296861,1.6963086202892774,0.6942801856945061,0.6854371079800867,0.8825033333332916,26.3616909889356,"(1.2888850406663401, 0.6234754157449203)",0.019725681199227615,
170,13,STAND,EYE,7,8,LARGE,0.7156337493107445,0.28167717919439095,11.565484821145969,10.153147351893692,2.6344000000001415,1.0,0.5991233333332123,0.5991233333332123,0.42785584968173174,0.44334509319291726,0.4544713331687587,0.09597675870458502,0.43672083323102917,0.44334509319291726,0.44570652829375856,0.09597675870458502,0.5991233333332123,31.397005505495965,"(-1.3956753578515546, 0.4375872943591901)",0.02377379797841898,
171,13,WALK,EYE,7,0,LARGE,,,,,,,,,,,,,,,,,,,,,"('no success frames', 0)"
172,13,WALK,EYE,7,1,LARGE,,,,,,,,,,,,,,,,,,,,,"('no success frames', 0)"
173,13,WALK,EYE,7,2,LARGE,6.1494021629856945,2.9535625658027267,17.578993757941923,9.746974445530979,3.501258000000007,1.0,0.09923333333327566,0.09923333333327566,-6.046446838977093,0.5644120452141038,3.0581618106353905,0.5639201269445299,6.089635342657679,0.7151626058687068,2.970312213625663,0.3508560587773764,0.09923333333327566,68.42306005304121,"(-1.2964745643282356, -0.08732736101001137)",0.7137290551936227,
174,13,WALK,EYE,7,3,LARGE,2.4225619774564944,0.7538918807722458,7.334647775978347,5.670260596711447,3.767366000000038,1.0,0.21631733333325276,0.21631733333325276,1.5538891814436424,1.579982798179756,1.0778471212043346,0.6139446032840989,1.6847040601090548,1.579982798179756,0.8559183409714062,0.6139446032840989,0.21631733333325276,70.69850481935421,"(-1.3603104272655173, 0.24523269922052293)",0.6983068187508835,
175,13,WALK,EYE,7,4,LARGE,1.2223903139100596,0.14845546289525535,20.216129574645564,8.228081117613408,4.816800000000001,1.0,0.20041433333332936,0.20041433333332936,0.04063038139042874,1.1461689416348833,0.45123690225881113,0.1164923774743035,0.36687461315205877,1.1461689416348833,0.24203837317081353,0.1164923774743035,0.20041433333332936,101.34096887407864,"(-0.8613217299833593, 1.0895631710695852)",0.6512257493018877,
176,13,WALK,EYE,7,5,LARGE,6.168586958274175,4.578173996436278,11.08825050481248,5.7512765835859305,4.102110999999923,1.0,0.2850783333333614,0.2850783333333614,5.87611032111713,0.7800077848365672,4.860143932988169,0.5550196513447446,6.002172341321743,0.7800077848365672,4.700568678825425,0.5550196513447446,0.2850783333333614,93.49967946050668,"(-1.0981635856138467, 0.7422345681425355)",0.6888635830118855,
177,13,WALK,EYE,7,6,LARGE,9.105961692806316,4.797602200072354,13.467183058806416,8.36081479970604,1.8994330000000446,1.0,0.23360033333327312,0.23360033333327312,-9.022250768509776,0.4982792516584969,4.817773678327182,1.0402651866832597,9.022250768509776,0.9285089782241398,4.817773678327182,0.681899448812871,0.23360033333327312,42.09886549016688,"(1.035990465350853, 0.7301509805212163)",0.7019338256198115,
178,13,WALK,EYE,7,7,LARGE,,,,,,,,,,,,,,,,,,,,,jump
179,13,WALK,EYE,7,8,LARGE,,,,,,,,,,,,,,,,,,,,,"('no success frames', 0)"
180,13,STAND,EYE,8,0,SMALL,0.6817263961656727,0.4406599655300398,5.982196430305328,3.799947650311808,3.38512999999989,1.0,0.4478833333332962,0.4478833333332962,-0.5103647403979465,0.09263175312420256,0.6229071705001371,0.09845737267054389,0.6517684603351809,0.09293252452180831,0.46595084194409253,0.09816215823303671,0.4478833333332962,19.203312439031844,"(1.4901550459740172, 0.11294883727182992)",0.0134049834940963,
181,13,STAND,EYE,8,1,SMALL,0.9431960204091298,0.2805085333075801,6.590616581397507,3.8411913600896908,5.535280000000057,1.0,0.4500833333331987,0.4500833333331987,0.3086585668865739,-0.8430177308497563,0.16999322035498435,0.36987005673185863,0.31222605999581066,0.8430177308497563,0.16307695506570805,0.36987005673185863,0.4500833333331987,43.95194228698574,"(0.046377410420078036, -1.4849842709981118)",0.02606012460639274,
182,13,STAND,EYE,8,2,SMALL,1.0091946317070557,0.2502618726638506,7.740069272967194,4.544762173600999,1.4010000000000673,1.0,0.21827333333320287,0.21827333333320287,0.8908226935195879,0.283110073311087,0.3759704146240211,0.28141506256173804,0.8908226935195879,0.3208290307945738,0.3759704146240211,0.23311709330844838,0.21827333333320287,13.604733852006486,"(-1.4596675698687633, -0.1510568346798209)",0.01196630623200188,
183,13,STAND,EYE,8,3,SMALL,1.4930922125702348,0.3676909251713054,3.5016873656803984,3.942038638591025,1.3471700000000055,3.0,1.6331000000001041,0.5443666666667014,1.4128379784960028,0.2432668685779583,0.3899415322349311,0.3975295715589947,1.4128379784960028,0.35162635098806955,0.3899415322349311,0.30537099916501365,0.965953333333376,13.738732027487453,"(-1.4661287644586736, -0.12528457923700387)",0.012169474925301606,
184,13,STAND,EYE,8,4,SMALL,1.478904428909824,0.27568590886583844,3.4153519212756955,3.8882625827433865,1.3306700000000546,3.0,1.7152300000001106,0.5717433333333702,1.0894375978765245,0.991808852854915,0.1586268811759163,0.2598376526819801,1.0894375978765245,0.991808852854915,0.1586268811759163,0.2598376526819801,0.7667333333334075,13.258110252938227,"(-0.957638081004518, 0.975692304363406)",0.011237205748591985,
185,13,STAND,EYE,8,5,SMALL,1.4230441038890815,0.2691489557580137,3.228345822797703,3.720407583782815,1.2985400000000027,2.0,2.54913666666636,1.27456833333318,0.17169613133331643,1.3778491747647235,0.32239244996422156,0.254030553263313,0.3070104716398835,1.3778491747647235,0.19714948677661193,0.254030553263313,1.0,12.859429889063586,"(0.15087382196684906, 1.3537437769666951)",0.011990716092520991,
186,13,STAND,EYE,8,6,SMALL,1.2573612073248315,0.07982346174226873,5.780714360387469,5.131507555835107,1.4171100000000934,1.0,1.0806933333333595,1.0806933333333595,0.5954990109566818,1.0909615143523144,0.17405560694792846,0.11309821815550805,0.6005453697531975,1.0909615143523144,0.15544735751133415,0.11309821815550805,1.0,15.502200429056746,"(0.14208474107744706, 1.421002115836501)",0.011950235725944265,
187,13,STAND,EYE,8,7,SMALL,0.652228641656205,0.276066197802157,4.9461011172821,4.916395557133257,1.1798099999998612,1.0,1.0340633333335367,1.0340633333335367,0.21636864964744912,0.2040349172502831,0.5593214420298812,0.32549128056956167,0.4759795512729428,0.3553408279382003,0.36069883442653206,0.14105709095479516,1.0,11.811032351575289,"(1.2453667348124426, -0.7994909072163381)",0.017750109299403027,
188,13,STAND,EYE,8,8,SMALL,0.6513122619326666,0.293823282138188,5.017580970740868,3.454528082666751,1.3647800000001098,1.0,0.5688533333332392,0.5688533333332392,0.1385961885263603,0.19703894959669188,0.2638563231620342,0.6279564663431119,0.24670176770061902,0.5856721108014906,0.16329619935945866,0.2839647713293078,0.5688533333332392,11.070525241649836,"(0.4446323886864878, -1.348387725047985)",0.015574446781752831,
189,13,WALK,EYE,8,0,SMALL,,,,,,,,,,,,,,,,,,,,,"('no success frames', 0)"
190,13,WALK,EYE,8,1,SMALL,,,,,,,,,,,,,,,,,,,,,"('no success frames', 0)"
191,13,WALK,EYE,8,2,SMALL,7.203531201739964,4.794464265514976,9.053496099425107,5.419790130405758,1.4666310000000067,1.0,0.06816733333326586,0.06816733333326586,-6.6719071445083795,1.7385755915614731,5.178485623170707,0.6918148936267645,6.677770163616288,1.7396078828209947,5.170887229566967,0.6892027367407847,0.06816733333326586,20.869039693884634,"(-0.6244115349923334, 1.2726319710010898)",0.7038198652568202,
192,13,WALK,EYE,8,3,SMALL,3.5688526394666056,1.472780225496679,9.589980669622683,8.206426957491809,3.385067000000049,1.0,0.16382633333333463,0.16382633333333463,2.4283234618498613,1.4627560761195801,2.5940823352976636,0.4348319982952443,3.118360940644209,1.4627560761195801,1.691737001412197,0.4348319982952443,0.16382633333333463,74.87692180003812,"(-0.5491575309026473, 1.296247053918691)",0.6570571349326024,
193,13,WALK,EYE,8,4,SMALL,2.544471565920248,0.67720243384585,11.69045624345365,6.278227356172806,4.483335000000011,2.0,0.06666666666666667,0.03333333333333333,-2.1368855489602416,1.2558613343721157,0.821826447485101,0.3531934278268886,2.1368855489602416,1.2558613343721157,0.821826447485101,0.3531934278268886,0.03333333333333333,83.21683871114368,"(0.20956672997245107, 1.4826549222830465)",0.6805721127097624,
194,13,WALK,EYE,8,5,SMALL,5.259682603001946,3.7263264810662284,9.586663055815096,7.465885987503157,1.9458000000000766,2.0,0.4846116666666982,0.2423058333333491,-0.6408934235537858,1.9867646685241336,6.061346949818883,0.7610662193298989,4.544548476086202,1.9867646685241336,4.0481029370255195,0.7610662193298989,0.3502283333333783,45.1849369479638,"(1.2252778582790143, 0.6739992030474014)",0.6895425311174315,
195,13,WALK,EYE,8,6,SMALL,,,,,,,,,,,,,,,,,,,,,"('no success frames', 0)"
196,13,WALK,EYE,8,7,SMALL,6.64800255709277,3.4461398026898684,5.658379708203816,2.9267592963844553,3.282799999999952,2.0,0.16757466666667065,0.08378733333333532,0.30942229876692184,-1.1501518324836342,7.384583421116032,0.7324396789614656,6.381267871573592,1.1556044411527457,3.6759786337327034,0.7237219318663836,0.11639633333337163,50.05621459612455,"(0.9146353490736203, -0.7814822775378758)",0.7103271007411291,
197,13,WALK,EYE,8,8,SMALL,,,,,,,,,,,,,,,,,,,,,"('no success frames', 0)"
198,13,STAND,EYE,9,0,LARGE,0.7919878966445185,0.36604634918916545,11.92871998616054,10.434216046550107,2.346680000000106,1.0,0.583863333333314,0.583863333333314,0.6151171194116656,0.16148472475552675,0.36968549290138847,0.4763113220638533,0.616060476006144,0.42442335321168323,0.3680634850425372,0.2610482501560321,0.583863333333314,28.4955381655455,"(-1.1272193534591501, 0.9265736979496495)",0.022641224327027667,
199,13,STAND,EYE,9,1,LARGE,,,,,,,,,,,,,,,,,,,,,"('no success frames', 0)"
200,13,STAND,EYE,9,2,LARGE,0.7689350381770587,0.25108960128914015,13.160963125061677,10.009736121168745,1.4477600000000166,1.0,0.48340333333342944,0.48340333333342944,0.7548794672557015,-0.021060690780896913,0.25807071723793695,0.13489572782705267,0.7548794672557015,0.11680164563590927,0.25807071723793695,0.06714857519331027,0.48340333333342944,25.424982934297148,"(-1.4367248493777893, 0.24896188444455447)",0.0223803247234381,
201,13,STAND,EYE,9,3,LARGE,0.9457417671564872,0.2857314949181239,13.984383181970017,10.011343304824067,1.7493899999999485,1.0,0.21607333333352774,0.21607333333352774,0.9454571137225661,-0.019615526999240036,0.28591695306744425,0.007842905184526754,0.9454571137225661,0.019615526999240036,0.28591695306744425,0.007842905184526754,0.21607333333352774,27.561455374993695,"(-1.3921505358691562, -0.006907024074493506)",0.011750102628090108,
202,13,STAND,EYE,9,4,LARGE,1.2637818890012227,0.16698373633138483,6.746381860300749,9.261111248010717,1.832400000000007,1.0,3.1848233333333003,3.1848233333333003,0.6991068758613096,1.0231805186577558,0.1299509557279618,0.26984728567024685,0.6991068758613096,1.0231805186577558,0.1299509557279618,0.26984728567024685,1.0,27.895157484557643,"(-1.3193476877482908, 0.5334959411758291)",0.013693359710172522,
203,13,STAND,EYE,9,5,LARGE,1.2780479011193255,0.14916673976862896,6.993098019817875,8.657948545590097,1.8990499999999884,3.0,2.548720000000094,0.8495733333333647,0.39647431956325757,1.1860107272508829,0.2744613885558948,0.13008361158639145,0.41208973005451827,1.1860107272508829,0.2502581820026193,0.13008361158639145,1.0,26.850704371087637,"(0.3737148235429313, 1.3610531004979833)",0.015010407134431795,
204,13,STAND,EYE,9,6,LARGE,1.2241151904702836,0.053599075964483926,6.985108348405686,8.845622026330641,1.4654499999999189,1.0,2.2667333333334074,2.2667333333334074,-0.3958559280182027,1.142558751609685,0.19142697394991803,0.053058169158693325,0.3958559280182027,1.142558751609685,0.19142697394991803,0.053058169158693325,1.0,25.548948669433663,"(0.7267771057632118, 1.1531063672983208)",0.017310925748901886,
205,13,STAND,EYE,9,7,LARGE,1.3898059981579742,0.5595539231728349,10.386669395944667,9.894807226218271,1.3147500000000036,2.0,0.5167966666666113,0.25839833333330564,0.9721517086875283,0.647003284111035,0.8691394931316481,0.3681416278554869,1.1124237191868687,0.7096589630034102,0.6766579006863014,0.22143710271409714,0.34996333333336527,25.200808805008712,"(1.305475270962687, -0.6215775411812672)",0.015019164458428259,
206,13,STAND,EYE,9,8,LARGE,0.9311021243556024,0.26815059062556784,17.52006237615558,10.798850400095745,4.1140100000000075,1.0,0.7362133333331561,0.7362133333331561,0.7995853669674062,-0.45433543519788694,0.2953566614805306,0.07979670024071611,0.7995853669674062,0.45433543519788694,0.2953566614805306,0.07979670024071611,0.7362133333331561,31.112552105417887,"(-1.2683882407957778, -0.7158531926707781)",0.02571188100913992,
207,13,WALK,EYE,9,0,LARGE,1.4553353095649622,0.8401584528769064,17.869136187650785,7.620371240458634,4.78309999999999,1.0,0.16843333333329913,0.16843333333329913,-1.4248717811474285,0.18374662338653552,0.8581830012058368,0.16692757534751732,1.4248717811474285,0.18374662338653552,0.8581830012058368,0.16692757534751732,0.16843333333329913,98.81837110018543,"(1.2858950687828994, 0.49635162026481794)",0.6493815472282288,
208,13,WALK,EYE,9,1,LARGE,,,,,,,,,,,,,,,,,,,,,"('no success frames', 0)"
209,13,WALK,EYE,9,2,LARGE,,,,,,,,,,,,,,,,,,,,,"('no success frames', 0)"
210,13,WALK,EYE,9,3,LARGE,13.221039220266638,5.073777332419523,15.167997556550478,5.978536274345538,2.2520000000000664,1.0,0.13233333333326602,0.13233333333326602,13.149029445286528,1.2009647585713703,5.073438212272442,0.6803025414341644,13.149029445286528,1.2064115242842577,5.073438212272442,0.6705364863590744,0.13233333333326602,36.371377487051745,"(-1.1318179407264921, 0.58529445202781)",0.7148523756117561,
211,13,WALK,EYE,9,4,LARGE,,,,,,,,,,,,,,,,,,,,,"('no success frames', 0)"
212,13,WALK,EYE,9,5,LARGE,2.9513209097351987,0.7444437426953755,12.899239036165035,9.423780544617992,4.15160000000003,1.0,0.03333333333333333,0.03333333333333333,-1.4450956443265375,1.9524082687831643,1.8042217114320003,0.22794315252277386,2.0294524755316066,1.9524082687831643,1.0885902636362161,0.22794315252277386,0.03333333333333333,83.4554364674119,"(-0.012270240996787862, 1.4558365387573957)",0.6616242219637262,
213,13,WALK,EYE,9,6,LARGE,5.909998684704088,3.3410313859590426,11.260407869716067,7.463108192158413,3.7823000000000775,1.0,0.2640963333332441,0.2640963333332441,-5.705505919590503,0.9508677252135687,3.5364601665994178,0.38370561710575657,5.73317599355668,0.9508677252135687,3.490803001203887,0.38370561710575657,0.2640963333332441,64.21820263027229,"(0.44317308178762005, 1.1697330442136717)",0.6963472275239202,
214,13,WALK,EYE,9,7,LARGE,,,,,,,,,,,,,,,,,,,,,"('no success frames', 0)"
215,13,WALK,EYE,9,8,LARGE,,,,,,,,,,,,,,,,,,,,,"('no success frames', 0)"
216,13,STAND,HAND,4,0,SMALL,1.18531200625495,0.16517905338664532,5.418997620480407,5.341005152698199,1.3667900000000088,1.0,1.448556333333331,1.448556333333331,0.12415955192233584,0.7529062924777064,0.7028198821174848,0.6047214287736801,0.6378295508357157,0.8814768771823837,0.3129536874794874,0.3912572640428363,1.0,13.835110120870997,"(0.9043691060539061, -1.399226410564708)",0.015398638074265739,
217,13,STAND,HAND,4,1,SMALL,0.9774338203139123,0.3217326847804105,7.940327979470397,5.118728526150274,1.4651790000000062,1.0,0.33493833333332834,0.33493833333332834,0.8996373881774482,-0.35848848454027776,0.2489585046319039,0.24499002690925847,0.8996373881774482,0.35848848454027776,0.2489585046319039,0.24499002690925847,0.33493833333332834,13.463185380957002,"(-1.4298189091082705, -0.8524320639524205)",0.009858391779385132,
218,13,STAND,HAND,4,2,SMALL,1.1185331420402869,0.19662713122801867,8.025634776092142,5.524434618998597,1.2847130000000107,1.0,0.3332303333333205,0.3332303333333205,-0.03827183509341163,0.9048226273508518,0.7019923527345193,0.02753492595765174,0.593627455869353,0.9048226273508518,0.3498119417272548,0.02753492595765174,0.3332303333333205,14.9830385640755,"(-1.3532340495508564, 0.8742899668894495)",0.010205375023076151,
219,13,STAND,HAND,4,3,SMALL,0.7664223101962134,0.43711215273038967,7.974054782933247,5.251307936261245,1.4518279999999777,1.0,0.35079233333334703,0.35079233333334703,0.6501798672593984,0.40225101456139,0.34409861317257046,0.27509508139020306,0.6501798672593984,0.40225101456139,0.34409861317257046,0.27509508139020306,0.35079233333334703,13.3464978182824,"(-1.3348661854880213, 0.9705486911737324)",0.008276554839121316,
220,13,STAND,HAND,4,4,SMALL,0.9264328452086017,0.40026688910163766,8.160238026245151,5.447113955397559,1.4490810000000067,1.0,0.35030433333332855,0.35030433333332855,0.05590395040132048,0.9246263186582354,0.03907239064355725,0.39864417601325963,0.05590395040132048,0.9246263186582354,0.03907239064355725,0.39864417601325963,0.35030433333332855,14.44435338250576,"(-0.16009537098687687, 1.7261381060650365)",0.010240491660606402,
221,13,STAND,HAND,4,5,SMALL,0.5588981974264378,0.31202500462594085,9.188351431728151,6.595151773168373,2.3003539999999987,1.0,0.5510493333333121,0.5510493333333121,-0.2204811819474739,0.15770745952369758,0.572920602973944,0.12534396478210752,0.48422612435226764,0.17287068963314667,0.3692958829238834,0.10264881459837083,0.5510493333333121,67.53304838184908,"(1.5425535892355384, -0.1074113021472698)",0.010500018637504074,
222,13,STAND,HAND,4,6,SMALL,1.0027100208172592,0.3299941745942061,9.242512929914243,6.098997901804168,1.5996400000000222,1.0,0.3494953333333247,0.3494953333333247,-0.9900916221011802,0.1552161787907984,0.3203813950966671,0.08579795500512825,0.9900916221011802,0.1552161787907984,0.3203813950966671,0.08579795500512825,0.3494953333333247,15.847112136994376,"(1.6404280243019684, 0.3465537858002392)",0.012988043638548552,
223,13,STAND,HAND,4,7,SMALL,1.1848903883419224,0.25002289766560903,6.1550676300435825,5.629140596442723,1.3132470000000183,1.0,1.0188833333333227,1.0188833333333227,0.5874812112844887,0.826011291548932,0.6366103661010973,0.20039228803123252,0.8107790348009588,0.826011291548932,0.2962301142803374,0.20039228803123252,1.0,14.4840754723203,"(1.5349952774685747, 0.15517277256986972)",0.0075321395927622345,
224,13,STAND,HAND,4,8,SMALL,1.2580466020626209,0.204376582154648,7.7568977933384575,5.624308889928947,1.8165590000000122,1.0,0.5474933333333089,0.5474933333333089,-1.2359683641486454,0.21841943394164653,0.1967023414905112,0.1033038541764174,1.2359683641486454,0.21841943394164653,0.1967023414905112,0.1033038541764174,0.5474933333333089,15.113900832366367,"(1.651012862192104, 0.18751976388570313)",0.009958446941679697,
225,13,WALK,HAND,4,0,SMALL,10.506729616668386,4.498847145364978,10.83837371624673,5.028055028812098,2.430300000000045,1.0,0.18427033333333231,0.18427033333333231,-10.398576154617333,0.7499154534321782,4.678555086693177,0.24573536042677432,10.46412324647275,0.7499154534321782,4.529073704936463,0.24573536042677432,0.18427033333333231,27.486301327923805,"(-1.4790684710416997, 0.28023573089500076)",0.6447651020132165,
226,13,WALK,HAND,4,1,SMALL,,,,,,,,,,,,,,,,,,,,,jump
227,13,WALK,HAND,4,2,SMALL,,,,,,,,,,,,,,,,,,,,,jump
228,13,WALK,HAND,4,3,SMALL,,,,,,,,,,,,,,,,,,,,,jump
229,13,WALK,HAND,4,4,SMALL,,,,,,,,,,,,,,,,,,,,,jump
230,13,WALK,HAND,4,5,SMALL,,,,,,,,,,,,,,,,,,,,,"('no success frames', 0)"
231,13,WALK,HAND,4,6,SMALL,,,,,,,,,,,,,,,,,,,,,jump
232,13,WALK,HAND,4,7,SMALL,6.505908768638507,4.555928916243504,17.10774108546925,9.001486749741602,3.9318849999999657,1.0,0.36985033333334816,0.36985033333334816,-6.040368689286619,-0.7220300268719229,5.083565314303864,0.5625267199259724,6.363951230362896,0.8619360543305196,4.665415199756744,0.30227025746580516,0.36985033333334816,156.9522639240968,"(0.9636716588821002, 0.9891752818425488)",0.6375285316428941,
233,13,WALK,HAND,4,8,SMALL,,,,,,,,,,,,,,,,,,,,,jump
234,13,STAND,HAND,5,0,LARGE,1.1857717000187178,0.12252265730568743,13.633790345075273,10.734121444101357,1.765609000000012,1.0,0.48427633333332853,0.48427633333332853,1.1072251421840733,0.006078355356921504,0.0745512234158426,0.4429370620053911,1.1072251421840733,0.3710987867013001,0.0745512234158426,0.2311205664037898,0.48427633333332853,28.351913420611293,"(-1.2676939730874537, -0.9185003780513625)",0.023003469062654106,
235,13,STAND,HAND,5,1,LARGE,1.0259047956772311,0.5148073498881902,12.501916090597005,11.953879644925898,1.5817559999999844,1.0,0.8852183333333433,0.8852183333333433,-0.8520510753540962,-0.4257847234594898,0.5632924729731016,0.30947080820006145,0.8832873730467339,0.4257847234594898,0.5118886674334399,0.30947080820006145,0.8852183333333433,30.965636896338424,"(0.7694869091885543, -1.4486834503002655)",0.022864683597880974,
236,13,STAND,HAND,5,2,LARGE,1.1494534352595451,0.15621276095794667,12.940780768496557,12.597319289442902,1.6162259999999833,1.0,1.100181333333355,1.100181333333355,-0.7344390800565741,0.17555780504363905,0.5818364009924537,0.6697950737899775,0.8637928525204152,0.6044234297554621,0.3585610087439557,0.32998731383587754,1.0,31.221358249121597,"(-1.2232705344314034, -0.8339048871999779)",0.018027132563337715,
237,13,STAND,HAND,5,3,LARGE,1.435874443412583,0.167284399127894,15.000892361747148,12.038579466976879,2.133544999999998,1.0,0.36779133333331704,0.36779133333331704,1.4301760072195173,-0.12512391660575398,0.1652858658652787,0.037073769765572195,1.4301760072195173,0.12512391660575398,0.1652858658652787,0.037073769765572195,0.36779133333331704,31.26062526976424,"(-1.711558117863273, -0.1455245817325448)",0.02698205656367514,
238,13,STAND,HAND,5,4,LARGE,1.186196958340138,0.2581989364522193,14.809593849199917,11.470371353866106,2.100998000000004,1.0,0.3673773333333107,0.3673773333333107,-0.09308151168666697,1.1793966974404728,0.07125644971394261,0.2634061876540653,0.1043310887320381,1.1793966974404728,0.052398787722536866,0.2634061876540653,0.3673773333333107,30.323431733216196,"(-0.06464333167193814, 1.6834083290639654)",0.02010022182605565,
239,13,STAND,HAND,5,5,LARGE,1.1281895692968962,0.27676586837196876,16.34670721398546,11.775772818652722,2.212402999999995,1.0,0.3682023333333594,0.3682023333333594,-0.45214845940379095,1.0321313261740535,0.16386819551582624,0.23017141628865612,0.45214845940379095,1.0321313261740535,0.16386819551582624,0.23017141628865612,0.3682023333333594,29.97107791004611,"(0.7730033617484438, 1.4741710620091197)",0.020886863833783225,
240,13,STAND,HAND,5,6,LARGE,1.5158168698493184,0.5218746345495233,8.222594995034939,10.78027117901237,1.581801999999982,2.0,1.6355756666666577,0.8177878333333288,-0.3089733131982901,1.3807799692932177,0.6104567242434856,0.44418317417980724,0.5754640933507708,1.3807799692932177,0.36801156842681526,0.44418317417980724,1.0,31.674249659728595,"(0.21543439763161132, 1.5385297853438828)",0.01064755128330004,
241,13,STAND,HAND,5,7,LARGE,1.0000894215581388,0.3343530731475129,14.03366177041143,11.530110298515188,1.9325259999999957,1.0,0.45078333333333565,0.45078333333333565,0.35644865845629836,-0.9169494727192321,0.046594296375705,0.37847178669571124,0.35644865845629836,0.9169494727192321,0.046594296375705,0.37847178669571124,0.45078333333333565,31.033800334497244,"(-0.2438671466931197, -1.5903788679574404)",0.01730639746220581,
242,13,STAND,HAND,5,8,LARGE,1.1760445567561242,0.40282494363101334,11.20192402796194,11.388136141751987,1.5148159999999962,2.0,1.1018686666666648,0.5509343333333324,0.22862406618174802,0.9974012277315264,0.3524046557634588,0.6153732983112408,0.35576688195852074,1.1033664739655724,0.22106584383173633,0.3911860168788307,0.6672443333333452,28.315955334141584,"(0.9655903799086545, -1.2163408131155933)",0.023024129161623674,
243,13,WALK,HAND,5,0,LARGE,,,,,,,,,,,,,,,,,,,,,jump
244,13,WALK,HAND,5,1,LARGE,13.548790973417642,7.543540322047122,13.038826227312018,6.776600494851788,2.248119000000031,1.0,0.08408433333332443,0.08408433333332443,12.890975054162157,2.4269733830250773,6.538956015290502,5.071438650279879,12.910959404959499,2.4269733830250773,6.499166619276732,5.071438650279879,0.08408433333332443,40.097924690061745,"(1.1059779393865057, 1.0214149781752013)",0.7197233691205349,
245,13,WALK,HAND,5,2,LARGE,,,,,,,,,,,,,,,,,,,,,jump
246,13,WALK,HAND,5,3,LARGE,1.0842519369256072,0.383070117717081,16.49822906426343,15.063241629236453,3.918200000000013,1.0,1.114833333333339,1.114833333333339,0.7336605727995578,0.1203139261226196,0.8066746792166563,0.3584274858430334,1.012015842853679,0.2837601761209354,0.39664863910578374,0.2478100043028215,1.0,208.9033577979585,"(1.0010269069439772, 1.1175917936362794)",,
247,13,WALK,HAND,5,4,LARGE,,,,,,,,,,,,,,,,,,,,,jump
248,13,WALK,HAND,5,5,LARGE,,,,,,,,,,,,,,,,,,,,,jump
249,13,WALK,HAND,5,6,LARGE,,,,,,,,,,,,,,,,,,,,,jump
250,13,WALK,HAND,5,7,LARGE,,,,,,,,,,,,,,,,,,,,,jump
251,13,WALK,HAND,5,8,LARGE,,,,,,,,,,,,,,,,,,,,,jump
252,13,STAND,HAND,6,0,SMALL,1.0689020459084075,0.2961566445963444,5.614299507995722,5.489393947601099,1.383088000000015,1.0,1.369544333333325,1.369544333333325,-0.5158076645140852,0.7158817202272838,0.3148585763470231,0.5976038212349987,0.5381164241482802,0.8877893548524037,0.2744636354656738,0.27928656368608074,1.0,13.706109976693279,"(0.2087112433750491, -1.5812697386657106)",0.016464546911412293,
253,13,STAND,HAND,6,1,SMALL,0.8713873467785744,0.26860168021919706,6.042311655294858,5.833610981738781,1.4314880000000016,1.0,1.1500933333333327,1.1500933333333327,-0.6521041711591197,-0.21281001063049884,0.3169378108302506,0.5145828525734173,0.6653168780711571,0.4075938931175024,0.28772048287343654,0.3770241094731432,1.0,15.02123445889521,"(-0.271280357034545, -1.565216589285285)",0.014215548151048588,
254,13,STAND,HAND,6,2,SMALL,1.166811116796598,0.24747585766166422,5.856478538157367,5.5400412108481705,1.2829450000000122,1.0,1.0998153333333127,1.0998153333333127,-0.8275471647014548,0.5571460019727812,0.641791966008597,0.14584747822693414,0.9936678946890387,0.5571460019727812,0.3234627341618179,0.14584747822693414,1.0,14.563595531474514,"(-1.356652411015883, 0.8233720839388639)",0.014650607441073582,
255,13,STAND,HAND,6,3,SMALL,1.1779401238822578,0.2214811028133442,8.848606799229497,5.500784495922666,1.6660679999999957,1.0,0.31825333333336137,0.31825333333336137,0.4002193686476512,1.0999278420936696,0.20633428101959905,0.15823124556085344,0.4002193686476512,1.0999278420936696,0.20633428101959905,0.15823124556085344,0.31825333333336137,14.348928514297024,"(-0.8116224260515708, 1.426233093286342)",0.011210384347448341,
256,13,STAND,HAND,6,4,SMALL,1.2597543534819855,0.2258733557817571,9.2755434424805,5.706748976142892,1.5996859999999913,1.0,0.26735733333333844,0.26735733333333844,-0.39708246542285697,1.191266854261778,0.03198105850447808,0.24680692527664777,0.39708246542285697,1.191266854261778,0.03198105850447808,0.24680692527664777,0.26735733333333844,15.367430504544767,"(0.32662435342541585, 1.669471683773395)",0.01256163737618681,
257,13,STAND,HAND,6,5,SMALL,1.0054594953935605,0.28112897140581294,7.267304455226246,6.096413394428806,1.5323940000000107,1.0,0.8014763333333424,0.8014763333333424,0.8493837700443199,0.4217888993346589,0.2282016270789566,0.3754644069248478,0.8493837700443199,0.4217888993346589,0.2282016270789566,0.3754644069248478,0.8014763333333424,15.504659770869711,"(-0.44956982629375375, 1.5480381241817582)",0.0162807660000314,
258,13,STAND,HAND,6,6,SMALL,0.840383568080625,0.3472522639315464,8.91631430825354,6.0234265924239825,1.5487870000000044,1.0,0.3666333333333417,0.3666333333333417,-0.54737156702471,0.5688757187049819,0.45116278336036436,0.0647770776268558,0.5518513753169791,0.5688757187049819,0.4453957045534998,0.0647770776268558,0.3666333333333417,15.633007771836473,"(1.431034161348002, 0.7168661644547001)",0.012713317238777094,
259,13,STAND,HAND,6,7,SMALL,1.3035298462111653,0.17383223445090124,6.333382179509935,5.029116511772526,1.6358800000000144,1.0,0.6467363333333386,0.6467363333333386,-0.8530628347048079,0.9668333770425226,0.2605357983652391,0.006156932769342533,0.8530628347048079,0.9668333770425226,0.2605357983652391,0.006156932769342533,0.6467363333333386,14.716798843468869,"(1.3805647984258727, 0.9564864488821314)",0.00953987016256465,
260,13,STAND,HAND,6,8,SMALL,0.8412094751323143,0.36136609567098527,8.18667804808638,5.275358036661431,1.5144500000000107,1.0,0.3349843333333259,0.3349843333333259,-0.6028342777944838,-0.5575326098581772,0.15265592298284975,0.3775152464740579,0.6028342777944838,0.5575326098581772,0.15265592298284975,0.3775152464740579,0.3349843333333259,13.580171097614684,"(0.9259661264918577, -1.2834016423085046)",0.012233652157713054,
261,13,WALK,HAND,6,0,SMALL,,,,,,,,,,,,,,,,,,,,,jump
262,13,WALK,HAND,6,1,SMALL,5.204552827696605,3.3294319141016238,11.40624097313947,7.236912144285493,4.183562999999992,2.0,0.3681416666666488,0.1840708333333244,-4.612053941847992,0.03874114947449782,4.101846179182997,0.39029927751431726,5.162157466330534,0.34731938203121243,3.372924975606876,0.17780678053241103,0.20071333333331343,216.93497354711639,"(1.4867539358000386, 0.45096009726306363)",0.6958464226261887,
263,13,WALK,HAND,6,2,SMALL,,,,,,,,,,,,,,,,,,,,,jump
264,13,WALK,HAND,6,3,SMALL,,,,,,,,,,,,,,,,,,,,,jump
265,13,WALK,HAND,6,4,SMALL,,,,,,,,,,,,,,,,,,,,,jump
266,13,WALK,HAND,6,5,SMALL,,,,,,,,,,,,,,,,,,,,,jump
267,13,WALK,HAND,6,6,SMALL,,,,,,,,,,,,,,,,,,,,,jump
268,13,WALK,HAND,6,7,SMALL,,,,,,,,,,,,,,,,,,,,,jump
269,13,WALK,HAND,6,8,SMALL,,,,,,,,,,,,,,,,,,,,,jump
270,13,STAND,HAND,7,0,LARGE,0.9573400183974619,0.288671307811818,15.165074523684025,11.611955351399605,1.8184049999999843,1.0,0.4633563333333389,0.4633563333333389,-0.7808052840762337,-0.4090245373599012,0.0726493857750598,0.4721886653489859,0.7808052840762337,0.4600685931392511,0.0726493857750598,0.42058752384464254,0.4633563333333389,29.87683779973491,"(0.8586220390479404, -1.3934475040100551)",0.017211433161669544,
271,13,STAND,HAND,7,1,LARGE,0.9068776808681834,0.3164041890126326,15.556314021365933,11.85622471386178,1.7483190000000093,1.0,0.4186943333333223,0.4186943333333223,-0.12364573357164661,-0.8665108066883848,0.2029605177418147,0.3430222377687697,0.21224971997582628,0.8665108066883848,0.10068420750529217,0.3430222377687697,0.4186943333333223,30.703188814915805,"(-0.3494858057562418, -1.5428469220144763)",0.013919892194561837,
272,13,STAND,HAND,7,2,LARGE,0.8211079970389649,0.32126825712703083,16.338574455242135,11.812506349794363,1.4851679999999874,1.0,0.33207033333335023,0.33207033333335023,-0.024838692922852627,0.42813658635562934,0.7862920238029535,0.04997504919891991,0.66143158632308,0.42813658635562934,0.39637046145517196,0.04997504919891991,0.33207033333335023,31.31964831199058,"(-1.5384435674664516, 0.5193706930475059)",0.015871418950297433,
273,13,STAND,HAND,7,3,LARGE,0.9840508938068686,0.3177576369137523,15.566804969514834,12.61069951610144,2.134553000000011,1.0,0.6169973333333322,0.6169973333333322,0.8507695925366847,0.48535709249486836,0.30652589238364225,0.1274519440182875,0.8507695925366847,0.48535709249486836,0.30652589238364225,0.1274519440182875,0.6169973333333322,31.13118455703237,"(-1.499906373459396, 0.8449206159219642)",0.01686317060461636,
274,13,STAND,HAND,7,4,LARGE,1.2718816215858528,0.22916330226387333,14.904051924450936,12.01219520179275,2.332794000000007,1.0,0.46845233333331937,0.46845233333331937,0.6335239770185628,1.086984892300895,0.04808212492833621,0.2938302839290715,0.6335239770185628,1.086984892300895,0.04808212492833621,0.2938302839290715,0.46845233333331937,31.143668380781467,"(-0.5854203809916143, 1.6126687826682513)",0.017733175413300384,
275,13,STAND,HAND,7,5,LARGE,0.8263299314487422,0.30854954968993276,15.53371614091809,12.358331780838846,2.084701999999993,1.0,0.5651633333333469,0.5651633333333469,0.4351024067874789,0.5424614247132318,0.1697536102335794,0.5213976632813511,0.4351024067874789,0.5667455692192376,0.1697536102335794,0.49404212966206984,0.5651633333333469,31.408023270162833,"(-0.054605217129584105, 1.625292911702502)",0.015282464720011168,
276,13,STAND,HAND,7,6,LARGE,0.8816452613700999,0.39259776818710573,16.15217445788629,12.355205603343132,1.8667630000000202,1.0,0.4338333333333272,0.4338333333333272,-0.7550596273543939,0.44731063244870256,0.3788074901058442,0.13427622896452493,0.7550596273543939,0.44731063244870256,0.3788074901058442,0.13427622896452493,0.4338333333333272,31.70420079096279,"(1.5211083000413765, 0.728170202084911)",0.011919570967980955,
277,13,STAND,HAND,7,7,LARGE,1.0446566453408417,0.30157019553183456,13.706703732675747,11.767296708266537,1.8993069999999932,1.0,0.6335983333333407,0.6335983333333407,-0.7741236610263298,0.6837513599326662,0.32974123721634113,0.08614329550114931,0.7741236610263298,0.6837513599326662,0.32974123721634113,0.08614329550114931,0.6335983333333407,30.260929344983065,"(1.477213467876446, 0.7474302871718379)",0.01648217029318993,
278,13,STAND,HAND,7,8,LARGE,0.8734722118248679,0.2990116754611511,11.501756076995042,11.706351801188184,1.7140500000000145,1.0,1.2682883333333186,1.2682883333333186,-0.2998570501113707,0.6695582145362619,0.4373032396129655,0.35488310634385756,0.3191229416825868,0.7025247570362835,0.4232585150932936,0.28301578240680814,1.0,28.99637591649673,"(1.5386955698964186, -0.5183825209752371)",0.019036852868636444,
279,13,WALK,HAND,7,0,LARGE,,,,,,,,,,,,,,,,,,,,,"('no success frames', 0)"
280,13,WALK,HAND,7,1,LARGE,,,,,,,,,,,,,,,,,,,,,"('no success frames', 0)"
281,13,WALK,HAND,7,2,LARGE,,,,,,,,,,,,,,,,,,,,,jump
282,13,WALK,HAND,7,3,LARGE,,,,,,,,,,,,,,,,,,,,,"('no success frames', 0)"
283,13,WALK,HAND,7,4,LARGE,,,,,,,,,,,,,,,,,,,,,jump
284,13,WALK,HAND,7,5,LARGE,,,,,,,,,,,,,,,,,,,,,jump
285,13,WALK,HAND,7,6,LARGE,,,,,,,,,,,,,,,,,,,,,"('no success frames', 0)"
286,13,WALK,HAND,7,7,LARGE,,,,,,,,,,,,,,,,,,,,,jump
287,13,WALK,HAND,7,8,LARGE,,,,,,,,,,,,,,,,,,,,,"('no success frames', 0)"
288,13,STAND,HAND,8,0,SMALL,0.8508206165776729,0.3231756128968387,5.144231361303092,4.9590394009474155,1.2493279999999913,1.0,0.9668353333333092,0.9668353333333092,-0.6837229748449778,0.20456763023213048,0.2915620910765608,0.48768467618304917,0.6837229748449778,0.4617916967989816,0.2915620910765608,0.2517377761094716,0.9668353333333092,13.465353847311722,"(0.841126625961742, -1.3662762592885827)",0.009292723871543824,
289,13,STAND,HAND,8,1,SMALL,0.8470000735091306,0.3512451772781916,5.726814260767502,5.843372150151136,1.3656380000000468,1.0,1.2321953333332962,1.2321953333332962,-0.5238150736642808,-0.062095035091640015,0.4912313706238267,0.5721325138700808,0.6024353560459929,0.4530971845810899,0.38927153164818473,0.3508511832440335,1.0,15.462650440225548,"(-0.08231242102570491, -1.6006683453406367)",0.008974368638540432,
290,13,STAND,HAND,8,2,SMALL,0.7193899186158552,0.48204059466702975,8.658070073998905,5.7603619041201055,1.4146110000000078,1.0,0.3169183333333213,0.3169183333333213,0.7118250534037617,-0.09889779480894213,0.48171584614971596,0.037692077264466974,0.7118250534037617,0.09889779480894213,0.48171584614971596,0.037692077264466974,0.3169183333333213,14.949312066679273,"(-1.6547518508376378, -0.1560180262459312)",0.012954173422032396,
291,13,STAND,HAND,8,3,SMALL,1.3233274252166112,0.14261110006023772,8.738376023492057,5.66574332468549,1.5670159999999953,1.0,0.34951133333334117,0.34951133333334117,-0.2840219351429344,1.2454208741301422,0.3278103206541784,0.196517749366704,0.37368434934417677,1.2454208741301422,0.21303593150991407,0.196517749366704,0.34951133333334117,15.110100156646483,"(-0.3761120939254603, 1.6425120736864613)",0.01338934856929418,
292,13,STAND,HAND,8,4,SMALL,0.7490649119620616,0.3611728604717629,8.06011587817239,5.637413108048377,1.4020779999999888,1.0,0.38384933333333227,0.38384933333333227,-0.24568079617436406,0.6022447870565816,0.20542239984983718,0.48255697134771275,0.2676594356415869,0.6022447870565816,0.17429451979215274,0.48255697134771275,0.38384933333333227,14.695164575053951,"(-0.11740574157890293, 1.6232294035491037)",0.012184066985628265,
293,13,STAND,HAND,8,5,SMALL,1.4259895292374345,0.13230667184791647,8.286742191785853,5.620274856299788,1.732453000000021,1.0,0.38446833333333263,0.38446833333333263,-0.2901378418935982,1.3921068565270256,0.08300491293284538,0.1498606942461384,0.2901378418935982,1.3921068565270256,0.08300491293284538,0.1498606942461384,0.38446833333333263,14.998184670119699,"(0.23365376398380278, 1.6997851303446936)",0.011170878313618305,
294,13,STAND,HAND,8,6,SMALL,0.5627957286069505,0.49751337254205713,8.110447500873963,5.755255794471599,1.384256999999991,1.0,0.3827603333333248,0.3827603333333248,-0.4245648867558019,0.17900520393823818,0.5731329655022123,0.16867826895142707,0.5293898631964624,0.17900520393823818,0.472991848660766,0.16867826895142707,0.3827603333333248,14.720973056005661,"(1.5674337047700746, 0.5314488978301171)",0.011552999400795417,
295,13,STAND,HAND,8,7,SMALL,1.089528328538972,0.3041100146718285,8.859086271575306,5.852330964220913,1.6172660000000008,1.0,0.36773333333332137,0.36773333333332137,-0.8476851156032749,-0.673031007635815,0.31715336733879895,0.09057807767547911,0.8476851156032749,0.673031007635815,0.31715336733879895,0.09057807767547911,0.36773333333332137,15.238142767028961,"(1.462081285942169, -0.8492654837478142)",0.00914745672144508,
296,13,STAND,HAND,8,8,SMALL,1.3675105877853493,0.2139789079200364,4.942015780501523,4.72493518533503,1.2652439999999956,1.0,1.2164693333333523,1.2164693333333523,-0.7865831840917404,1.057470052645004,0.28490877257982566,0.315623531004022,0.7865831840917404,1.057470052645004,0.28490877257982566,0.315623531004022,1.0,15.034316351828663,"(1.6846915735940513, 0.001432606859708585)",0.013637891973010088,
297,13,WALK,HAND,8,0,SMALL,,,,,,,,,,,,,,,,,,,,,jump
298,13,WALK,HAND,8,1,SMALL,6.144053567416867,3.971529083703813,7.672756616203029,4.988885184595749,1.599876000000009,1.0,0.3204583333333223,0.3204583333333223,-6.093991399154525,0.15853091679748013,3.9889132744270457,0.6723074139465278,6.093991399154525,0.6187602828368173,3.9889132744270457,0.3041849085001081,0.3204583333333223,31.22763991093999,"(1.4174000827787125, -0.9088346338083255)",0.7244372398322066,
299,13,WALK,HAND,8,2,SMALL,,,,,,,,,,,,,,,,,,,,,"('no success frames', 0)"
300,13,WALK,HAND,8,3,SMALL,4.042109888188568,2.171953731852916,15.34734119675122,9.719151210443638,3.5659179000000023,2.0,0.31913866666667823,0.15956933333333911,2.8301259263986425,-0.5462429933586741,3.5486885113395457,0.4982276489851258,3.957902163296334,0.626894874911504,2.201998493766557,0.3905314716766175,0.16822933333334522,56.69523561139415,"(-1.5138559452219553, 0.37248287060985774)",0.6952843465233801,
301,13,WALK,HAND,8,4,SMALL,,,,,,,,,,,,,,,,,,,,,"('no success frames', 0)"
302,13,WALK,HAND,8,5,SMALL,11.224446921745374,3.90010282643251,11.555459978615886,5.839527516694757,3.1019900000000007,1.0,0.11518833333332357,0.11518833333332357,11.14093757148928,0.7427186370168175,4.058858047055914,0.25339289327166425,11.194139089727067,0.7427186370168175,3.9083952055413294,0.25339289327166425,0.11518833333332357,33.6360332334502,"(1.5042075771264365, 0.1696530809459773)",0.7251145449156118,
303,13,WALK,HAND,8,6,SMALL,9.522201024157644,4.31165060072155,11.042514382206639,5.59887162230254,1.8008880000000005,1.0,0.08182533333332931,0.08182533333332931,-9.433266888646045,0.9266053300736966,4.389788458129948,0.3890164088266774,9.442720995195025,0.9266053300736966,4.369314857515257,0.3890164088266774,0.08182533333332931,33.948981626336774,"(-0.7096172863340762, 1.3383622031336841)",0.7133400484405907,
304,13,WALK,HAND,8,7,SMALL,,,,,,,,,,,,,,,,,,,,,jump
305,13,WALK,HAND,8,8,SMALL,11.121306961092179,5.732674346021427,12.45042516631452,6.37856038812494,1.766846099999995,1.0,0.5669175333333404,0.5669175333333404,10.915108021527027,0.436578127550173,6.086741400690903,0.43700697813995076,11.082631413322769,0.5443327552656674,5.774442915850163,0.29108376034019423,0.5669175333333404,31.96345579964565,"(1.0212208770812197, -1.225457624109609)",0.6926416210920966,
306,13,STAND,HAND,9,0,LARGE,3.072534106286939,2.3997060882864427,8.615329552611163,8.980338000996547,3.4822229999999763,3.0,0.8655439999999771,0.28851466666665904,-0.6708390272325543,1.0211195421441255,0.9526711599183584,3.589856693871779,1.1253467109929498,2.6494616022919644,0.2865854639165368,2.616046393840208,0.4497333333333434,109.19042192730853,"(1.2863679862384458, -0.9529304379027366)",0.01617414846489202,
307,13,STAND,HAND,9,1,LARGE,0.8599946653650992,0.45930705674718564,12.141292886587939,11.850890063818685,1.682945000000018,1.0,0.782570333333327,0.782570333333327,-0.7007901650226664,-0.23397341473906802,0.44006262963023024,0.46406207245385656,0.7090271403627589,0.41269976114906215,0.42636185238095814,0.3117814673723054,0.782570333333327,32.30499893591983,"(1.1716201804066344, -1.183027947744577)",0.018643294402925347,
308,13,STAND,HAND,9,2,LARGE,0.7854169548128099,0.3203396032946786,11.368275043960002,12.151119027678323,1.5144999999999982,1.0,1.284908333333336,1.284908333333336,-0.4890290156262643,0.16347845030989655,0.6530658059799708,0.17834739988833548,0.7077098224346091,0.19061344448251355,0.401623888854928,0.1485644746402833,1.0,30.212848830697563,"(-1.5594312058101387, 0.26608854168082985)",0.016839877119655428,
309,13,STAND,HAND,9,3,LARGE,1.0983595892174691,0.2922002577969423,14.618015795160847,11.404208297110905,1.7498810000000162,1.0,0.4182173333333329,0.4182173333333329,0.6858678122910115,0.8574037165942551,0.1641573676174178,0.24353189128166666,0.6858678122910115,0.8574037165942551,0.1641573676174178,0.24353189128166666,0.4182173333333329,30.051644216317868,"(-1.0283184930089817, 1.323502652860114)",0.019201005275046982,
310,13,STAND,HAND,9,4,LARGE,0.6765219317982892,0.44047062336815257,15.30020278981838,11.915276747447031,1.8172999999999888,1.0,0.4658583333333316,0.4658583333333316,-0.20568654095273858,0.3616478694300951,0.02003574035772307,0.6993885444179525,0.20568654095273858,0.6177823606216775,0.02003574035772307,0.47815247083783774,0.4658583333333316,31.020562945812717,"(0.14479038097317343, 1.7042723161346771)",0.01898235078033756,
311,13,STAND,HAND,9,5,LARGE,0.6718537327974543,0.3634779667129101,13.438619190968932,12.796714469961412,1.9176939999999831,1.0,0.9994593333333645,0.9994593333333645,0.47948963484269097,0.11622166510450813,0.3358804743210862,0.4804746359997919,0.5014272170664471,0.31605330709404517,0.3015389405354808,0.37813266161015413,0.9994593333333645,31.60245868652499,"(0.051114239777653836, 1.5897683305788775)",0.015438338891202996,
312,13,STAND,HAND,9,6,LARGE,0.8145768500000019,0.30862819948091735,14.15809290003239,11.658952566144873,1.884032999999988,1.0,0.5823803333333065,0.5823803333333065,-0.17930677918996285,0.5766413101382012,0.6134456408891816,0.16389563835859725,0.5259407013142737,0.5766413101382012,0.3527674779189127,0.16389563835859725,0.5823803333333065,29.632819105356372,"(1.3281049499112356, 0.8594693955545551)",0.010455014693435221,
313,13,STAND,HAND,9,7,LARGE,1.3825744075109923,0.21021738990164252,8.376093774898921,10.331286369876933,1.5330809999999815,2.0,1.9674836666667415,0.9837418333333707,-0.8955609447668126,0.9648956104779519,0.46582520810235634,0.08424048772802607,0.8955609447668126,0.9648956104779519,0.46582520810235634,0.08424048772802607,1.0,29.400814619602016,"(1.3318256897929288, 0.878275374648851)",0.014654927334981607,
314,13,STAND,HAND,9,8,LARGE,1.1589274227919506,0.2060199689760568,14.363204102563431,10.906278515465244,1.647976999999969,1.0,0.35031933333337595,0.35031933333337595,-1.0983223419808734,-0.3438417309671948,0.15107724135928577,0.19791696417405447,1.0983223419808734,0.3438417309671948,0.15107724135928577,0.19791696417405447,0.35031933333337595,29.582328413795633,"(1.4062041668207215, -0.7669769538595119)",0.022581708144734317,
315,13,WALK,HAND,9,0,LARGE,,,,,,,,,,,,,,,,,,,,,jump
316,13,WALK,HAND,9,1,LARGE,,,,,,,,,,,,,,,,,,,,,jump
317,13,WALK,HAND,9,2,LARGE,,,,,,,,,,,,,,,,,,,,,jump
318,13,WALK,HAND,9,3,LARGE,6.650503901756152,4.967781215366211,10.614282008838291,7.817311329736308,2.918075000000016,1.0,0.617083333333314,0.617083333333314,6.385184338314591,0.18655521460635247,5.288095706768684,0.40783050213094935,6.629338120322407,0.34521505083707404,4.976021097494829,0.2850872275488782,0.617083333333314,62.82128707309311,"(1.5365622355557491, 0.21926891893276945)",0.7363622038317603,
319,13,WALK,HAND,9,4,LARGE,,,,,,,,,,,,,,,,,,,,,"('no success frames', 0)"
320,13,WALK,HAND,9,5,LARGE,,,,,,,,,,,,,,,,,,,,,jump
321,13,WALK,HAND,9,6,LARGE,,,,,,,,,,,,,,,,,,,,,jump
322,13,WALK,HAND,9,7,LARGE,,,,,,,,,,,,,,,,,,,,,jump
323,13,WALK,HAND,9,8,LARGE,,,,,,,,,,,,,,,,,,,,,jump
