,subject_num,posture,cursor_type,repetition,target_num,wide,mean_offset,std_offset,overall_mean_offset,overall_std_offset,initial_contact_time,target_in_count,target_in_total_time,target_in_mean_time,mean_offset_horizontal,mean_offset_vertical,std_offset_horizontal,std_offset_vertical,mean_abs_offset_horizontal,mean_abs_offset_vertical,std_abs_offset_horizontal,std_abs_offset_vertical,longest_dwell_time,movement_length,entering_position,error
0,7,STAND,HEAD,4,0,SMALL,0.8760666155245902,0.17602623018804653,5.122576391320895,4.978827122359614,1.2128340000000435,1.0,1.0012659999999869,1.0012659999999869,0.4506034474089404,-0.7422194811316607,0.13464183227757529,0.17266042379119514,0.4506034474089404,0.7422194811316607,0.13464183227757529,0.17266042379119514,1.0012659999999869,11.401617693635291,"(-0.658905937564128, -1.2989952444909267)",
1,7,STAND,HEAD,4,1,SMALL,0.6028443246666665,0.17883236091080915,4.8152118209090915,5.136493005904152,1.0158490000000029,1.0,0.9843140000000403,0.9843140000000403,-0.25699848889554805,-0.4630466557098654,0.2609593526708171,0.2224528277199466,0.33778087487446734,0.4630466557098654,0.1387001077104182,0.2224528277199466,0.9843140000000403,12.092567594827898,"(-0.6247301181684332, -1.2183824045482403)",
2,7,STAND,HEAD,4,2,SMALL,0.8724758355901638,0.16271180244243846,4.14405276082653,4.933836131854835,0.6176999999998998,1.0,1.0007530000000315,1.0007530000000315,0.7930792232677867,0.28591160951334715,0.19880382761239718,0.19709984526815028,0.7930792232677867,0.2865028713131517,0.19880382761239718,0.19622502747685266,1.0007530000000315,12.443159587957208,"(-1.4109397875330827, 0.4922953857016451)",
3,7,STAND,HEAD,4,3,SMALL,0.9101873546721313,0.3151130208493375,5.629502859279661,5.851483266426869,0.9476999999999407,1.0,0.9989000000000487,0.9989000000000487,-0.19148369611882074,-0.717591861283159,0.5077288872355198,0.35206887714869245,0.4744437040949631,0.7219830001124798,0.2573271978424772,0.34282031002741464,0.9989000000000487,13.351623229380584,"(-1.4097914503708353, 0.1339297342942859)",
4,7,STAND,HEAD,4,4,SMALL,0.8570303470819672,0.3231462449720705,4.889508040713044,5.265656863891636,0.9004000000001042,1.0,0.9984999999999218,0.9984999999999218,-0.31057942734997257,0.7632334484550425,0.21021378874627955,0.34367246083711617,0.31333115967612685,0.7632334484550425,0.20602035853915027,0.34367246083711617,0.9984999999999218,12.830753869065049,"(-0.08392783594770487, 1.4396209922441476)",
5,7,STAND,HEAD,4,5,SMALL,1.2797172936666668,0.12685737360784133,5.60670504826087,5.004249454036408,1.297360000000026,1.0,0.9846999999999753,0.9846999999999753,-0.7682776645904466,1.023584657166988,0.0817199477256786,0.12201663808957731,0.7682776645904466,1.023584657166988,0.0817199477256786,0.12201663808957731,0.9846999999999753,13.313699657924461,"(0.816523902920783, 1.1997702030122177)",
6,7,STAND,HEAD,4,6,SMALL,1.1899373789680854,0.36114155582243934,3.892872817217617,4.13461584981861,1.648300000000063,2.0,1.0375429999999142,0.5187714999999571,-0.814701719901812,0.8668797388899934,0.2317554746191815,0.28090087793984775,0.814701719901812,0.8668797388899934,0.2317554746191815,0.28090087793984775,0.9854119999999966,13.733233203132784,"(1.0348828665219028, 1.0549598526685633)",
7,7,STAND,HEAD,4,7,SMALL,0.7197531490833332,0.36178843163891966,5.26998004035,6.184752946356666,0.6661440000000312,1.0,0.9827000000000226,0.9827000000000226,0.49202609050010643,0.1523188545290932,0.4863680206399414,0.3895996877297828,0.6074365610259025,0.3316269789624341,0.32789278741485445,0.2520748442873757,0.9827000000000226,13.5554067938905,"(0.9596247986018602, -0.7820565054642373)",
8,7,STAND,HEAD,4,8,SMALL,1.342089610063694,0.27405745027913686,3.1891511768339766,3.4378697931597224,1.7008060000000569,3.0,1.6989899999999807,0.5663299999999936,-0.4607061923080533,-0.6294162313181471,0.26897938580457487,1.097926291998979,0.4607061923080533,1.2158503031444428,0.26897938580457487,0.3411425840339091,0.9824820000000045,19.306529395798727,"(0.41012136222748197, -1.4348349608412607)",
9,7,WALK,HEAD,4,0,SMALL,14.042741228758196,7.861707996957056,11.935228103544851,8.31831956766386,0.9491579999999544,2.0,0.1644459999999981,0.08222299999999905,13.465091565894275,-2.037209120939094,7.819437281238219,2.2185134532107553,13.466032005792009,2.713258761659801,7.81781095098614,1.3027024115211834,0.1644459999999981,22.936033574183725,"(0.11473366752345825, 1.4705307870309523)",
10,7,WALK,HEAD,4,1,SMALL,,,,,,,,,,,,,,,,,,,,"('no success frames', 0)"
11,7,WALK,HEAD,4,2,SMALL,17.388575168231295,11.099405167059441,19.079897438566668,10.047983677691665,2.5500789999999824,1.0,0.017061000000012427,0.017061000000012427,16.714359398631057,0.25154104587711895,10.429775274079494,1.4087634449191921,16.714359398631057,1.2150460926892919,10.429775274079494,0.7495810915727593,0.017061000000012427,73.45347486021754,"(-1.28541266220501, -0.6671320978500778)",
12,7,WALK,HEAD,4,3,SMALL,,,,,,,,,,,,,,,,,,,,"('no success frames', 0)"
13,7,WALK,HEAD,4,4,SMALL,1.074178118,0.41065389392143914,18.876955207455737,9.383198680124208,4.951528999999994,1.0,0.09977099999997563,0.09977099999997563,0.5067691656149673,-0.2667992933734638,0.5733734523954198,0.8884839688101274,0.6013284771576557,0.7374874936460174,0.45717333530568327,0.49916770973727986,0.09977099999997563,140.64306704967711,"(-1.2989897787924036, 0.6964756993414654)",
14,7,WALK,HEAD,4,5,SMALL,,,,,,,,,,,,,,,,,,,,"('no success frames', 0)"
15,7,WALK,HEAD,4,6,SMALL,9.919934910786125,5.703274126095924,10.685703437495016,5.1136208801248175,2.1312000000000353,1.0,0.0666999999999689,0.0666999999999689,-7.429019378900935,5.270034330017061,4.235565763758039,5.297307468357007,7.452222999600535,5.382229100988832,4.194366589227364,5.1826045323027845,0.0666999999999689,57.922765194866585,"(-1.1487130777109762, -0.18966476713613245)",
16,7,WALK,HEAD,4,7,SMALL,2.024789939325301,0.9702095368223059,3.648069481700997,4.122448740078881,0.8667289999999639,9.0,1.3604039999999031,0.15115599999998924,0.6575451129661892,-0.08770026300825473,1.694881614181084,1.3205984163016924,1.5303502290548954,1.0717556090839817,0.977403403366771,0.7735701307741026,0.31637000000000626,26.451502701365527,"(1.4007024475891352, -0.015813339887896863)",
17,7,WALK,HEAD,4,8,SMALL,10.62262352630047,7.118973528556703,10.09695065917608,6.76972983793556,1.46648399999998,2.0,0.16382600000002867,0.08191300000001434,-9.677955800068343,-3.3206281659584396,6.8762973559098945,2.6037242832543814,9.735844173341127,3.3880082340188933,6.793697883106092,2.5149989178245606,0.08295500000002676,45.316850187799375,"(-1.3538561189383793, -0.042533421501463595)",
18,7,STAND,HEAD,5,0,LARGE,1.269812028465116,0.5296369530115141,6.96516096160294,9.492479247422937,0.8331910000000562,2.0,1.0881350000000793,0.5440675000000397,-0.28768586363724497,0.08806959011510929,0.6233223086835881,1.2074646420751458,0.6335483886516131,1.01941320098027,0.257219401538346,0.6437306652546231,1.0023200000000543,25.594650841775508,"(-1.3184746453939968, -0.3492172467886649)",
19,7,STAND,HEAD,5,1,LARGE,0.5065840345333333,0.27117006084977097,7.096486562175675,9.105058252279038,1.4654429999999365,1.0,0.9832150000000865,0.9832150000000865,-0.24950730362849122,0.26012693314195473,0.4203193553137507,0.1844826213853058,0.3598935666593505,0.29638107214866577,0.3290269212905146,0.11625901117392813,0.9832150000000865,32.02251040029551,"(1.3562884994559523, -0.4127272491142694)",
20,7,STAND,HEAD,5,2,LARGE,1.0607824936265058,0.4563007445254022,7.020271905486301,9.799635242572565,1.0485219999999345,2.0,1.118088000000057,0.5590440000000285,-0.2956491665986055,0.11016959592862685,0.8795216592256078,0.6887873973474683,0.7965470741079537,0.6019917159259831,0.4688366929577699,0.3462657499177688,1.001451999999972,26.52204914148303,"(0.44843901591726976, -1.426152833480922)",
21,7,STAND,HEAD,5,3,LARGE,1.5704793761465516,0.6123289925051469,4.813047053567741,7.551819584296658,1.2964499999999362,3.0,1.6178259999999227,0.5392753333333076,0.44725925290205615,0.9062237947220816,0.30782067801681323,1.3167470318711263,0.47792060458732666,1.4816351304762585,0.25741698238307514,0.5948727557365936,1.0015260000000126,29.767791022285564,"(0.7942448924449974, 1.1732327281979529)",
22,7,STAND,HEAD,5,4,LARGE,,,,,,,,,,,,,,,,,,,,"('no success frames', 0)"
23,7,STAND,HEAD,5,5,LARGE,0.9337683166,0.15403493099449556,8.05641755727027,9.43230127991651,1.464599000000021,1.0,0.9840699999999742,0.9840699999999742,-0.8985797351043903,0.1023564069700825,0.1404265255579314,0.31214496234155337,0.8985797351043903,0.29633984413337167,0.1404265255579314,0.13705164330400876,0.9840699999999742,27.575933170377812,"(1.4164881378852534, -0.38480947148538913)",
24,7,STAND,HEAD,5,6,LARGE,0.6115567330819671,0.28912309653402024,8.30757211398182,10.93601432977764,0.8164509999999154,1.0,1.0004880000000185,1.0004880000000185,-0.4610290974562246,-0.21679618765822822,0.21915683541953937,0.39395728763757454,0.4610290974562246,0.3122654009139132,0.21915683541953937,0.32225988368223807,1.0004880000000185,25.723858226190966,"(1.1649534658352168, 0.8864713190935115)",
25,7,STAND,HEAD,5,7,LARGE,0.87398343515,0.3188832033825139,7.2136117843191485,9.730254360610802,1.3478509999999915,1.0,0.9844999999999118,0.9844999999999118,-0.47762794148547366,-0.20011870572536797,0.7507703597794518,0.20880151099938607,0.820873429296844,0.20011870572536797,0.33226055907783225,0.20880151099938607,0.9844999999999118,30.27494089039621,"(-1.1759503130827809, -0.8486739374129231)",
26,7,STAND,HEAD,5,8,LARGE,0.6328759830655738,0.30566873287622914,8.627098019765029,8.270098943443614,2.035547999999949,1.0,1.0012520000000222,1.0012520000000222,0.09398915459970847,-0.1553496330752175,0.5287529276676068,0.44434098069470784,0.4453554406961311,0.35629557620092545,0.29481128317202115,0.3048152350450913,1.0012520000000222,23.930638238531483,"(1.4850827054549056, 0.20607332023004044)",
27,7,WALK,HEAD,5,0,LARGE,,,,,,,,,,,,,,,,,,,,"('no success frames', 0)"
28,7,WALK,HEAD,5,1,LARGE,10.758037620314434,9.317107038564819,11.280631808906977,9.304296208361624,1.7813110000000165,3.0,0.09908999999998969,0.03302999999999656,9.850639671158763,-1.9801479139901792,9.213208606236703,3.0200551483368017,10.096475436556036,2.940190944705888,8.941705131902744,2.0910573276564053,0.09908999999998969,52.64880372208472,"(-1.407548410301284, -0.308767447191827)",
29,7,WALK,HEAD,5,2,LARGE,,,,,,,,,,,,,,,,,,,,"('no success frames', 0)"
30,7,WALK,HEAD,5,3,LARGE,,,,,,,,,,,,,,,,,,,,"('no success frames', 0)"
31,7,WALK,HEAD,5,4,LARGE,,,,,,,,,,,,,,,,,,,,"('no success frames', 0)"
32,7,WALK,HEAD,5,5,LARGE,,,,,,,,,,,,,,,,,,,,"('no success frames', 0)"
33,7,WALK,HEAD,5,6,LARGE,,,,,,,,,,,,,,,,,,,,"('no success frames', 0)"
34,7,WALK,HEAD,5,7,LARGE,,,,,,,,,,,,,,,,,,,,"('no success frames', 0)"
35,7,WALK,HEAD,5,8,LARGE,3.2961861288376952,1.6707122853214496,6.313872559096345,6.314172969676431,1.8318290000000275,6.0,0.28608000000002676,0.04768000000000446,-1.5019641916350166,-0.9412840346139993,2.647679529775554,1.9571089540599806,2.734234156385758,1.4112245204770333,1.3276266351670916,1.6489141330885415,0.1175230000000056,51.03252894643424,"(1.0343824895328488, 0.5598066712104824)",
36,7,STAND,HEAD,6,0,SMALL,0.9873121107704917,0.30264534306175467,3.677470298983471,4.207977437282609,0.9982909999999947,1.0,1.0017520000000104,1.0017520000000104,0.9100122696177856,0.15812832347528763,0.3004860758152345,0.3742444494421536,0.9100122696177856,0.3445958918967311,0.3004860758152345,0.21155326329511506,1.0017520000000104,12.613830041836243,"(-1.4598590083138212, -0.3761290333027673)",
37,7,STAND,HEAD,6,1,SMALL,0.8075564699,0.20205096192042798,3.8967721848709678,4.704645937859,1.066699999999969,1.0,0.9826450000000477,0.9826450000000477,0.3318133753823889,-0.7082562457186096,0.14239796726285397,0.25067429328863944,0.33944396178899433,0.7082562457186096,0.12275291822370718,0.25067429328863944,0.9826450000000477,13.98471519886818,"(0.1611246438212641, -1.4430158917874054)",
38,7,STAND,HEAD,6,2,SMALL,0.7456110155573771,0.14091431749724004,4.373591349577319,5.173449638667759,0.6024170000000595,1.0,0.9992059999999583,0.9992059999999583,0.3429467987280688,0.45008217139219603,0.4320954467503319,0.27052302705788417,0.5160522880437329,0.48037129562482855,0.188495959933023,0.2110222196100346,0.9992059999999583,11.909313419343494,"(-1.1583799001722643, 0.648091708434949)",
39,7,STAND,HEAD,6,3,SMALL,1.2779321744153005,0.7872109750157985,2.9472689099910716,3.881705162419309,0.6823000000000548,3.0,1.8864509999999655,0.6288169999999885,-0.021803972575527297,0.722020757713356,1.0449547106333228,0.804188929038086,0.7412584670492672,0.9069248730325229,0.7347960425073189,0.5864010100949413,0.9835509999999204,11.743501875078397,"(-0.4385279493872371, 1.092661344772807)",
40,7,STAND,HEAD,6,4,SMALL,0.5826439126393441,0.28742393251354736,3.6796282319929077,4.2761436320474395,1.3333999999999833,1.0,0.9986549999999852,0.9986549999999852,0.20289589101957606,0.2949546784789469,0.19522557304096563,0.5101355273303713,0.23611908631536668,0.48072205701218895,0.1525924398539058,0.33725544019462117,0.9986549999999852,12.848689600236915,"(-0.42839983443669105, 1.313887439393467)",
41,7,STAND,HEAD,6,5,SMALL,0.7268146508852459,0.25822192863601545,4.733066648752,5.166390533620581,1.0651000000000295,1.0,0.9998000000000502,0.9998000000000502,-0.45632246483048955,0.3814086706596352,0.24250215693136368,0.4338643614757906,0.45632246483048955,0.46678541442854443,0.24250215693136368,0.3385488161827915,0.9998000000000502,12.450166885420412,"(0.8928682259725368, 1.1884668888929093)",
42,7,STAND,HEAD,6,6,SMALL,1.0574058764102563,0.6715620527956454,3.4526967469375003,4.566496407732544,0.7169999999999845,2.0,1.351699999999937,0.6758499999999685,-0.1962695656941487,1.0159455726141409,0.22454893963707534,0.6694350136507515,0.24419820293155214,1.0159455726141409,0.1706728298355275,0.6694350136507515,0.9855999999999767,12.22891872988328,"(0.9092316697315503, 1.1678791793107088)",
43,7,STAND,HEAD,6,7,SMALL,0.6111209358633334,0.38419415674883894,4.633571908283674,5.696114086753665,0.6358510000000024,1.0,0.9794920000000502,0.9794920000000502,-0.20210883305398078,-0.21246499611184053,0.6085773193192968,0.26424364187337135,0.4943233788131363,0.2506560412593895,0.4042393466880099,0.22767925875395179,0.9794920000000502,12.795781918297543,"(1.1056496780116736, -0.904352103759162)",
44,7,STAND,HEAD,6,8,SMALL,1.0434917272295081,0.17435606646162885,4.013739335404762,4.51090403035838,1.0828000000000202,1.0,1.0009000000000015,1.0009000000000015,-0.8310859479513355,-0.6011361151506669,0.1379290279167531,0.23418220501217404,0.8310859479513355,0.6011361151506669,0.1379290279167531,0.23418220501217404,1.0009000000000015,12.019535975526107,"(1.0584862053305628, -1.05542398997669)",
45,7,WALK,HEAD,6,0,SMALL,,,,,,,,,,,,,,,,,,,,"('no success frames', 0)"
46,7,WALK,HEAD,6,1,SMALL,,,,,,,,,,,,,,,,,,,,"('no success frames', 0)"
47,7,WALK,HEAD,6,2,SMALL,,,,,,,,,,,,,,,,,,,,"('no success frames', 0)"
48,7,WALK,HEAD,6,3,SMALL,,,,,,,,,,,,,,,,,,,,"('no success frames', 0)"
49,7,WALK,HEAD,6,4,SMALL,,,,,,,,,,,,,,,,,,,,"('no success frames', 0)"
50,7,WALK,HEAD,6,5,SMALL,4.9445328894340665,2.6943779152281797,7.701345329192692,5.867062758944324,1.98117000000002,4.0,0.16397700000004534,0.040994250000011334,1.1306831384348341,4.178661955759796,2.849806061649313,2.189297682565324,2.3277350410720064,4.178661955759796,1.9896271303783999,2.189297682565324,0.082129000000009,56.30110918715481,"(-1.3561042552122384, 0.6399814512876207)",
51,7,WALK,HEAD,6,6,SMALL,7.805282201024692,6.226713121231699,6.885294946119999,5.209107571262932,2.2991949999999974,3.0,0.33316200000007257,0.11105400000002419,-6.78832314475378,2.2183527747628715,6.167490413646724,2.8894741735797487,6.937093436001066,2.959441213494737,5.998609918886126,2.1184957343154087,0.2156980000000317,66.76988386084587,"(-1.0727586857757212, 0.5532157986725078)",
52,7,WALK,HEAD,6,7,SMALL,1.9527788281467888,0.83678627963598,11.344347983205298,10.373857690225881,3.2177750000000174,5.0,0.5352540000000658,0.10705080000001317,-0.005079615060506728,-0.5936679349185722,1.5180814422080895,1.3746352794252896,1.2546698625176071,1.1872031648092063,0.846064388497347,0.9070971759730557,0.2488999999999919,94.34794409253583,"(1.380827019671082, -0.04277735730022823)",
53,7,WALK,HEAD,6,8,SMALL,4.813315613388428,2.530302972170371,5.1246483565666665,2.7059152190955453,0.9659340000000043,6.0,0.2511289999999917,0.04185483333333195,-0.6424183866482946,-1.397490503652775,4.670270906902445,2.3584053985247366,4.205032703765241,2.0986371799234793,2.114278506232675,1.7608538713848656,0.06745200000000295,24.092810990165635,"(-0.6619901281850958, -1.1137901807561699)",
54,7,STAND,HEAD,7,0,LARGE,1.2439872570123456,0.7123665186739447,5.601653467904,7.836379091558739,1.464764999999943,2.0,2.1084880000000794,1.0542440000000397,-0.02724987663154019,0.13411833736065723,0.27182475672203593,1.4054399038705125,0.23431928027752966,1.1874802410812273,0.13924551366222357,0.7579531719513359,1.1032999999999902,24.070316639638715,"(-0.2404964271034309, -1.4399670733924959)",
55,7,STAND,HEAD,7,1,LARGE,1.2037704294025156,0.5674153464698813,5.805371337181071,8.206577134447787,1.396050999999943,3.0,1.737359999999967,0.579119999999989,0.0785766220578333,-0.0634811698531579,0.5015100841793868,1.235401592102957,0.43684597747918485,1.0605823394508436,0.2562879378264277,0.6311246716439579,1.0177489999999807,27.693460133998318,"(-1.2425353213528583, -0.7529345507080307)",
56,7,STAND,HEAD,7,2,LARGE,0.9364565986774194,0.22277908801714638,7.76648471331746,10.157551878591523,1.0675529999999753,1.0,1.014587000000006,1.014587000000006,-0.5402555057833143,-0.5429491936428062,0.5250825348861662,0.2647063427594137,0.6959574281569579,0.5429491936428062,0.282976176306397,0.2647063427594137,1.014587000000006,25.350050045124316,"(-1.288027972200836, -0.7421598790715105)",
57,7,STAND,HEAD,7,3,LARGE,0.3808686398225807,0.27073053783926626,7.977215031211538,9.578791517035803,1.5661999999999807,1.0,1.016399999999976,1.016399999999976,-0.03368140357749841,0.17192422700907556,0.3791660398458886,0.21802312567189694,0.28858704608638014,0.22203229977762556,0.24550387016944422,0.16574096615869252,1.016399999999976,25.008760680851577,"(-1.2720498299017886, 0.6561294357906472)",
58,7,STAND,HEAD,7,4,LARGE,1.0400502826721314,0.20858894884499907,9.951189562086206,10.718348138474173,1.8809310000000323,1.0,0.9990229999999656,0.9990229999999656,-0.9762051991214663,0.22128173084275998,0.27553200833003033,0.3103976720409913,0.9762051991214663,0.3357365123114973,0.27553200833003033,0.17756901989341373,0.9990229999999656,33.30755243819519,"(1.453985077915137, 0.028834253620879168)",
59,7,STAND,HEAD,7,5,LARGE,0.8820583620655736,0.30046762799802385,9.473112539156462,10.604877886799462,1.4286590000000388,1.0,1.0017409999999245,1.0017409999999245,-0.39158977863393485,0.6417278696814647,0.41455492596494287,0.38664345703760894,0.39158977863393485,0.6417278696814647,0.41455492596494287,0.38664345703760894,1.0017409999999245,27.482436933757384,"(1.4536322860406083, 0.4785870283627773)",
60,7,STAND,HEAD,7,6,LARGE,0.7902560009,0.3036680965431624,8.166558722111999,10.23701331408544,1.0859480000000303,1.0,0.9834999999999354,0.9834999999999354,-0.30280783077399726,-0.4457157985149739,0.29769622958368624,0.5878985731635493,0.3467084411441938,0.6237617561870187,0.24418352414738786,0.38984764258239757,0.9834999999999354,26.83549500229535,"(0.7464607937553276, 1.2143531220164332)",
61,7,STAND,HEAD,7,7,LARGE,1.1076423107265823,0.4253621043989114,5.27721312997739,8.013869391520082,1.1998360000000048,2.0,1.8520599999999376,0.9260299999999688,-0.7981104994079106,0.3978671435926086,0.6772106499626755,0.39890591734551184,0.954784119787273,0.47347619042219186,0.42688718378248997,0.30467173309553497,1.0846599999999853,26.335053801135476,"(1.1198754769418027, 0.41612556047809424)",
62,7,STAND,HEAD,7,8,LARGE,1.0511623523999998,0.11507652903396329,8.15918425880488,9.243300722540914,1.7348539999999275,1.0,0.9859000000000151,0.9859000000000151,0.10072154767063948,-0.9822560329208876,0.36362181059884985,0.13318036239988096,0.3241884651676302,0.9822560329208876,0.18883355600308616,0.13318036239988096,0.9859000000000151,27.422843003250243,"(0.08935536043652399, -1.4299300248179863)",
63,7,WALK,HEAD,7,0,LARGE,,,,,,,,,,,,,,,,,,,,"('no success frames', 0)"
64,7,WALK,HEAD,7,1,LARGE,,,,,,,,,,,,,,,,,,,,"('no success frames', 0)"
65,7,WALK,HEAD,7,2,LARGE,9.039962912488372,4.82277859942879,9.122337286273332,4.720859350951752,0.7003650000000334,1.0,0.03249999999997044,0.03249999999997044,-8.73560764150646,1.3757053777210582,4.819539728650249,1.3668086962402748,8.739513023915976,1.537916361522852,4.8124266866671075,1.1805530777584665,0.03249999999997044,21.97202204284357,"(-0.5037943308275702, 1.2909985585959596)",
66,7,WALK,HEAD,7,3,LARGE,,,,,,,,,,,,,,,,,,,,"('no success frames', 0)"
67,7,WALK,HEAD,7,4,LARGE,,,,,,,,,,,,,,,,,,,,"('no success frames', 0)"
68,7,WALK,HEAD,7,5,LARGE,,,,,,,,,,,,,,,,,,,,"('no success frames', 0)"
69,7,WALK,HEAD,7,6,LARGE,,,,,,,,,,,,,,,,,,,,"('no success frames', 0)"
70,7,WALK,HEAD,7,7,LARGE,4.273966452935345,3.4040959682707306,6.391034633790698,6.078095107965244,1.1484070000000202,4.0,1.0792519999999968,0.2698129999999992,-0.6949812703411588,0.6127751686068651,5.2122337060164075,1.350672313953988,3.8888173609681904,1.1831994463413564,3.530453583934734,0.8918594355504728,0.4824310000000196,34.093820947355326,"(-0.1691559149675214, 1.406506704881399)",
71,7,WALK,HEAD,7,8,LARGE,2.8111550390265485,1.9438925414708181,6.388774682956811,7.826012617169523,1.2503659999999854,8.0,1.06082600000002,0.1326032500000025,-0.503330868931695,-1.1797171692524004,3.018786949592279,1.106549873494707,2.343243523443602,1.3245286324293537,1.9627401388684649,0.9274682608864744,0.2711630000000014,42.4288084824543,"(0.6509004919073212, -1.2862258019296648)",
72,7,STAND,HEAD,8,0,SMALL,0.6476240506833332,0.280664881405638,4.054218096333334,4.560234921043948,0.9494999999999436,1.0,0.9836650000000873,0.9836650000000873,-0.22049978187854244,-0.5298365058578027,0.22048123763516939,0.3510706940927265,0.292178882458497,0.5326999133286088,0.1060225319853384,0.34663610625827695,0.9836650000000873,11.545821883282123,"(-0.42870935283987666, -1.3842248687239098)",
73,7,STAND,HEAD,8,1,SMALL,0.7320127058783784,0.5233141571012961,4.002844761585365,4.976935871721034,0.8181000000000722,2.0,1.0660010000000284,0.5330005000000142,-0.3391328207338783,-0.6344195674959618,0.3428375595878909,0.4203322906767144,0.3391328207338783,0.6344195674959618,0.3428375595878909,0.4203322906767144,0.9854360000000497,13.413858920510656,"(0.40294150135863527, -1.410633749076855)",
74,7,STAND,HEAD,8,2,SMALL,0.48601961955000006,0.24797321337299094,3.699486734179246,4.8780362042460474,0.7663000000000011,1.0,0.9834640000000263,0.9834640000000263,0.3800089434632456,0.25819672794607434,0.23151348700290678,0.18362242313757968,0.3800089434632456,0.26297857890562176,0.23151348700290678,0.17658644130851794,0.9834640000000263,12.774718467817566,"(-1.2696316939083276, 0.49867342176447976)",
75,7,STAND,HEAD,8,3,SMALL,1.3122863233032789,0.2914199770285072,3.8671210781832466,4.793107556760027,1.1511610000000019,2.0,1.2800059999999576,0.6400029999999788,0.7417296022792956,1.0242078605987293,0.4403678763460531,0.12805138150061057,0.7417296022792956,1.0242078605987293,0.4403678763460531,0.12805138150061057,1.0119999999999436,15.336041240322848,"(-0.6402707997729956, 1.311497569921555)",
76,7,STAND,HEAD,8,4,SMALL,0.8206516647,0.3090270457450754,4.962804847354839,5.127147241400272,1.0662619999999379,1.0,0.9835430000000542,0.9835430000000542,-0.18330808567420193,-0.6853895016102972,0.048535825894371776,0.5162805537041625,0.18330808567420193,0.7924028725460687,0.048535825894371776,0.3251486853564477,0.9835430000000542,12.493643685719155,"(0.10821478611593374, 1.3769028206387135)",
77,7,STAND,HEAD,8,5,SMALL,0.5780435036557379,0.2874395582567893,4.827256928330357,5.54855520382067,0.8500999999999976,1.0,0.9981999999999971,0.9981999999999971,0.20851323243541256,0.46026743891491273,0.3377018178554635,0.22433992747316017,0.26380800873445426,0.46026743891491273,0.2957876582757438,0.22433992747316017,0.9981999999999971,14.315571862518931,"(-0.8276683068883319, 1.1681550993430987)",
78,7,STAND,HEAD,8,6,SMALL,1.323878393121547,0.5785395450425012,3.163531434671053,4.207091017352343,0.7833860000000641,3.0,1.570067999999992,0.5233559999999974,0.016606947459700545,0.5105949093872939,1.197703803414589,0.6352265393125193,1.090248704325539,0.5615746165463583,0.48941385178584185,0.5903814083273298,0.9835430000000542,13.459933683463321,"(0.6071804527342946, 1.2000916264910677)",
79,7,STAND,HEAD,8,7,SMALL,0.5924070326833334,0.18332850306373272,3.673791998101124,5.126571658704244,0.4814529999999877,1.0,0.9838000000000875,0.9838000000000875,0.3884357780521157,-0.2502402693970764,0.355085135069616,0.21806964816880503,0.4550385718337718,0.28940479819114684,0.2625938684325228,0.1614348390563222,0.9838000000000875,12.69065314414983,"(0.8786079640943405, -0.7463077947845627)",
80,7,STAND,HEAD,8,8,SMALL,0.8738739880333333,0.21622046456939245,4.105431456553459,4.732574138965328,1.646453000000065,1.0,0.9843999999999369,0.9843999999999369,-0.3397041308432172,0.3433055522989447,0.38997070251549704,0.6605760535240183,0.36753011167326205,0.699040783126992,0.36340626264224124,0.24346801456098316,0.9843999999999369,14.578785003433104,"(0.9217305061841813, -1.1521419522419307)",
81,7,WALK,HEAD,8,0,SMALL,18.553194091141737,7.542471467669711,16.27072409259136,8.752460265653992,0.7836519999999609,1.0,0.0,0.0,17.060026121592646,-6.049550899065911,7.25079559019345,1.9865462464104573,17.060026121592646,6.049550899065911,7.25079559019345,1.9865462464104573,0.0,21.9053348762087,"(-0.7490800993169695, -1.2802360388816247)",
82,7,WALK,HEAD,8,1,SMALL,,,,,,,,,,,,,,,,,,,,"('no success frames', 0)"
83,7,WALK,HEAD,8,2,SMALL,18.056603273316064,6.06967306069613,14.442836340299005,7.044572964118256,1.800799999999981,2.0,0.0,0.0,17.464193155234945,2.050089253971121,5.995864721760493,1.4770655939457498,17.473055772396936,2.1282924204653866,5.969853064776019,1.3613442628920442,0.0,50.89013198557143,"(0.855242556132212, -0.7516218829917992)",
84,7,WALK,HEAD,8,3,SMALL,,,,,,,,,,,,,,,,,,,,"('no success frames', 0)"
85,7,WALK,HEAD,8,4,SMALL,,,,,,,,,,,,,,,,,,,,"('no success frames', 0)"
86,7,WALK,HEAD,8,5,SMALL,3.889393280577777,2.3409038952610914,18.96593105028667,12.420987150375273,4.251539000000093,1.0,0.1839469999999892,0.1839469999999892,2.3442741967711065,2.655970488164322,2.0938554440670067,1.9338156874847314,2.700688411660574,2.7154579512068384,1.5953897349662314,1.8473896060901864,0.1839469999999892,111.51850974452222,"(1.2695722358007588, -0.6879080861730622)",
87,7,WALK,HEAD,8,6,SMALL,3.9581130507846156,1.487087028904634,5.4529496306033325,1.9264675277498058,3.9190999999999576,1.0,0.08213599999999133,0.08213599999999133,-0.6971148013716355,3.6501823104998063,1.345912586819076,1.4995795157758633,1.1614552758088146,3.6501823104998063,0.9669471854524828,1.4995795157758633,0.08213599999999133,99.48063974805129,"(-0.3576217067248549, 0.8898238021922965)",
88,7,WALK,HEAD,8,7,SMALL,,,,,,,,,,,,,,,,,,,,"('no success frames', 0)"
89,7,WALK,HEAD,8,8,SMALL,,,,,,,,,,,,,,,,,,,,"('no success frames', 0)"
90,7,STAND,HEAD,9,0,LARGE,0.8191553957833333,0.4597979442114198,9.245307520964788,10.489191174153198,1.3637999999999693,1.0,0.9858460000000377,0.9858460000000377,0.44215125193526733,0.2580658978398957,0.5156206483904703,0.6233621529399289,0.5341443936513655,0.5727662955855496,0.4177677626866895,0.35026500247339115,0.9858460000000377,25.65230585483032,"(-0.8744884524276091, -1.1482902282046132)",
91,7,STAND,HEAD,9,1,LARGE,1.36226480625,0.7790805896971245,4.818965371810699,7.961637414012068,0.8486930000000257,4.0,1.8014289999999846,0.45035724999999616,-0.1805954728762508,0.8538488695721677,0.8626525589704753,0.9952462505083253,0.7587093457376105,0.9927236715323358,0.44531025972679383,0.855996537875367,0.9971380000000636,26.025644370089964,"(-1.3720711328700217, 0.10694071000764913)",
92,7,STAND,HEAD,9,2,LARGE,1.1655264117771087,0.5563044920903094,5.005713664261994,8.084553350489607,1.7514500000000908,2.0,2.0006109999999353,1.0003054999999677,0.6864900444506166,-0.3883525313068934,0.8747343243567862,0.5356813443993702,0.9858976097258082,0.5697286197743779,0.5112728453373188,0.3348556724211066,1.0035609999999906,26.343858392573335,"(-1.2530414154945326, 0.7316692191369737)",
93,7,STAND,HEAD,9,3,LARGE,0.46124367959016394,0.24709839715286985,8.573925565186565,10.268331892260363,1.2141719999999623,1.0,1.0009680000000571,1.0009680000000571,-0.11152212696497889,0.25285034834959746,0.1727573589182884,0.41287782724340505,0.18017655356389994,0.38773096502066023,0.09739058466570269,0.2874474982977583,1.0009680000000571,25.907874701411917,"(-0.3037955048452231, 1.4670049270021916)",
94,7,STAND,HEAD,9,4,LARGE,0.9782739170106383,0.5262237466356003,7.464257248073893,9.591794794314486,1.8132000000000517,2.0,1.2339450000000625,0.6169725000000312,-0.5721003606814149,0.5074115840874123,0.18853894511923688,0.7961639537672343,0.5721003606814149,0.6538569557034271,0.18853894511923688,0.6796955277438002,1.0165450000000646,35.717238799340414,"(0.6542504708706673, -1.1959100007307715)",
95,7,STAND,HEAD,9,5,LARGE,0.5047103149333334,0.2313812889161549,8.81240011643038,10.265967051249964,1.6362379999999348,1.0,0.9844000000000506,0.9844000000000506,-0.05230208030670542,-0.18726435960512502,0.2534633105120305,0.4614703826460882,0.23340810645529284,0.4126242844762856,0.10780908608363968,0.2747229218573689,0.9844000000000506,28.260063563135787,"(-0.3048333256287405, 1.3472502863523759)",
96,7,STAND,HEAD,9,6,LARGE,0.7833825273114752,0.212557846873088,7.94198154413253,9.871506815301773,1.74804000000006,1.0,1.0033999999999423,1.0033999999999423,0.1926816355401339,0.6289604673063931,0.4199689092983294,0.23512189595230618,0.41408697593416377,0.6289604673063931,0.19948193810622908,0.23512189595230618,1.0033999999999423,34.673252086182586,"(-0.2982899320451385, 1.4339497444826104)",
97,7,STAND,HEAD,9,7,LARGE,1.0267184233233084,0.38964410217702317,6.3376006299121945,9.092186329419874,1.199799999999982,2.0,1.6865510000000086,0.8432755000000043,-0.6972317736421737,0.6537112699132525,0.5228152399548952,0.1486840619458055,0.6973352689075679,0.6537112699132525,0.5226761431571145,0.1486840619458055,0.99995100000001,26.733204920483903,"(1.1747452960933986, 0.6838139357203664)",
98,7,STAND,HEAD,9,8,LARGE,0.7869423958192773,0.42384932959288174,8.29988549953476,9.870344867475264,1.7326379999999517,2.0,1.3177070000000413,0.6588535000000206,0.05820377006013116,0.5427455208512685,0.39498657160746786,0.5951913902058739,0.2715704358346367,0.6539967714237794,0.29119321038702944,0.46849767029370565,1.0022490000000062,28.23978491777265,"(-1.1534891750596634, -0.8310080527549731)",
99,7,WALK,HEAD,9,0,LARGE,,,,,,,,,,,,,,,,,,,,"('no success frames', 0)"
100,7,WALK,HEAD,9,1,LARGE,5.689983609152543,3.6081920221374415,10.647136789933555,5.673426402885474,4.0323379999999815,3.0,0.05050000000005639,0.01683333333335213,5.156035470489563,0.13890025396371186,4.242886873381472,1.5303445744058517,5.2838005736217575,1.3590800992932754,4.0798584453458195,0.6947195073167451,0.05050000000005639,119.04289565876333,"(-1.1950901701739944, -0.6053722330125466)",
101,7,WALK,HEAD,9,2,LARGE,10.469649070036546,4.87172166600377,10.469649070036546,4.87172166600377,0.0,1.0,0.08285499999999502,0.08285499999999502,-9.96057718071912,-2.1485760030922147,4.745868905352675,2.135506927346442,9.966093037765203,2.4217036840721082,4.734236224241037,1.818779548136238,0.08285499999999502,0.0,"(-0.6217719739348385, 0.9130254971874397)",
102,7,WALK,HEAD,9,3,LARGE,,,,,,,,,,,,,,,,,,,,"('no success frames', 0)"
103,7,WALK,HEAD,9,4,LARGE,,,,,,,,,,,,,,,,,,,,"('no success frames', 0)"
104,7,WALK,HEAD,9,5,LARGE,,,,,,,,,,,,,,,,,,,,"('no success frames', 0)"
105,7,WALK,HEAD,9,6,LARGE,7.706512112353535,3.6398112111597696,22.825282204576663,14.843389957243657,3.352267999999981,1.0,0.08423200000004272,0.08423200000004272,-1.4922562680408595,6.476524167985488,2.7321662868210015,4.530650846339634,2.861578732903052,6.76785853172677,1.2008721032171952,4.077852423578112,0.08423200000004272,99.8536189708461,"(0.7433383408314536, 0.7259322473979414)",
106,7,WALK,HEAD,9,7,LARGE,12.29384360950084,10.021712848523377,12.881685799572093,9.461266264769325,1.0499260000000277,3.0,0.5548320000000331,0.18494400000001102,-11.567016464757135,0.07875132869798698,9.900911681297748,2.2673287802390907,11.621036041305988,1.6742431769373416,9.837182425592465,1.5271182458764307,0.284031999999911,47.34282118607132,"(1.2077498942297331, 0.3211880342482628)",
107,7,WALK,HEAD,9,8,LARGE,,,,,,,,,,,,,,,,,,,,"('no success frames', 0)"
108,7,STAND,EYE,4,0,SMALL,2.420660431897561,2.3406888361524745,4.555066441769231,4.34212041544827,1.5646999999999025,4.0,1.5699300000003404,0.3924825000000851,0.9006138005218091,-2.058903455889942,0.3549672903958264,2.470199046118901,0.9006138005218091,2.173039506668562,0.3549672903958264,2.36991525986239,0.8515700000000379,20.42852978589665,"(-0.4803117169345219, 0.9964803115849376)",
109,7,STAND,EYE,4,1,SMALL,1.0253096144666667,0.40885018697023234,3.332549510216667,4.152509029231365,1.2501199999999244,5.0,1.369899999999916,0.2739799999999832,0.5953187167850359,-0.8087034816286796,0.2020650050020257,0.4151871215504915,0.5953187167850359,0.8088538838628034,0.2020650050020257,0.4148912175356759,1.0000800000000254,16.692881034285552,"(-0.5790849708774495, -1.3429457346866207)",
110,7,STAND,EYE,4,2,SMALL,0.845622261479592,0.388114436313331,3.457091729882812,4.807538611082004,0.4992700000000241,3.0,1.5001300000001265,0.5000433333333755,0.04479113006164102,0.598978275114906,0.40832656187476096,0.5848065128944612,0.3054587863817752,0.7400676141085156,0.2729295353904123,0.3887491179335318,1.000250000000051,12.346421195154,"(-1.2430956883853401, 0.5846456048725299)",
111,7,STAND,EYE,4,3,SMALL,0.6144218094653465,0.5186387190565576,2.787635871637681,4.342462467394199,0.6155999999998585,3.0,1.4665499999998701,0.4888499999999567,0.04828735468458108,-0.025564260435750292,0.5257783283521865,0.6099320658321035,0.3848488793375155,0.4353954657187365,0.35945526751859336,0.42569036631316964,0.9833999999998468,16.3663392656602,"(1.110344711221559, -0.8449138461515122)",
112,7,STAND,EYE,4,4,SMALL,0.9813633517964601,0.44502971764392524,3.0926896083876403,3.795257461801917,1.0805700000000797,4.0,1.6212199999997665,0.40530499999994163,0.46429308266457353,0.7580263066298977,0.35822927595680143,0.4982323548405253,0.46429308266457353,0.7757882653929453,0.35822927595680143,0.46983899608146545,0.9821799999999712,16.44462930527629,"(-1.2750695447844393, 0.22710497110695702)",
113,7,STAND,EYE,4,5,SMALL,0.8796380352549019,0.44538357856831523,3.562108775660131,4.603384698887555,0.8496099999999842,3.0,1.4834000000000742,0.4944666666666914,0.049271795395375136,0.833600368970946,0.22306754097405213,0.4757445143132652,0.18524817929056508,0.833600368970946,0.13249232162847077,0.4757445143132652,0.9842499999999745,16.673923715702912,"(0.5965845861349083, 1.2698372930514392)",
114,7,STAND,EYE,4,6,SMALL,1.3423944258823535,0.12826352807027572,3.666943944861879,4.486305552733621,1.0337899999999536,6.0,1.666890000000194,0.27781500000003234,-1.039493406174992,0.7963977151504704,0.19147511007834708,0.2662262501198345,1.039493406174992,0.7963977151504704,0.19147511007834708,0.2662262501198345,0.9819299999999203,16.668161988931484,"(0.8594971324596982, 1.1771948007099093)",
115,7,STAND,EYE,4,7,SMALL,1.0842650661057691,0.31244880807002934,3.3439656672222218,4.11534327920155,0.815309999999954,2.0,1.533329999999978,0.766664999999989,-0.8338030495283376,-0.2669185565503435,0.6642256884690856,0.2641723783582053,1.009247614621366,0.3151017285875168,0.33867859591959365,0.20364477444380108,1.0012300000000778,14.786516809114847,"(0.26950849884439043, -1.3031773614622737)",
116,7,STAND,EYE,4,8,SMALL,0.9854459984936936,0.7831307023198556,3.2409565411835617,4.334524231763958,0.5838699999999335,2.0,1.2966200000000754,0.6483100000000377,-0.0843544477172731,-0.9406095551597624,0.21133962693781846,0.8051673910070688,0.18339091606728972,0.941702788258465,0.13381637820070613,0.8038768649840091,0.9996300000000247,13.621327812616443,"(-0.00029285008434826344, -1.2646039933476523)",
117,7,WALK,EYE,4,0,SMALL,,,,,,,,,,,,,,,,,,,,"('no success frames', 0)"
118,7,WALK,EYE,4,1,SMALL,3.5061397135235848,2.170502285356396,5.579773403455446,4.49680236750828,1.5158210000000167,10.0,0.6638919999999757,0.06638919999999757,2.8674399919241274,-0.11747285133293377,2.7909751115235535,1.0623726782200809,3.253357756611407,0.8598533935973067,2.327277934557595,0.6321780632801445,0.18258700000001227,51.74963357430682,"(-1.2471031063618814, -0.2530688794042371)",
119,7,WALK,EYE,4,2,SMALL,,,,,,,,,,,,,,,,,,,,"('no success frames', 0)"
120,7,WALK,EYE,4,3,SMALL,2.473522210157895,1.360282618767336,11.883369543460265,7.651787171356605,3.4508969999999977,5.0,0.4469540000000052,0.08939080000000103,1.1546688510346026,0.9270397755007498,2.1013720534022977,1.184860105850936,2.008014693162465,1.1583519766223447,1.2993037933727865,0.9572801306614631,0.2011410000000069,199.1093921319365,"(-1.2398210219775745, 0.353377989827074)",
121,7,WALK,EYE,4,4,SMALL,,,,,,,,,,,,,,,,,,,,"('no success frames', 0)"
122,7,WALK,EYE,4,5,SMALL,,,,,,,,,,,,,,,,,,,,"('no success frames', 0)"
123,7,WALK,EYE,4,6,SMALL,1.958989859949367,0.8349708027183039,8.207673404591363,8.47427577147748,2.3825800000000186,9.0,0.4811419999998634,0.053460222222207046,0.8763233202845032,0.5461309050964799,1.5947838818691225,0.9736958458443074,1.6107921494880018,0.8795483833628971,0.8396378712727335,0.6853535751761388,0.16519199999999046,147.13340179718068,"(0.9895273902345347, 1.02355615571713)",
124,7,WALK,EYE,4,7,SMALL,2.9198784400847457,2.4156720256446276,4.787225453023256,4.713560014767945,1.0839610000000448,16.0,0.7480429999998819,0.04675268749999262,-2.086819444286285,0.08958354851129466,2.8938069555933574,1.2359468210900586,2.553549941902046,1.0023596050228,2.489799310215947,0.7256884346589269,0.33254999999996926,50.20626856132435,"(0.44514808089312763, -0.8639191225343761)",
125,7,WALK,EYE,4,8,SMALL,3.355156265951417,2.0896613929495165,4.47555529076412,3.20479708236943,0.9012749999999983,9.0,0.7624959999999987,0.08472177777777763,1.9456430275395191,-0.01472648922379063,3.006572356793354,1.7084598489959608,2.8960105984542626,1.3353093425284837,2.1022421515299308,1.0624281582748263,0.3679350000000454,36.84579603677272,"(1.426358567954521, 0.4785755139466198)",
126,7,STAND,EYE,5,0,LARGE,0.5223432108672131,0.2522881172294073,8.320151420434112,9.080907457123907,2.548670000000129,1.0,1.0001599999998234,1.0001599999998234,0.15296584647119324,0.20333762853682505,0.39607099536927143,0.3586318530538146,0.3509969616153977,0.3713355958905296,0.23539026717688075,0.174538840572745,1.0001599999998234,39.4235543769978,"(0.6272355886813028, -0.959525333474883)",
127,7,STAND,EYE,5,1,LARGE,1.0405439361718751,0.25666205820513266,6.20354900607438,8.49991128185689,1.9007599999999911,4.0,1.984820000000127,0.49620500000003176,0.59989986698139,-0.7549566437052225,0.424986245199836,0.2368320834330047,0.6283741116133328,0.7549566437052225,0.38126598021943137,0.2368320834330047,0.9841300000000501,39.163588958156986,"(0.19666429268963803, -1.4616085161169963)",
128,7,STAND,EYE,5,2,LARGE,1.137827259898305,0.6755712858254426,6.338894581885057,9.069851545889232,0.9351799999999457,3.0,1.1310000000000855,0.3770000000000285,0.990807458170379,-0.3312182420002702,0.685016345947447,0.4400829155919222,1.0088101297453935,0.4217622081685006,0.6579827173794469,0.3534295115578115,0.9826599999998962,30.705656929813337,"(-0.6697720682052971, -1.2031308842102066)",
129,7,STAND,EYE,5,3,LARGE,1.0676343245794642,0.4338891453298644,7.400528433905001,9.615489908751606,1.1317099999998845,3.0,1.5189200000002074,0.5063066666667358,0.4537809389832921,0.7805396071000879,0.4347147554172102,0.5758291704386943,0.5707196999258812,0.8840674663322629,0.26094782897543595,0.3971063778643433,0.9835199999999986,29.67246829631169,"(-0.6226084226568236, -0.16528090349439073)",
130,7,STAND,EYE,5,4,LARGE,0.72294871075,0.24647600345495993,8.376543915890805,9.447651705720792,1.9004399999998896,1.0,0.9838400000001002,0.9838400000001002,0.3106047734331645,0.6269685493132396,0.26878204700162917,0.1733868858021254,0.3246587588650243,0.6269685493132396,0.25132545154063507,0.1733868858021254,0.9838400000001002,33.672083026111444,"(-0.7309566297636012, 1.2062793774122946)",
131,7,STAND,EYE,5,5,LARGE,1.2002012731803278,0.06354427908361089,8.787419961838925,9.893081418901126,1.4642300000000432,1.0,1.0004899999998997,1.0004899999998997,-0.05016183520756781,1.1746574380147945,0.24912526060992582,0.06126901477395729,0.23228734136517004,1.1746574380147945,0.09881721968397247,0.06126901477395729,1.0004899999998997,34.654117895846234,"(0.37472368560101166, 1.3859817397070375)",
132,7,STAND,EYE,5,6,LARGE,0.9671198137,0.11123137123536443,8.974800642583334,10.343633979893216,1.3987999999999374,1.0,0.9838600000000497,0.9838600000000497,-0.6816913047705898,0.6647222222536159,0.12160126899106834,0.18172720352963176,0.6816913047705898,0.6647222222536159,0.12160126899106834,0.18172720352963176,0.9838600000000497,33.61692840915431,"(0.4575153699238419, 1.3388139312922651)",
133,7,STAND,EYE,5,7,LARGE,0.7848358932333334,0.19223836740375905,8.677574462319445,10.020796396972717,1.4010000000000673,1.0,0.9804699999999684,0.9804699999999684,-0.7528091555343787,0.14924005791927772,0.20207073613144869,0.15709040470860902,0.7528091555343787,0.17726802649615223,0.20207073613144869,0.12397955135068356,0.9804699999999684,34.826066483561156,"(1.252246617238654, 0.42991358383048905)",
134,7,STAND,EYE,5,8,LARGE,0.8285532938032787,0.259732455252348,7.544658257963855,9.363664406836357,1.7501999999999498,1.0,1.0003600000000006,1.0003600000000006,0.03655350438056687,-0.820746879863351,0.09256922790582733,0.2661791663055504,0.07486935284935764,0.820746879863351,0.06502804230693977,0.2661791663055504,1.0003600000000006,39.00927966731138,"(0.38831710808483016, -1.4197705071811972)",
135,7,WALK,EYE,5,0,LARGE,4.412830037053398,4.486946938461383,6.855117698315615,6.548534322954117,1.5825549999999566,14.0,0.5002459999999473,0.03573185714285338,2.520240005237077,-1.9425475544818687,4.149237131554583,3.5822232294713,3.5093525210155994,2.221488684559909,3.3500941664921835,3.4154262304415006,0.16541599999999335,72.46908373228749,"(-0.5157272355113571, -0.6670482291114831)",
136,7,WALK,EYE,5,1,LARGE,,,,,,,,,,,,,,,,,,,,"('no success frames', 0)"
137,7,WALK,EYE,5,2,LARGE,,,,,,,,,,,,,,,,,,,,"('no success frames', 0)"
138,7,WALK,EYE,5,3,LARGE,,,,,,,,,,,,,,,,,,,,"('no success frames', 0)"
139,7,WALK,EYE,5,4,LARGE,,,,,,,,,,,,,,,,,,,,"('no success frames', 0)"
140,7,WALK,EYE,5,5,LARGE,,,,,,,,,,,,,,,,,,,,"('no success frames', 0)"
141,7,WALK,EYE,5,6,LARGE,6.446695769467391,5.074843450522449,11.26086272624,8.293693176862847,1.9338249999999562,5.0,0.38378499999998894,0.07675699999999779,-5.704818739863406,0.342302822379975,5.740908162578816,1.1389124635453143,6.18924774192057,0.951108758881336,5.211977586389233,0.7109022563609562,0.1997519999999895,89.76747885920231,"(1.0445372909569215, 0.053213328573403024)",
142,7,WALK,EYE,5,7,LARGE,2.157149199533813,1.6198299149428457,13.960639592228382,14.633178940726536,2.734405000000038,8.0,0.9966249999999945,0.12457812499999932,-0.7228477290191201,0.5061718196530124,2.225685119060888,1.255818725543243,1.6719721857677452,1.0993939271013518,1.6322442260356433,0.7859527418837166,0.3630529999999794,145.3735558862072,"(0.7953824918909449, 1.2035588457708934)",
143,7,WALK,EYE,5,8,LARGE,,,,,,,,,,,,,,,,,,,,"('no success frames', 0)"
144,7,STAND,EYE,6,0,SMALL,0.8044363355180723,0.3923282362043408,5.5917129228306015,5.048585438071425,1.6678499999998166,2.0,1.3337400000000343,0.6668700000000172,0.45740933599603073,-0.6556452657311671,0.23646886038925458,0.3310104738774272,0.45740933599603073,0.6556452657311671,0.23646886038925458,0.3310104738774272,0.9840099999998984,24.746055441255532,"(-0.8883513936653639, -1.203529568151679)",
145,7,STAND,EYE,6,1,SMALL,0.9002963610166664,0.18846714193580794,4.955885444489583,5.485481381130742,0.5987599999998565,1.0,0.9846099999999751,0.9846099999999751,0.7191549697864078,-0.47335221654216497,0.18839893997631463,0.2737259822909515,0.7191549697864078,0.47335221654216497,0.18839893997631463,0.2737259822909515,0.9846099999999751,12.575767491741416,"(-1.1727975735330067, -0.7154513362994206)",
146,7,STAND,EYE,6,2,SMALL,1.1524579924102565,0.37913784271996115,3.8432863197884615,4.914617775876152,0.43384000000014566,2.0,1.08629999999971,0.543149999999855,0.3885685819911062,0.48041050345244063,1.0292387853700464,0.20877379922354297,1.0147218771460458,0.48041050345244063,0.4113953929483034,0.20877379922354297,0.9854699999998502,12.091892331257318,"(-1.2303076353798308, 0.6767126930836079)",
147,7,STAND,EYE,6,3,SMALL,0.9349904039458646,0.4350475458624566,2.7008321152503147,4.07839696091064,0.43407999999999447,4.0,1.813090000000102,0.4532725000000255,-0.17773563530173433,0.77128331236335,0.3283313325324563,0.5756927546056735,0.33049050918073686,0.8204629564760496,0.17198635643675744,0.5025411335460811,0.9981599999998707,14.247886346704739,"(-0.9323363229145616, 0.0618485602239371)",
148,7,STAND,EYE,6,4,SMALL,1.4214548781925924,0.26342944494110615,2.5631281460380952,3.200172913873466,0.7474299999998948,11.0,2.849410000000262,0.25903727272729654,0.39592081663530204,1.3468642157938355,0.2232677035750743,0.26706861158484446,0.40693927171436556,1.3468642157938355,0.20240875438154243,0.26706861158484446,1.0174500000000535,16.079734579323514,"(0.46513031890655027, 1.062951811310557)",
149,7,STAND,EYE,6,5,SMALL,1.233957006868687,0.4045427574767585,4.287574740591133,4.576114576122163,1.7332800000001498,4.0,1.036260000000084,0.259065000000021,-0.029405226434739317,1.2263241335137343,0.14570566186952866,0.40052872873424233,0.11402076030986553,1.2263241335137343,0.09471133009425656,0.40052872873424233,0.983889999999974,18.393815181727835,"(0.4696475233330742, 1.4181143415510604)",
150,7,STAND,EYE,6,6,SMALL,1.2862863562820515,0.24936691319488824,4.271074009122807,4.915988652526606,0.5997999999999593,4.0,1.0836699999999837,0.2709174999999959,-0.7489814893126057,1.032755657515614,0.2250183094815368,0.20126475753401094,0.7489814893126057,1.032755657515614,0.2250183094815368,0.20126475753401094,0.983889999999974,12.766794122304903,"(1.0120779295826536, 0.8342119972559683)",
151,7,STAND,EYE,6,7,SMALL,0.8660802491833334,0.2628653942602383,3.954352006902912,4.731826803467507,0.7181900000000496,1.0,0.9848099999999249,0.9848099999999249,-0.7766751666146915,-0.2105259056687375,0.34040901354803343,0.2403037077959795,0.7766751666146915,0.26610968049399253,0.34040901354803343,0.17550962797246147,0.9848099999999249,15.722989748741268,"(1.3360839458726574, 0.1692930003183488)",
152,7,STAND,EYE,6,8,SMALL,1.0408697502166666,0.12048756299025792,5.223454289524823,4.971751010692104,1.34900000000016,1.0,0.9842499999999745,0.9842499999999745,-0.04210451918233187,-1.0009956964382287,0.2826132501283551,0.12712335376025224,0.17428128570971899,1.0009956964382287,0.2253537384644823,0.12712335376025224,0.9842499999999745,19.77250650938449,"(1.000816537913246, -0.9353596034382093)",
153,7,WALK,EYE,6,0,SMALL,4.64429740403315,1.5024189455675987,6.976856572833333,3.782189906739347,1.98184399999991,1.0,0.0522000000000844,0.0522000000000844,-2.224210438179612,-2.1226687266767947,3.648278418928569,1.1412404745023608,3.864282757977221,2.1690171839279473,1.8080074329225504,1.0499579645588921,0.0522000000000844,105.41940808764605,"(1.3836686883899663, -0.41620259482028116)",
154,7,WALK,EYE,6,1,SMALL,2.893897077625616,1.1896804271797954,5.050193578893333,3.854100224100826,1.616700000000037,5.0,0.41841100000010556,0.0836822000000211,0.7068571715725673,1.282344231527543,2.587783102189555,1.0349625562191183,2.380202423642649,1.3905000136434345,1.226919725746103,0.8835342813006466,0.35000000000002274,75.23162596429174,"(-1.4050181482736652, 0.17644752044938536)",
155,7,WALK,EYE,6,2,SMALL,5.264777700849314,3.468075015645622,5.7293283058533335,3.3534921447587505,1.350999999999999,6.0,0.25008500000001277,0.041680833333335464,4.147641484054108,-1.3390854896791382,4.271474362165578,1.4933853051296488,4.547132526898061,1.7545438585226218,3.841363752018347,0.9690354552559163,0.13524199999994835,72.35748038245617,"(1.3306444387108705, -0.6933119126362401)",
156,7,WALK,EYE,6,3,SMALL,1.7715156316492535,0.8722986353743578,7.669480942379538,5.976444954358772,2.816727999999955,11.0,0.7441280000000461,0.06764800000000419,0.8406353289305872,0.994211699749029,1.0507816067767486,1.054235211126069,1.1025088993519134,1.1682007036466837,0.7690629800981309,0.8557727842948523,0.3490000000000464,104.34109717105301,"(-0.8468782791376548, 0.18225511914826864)",
157,7,WALK,EYE,6,4,SMALL,,,,,,,,,,,,,,,,,,,,"('no success frames', 0)"
158,7,WALK,EYE,6,5,SMALL,2.3255119203636365,1.2502557531659528,3.878633327800664,3.9805209858820954,0.9839350000000877,10.0,0.9675610000000461,0.0967561000000046,-1.0211450620669251,0.4501115177860679,2.0652947065675527,1.2347072201896847,1.8881219918055203,0.9910362895884145,1.316324035680657,0.8612286066266327,0.21604099999990467,49.06979786455835,"(-1.1049921352339436, 0.42240791403272576)",
159,7,WALK,EYE,6,6,SMALL,2.170132451087137,1.1444077230597112,3.151746391269103,2.6141991940405847,0.9997510000000602,11.0,1.3286599999997861,0.12078727272725329,1.0051219995758782,-0.05678086215364969,2.0180870819201155,0.9775241041545575,1.902042812713907,0.8140494333492315,1.2059495319319709,0.5416209395728299,0.26574600000003556,33.842133783281916,"(1.1745706068210868, 0.43955852967163)",
160,7,WALK,EYE,6,7,SMALL,5.838231784697674,3.7910308283221164,7.054467583661131,4.171838045747081,4.299565999999913,1.0,0.1996000000000322,0.1996000000000322,-5.63580378822623,-0.5280010632203163,3.86963970034238,1.0520197725234646,5.63580378822623,0.9974248202678491,3.86963970034238,0.6112488358897701,0.1996000000000322,171.3780391337873,"(1.380910424208762, -0.39972926010472176)",
161,7,WALK,EYE,6,8,SMALL,3.4204036968534037,2.000385817080864,3.810873156242525,2.1752243063157892,1.83753999999999,10.0,0.5167110000000434,0.05167110000000434,0.8459447814338117,-0.243068504074166,3.7013929967314674,1.1821198404478543,3.1723976874658146,0.9397926703172764,2.074276512901462,0.7542823317984407,0.19900499999999965,71.65304956684263,"(-0.9909468710150217, 0.4764505360028361)",
162,7,STAND,EYE,7,0,LARGE,1.0980524046687898,0.2905795455605128,5.694611431830039,8.322744859484269,1.6009200000000874,4.0,2.3376299999997627,0.5844074999999407,0.9626919447030043,-0.48472691189627265,0.32942406139178587,0.27672772385772637,0.9626919447030043,0.49734760591695815,0.32942406139178587,0.25318830833431266,0.9990199999999732,30.79704230928089,"(-0.7451904731018688, -1.1153929672482532)",
163,7,STAND,EYE,7,1,LARGE,1.286124072772727,0.3652607741984355,6.900001294023333,8.492907318860336,2.4324900000001435,2.0,1.9348199999999451,0.9674099999999726,0.34670614694808416,-0.6582554154023466,1.0470393711156838,0.426586875219491,1.037356491048039,0.7226320631617579,0.36625178941327613,0.3041355450649711,1.2844299999999294,36.44294194140525,"(0.5599973525275563, -1.3109781364635518)",
164,7,STAND,EYE,7,2,LARGE,3.5792250044800884,6.050453437699882,6.4927407468396225,9.144456387018579,0.649710000000141,4.0,1.733279999999695,0.43331999999992377,2.449000982804153,-0.180905101651269,6.41070280955581,0.669481554782336,3.3314994353679768,0.49931570109116546,5.997762538724333,0.48026390514053163,0.9835199999999986,27.069727526747556,"(-0.15207193808491506, -1.1625192113479323)",
165,7,STAND,EYE,7,3,LARGE,0.5956586965238093,0.3670306137464908,10.005845280073826,10.410297264220064,1.4341000000001713,2.0,0.9989000000000487,0.4994500000000244,-0.04431698376737639,0.033520918011855326,0.6716554799649521,0.21746848585063278,0.5612630981796619,0.17499319063163757,0.3647184986703781,0.13159706592425502,0.9989000000000487,34.229327839490196,"(1.4543235887664732, -0.06833972309180739)",
166,7,STAND,EYE,7,4,LARGE,0.6142530127868853,0.2483460593992076,10.271330546833333,10.627613040886256,1.9822999999998956,1.0,1.0013400000000274,1.0013400000000274,-0.21099841891024723,0.47022248077128426,0.32473721572185943,0.2774196475400009,0.30864823453096896,0.47022248077128426,0.23208863834043653,0.2774196475400009,1.0013400000000274,35.73148263959416,"(0.19552053224228477, 1.4689481381564733)",
167,7,STAND,EYE,7,5,LARGE,0.9550473474166666,0.1208252332191862,9.179488237069894,9.747204449676925,2.1024199999999382,1.0,0.9829099999999471,0.9829099999999471,0.7700646561191706,0.3110802967866938,0.16857736759987027,0.49314134174967245,0.7700646561191706,0.5444558657011828,0.16857736759987027,0.20035731956807643,0.9829099999999471,39.29597220653432,"(-0.41199773584635024, 0.9176378818087393)",
168,7,STAND,EYE,7,6,LARGE,1.1011112968962264,0.2920866359293569,6.445780264668269,8.923059670563536,1.6987299999998413,2.0,1.4851000000001022,0.7425500000000511,-0.36763266552178914,1.0035672693770514,0.22077911096471514,0.3308755366498318,0.39102095695213046,1.0035672693770514,0.17558706398863938,0.3308755366498318,1.067009999999982,33.18897373777404,"(0.7725359236319624, 1.1605541831967385)",
169,7,STAND,EYE,7,7,LARGE,0.5283512471166666,0.30320761111279765,9.40275588990972,10.202889566000966,1.4010000000000673,1.0,0.9852300000000014,0.9852300000000014,-0.44581096264184683,0.23186246881619518,0.29973710792973124,0.1727532427290915,0.44581096264184683,0.23560648152637084,0.29973710792973124,0.16752256149747619,0.9852300000000014,36.961488874391875,"(1.3772568002348162, 0.30747055124102146)",
170,7,STAND,EYE,7,8,LARGE,1.05109001005,0.21940590008101368,7.753006250281914,9.120988784012663,2.1320800000000872,1.0,0.9835199999999986,0.9835199999999986,0.1401668252364595,-1.0321847894250278,0.14770079952402526,0.2180295070734932,0.1661843797161289,1.0321847894250278,0.11708938312074223,0.2180295070734932,0.9835199999999986,38.578681433421124,"(-0.4009873153174747, -1.2991377502511583)",
171,7,WALK,EYE,7,0,LARGE,11.614889970423727,7.112723910969013,12.184133100930232,7.582633540906674,3.0504760000000033,1.0,0.0,0.0,5.407639729558052,-9.339094590937222,3.660932772349324,7.226891029526266,5.810412639940989,9.346651653886472,2.9741356689532683,7.217031084484061,0.0,115.20532260384343,"(-1.364061401048912, 0.3553856238187051)",
172,7,WALK,EYE,7,1,LARGE,,,,,,,,,,,,,,,,,,,,"('no success frames', 0)"
173,7,WALK,EYE,7,2,LARGE,9.954233216725806,10.387615846455034,12.155039704245848,11.149192907150184,0.8824000000000751,8.0,0.5009139999997387,0.06261424999996734,8.923937975847382,-0.2766581038857302,10.52923473005853,1.5456437713661375,9.49378607407366,1.251809664139758,10.01633604985932,0.9447182521262327,0.13400000000001455,49.977353869139655,"(-1.2258221974107977, -0.5328502980158624)",
174,7,WALK,EYE,7,3,LARGE,,,,,,,,,,,,,,,,,,,,"('no success frames', 0)"
175,7,WALK,EYE,7,4,LARGE,,,,,,,,,,,,,,,,,,,,"('no success frames', 0)"
176,7,WALK,EYE,7,5,LARGE,,,,,,,,,,,,,,,,,,,,"('no success frames', 0)"
177,7,WALK,EYE,7,6,LARGE,3.1786603834083773,1.5972157649071193,6.629857580703332,7.549297382177398,1.8187490000000253,6.0,0.4801989999999705,0.08003316666666176,-2.186520394104195,0.4565920184614258,2.3908693807386148,1.440503156874034,2.7518106717625272,1.1258129564087558,1.7058643775443008,1.0052349139369798,0.19835199999999986,80.20054760309053,"(-1.1181933106713018, -0.8558448929272625)",
178,7,WALK,EYE,7,7,LARGE,2.577968756395349,1.2023107398342376,6.737832822574751,8.167299394025402,1.4348459999999932,11.0,0.4713279999999713,0.042847999999997395,0.4588392501530739,0.4331509542662235,2.5985184740289258,0.9892575260194135,2.2854818463114484,0.8340775617706918,1.3099540870162725,0.684244608646004,0.1667529999999715,65.15598282325858,"(0.1628179884067199, 1.0658842707631875)",
179,7,WALK,EYE,7,8,LARGE,,,,,,,,,,,,,,,,,,,,"('no success frames', 0)"
180,7,STAND,EYE,8,0,SMALL,1.277768169079208,0.6792460022424439,4.003429372544872,4.671755465253956,0.9163099999998394,2.0,1.0808799999999792,0.5404399999999896,0.47277351878884,-1.1531556401552998,0.18227447011842154,0.7146679302703647,0.47277351878884,1.1531556401552998,0.18227447011842154,0.7146679302703647,0.9982899999999972,16.055290175178982,"(-0.7301924020130964, -1.2346725886524639)",
181,7,STAND,EYE,8,1,SMALL,1.1648780170396829,0.5017710319250552,3.867003602171598,4.74694547006005,0.7154499999999189,9.0,1.2360900000003312,0.13734333333337012,-0.32171812046144477,-0.9969147094986476,0.5492330615723291,0.46316417234147417,0.4356490264538731,0.9969147094986476,0.4633347931090599,0.46316417234147417,0.9838900000002013,13.87877002536992,"(0.005150389432869048, -0.7758731092618971)",
182,7,STAND,EYE,8,2,SMALL,1.4221031527881356,0.42864490164736446,3.881416682642384,4.786954839362777,0.5465100000001257,3.0,1.236599999999953,0.41219999999998436,0.7692305685207913,0.43789732912295176,1.182662735675892,0.18786535841352106,1.323129545104475,0.4384335228350913,0.4794052699583885,0.18659982235912928,1.0182099999999537,14.965123922045796,"(-0.2640869084867963, 0.5762366143989807)",
183,7,STAND,EYE,8,3,SMALL,0.5408378717373133,0.44468877348134656,4.629452106751304,5.573434522119616,0.800899999999956,4.0,0.9832700000001751,0.24581750000004376,-0.299523130827731,0.28269425981003415,0.31662462401139174,0.47210514055506997,0.3477564524013419,0.31396788386335656,0.2618351985692514,0.45159799835292597,0.9832700000001751,13.944302720293965,"(-0.30034301248803125, 1.3164647871470223)",
184,7,STAND,EYE,8,4,SMALL,0.7462273915416667,0.32720240956905755,3.9869641246363643,4.838209397949269,0.8166499999999814,2.0,1.1335500000000138,0.5667750000000069,0.5342479092099455,0.1953265781665085,0.17741407969162043,0.5624262300757713,0.5342479092099455,0.47317211433632994,0.17741407969162043,0.3577259272927696,0.9837700000000495,16.148110197427748,"(-0.6531926799259122, 1.2052690418370362)",
185,7,STAND,EYE,8,5,SMALL,1.1324012192833335,0.12835863276986578,5.128811796876289,5.332100860449258,0.6154799999999341,1.0,0.9858400000000529,0.9858400000000529,0.20480527734072212,1.0745984897992775,0.27639762649281424,0.16835023569928453,0.29770005425161755,1.0745984897992775,0.17007156955247305,0.16835023569928453,0.9858400000000529,13.434742968677796,"(-0.3511238725526093, 1.2746504326464958)",
186,7,STAND,EYE,8,6,SMALL,1.7126044169717742,0.4118961776214631,2.789834379729097,3.0131237289002204,0.8505900000000111,11.0,1.0335900000000038,0.09396272727272761,-0.7810787104783786,1.441603214746761,0.46081273280508894,0.45203009913465225,0.8001667469560234,1.441603214746761,0.4266653324158078,0.45203009913465225,0.18439999999986867,17.024875250047447,"(-0.14576372538619012, 1.4320360673684853)",
187,7,STAND,EYE,8,7,SMALL,0.6717561672786886,0.33224069955155106,4.946346667039369,5.359503821870017,1.101130000000012,1.0,0.9986499999999978,0.9986499999999978,-0.09064820107879752,0.41277701453247834,0.2750851057837571,0.5584968248852729,0.2506989522470269,0.5842729679903199,0.14187459011445164,0.3715896016473397,0.9986499999999978,18.65388550211428,"(0.2569438433018109, 1.4484831911185165)",
188,7,STAND,EYE,8,8,SMALL,0.9986517125081967,0.15328204108022103,4.664799691968553,4.653180765743477,1.6332899999999881,1.0,0.9984099999999216,0.9984099999999216,0.064121336615994,-0.9881821155200041,0.13017132331253137,0.15361439797226978,0.11947376659628893,0.9881821155200041,0.08131890554722156,0.15361439797226978,0.9984099999999216,22.507249728059396,"(-0.3366485614340105, -1.2562519210101872)",
189,7,WALK,EYE,8,0,SMALL,3.16645463535602,1.089566344178115,5.258178685292359,3.341442213553603,1.8307389999999941,8.0,0.18108899999981531,0.022636124999976914,0.5751142906553806,-1.801258599327065,2.22045988588562,1.675840109282289,2.0284617660489994,2.0906246658431185,1.0614264689729345,1.29473312402841,0.11389999999994416,84.8116327761718,"(1.221152071433686, -0.7668774896908395)",
190,7,WALK,EYE,8,1,SMALL,6.938613096976744,5.823205880314214,7.010515842066667,4.661186012314312,2.8532709999999497,5.0,0.28680599999995593,0.05736119999999119,6.634372210645793,-1.304490025087291,5.818552014309897,1.1731241475861294,6.634372210645793,1.454144976907784,5.818552014309897,0.9798732256596167,0.133199999999988,96.37523382644977,"(-1.3976409367741476, -0.06457875349546012)",
191,7,WALK,EYE,8,2,SMALL,,,,,,,,,,,,,,,,,,,,loss
192,7,WALK,EYE,8,3,SMALL,4.9296023796562505,4.570887452122872,6.056868362465116,5.180308383158024,0.7487999999999602,8.0,0.349990000000048,0.043748750000006,4.420604909591033,1.0184170201806646,4.698279701140835,1.2699527638000887,4.439539995804311,1.302454824285224,4.680321210164893,0.975181789087633,0.21640000000002146,34.881172312294815,"(0.16347866027605396, 1.0336022692988)",
193,7,WALK,EYE,8,4,SMALL,,,,,,,,,,,,,,,,,,,,"('no success frames', 0)"
194,7,WALK,EYE,8,5,SMALL,,,,,,,,,,,,,,,,,,,,"('no success frames', 0)"
195,7,WALK,EYE,8,6,SMALL,,,,,,,,,,,,,,,,,,,,loss
196,7,WALK,EYE,8,7,SMALL,2.8396408841123595,1.15002404286462,6.279001508026578,4.20189139276143,3.5350389999999834,4.0,0.0815900000000056,0.0203975000000014,-1.0481602592599202,-0.2763818949127656,2.558942553290524,1.3174221574884815,2.4291343607079168,1.12157445778835,1.3006015471420382,0.735276962325171,0.032470999999986816,165.73228913298203,"(1.1739060156364343, 0.9318196615536856)",
197,7,WALK,EYE,8,8,SMALL,5.360973958950617,1.88118377986767,11.565264303516667,8.063852089788087,3.650252000000023,1.0,0.0,0.0,-2.333798559237328,-3.913163908731325,3.1402349669182135,1.3219442653298787,3.3832696872479193,3.913163908731325,1.945810592050014,1.3219442653298787,0.0,157.18081388907964,"(-0.6500349087421269, -0.7554248735172843)",
198,7,STAND,EYE,9,0,LARGE,0.911816306409836,0.1894041640627345,7.419476515259387,7.293055812947466,3.867770000000064,1.0,0.9980699999998706,0.9980699999998706,0.2635778316302284,-0.6670210074813834,0.555102474974272,0.26466537764144343,0.5546727880628327,0.6670210074813834,0.2568663441504501,0.26466537764144343,0.9980699999998706,55.573272673118595,"(1.33179431465313, -0.5164295276944675)",
199,7,STAND,EYE,9,1,LARGE,0.6529754136833332,0.2340336666483797,7.374862936816216,8.829799966692775,2.0853199999999106,1.0,0.9821799999999712,0.9821799999999712,0.35866063492954653,-0.2349023712076212,0.39634310869993394,0.391682721111322,0.46251435583517064,0.39949883735504127,0.2652552026898601,0.2173138815626231,0.9821799999999712,44.427926852284095,"(0.8229489982542738, -1.0493749412444282)",
200,7,STAND,EYE,9,2,LARGE,0.6522615760655738,0.19301994289463176,6.867561911680672,10.064753392681409,0.9673999999999978,1.0,0.9980500000001484,0.9980500000001484,0.08342296073565515,0.6008563235639883,0.2585328999320709,0.17044348778821716,0.19284941010478862,0.6008563235639883,0.1900102558743243,0.17044348778821716,0.9980500000001484,43.33222995422382,"(1.0362785914545645, 0.4789649585680171)",
201,7,STAND,EYE,9,3,LARGE,0.4390572803333334,0.25147200699680516,9.311139550243901,10.974230095947542,1.048090000000002,1.0,0.9835199999999986,0.9835199999999986,-0.13511478980269545,0.20454685349311647,0.35054516293651006,0.27811383812128104,0.29829756131291096,0.2686117183005082,0.22573822564503218,0.21568655514911447,0.9835199999999986,29.514070694715535,"(-0.9295580717617383, 0.6618332490115802)",
202,7,STAND,EYE,9,4,LARGE,0.78765408345,0.20413134185939255,8.45849011856081,9.187075872543064,1.463989999999967,1.0,0.9848700000000008,0.9848700000000008,-0.268510084097765,0.7300460099296544,0.14470694390911568,0.20233460955700874,0.2691757834217733,0.7300460099296544,0.1434437024276658,0.20233460955700874,0.9848700000000008,31.422222112886942,"(0.34860553009331324, 1.3905208696607019)",
203,7,STAND,EYE,9,5,LARGE,0.7794501785333331,0.2015319679759311,7.800863173747367,9.13974856585031,2.1660000000001673,1.0,0.9811399999998685,0.9811399999998685,0.3028419289978872,0.7031858449615415,0.09591904237176814,0.24101338547726087,0.3028419289978872,0.7031858449615415,0.09591904237176814,0.24101338547726087,0.9811399999998685,35.818533788475506,"(-0.15003020931016112, 1.256613492754057)",
204,7,STAND,EYE,9,6,LARGE,1.2317787876684783,0.4885927371354074,5.582877700723484,8.261884779094894,1.3368900000000394,6.0,1.5984199999998054,0.2664033333333009,-1.151213232846129,0.3618874594679533,0.4638869088541723,0.32485960992422636,1.151213232846129,0.41855745122006144,0.4638869088541723,0.2471118724482799,0.9987800000001243,30.482402560181665,"(1.4373947016358974, 0.3868490359287452)",
205,7,STAND,EYE,9,7,LARGE,0.9799952426022728,0.304349537901252,7.708944597520618,9.011308225557466,1.7676000000001295,3.0,1.348989999999958,0.4496633333333193,0.08339915215990432,0.9362327325664207,0.2436402668149682,0.3333251892578106,0.22915708556106934,0.9362327325664207,0.11523618492939872,0.3333251892578106,1.0145899999999983,42.7763958531782,"(0.5907685580515991, 0.5146416477625315)",
206,7,STAND,EYE,9,8,LARGE,0.6863819883606558,0.2898143954962783,8.85919969,9.998039216433586,1.9995100000001003,1.0,1.000970000000052,1.000970000000052,0.17990358625591052,-0.17561896527885462,0.5019079298726551,0.5059176500249893,0.43016450235567727,0.4821733756784636,0.31095139172797553,0.22570490979403293,1.000970000000052,35.417562980677204,"(1.0770009226778812, -1.02364749941392)",
207,7,WALK,EYE,9,0,LARGE,,,,,,,,,,,,,,,,,,,,"('no success frames', 0)"
208,7,WALK,EYE,9,1,LARGE,,,,,,,,,,,,,,,,,,,,loss
209,7,WALK,EYE,9,2,LARGE,,,,,,,,,,,,,,,,,,,,"('no success frames', 0)"
210,7,WALK,EYE,9,3,LARGE,,,,,,,,,,,,,,,,,,,,"('no success frames', 0)"
211,7,WALK,EYE,9,4,LARGE,,,,,,,,,,,,,,,,,,,,"('no success frames', 0)"
212,7,WALK,EYE,9,5,LARGE,,,,,,,,,,,,,,,,,,,,"('no success frames', 0)"
213,7,WALK,EYE,9,6,LARGE,,,,,,,,,,,,,,,,,,,,"('no success frames', 0)"
214,7,WALK,EYE,9,7,LARGE,,,,,,,,,,,,,,,,,,,,"('no success frames', 0)"
215,7,WALK,EYE,9,8,LARGE,8.803180362500001,5.114672784468161,10.11204234089701,5.2669222598188155,1.082738000000063,3.0,0.1519020000000637,0.05063400000002124,-5.117964491692666,-6.220135978096913,4.639341950572276,4.108890555252479,5.654777910847585,6.282873111085366,3.9643325721070033,4.011887431894264,0.13530000000002929,42.23378423611392,"(-0.8611313809711001, -0.7500288737238388)",
216,7,STAND,HAND,4,0,SMALL,0.7276696631666667,0.21688909739700074,5.25236440042373,5.5623945499989595,0.96449999999993,1.0,0.9868000000000166,0.9868000000000166,0.354309211178253,0.4432265635033413,0.40920588061555146,0.3355057489037175,0.3608302923900736,0.5310253314634219,0.40336946819110214,0.15992558553679287,0.9868000000000166,13.174778104421865,"(-1.3102535167121792, -0.7783371181992687)",
217,7,STAND,HAND,4,1,SMALL,1.0703465909152543,0.13689150000119044,7.081180550587303,7.037032535130386,1.1180679999999938,1.0,0.9683579999999665,0.9683579999999665,-0.8448857467421054,0.18350163851108667,0.306049757107402,0.6176385583686134,0.8489336607978737,0.579439311873807,0.29443471947878225,0.27238226579533775,0.9683579999999665,16.941768148391834,"(-0.11941346464516335, -1.3389445265932343)",
218,7,STAND,HAND,4,2,SMALL,0.7069585999661018,0.15650256386184438,6.316900262606557,6.641149346032678,1.049099999999953,1.0,0.9668000000000347,0.9668000000000347,-0.32404233786620396,-0.4210835187069748,0.5029467884465294,0.06926470410952684,0.5487242787136117,0.4210835187069748,0.2312566284091824,0.06926470410952684,0.9668000000000347,15.246663256444386,"(-1.2891640929220696, -0.4132336181153756)",
219,7,STAND,HAND,4,3,SMALL,0.2403579009237288,0.2869401451101601,6.339107609790984,7.099209169661961,1.0498380000000225,1.0,0.9658480000000509,0.9658480000000509,0.02429421501409931,0.07016054247732603,0.22548762341670034,0.29221909252945083,0.12996926870251868,0.18459826243065197,0.18509943500665563,0.23608330268244612,0.9658480000000509,15.811585922642447,"(-0.8866451631421643, 1.1332644914320518)",
220,7,STAND,HAND,4,4,SMALL,1.4774147152727277,0.22863049751165845,5.6097905363576155,5.668799707379412,1.5997330000000147,2.0,0.4002130000000079,0.20010650000000396,-1.1844736044196225,0.6990304776245327,0.5283909822450344,0.2752001592820294,1.1844736044196225,0.6990304776245327,0.5283909822450344,0.2752001592820294,0.33331299999997555,17.085649775212932,"(0.9715936654067672, 1.1441534485841636)",
221,7,STAND,HAND,4,5,SMALL,1.3305260118981481,0.6038831006846542,4.78833472742236,5.775069386358883,0.8842549999999392,2.0,1.0489450000000033,0.5244725000000017,0.41711317685600724,-0.1482671018877595,0.6210151305584515,1.2526749485587854,0.5938428562857515,1.1454327977778227,0.4531270038612187,0.51682200160613,0.8170999999999822,15.571377014984149,"(0.07901693291979019, 1.489080160899819)",
222,7,STAND,HAND,4,6,SMALL,1.1294775267033332,0.4336907918417425,6.543055074728925,6.577277489183108,1.0172999999999774,1.0,0.9465999999999894,0.9465999999999894,0.8286766527555547,-0.5085409367886142,0.6320887760239808,0.3700701911394642,0.9672459332055335,0.5897968112187475,0.38269904529526544,0.21492533933439473,0.9465999999999894,15.483845126251799,"(1.0693170582192852, 0.6929510471159301)",
223,7,STAND,HAND,4,7,SMALL,0.3981603070438597,0.4297827778348788,5.7764310089664175,6.405031987820971,1.2824000000000524,1.0,0.9344999999999573,0.9344999999999573,-0.2860586634004797,0.17014824348323215,0.4368860180371117,0.22813246065708886,0.30434768212907315,0.22705914478277892,0.4241209962514594,0.17039753735065344,0.9344999999999573,15.590921480010959,"(1.4542122803488717, 0.42016316925159186)",
224,7,STAND,HAND,4,8,SMALL,0.73865209245,0.18644325952000856,6.666816883259542,6.262485934304984,1.184863000000064,1.0,0.9836999999999989,0.9836999999999989,0.0933773162695695,0.5652609693511628,0.19001013360684071,0.4717386917636654,0.18752071416933255,0.7064110842562884,0.09597364562264134,0.19999605147827007,0.9836999999999989,14.519944984956172,"(0.4375982722445338, -1.3362172382555486)",
225,7,WALK,HAND,4,0,SMALL,,,,,,,,,,,,,,,,,,,,"('no success frames', 0)"
226,7,WALK,HAND,4,1,SMALL,,,,,,,,,,,,,,,,,,,,loss
227,7,WALK,HAND,4,2,SMALL,12.417904085677085,5.45574717993725,12.561022100266669,7.032387800942493,1.803637999999978,3.0,0.01717100000001892,0.005723666666672973,10.582368512642864,-0.06920032302575682,8.52647529952105,1.4304905745004648,12.427717283222355,1.1933454278721447,5.4787622034139085,0.7871390275297676,0.01717100000001892,60.30986727578049,"(0.034394191041330596, 1.4913530328004005)",
228,7,WALK,HAND,4,3,SMALL,,,,,,,,,,,,,,,,,,,,jump
229,7,WALK,HAND,4,4,SMALL,3.2981125168304346,1.7883277381077827,6.061556538607973,5.641640298641025,1.1845809999999801,4.0,0.5333109999999692,0.1333277499999923,-1.135018934412027,-0.4819126520724404,3.052320707069666,1.8155895512249534,2.8481475825713765,1.2267469505166015,1.5694544636446068,1.4206124167951857,0.26890000000003056,51.00834994235173,"(-0.8422230444763347, 0.5778156666528896)",
230,7,WALK,HAND,4,5,SMALL,4.768528347979488,4.461282305168001,7.716579433906976,6.963994907032017,1.7657729999999674,5.0,0.5663449999999557,0.11326899999999114,3.1581752859536207,-0.12103356215869343,5.6048977397703155,0.8348840415540209,4.580217346301678,0.6753688499213298,4.511522533776877,0.5032710637378704,0.417479999999955,50.20195863146953,"(1.4271558819891204, -0.07180385982938353)",
231,7,WALK,HAND,4,6,SMALL,,,,,,,,,,,,,,,,,,,,jump
232,7,WALK,HAND,4,7,SMALL,,,,,,,,,,,,,,,,,,,,jump
233,7,WALK,HAND,4,8,SMALL,,,,,,,,,,,,,,,,,,,,loss
234,7,STAND,HAND,5,0,LARGE,0.9000017033333333,0.5471625031050258,8.030305756439791,10.636010450890483,1.3826999999999998,2.0,1.3836560000000873,0.6918280000000436,-0.6094921793824218,0.2976413379341637,0.5739413689369182,0.6523154622175282,0.6627085756664406,0.6063586873078752,0.5109540361292984,0.37924496269281094,0.9167560000000776,27.322877932508128,"(-0.32131524509769027, -1.3259308274941182)",
235,7,STAND,HAND,5,1,LARGE,0.8834248167,0.37729679783568015,8.825002648593609,10.598692772703291,2.6509399999999914,1.0,0.9828599999999597,0.9828599999999597,0.6820388978505298,-0.11906518871358135,0.7409381804148293,0.10047322579630824,0.9230693235835657,0.13949928995383792,0.3944010427109685,0.06871524550939725,0.9828599999999597,39.55308925199566,"(1.4655311507010655, 0.07892285539489309)",
236,7,STAND,HAND,5,2,LARGE,1.1780066191016947,0.12487710905839608,8.190643212473686,10.488745611018679,2.5004449999998997,1.0,0.9659550000000081,0.9659550000000081,0.49895392467915817,-0.8171270394501672,0.6974659969561694,0.1920396390018326,0.7671989354745283,0.8171270394501672,0.3754514365490977,0.1920396390018326,0.9659550000000081,37.29456693659419,"(1.0671577145255655, -1.0626448459336784)",
237,7,STAND,HAND,5,3,LARGE,0.7854310227142857,0.28059423240522735,11.332680995071428,11.837338351915731,1.864840000000072,1.0,0.9178999999999178,0.9178999999999178,-0.6107088324384012,0.3136025996973476,0.1541224444228484,0.4519993683622041,0.6107088324384012,0.3627429498880951,0.1541224444228484,0.4128719941232529,0.9178999999999178,30.5260144297358,"(0.33028229571162065, 1.405070603282933)",
238,7,STAND,HAND,5,4,LARGE,1.1280570732203388,0.3384336822743817,10.790410637272728,11.92960799136353,1.4003000000000156,2.0,0.7979329999999436,0.3989664999999718,-0.5132035957453466,-0.7423359911715502,0.44271831822760843,0.6210835034944239,0.6111485720146919,0.8617093103138468,0.28978640772958364,0.43699327644686686,0.5158999999999878,29.69860059155886,"(-0.7852029591330506, 1.24692037005993)",
239,7,STAND,HAND,5,5,LARGE,1.3374005245762712,0.13705853462781328,11.5182664488125,11.605959647569215,1.6837510000000293,2.0,0.7517170000000988,0.3758585000000494,-1.2702933133930276,-0.22458356334013446,0.13975270792349728,0.36088150120239537,1.2702933133930276,0.37918458794193005,0.13975270792349728,0.18783747766891978,0.5017680000000837,30.554224353412017,"(0.9497079083093679, 1.0463567978044186)",
240,7,STAND,HAND,5,6,LARGE,1.1993558492666665,0.1193954141570964,11.12698532278873,11.79574494334272,1.366700000000037,1.0,0.9818000000000211,0.9818000000000211,0.5273199575476218,1.018953519634471,0.36964068239636366,0.05563267255935747,0.6031340006529822,1.018953519634471,0.22243501065444599,0.05563267255935747,0.9818000000000211,28.645344390341343,"(0.744318774758748, 1.1361447149350994)",
241,7,STAND,HAND,5,7,LARGE,0.5419230391689656,0.42060450990079873,8.615765732805375,10.943892576260604,2.1318999999999733,1.0,0.9512440000000879,0.9512440000000879,0.4152061141450676,0.2978143630145781,0.33345009852322194,0.33329235724371115,0.4170475159081598,0.3440618223773714,0.33110356190344836,0.2843903314430113,0.9512440000000879,37.20324025490925,"(-1.1492841789174448, 0.9893592530374637)",
242,7,STAND,HAND,5,8,LARGE,1.801332873007692,1.2524610552804079,8.380189043985437,10.910034144576592,1.2654509999999846,2.0,1.100541000000021,0.5502705000000105,-0.22949841746581037,1.5922100699539037,0.5323853022514828,1.392346586921321,0.5332155001835981,1.60740088690239,0.30297964499434454,1.3746445115394685,0.9337409999999409,30.181468446641436,"(1.3632144053203128, -0.27053552433933203)",
243,7,WALK,HAND,5,0,LARGE,,,,,,,,,,,,,,,,,,,,jump
244,7,WALK,HAND,5,1,LARGE,,,,,,,,,,,,,,,,,,,,jump
245,7,WALK,HAND,5,2,LARGE,,,,,,,,,,,,,,,,,,,,jump
246,7,WALK,HAND,5,3,LARGE,,,,,,,,,,,,,,,,,,,,"('no success frames', 0)"
247,7,WALK,HAND,5,4,LARGE,,,,,,,,,,,,,,,,,,,,jump
248,7,WALK,HAND,5,5,LARGE,3.5700683259144737,1.7731174927580413,11.346396283119601,10.57675833122647,2.484772000000021,3.0,0.34860700000001543,0.11620233333333847,-1.802880773628219,-1.1036586772774781,3.219960303675051,1.0478370367666379,3.11416227946869,1.1886773030127318,1.9692174124866213,0.9496212562336439,0.24957299999999805,77.93024263912937,"(-1.2761525322159533, -0.3311208687688961)",
249,7,WALK,HAND,5,6,LARGE,3.2973995675833336,2.3016881498396407,8.572006077576667,9.75216999084121,2.4016729999999598,4.0,0.8010799999999563,0.20026999999998907,0.8261598445446825,-0.12247666973070591,3.87730142644385,0.7118517162064901,3.127099585804693,0.6167207842811261,2.4245761245481265,0.3728697047532735,0.5168810000000121,59.78179744303128,"(-0.9980369764307566, -0.5076862962218152)",
250,7,WALK,HAND,5,7,LARGE,,,,,,,,,,,,,,,,,,,,"('no success frames', 0)"
251,7,WALK,HAND,5,8,LARGE,,,,,,,,,,,,,,,,,,,,"('no success frames', 0)"
252,7,STAND,HAND,6,0,SMALL,0.716419947440678,0.1945555616342475,6.076005766131035,6.214115720412804,1.4324680000000853,1.0,0.9687000000000126,0.9687000000000126,-0.5252860009826398,0.17698169380777895,0.17630820633559832,0.4900743346389551,0.5252860009826398,0.4560930020128292,0.17630820633559832,0.24582112277675436,0.9687000000000126,16.570441102127432,"(0.19314498884921374, -1.3508710863911346)",
253,7,STAND,HAND,6,1,SMALL,0.9311473150877193,0.27917838596999506,6.043775524522293,6.109475680493404,1.6672969999999623,1.0,0.9324619999999868,0.9324619999999868,-0.8108078972875524,0.4654197408195131,0.3187142319362668,0.1328971574935688,0.8108078972875524,0.4654197408195131,0.3187142319362668,0.1328971574935688,0.9324619999999868,19.32220584593466,"(1.5374653182068565, 0.12875307449761159)",
254,7,STAND,HAND,6,2,SMALL,0.7812355371525423,0.22345819569260061,5.878794273692308,5.943353293447107,1.0118630000000621,1.0,0.9656999999999698,0.9656999999999698,-0.5382074662158179,0.4298795359055714,0.40405197271868937,0.20230644915838675,0.6344042615393922,0.4404387927409884,0.22025361065542493,0.1777063246035583,0.9656999999999698,13.859060146811233,"(-1.119679155931223, -0.1701172631011569)",
255,7,STAND,HAND,6,3,SMALL,1.1536007182758619,0.09730622324270453,6.308740420152673,6.011780093226363,1.2171350000000984,1.0,0.9502649999999448,0.9502649999999448,0.43899285758427253,1.0530945185909508,0.16085177453381355,0.12622964110848547,0.43899285758427253,1.0530945185909508,0.16085177453381355,0.12622964110848547,0.9502649999999448,14.414540985842233,"(-0.5209517820260544, 1.3438463230850644)",
256,7,STAND,HAND,6,4,SMALL,2.302544996805,2.165925669330004,4.16518778177,4.433011968270795,1.666300000000092,2.0,1.7024499999998852,0.8512249999999426,1.3255629713407944,1.7411966085833848,1.6086164017569062,1.6225770895586284,1.4011415399642788,1.7518295097363386,1.5428968610887381,1.6110334484179947,0.951349999999934,14.017229017892838,"(-0.4267825808326372, 1.3805631259949336)",
257,7,STAND,HAND,6,5,SMALL,1.2995818861666668,0.29975611929236806,6.665816237372881,6.420100547131486,0.9654500000000326,3.0,0.601165999999921,0.20038866666664035,0.9922277772101944,-0.6312764239168209,0.36615843475935145,0.5196050674900038,0.9982060214107339,0.7852221406454473,0.34924349241331454,0.21961225219439023,0.5670999999999822,14.88469116967496,"(0.17934732601618228, 1.4057597329648557)",
258,7,STAND,HAND,6,6,SMALL,0.8517101650689656,0.2816267055544614,5.965104653142857,6.291235575302084,1.017861000000039,1.0,0.9519999999999982,0.9519999999999982,0.6799805058152383,0.16307721157012237,0.5725531124868356,0.03853491270532741,0.8331140967999046,0.16307721157012237,0.3033915719308477,0.03853491270532741,0.9519999999999982,14.908439136602695,"(1.2593068661731053, 0.29380492948262943)",
259,7,STAND,HAND,6,7,SMALL,1.381401438348039,0.8546475405769045,3.3720661300133776,4.24368427261777,1.5841066666666697,2.0,2.3983623333332824,1.1991811666666412,-0.15044513473867413,-0.052662863113577305,1.5155958214877538,0.6320213587952962,1.206975687152595,0.5778069335230186,0.9250996230712393,0.25832644059965565,1.7512689999999793,20.854511040947333,"(-1.099315472571477, 1.0179332241867451)",
260,7,STAND,HAND,6,8,SMALL,1.7569267629243697,1.4097516402321093,4.745250551274854,5.425829728271511,0.8649369999999408,2.0,0.9818370000000414,0.4909185000000207,0.8473136101593064,1.1522976413526973,1.0497898901735903,1.4346452598280222,0.8900600761631166,1.432623883070175,1.0134904293833018,1.1521479187546317,0.9655370000000403,15.579256488527193,"(-1.073644893710893, -0.8592140568573525)",
261,7,WALK,HAND,6,0,SMALL,,,,,,,,,,,,,,,,,,,,jump
262,7,WALK,HAND,6,1,SMALL,,,,,,,,,,,,,,,,,,,,loss
263,7,WALK,HAND,6,2,SMALL,,,,,,,,,,,,,,,,,,,,loss
264,7,WALK,HAND,6,3,SMALL,,,,,,,,,,,,,,,,,,,,jump
265,7,WALK,HAND,6,4,SMALL,,,,,,,,,,,,,,,,,,,,jump
266,7,WALK,HAND,6,5,SMALL,,,,,,,,,,,,,,,,,,,,jump
267,7,WALK,HAND,6,6,SMALL,3.820870172409274,2.424738106282832,4.5985074124833885,3.238470523630056,0.8845460000000003,9.0,0.6366765000000285,0.0707418333333365,-1.6472427635038094,0.06778133814923923,4.147307654734705,0.8487632110997851,3.616389090928231,0.7235816968088902,2.619590065260865,0.44645459824654093,0.24963999999999942,31.998704885989845,"(1.0439956797893835, -0.7738182744093669)",
268,7,WALK,HAND,6,7,SMALL,,,,,,,,,,,,,,,,,,,,loss
269,7,WALK,HAND,6,8,SMALL,,,,,,,,,,,,,,,,,,,,loss
270,7,STAND,HAND,7,0,LARGE,0.7704206222014042,0.25784734270856663,7.7790959583495365,10.84764443289764,1.5478363636364065,1.0,2.0361636363636535,2.0361636363636535,-0.362095792276705,-0.04458281225065727,0.15590322637266552,0.6840826671860636,0.37103384371298515,0.6453747783851825,0.14034021496015445,0.3163121053056883,2.0361636363636535,28.36899870425241,"(0.24490372223794316, -1.0867031469169715)",
271,7,STAND,HAND,7,1,LARGE,0.7264522122836539,0.16758002495817997,8.393132561015625,11.246280369649272,1.9999460000000227,1.0,1.717284999999947,1.717284999999947,0.21006772846741395,0.4083181674082823,0.5968214909804408,0.12069842088567677,0.5904536126356354,0.4083707404956769,0.2659644001897631,0.12051869603502506,1.717284999999947,33.65315568037924,"(1.5771005660816682, -0.002733800544518865)",
272,7,STAND,HAND,7,2,LARGE,0.6307516895084745,0.31323706868617424,9.414118496688442,11.210716098172478,2.33299999999997,1.0,0.967200000000048,0.967200000000048,-0.30731349921616724,-0.16372972972057315,0.6275530589322286,0.07204970338160509,0.6031920040718093,0.16372972972057315,0.34609106364426506,0.07204970338160509,0.967200000000048,43.41364750217634,"(1.4748842223247047, -0.09852770286339572)",
273,7,STAND,HAND,7,3,LARGE,0.5515789106500001,0.3402995386518778,11.361342530489361,12.607365905512951,1.3494399999999587,1.0,0.9822599999999966,0.9822599999999966,-0.03192264992561985,-0.0561606885256373,0.6410226946638606,0.10527554773130508,0.5200712095938531,0.10617424903076447,0.36998385583571025,0.053163741748132085,0.9822599999999966,33.044699144443356,"(-1.4884842662093998, 0.1757299951834336)",
274,7,STAND,HAND,7,4,LARGE,1.1359523496691728,0.5387026928973622,7.3463369679047625,9.240430446869913,1.6341340000000173,2.0,1.501213000000007,0.7506065000000035,-1.0018664808160418,0.0203397746816841,0.6492082443132318,0.4009557214769649,1.0088947873316394,0.34393889379890563,0.6381473462205901,0.20491998952617324,0.9352470000000039,27.87578079707076,"(-0.1888976485712475, 1.3646429063281453)",
275,7,STAND,HAND,7,5,LARGE,0.44294177263333334,0.3778687655479752,9.182184401611112,11.005190192802889,2.5998440000000755,1.0,0.9834689999999,0.9834689999999,-0.29953250164207285,0.3005271207135419,0.33186878554193927,0.22245876274452872,0.29953250164207285,0.3024342617376932,0.33186878554193927,0.21981464544909082,0.9834689999999,31.067717458453295,"(1.2063557167305796, 0.8819987750199301)",
276,7,STAND,HAND,7,6,LARGE,1.0523080061147538,0.24468814896082847,11.141832126561537,11.86782738373808,1.148200000000088,1.0,0.9990689999999631,0.9990689999999631,0.742251812410632,-0.44545811623177906,0.3926864198161363,0.5206977814806186,0.7923755457606345,0.6455856829965486,0.2756797978462386,0.22167342312343283,0.9990689999999631,28.02833564027419,"(0.5865216876871138, 1.2353577044290829)",
277,7,STAND,HAND,7,7,LARGE,1.3558331662643675,0.3209822756701312,10.248547441932516,12.009369663871487,1.2667229999999563,3.0,1.2149004444444875,0.40496681481482916,1.1214235313728074,-0.542094574535517,0.5970932596582762,0.2459371088389724,1.1937485797553977,0.5585187473153548,0.4325833927124723,0.22512560998369013,0.901367999999934,29.63965780543451,"(1.0843755153506527, -0.8114105253840093)",
278,7,STAND,HAND,7,8,LARGE,0.8342749431929825,0.3381255763037114,9.760215505278108,11.566521380456802,1.867334000000028,1.0,0.9364659999999958,0.9364659999999958,-0.014019711262601386,0.7988037246205145,0.2530936729347329,0.34051862509525477,0.203381931044386,0.7988037246205145,0.14884089816239834,0.34051862509525477,0.9364659999999958,33.544831022622475,"(-0.23531674840022, 1.4512665367654698)",
279,7,WALK,HAND,7,0,LARGE,,,,,,,,,,,,,,,,,,,,jump
280,7,WALK,HAND,7,1,LARGE,,,,,,,,,,,,,,,,,,,,loss
281,7,WALK,HAND,7,2,LARGE,,,,,,,,,,,,,,,,,,,,loss
282,7,WALK,HAND,7,3,LARGE,,,,,,,,,,,,,,,,,,,,"('no success frames', 0)"
283,7,WALK,HAND,7,4,LARGE,,,,,,,,,,,,,,,,,,,,jump
284,7,WALK,HAND,7,5,LARGE,,,,,,,,,,,,,,,,,,,,jump
285,7,WALK,HAND,7,6,LARGE,,,,,,,,,,,,,,,,,,,,loss
286,7,WALK,HAND,7,7,LARGE,,,,,,,,,,,,,,,,,,,,jump
287,7,WALK,HAND,7,8,LARGE,,,,,,,,,,,,,,,,,,,,jump
288,7,STAND,HAND,8,0,SMALL,0.6515144202711864,0.28089259105543785,5.529006736741936,6.060356290181978,1.0837999999999965,1.0,0.9669999999999845,0.9669999999999845,-0.3562170314464399,0.09145328625593588,0.3977549421428917,0.4862029024452412,0.47834468791085843,0.4144186330837134,0.23351366722558464,0.2649476956567095,0.9669999999999845,14.3994599451314,"(-0.49618718780666954, -1.3379544784511064)",
289,7,STAND,HAND,8,1,SMALL,1.2672227053050849,0.44809200648283437,6.213244529330436,6.0484075502639465,0.9325539999999819,1.0,0.46478300000001127,0.46478300000001127,-0.8149991570294252,0.8136355354997473,0.5315904984008686,0.5138407274209174,0.9272306622582701,0.8716414981882005,0.2892820820614225,0.4056978261367678,0.46478300000001127,18.89343365168383,"(-1.1200509784464334, -0.5623282486177164)",
290,7,STAND,HAND,8,2,SMALL,0.7674902947627118,0.19078964251980185,6.342854992691058,6.327862933887112,1.0657999999999674,1.0,0.9671610000000328,0.9671610000000328,0.40652642993252425,0.569967976448113,0.36758637101859565,0.11221051212160732,0.41698175467179033,0.569967976448113,0.35547326988519423,0.11221051212160732,0.9671610000000328,14.31741089263238,"(-1.3378008925197122, 0.14653115915297935)",
291,7,STAND,HAND,8,3,SMALL,1.0466336592173913,0.29141170583833703,6.1699687307076925,6.060927877034413,1.7853609999999662,1.0,0.3654790000000503,0.3654790000000503,1.022161502675253,0.19838213006274802,0.26265138521265136,0.20585946009777745,1.022161502675253,0.2239321772133007,0.26265138521265136,0.17634484813512102,0.3654790000000503,15.91709619786936,"(-1.3927048532549389, 0.5715944114893172)",
292,7,STAND,HAND,8,4,SMALL,0.6560570601166665,0.1910540769992767,6.534535164395349,6.622910074354067,1.1488640000000032,1.0,0.9828999999999724,0.9828999999999724,0.5999636220189102,0.1519374192599094,0.1009346013937377,0.27540946206121475,0.5999636220189102,0.16031826209427627,0.1009346013937377,0.2705347494332559,0.9828999999999724,14.975647090582449,"(-0.7519941676537777, 1.2723802273075688)",
293,7,STAND,HAND,8,5,SMALL,0.45580100459322037,0.3550429226466995,5.978268724553718,6.765555994702026,1.034748000000036,1.0,0.96550000000002,0.96550000000002,-0.1712687868390055,0.10631842625185217,0.4218549478935998,0.3447109336674316,0.35787263907137407,0.27818673075839645,0.2784229835634106,0.22716072453219532,0.96550000000002,15.828909259316282,"(0.9944150197004914, 1.0362266633384702)",
294,7,STAND,HAND,8,6,SMALL,1.3677618619759035,0.9389152038337572,3.590319980528925,4.526330862620266,1.264652999999953,2.0,1.8036540000000514,0.9018270000000257,-1.1660003876845035,-0.31876790742945627,0.9521027099841691,0.6404567898452779,1.1738964913860086,0.6079713210897659,0.9422905739627562,0.3748925324736898,0.9674069999999801,14.337423183794332,"(0.966779551690426, 0.9990640726558611)",
295,7,STAND,HAND,8,7,SMALL,0.76666074105,0.21532158051949601,5.85889274234507,5.708965640707858,1.3645019999999022,1.0,0.985108000000082,0.985108000000082,0.008049724704726875,0.5152208961499478,0.44553576946179557,0.426833959456096,0.3524671983374873,0.6277986473689147,0.26875499270605896,0.22655609995685994,0.985108000000082,14.319551897800986,"(1.2301402607887304, -0.7713462710559783)",
296,7,STAND,HAND,8,8,SMALL,1.087666997690476,0.7021529043425803,3.9273635528428574,4.774777128159253,1.1648340000000417,2.0,1.2506422500000127,0.6253211250000064,-0.02829235035482674,0.8497941217718161,0.6056332290130721,0.7133984195919998,0.49608824731217943,0.9181838372813389,0.34515189768403887,0.6786512233281691,0.9847330000000056,16.42149211615492,"(-1.4151120098693413, -0.3344129832481192)",
297,7,WALK,HAND,8,0,SMALL,,,,,,,,,,,,,,,,,,,,loss
298,7,WALK,HAND,8,1,SMALL,2.18651129264,0.7659277217055056,10.709835930571428,7.714435372529668,4.184049000000073,2.0,0.14959999999996398,0.07479999999998199,0.9517710441821008,-0.8302953185318411,1.7860533246294177,0.9524111516213725,1.7969892903821942,0.9983951221984746,0.9051352135131047,0.7703317319103757,0.10000000000002274,119.5384705093577,"(1.0814257423126454, -1.0346112226111956)",
299,7,WALK,HAND,8,2,SMALL,,,,,,,,,,,,,,,,,,,,loss
300,7,WALK,HAND,8,3,SMALL,,,,,,,,,,,,,,,,,,,,jump
301,7,WALK,HAND,8,4,SMALL,,,,,,,,,,,,,,,,,,,,jump
302,7,WALK,HAND,8,5,SMALL,,,,,,,,,,,,,,,,,,,,loss
303,7,WALK,HAND,8,6,SMALL,,,,,,,,,,,,,,,,,,,,jump
304,7,WALK,HAND,8,7,SMALL,,,,,,,,,,,,,,,,,,,,jump
305,7,WALK,HAND,8,8,SMALL,3.6634258610864867,1.8655139472064743,6.796692187470001,5.574551351502158,1.9186090000000036,7.0,0.3468589999999949,0.049551285714284986,0.573072380986237,-0.6522220590414377,4.069884480188615,0.8038122576872789,3.5686301616563787,0.8397024123220911,2.022330991068691,0.6040591647188024,0.11321999999995569,61.3519715851239,"(-1.0965449122783544, 0.3347800222927129)",
306,7,STAND,HAND,9,0,LARGE,,,,,,,,,,,,,,,,,,,,loss
307,7,STAND,HAND,9,1,LARGE,0.6416943944262293,0.2074281404228613,11.758504034822696,12.826165476498952,1.3340429999999515,1.0,0.9984130000000278,0.9984130000000278,-0.11798029315491416,-0.621594030350852,0.12100719910773464,0.20748392166011642,0.1492862268171668,0.621594030350852,0.07833430810170001,0.20748392166011642,0.9984130000000278,30.195267690845146,"(-0.31373448413881416, -1.4162617666189365)",
308,7,STAND,HAND,9,2,LARGE,2.5254043081640623,1.804876609229555,7.552330011298343,9.646729761408913,1.234299999999962,2.0,1.0343869999999242,0.5171934999999621,-2.0841489567807248,-0.19193830875549045,2.267683664954571,0.7016895809158709,2.2912193018508105,0.672278896229664,2.0565131314740785,0.2719945176372918,0.9499559999999292,30.11045484053744,"(-1.3078351708832614, 0.6072203522910143)",
309,7,STAND,HAND,9,3,LARGE,0.8624195403898306,0.19188148883794645,9.493973568015383,9.32896531226962,2.267851999999948,1.0,0.9668000000000347,0.9668000000000347,-0.7931762072090903,0.2576428263906053,0.09005022578810032,0.282344114306424,0.7931762072090903,0.2576428263906053,0.09005022578810032,0.282344114306424,0.9668000000000347,34.3786103385715,"(1.0745916074085458, 1.047273804441806)",
310,7,STAND,HAND,9,4,LARGE,1.0426053580909092,0.20538989243974812,7.048920974618321,8.930660699129113,1.7216000000000804,1.0,0.898900000000026,0.898900000000026,-0.9367676472673836,-0.3965552838169611,0.2887864411261512,0.12027709707451767,0.9367676472673836,0.3965552838169611,0.2887864411261512,0.12027709707451767,0.898900000000026,29.79946327955998,"(1.4557381006376626, -0.168703649883868)",
311,7,STAND,HAND,9,5,LARGE,1.2710977013267328,0.7952642256249091,9.183444512947368,11.667506376546353,1.168800000000033,2.0,0.9350000000000591,0.46750000000002956,0.8678286906913978,-0.3117703224493989,0.9383249882292085,0.7275750890994893,1.061468066958649,0.6277015547712619,0.7093166320774537,0.4791543773117928,0.9350000000000591,30.85079430570196,"(-1.4178074844109392, 0.3793311492107756)",
312,7,STAND,HAND,9,6,LARGE,1.0491095419152543,0.09361105244992995,10.20464865260156,11.542172817365998,1.1499489999999923,1.0,0.9656519999999773,0.9656519999999773,-0.08573524087254056,-0.976146440566106,0.36290074944208206,0.14211799247937923,0.22279910579231282,0.976146440566106,0.297790068325094,0.14211799247937923,0.9656519999999773,27.983292752782862,"(1.3572431268344731, -0.4058962027254985)",
313,7,STAND,HAND,9,7,LARGE,,,,,,,,,,,,,,,,,,,,loss
314,7,STAND,HAND,9,8,LARGE,,,,,,,,,,,,,,,,,,,,loss
315,7,WALK,HAND,9,0,LARGE,,,,,,,,,,,,,,,,,,,,loss
316,7,WALK,HAND,9,1,LARGE,,,,,,,,,,,,,,,,,,,,loss
317,7,WALK,HAND,9,2,LARGE,,,,,,,,,,,,,,,,,,,,loss
318,7,WALK,HAND,9,3,LARGE,,,,,,,,,,,,,,,,,,,,jump
319,7,WALK,HAND,9,4,LARGE,,,,,,,,,,,,,,,,,,,,jump
320,7,WALK,HAND,9,5,LARGE,,,,,,,,,,,,,,,,,,,,loss
321,7,WALK,HAND,9,6,LARGE,,,,,,,,,,,,,,,,,,,,jump
322,7,WALK,HAND,9,7,LARGE,,,,,,,,,,,,,,,,,,,,jump
323,7,WALK,HAND,9,8,LARGE,,,,,,,,,,,,,,,,,,,,jump
