,subject,posture,cursor,selection,target,repetition,initial_contact_time,mean_error,best_record,threshold,required_target_size,mean_error_horizontal,mean_error_vertical,std_error_horizontal,std_error_vertical,mean_cursor_speed,overall_time,success,target_in_count,target_in_count_per_second,walk_speed,first_dwell_time,error,final_point_horizontal,final_point_vertical,final_cursor_speed,dwell_speeds,before_speeds,error_trial,dwelling_time,x_position,y_position,width,height
0,11,Walk,Head,Click,0,1,0.9445000000000618,,,,,,,,,18.782371189629846,1.275600000000054,100,2.0,6.040471156750369,3.974455507309785,,,-0.2339433253423664,-0.3530568450844669,15.934298848915555,,,0,0.3310999999999922,0.0,1.0,,
1,11,Walk,Head,Click,1,1,0.8981999999999744,,,,,,,,,7.6842712344052515,1.2128629999999703,100,1.0,3.178003133511131,4.029136684837664,,,1.9375493164557298,-0.5631507175250476,5.7764979032237695,,,0,0.3146629999999959,0.6427876096865393,0.766044443118978,,
2,11,Walk,Head,Click,2,1,0.7649670000000697,,,,,,,,,22.46739378300488,1.2976670000000468,100,2.0,3.754458419373167,2.2252805309284973,,,-2.1913360212058137,0.5734927823254168,16.344009641346236,,,0,0.5326999999999771,0.984807753012208,0.17364817766693041,,
3,11,Walk,Head,Click,3,1,0.8480590000000348,,,,,,,,,11.955016312135836,1.1292110000000548,0,1.0,3.556794900978576,4.270243014737648,,,-4.594391986283682,0.7912583245553293,9.132844097239369,,,100,0.28115200000002005,0.8660254037844387,-0.49999999999999983,,
4,11,Walk,Head,Click,4,1,1.1928100000000086,,,,,,,,,53.987030546463195,1.42995099999996,100,2.0,8.433800987599824,6.043539255019255,,,-0.13582204932102115,-0.15348108864198196,51.371601671990106,,,0,0.23714099999995142,0.3420201433256689,-0.9396926207859083,,
5,11,Walk,Head,Click,5,1,0.6825460000000021,,,,,,,,,18.75331634914737,1.414967000000047,0,2.0,2.730669928906841,1.9688033597704058,,,2.2228718542096715,-2.439738823203413,9.584265291799987,,,100,0.7324210000000448,-0.34202014332566866,-0.9396926207859084,,
6,11,Walk,Head,Click,6,1,0.7464350000000195,,,,,,,,,12.254205287741044,1.1624749999999722,100,1.0,2.403615037015945,2.844421024508836,,,0.7144756338593368,-1.1846364700130891,8.229480410096192,,,0,0.41603999999995267,-0.8660254037844384,-0.5000000000000004,,
7,11,Walk,Head,Click,7,1,0.5625,,,,,,,,,22.68276550084919,1.1457999999998947,100,3.0,5.143151037203054,1.92055793905791,,,0.5153813049399503,2.5338501551081833,11.707841031505277,,,0,0.5832999999998947,-0.9848077530122081,0.17364817766692997,,
8,11,Walk,Head,Click,8,1,0.6671390000000201,,,,,,,,,11.335520066826199,1.1630999999999858,100,1.0,2.0162875709986654,2.0398953456977154,,,0.04607759693797675,0.9484800012295409,8.853898386278043,,,0,0.4959609999999657,-0.6427876096865396,0.7660444431189778,,
0,11,Walk,Head,Click,0,2,0.6268999999999778,,,,,,,,,21.44397858334816,1.3795000000000073,100,3.0,3.986181238373482,1.8309692513265656,,,-2.8291370122898627,-0.1217435828624076,14.12993091687553,,,0,0.7526000000000295,0.0,1.0,,
1,11,Walk,Head,Click,1,2,0.6414459999999735,,,,,,,,,9.681597101031842,1.3587459999999965,100,1.0,1.3941168269900572,1.9219178872665816,,,0.7171178702243259,1.30840304254761,3.5716065197251683,,,0,0.7173000000000229,0.6427876096865393,0.766044443118978,,
2,11,Walk,Head,Click,2,2,0.6948849999999993,,,,,,,,,11.258460916113158,1.2814309999999978,100,1.0,1.7048961206793716,2.169195871749972,,,-1.0665584426593284,-0.5245026807026107,8.195834926937776,,,0,0.5865459999999985,0.984807753012208,0.17364817766693041,,
3,11,Walk,Head,Click,3,2,0.6639999999999873,,,,,,,,,18.28426894787471,1.297399999999925,100,2.0,3.157562361856957,2.1595073138973784,,,0.23722263203099203,0.1647374584562442,9.407517018455449,,,0,0.6333999999999378,0.8660254037844387,-0.49999999999999983,,
4,11,Walk,Head,Click,4,2,0.8782380000000103,,,,,,,,,8.324488788932241,1.2456379999999854,100,1.0,2.721829069134643,3.336931212068868,,,-0.9216631235017019,1.2272536238410368,8.778614237592697,,,0,0.3673999999999751,0.3420201433256689,-0.9396926207859083,,
5,11,Walk,Head,Click,5,2,1.201037000000042,,,,,,,,,17.664338813555492,1.3984990000000153,0,1.0,5.0642655295709345,6.50397985132705,,,-2.5563025003162068,-2.619925988131328,17.664338813555492,,,100,0.19746199999997316,-0.34202014332566866,-0.9396926207859084,,
6,11,Walk,Head,Click,6,2,0.9307999999999765,,,,,,,,,13.193529590100574,1.3142569999999978,100,1.0,2.6078543356880814,3.499744581164482,,,-0.08733674842419958,-1.9597001416205444,13.043443641081252,,,0,0.38345700000002125,-0.8660254037844384,-0.5000000000000004,,
7,11,Walk,Head,Click,7,2,0.5469969999999194,,,,,,,,,18.859352737616227,1.479251999999974,100,2.0,2.1453357718648682,1.529346809992117,,,-0.7529730532728909,-0.6617389570096606,21.789763623258853,,,0,0.9322550000000547,-0.9848077530122081,0.17364817766692997,,
8,11,Walk,Head,Click,8,2,0.5428550000000314,,,,,,,,,13.04368585151,1.1930999999999585,0,2.0,3.075763750586662,1.7793834175906484,,,2.7412263060834903,1.239765834209976,8.875995851078853,,,100,0.6502449999999271,-0.6427876096865396,0.7660444431189778,,
0,11,Walk,Head,Click,0,3,0.8620999999999412,,,,,,,,,13.6289036790522,1.149499999999989,100,1.0,3.4794711203891215,3.248466935731063,,,-0.9451163395543443,1.2567299871563762,12.636470414923204,,,0,0.28740000000004784,0.0,1.0,,
1,11,Walk,Head,Click,1,3,1.510550999999964,,,,,,,,,12.401341051990645,1.8141400000000658,100,1.0,3.2939269868133056,4.960250859715972,,,-0.6767585021574831,1.0938611238958629,14.344394369780298,,,0,0.3035890000001018,0.6427876096865393,0.766044443118978,,
2,11,Walk,Head,Click,2,3,0.6625000000000227,,,,,,,,,14.33645472859986,1.600400000000036,100,1.0,1.066211749653466,1.4247366735506442,,,-1.6414822391177495,-1.0325912773082422,11.607127138959363,,,0,0.9379000000000133,0.984807753012208,0.17364817766693041,,
3,11,Walk,Head,Click,3,3,0.5299999999999727,,,,,,,,,18.36127921722259,1.4443999999999733,100,2.0,2.1872265966754143,1.5958528370430636,,,0.4205450744341164,0.7562305196351673,13.032859082918847,,,0,0.9144000000000005,0.8660254037844387,-0.49999999999999983,,
4,11,Walk,Head,Click,4,3,1.0765440000000126,,,,,,,,,15.717333003499443,1.4619440000000168,100,1.0,2.594706798131783,3.9719129332656933,,,-1.6100765423002743,-0.27797923406561154,18.88573930209652,,,0,0.3854000000000042,0.3420201433256689,-0.9396926207859083,,
5,11,Walk,Head,Click,5,3,0.980752999999936,,,,,,,,,9.559878425014343,1.49985700000002,0,1.0,1.9263962520031406,2.7403460631911143,,,5.104045591765555,-0.4823578163051536,12.227865187261534,,,100,0.5191040000000839,-0.34202014332566866,-0.9396926207859084,,
6,11,Walk,Head,Click,6,3,0.9959999999999809,,,,,,,,,27.212596731000357,1.7105000000000246,0,2.0,2.7991602519242518,2.1440206237935,,,-4.266605487818708,-1.0911440616726793,13.635643864698908,,,100,0.7145000000000437,-0.8660254037844384,-0.5000000000000004,,
7,11,Walk,Head,Click,7,3,1.0212000000000216,,,,,,,,,26.303424828919827,2.4307589999999664,100,2.0,1.4188834947668585,1.665398014356643,,,-0.04857114659965589,0.04630809948348258,11.829435561398805,,,0,1.4095589999999447,-0.9848077530122081,0.17364817766692997,,
8,11,Walk,Head,Click,8,3,1.0944619999999077,,,,,,,,,22.34665435127997,2.910199999999918,0,6.0,3.304441499819889,1.5400723835863663,,,-5.391243150857036,-0.7982360546057237,22.732524919740914,,,100,1.8157380000000103,-0.6427876096865396,0.7660444431189778,,
0,11,Walk,Head,Click,0,4,0.4417999999999438,,,,,,,,,9.749912801625788,0.9773579999999811,100,1.0,1.8672113944706836,1.830062107585186,,,-0.06806426196990856,0.8309983060520238,9.220242116383352,,,0,0.5355580000000373,0.0,1.0,,
1,11,Walk,Head,Click,1,4,0.6124599999999418,,,,,,,,,10.870128880034175,1.1322349999999233,100,1.0,1.9239093838680885,2.1203269012954338,,,-0.7775164447596968,0.052853382186327735,15.011174125143592,,,0,0.5197749999999814,0.6427876096865393,0.766044443118978,,
2,11,Walk,Head,Click,2,4,0.6639409999999089,,,,,,,,,16.276319828910996,1.346008999999981,100,2.0,2.932258953652405,1.923749414352497,,,-1.442935220363598,-0.25600247657590103,3.7525361766437477,,,0,0.6820680000000721,0.984807753012208,0.17364817766693041,,
3,11,Walk,Head,Click,3,4,0.8462590000000318,,,,,,,,,6.875801119003995,1.6803590000000668,100,3.0,3.596691044239149,1.9726789482481524,,,1.2980340161956434,-2.310106759183199,5.895992277395508,,,0,0.8341000000000349,0.8660254037844387,-0.49999999999999983,,
4,11,Walk,Head,Click,4,4,0.9981000000000222,,,,,,,,,9.874369967091315,1.428600000000074,100,1.0,2.3228803716605797,3.372737015020711,,,-1.92980531101,-0.11956341455329778,8.792149017007299,,,0,0.43050000000005184,0.3420201433256689,-0.9396926207859083,,
5,11,Walk,Head,Click,5,4,0.8969999999999345,,,,,,,,,24.274926503984595,1.1634689999999637,0,1.0,3.7527817494713855,4.3825263203315155,,,3.7222821983310723,2.499592212352894,30.464194768897297,,,100,0.26646900000002915,-0.34202014332566866,-0.9396926207859084,,
6,11,Walk,Head,Click,6,4,0.7274390000000039,,,,,,,,,8.532472317775609,1.2450390000000198,100,1.0,1.9319938176197244,2.3937072472602874,,,1.2235927538544864,-0.3728252855668188,8.930551124157988,,,0,0.5176000000000158,-0.8660254037844384,-0.5000000000000004,,
7,11,Walk,Head,Click,7,4,0.6474999999999227,,,,,,,,,12.84823729248767,1.4776999999999134,100,2.0,2.409058058299232,1.712707760426514,,,2.586731358222103,0.6997867952754717,7.415669995553331,,,0,0.8301999999999907,-0.9848077530122081,0.17364817766692997,,
8,11,Walk,Head,Click,8,4,1.4131999999999607,,,,,,,,,20.027656589354415,1.710399999999936,100,1.0,3.3647375504713435,5.517665720556869,,,1.227797554157263,0.3211405010362114,15.24965899804277,,,0,0.29719999999997526,-0.6427876096865396,0.7660444431189778,,
0,11,Walk,Head,Dwell,0,1,0.448395000000005,2.7384819394139193,,,5.770917,-1.1725245716833095,0.14275194823613965,2.6330847272077604,1.3004223325465385,15.696773559118315,4.981169999999963,0,11.0,2.4267694734462006,1.0707543974136065,,,,,,,,100,4.532774999999958,0.0,1.0,6.438694026098831,2.7435966133292164
1,11,Walk,Head,Dwell,1,1,0.7666929999999752,1.8957227650857145,,,3.91286516,1.594486995228872,-0.15635110247904785,1.0644366886313805,0.9525516708024845,10.045569422013576,2.266998000000001,100,2.0,1.3330622773369185,1.521354308767855,1.2919980000000009,,,,,,,0,1.5003050000000258,0.6427876096865393,0.766044443118978,3.723360372491633,2.061454444084017
2,11,Walk,Head,Dwell,2,1,0.9354559999999879,1.784324198635246,,,3.76831961,-0.11404738363089804,0.133488931690735,1.969062830741649,0.7267064449068116,16.90008954601625,4.983214999999973,0,7.0,1.7293519698183677,1.2441465357977388,,,,,,,,100,4.047758999999985,0.984807753012208,0.17364817766693041,4.052173045114196,1.5869018215043582
3,11,Walk,Head,Dwell,3,1,0.6659239999999613,2.831800275080769,,,5.01418924,1.3079814199238697,0.8560578890394804,2.656374359868523,0.7199613978491664,16.787457947890015,4.9836669999999685,0,11.0,2.5476273136219505,1.1634605486548624,,,,,,,,100,4.317743000000007,0.8660254037844387,-0.49999999999999983,6.620730139660916,2.2959806847378132
4,11,Walk,Head,Dwell,4,1,1.4796139999999696,2.4745955413207548,,,4.89120626,0.0752951160074114,0.4626880907180844,2.546508881419639,1.1348168466040347,19.174770091548403,4.999054000000001,0,10.0,2.841361125633598,1.4514000597008494,,,,,,,,100,3.5194400000000314,0.3420201433256689,-0.9396926207859083,5.168312878846689,2.732321783926154
5,11,Walk,Head,Dwell,5,1,0.8517000000000507,3.6603052022399996,,,9.835013,-1.0245343919335306,0.9333459140935602,4.345375590365375,0.9148264263347905,18.69411826201413,5.001500000000021,0,7.0,1.6868282808810182,1.1547982197512925,,,,,,,,100,4.149799999999971,-0.34202014332566866,-0.9396926207859084,9.71528557266428,2.762998766763141
6,11,Walk,Head,Dwell,6,1,0.5853539999999953,2.7190505322641507,,,5.034622,0.06784263799753887,0.5412238701300187,2.9235701611866007,0.7227125436420695,17.34679591377893,4.984375,0,10.0,2.2732330670846967,1.1072709197758286,,,,,,,,100,4.399021000000005,-0.8660254037844384,-0.5000000000000004,5.9149829603707405,1.9866489574141577
7,11,Walk,Head,Dwell,7,1,0.6654049999999643,2.9415435896178863,,,7.2793107,-1.2090914453634596,0.18562046493269435,3.060514883627304,1.4476696329326961,15.710971829165189,2.6976319999999987,100,3.0,1.4762130411612233,1.3610555772418182,1.7226319999999986,,,,,,,0,2.0322270000000344,-0.9848077530122081,0.17364817766692997,7.330121212618068,3.0809597307980865
8,11,Walk,Head,Dwell,8,1,1.267516999999998,2.3764507283022223,,,8.696194,0.8301328967328039,-0.21685855916402785,2.542065036638667,1.2219923336165572,14.620000747590135,5.001263999999992,0,8.0,2.1426197329385235,1.2533309627783853,,,,,,,,100,3.733746999999994,-0.6427876096865396,0.7660444431189778,5.914262970010137,2.660843226397142
0,11,Walk,Head,Dwell,0,2,0.7980349999999703,2.488262013907489,,,5.48187065,0.7846161253180515,0.1510696926451638,3.112184839899944,0.6528505770893864,16.39964559431255,4.568952999999965,100,4.0,1.0607496636097644,1.1295219993427044,3.593952999999965,,,,,,,0,3.7709179999999947,0.0,1.0,7.0089858051179394,1.4567708468239366
1,11,Walk,Head,Dwell,1,2,0.683166999999969,3.2387247426751054,,,7.921271,0.463610425620752,0.12185949993271257,3.8774529325983127,1.1873331458358265,19.86026998997117,4.617096000000004,100,7.0,1.7793915446872424,1.1745976266174851,3.6420960000000036,,,,,,,0,3.9339290000000346,0.6427876096865393,0.766044443118978,8.218516290817377,2.4965257916043657
2,11,Walk,Head,Dwell,2,2,1.0324170000000095,3.0059908467403846,,,3.93830585,1.4949019119805906,-0.3833803609265385,3.5396886225858464,0.9841301115225559,19.501089876639323,4.485878000000014,100,6.0,1.7373875077784264,1.2549229377433162,3.5108780000000137,,,,,,,0,3.4534610000000043,0.984807753012208,0.17364817766693041,8.574279157152283,2.3516405839716503
3,11,Walk,Head,Dwell,3,2,0.7686160000000086,2.8337337327913388,,,6.690261,1.476570116897773,0.17805144033435838,2.871310938755103,1.1022960509679347,19.237936996552335,4.985969000000011,0,10.0,2.3711555565777855,1.1929114593861618,,,,,,,,100,4.217353000000003,0.8660254037844387,-0.49999999999999983,7.2191919944079785,2.3826435422702277
4,11,Walk,Head,Dwell,4,2,0.8169449999999756,2.6931734241641787,,,7.030567,0.6666980387440422,0.23057479650264034,2.7410872125957604,1.5213544831850176,15.68169667151613,4.150838000000022,100,8.0,2.3995971076455933,1.2698649723757014,3.1758380000000215,,,,,,,0,3.333893000000046,0.3420201433256689,-0.9396926207859083,6.148872463935563,3.2732837628726754
5,11,Walk,Head,Dwell,5,2,0.5983889999999974,2.1022481426144233,,,3.6449706600000003,0.7664685284968049,0.2029689662061798,1.9978614920082898,1.1545435904441101,14.799032636799783,4.046752999999967,100,6.0,1.739955526736752,1.1272567048623152,3.071752999999967,,,,,,,0,3.4483639999999696,-0.34202014332566866,-0.9396926207859084,4.762191512513384,2.5120561470944
6,11,Walk,Head,Dwell,6,2,1.0177310000000261,3.1003714073625,,,5.873963,-1.8620618497166643,0.4462124635034305,2.5297922497032386,1.3053181939150673,17.701865900805423,5.002661999999987,0,7.0,1.7566176177203745,1.2086411163357091,,,,,,,,100,3.9849309999999605,-0.8660254037844384,-0.5000000000000004,6.921646349123142,3.056848851333565
7,11,Walk,Head,Dwell,7,2,0.7490000000000236,2.6593477516980393,,,6.069666,-0.6609160844324551,0.21812756264690522,2.6921496918714083,1.3739237404572266,19.261285898575117,4.980828000000031,0,6.0,1.417827000530265,1.1860906836685168,,,,,,,,100,4.231828000000007,-0.9848077530122081,0.17364817766692997,6.045215468175272,2.9659750435613583
8,11,Walk,Head,Dwell,8,2,0.6152819999999792,2.8724803864621213,,,7.298046,-0.77572818686033,0.0019928089691179903,3.0934516259803924,1.1010049940196567,17.15484656488211,4.997799999999984,0,7.0,1.5972552765328043,1.185965260624254,,,,,,,,100,4.382518000000005,-0.6427876096865396,0.7660444431189778,6.962631438821115,2.2040027970084313
0,11,Walk,Head,Dwell,0,3,0.39550800000000663,2.3022847412490974,,,4.13289642,0.046841220162655496,0.285660367088587,2.4848040694648867,1.0311266451732588,15.141760694740697,4.994337999999971,0,8.0,1.739572891365861,1.1402169687782824,,,,,,,,100,4.598829999999964,0.0,1.0,5.016449359092429,2.3479136574351047
1,11,Walk,Head,Dwell,1,3,1.1326910000000225,2.492741241607759,,,8.035436,0.25222884921681815,-0.07455018604986048,2.8735349647265704,0.926486116581362,17.715480588194733,4.984192000000007,0,8.0,2.0771122738901098,1.3521682821707093,,,,,,,,100,3.8515009999999847,0.6427876096865393,0.766044443118978,5.999298778669959,1.9275224192125846
2,11,Walk,Head,Dwell,2,3,0.7814520000000016,3.479841827079052,,,5.38434172,2.292010298990112,0.1140112914495241,3.612481135492181,0.9398378436271804,19.96966996808331,4.984850999999992,0,11.0,2.616929775165295,1.1212159829658708,,,,,,,,100,4.20339899999999,0.984807753012208,0.17364817766693041,9.516972569974474,1.993686978703885
3,11,Walk,Head,Dwell,3,3,0.7160650000000146,3.214487531463035,,,7.749245,0.7160488760680299,0.23833890100595287,3.7994464252111095,1.134861858006146,20.648926553818505,4.9872139999999945,0,8.0,1.8730322917791062,1.1577381839880263,,,,,,,,100,4.27114899999998,0.8660254037844387,-0.49999999999999983,8.314941726490249,2.5080626170182447
4,11,Walk,Head,Dwell,4,3,0.9169920000000502,3.829861726424489,,,8.809059,1.7140523816076003,1.24130582364045,3.7636491190660033,1.5105867487490308,20.43569784505724,4.986944000000051,0,8.0,1.9656251474218858,1.3206012457928553,,,,,,,,100,4.069952000000001,0.3420201433256689,-0.9396926207859083,9.241350619739606,4.262479321138511
5,11,Walk,Head,Dwell,5,3,0.7181390000000079,2.5585911941162793,,,3.43678236,0.31046497805959355,0.9129267545247942,2.824531067075793,0.999864568393767,17.126881965873743,4.999169999999992,0,9.0,2.102297320435202,1.1993723896410209,,,,,,,,100,4.2810309999999845,-0.34202014332566866,-0.9396926207859084,5.9595271122111795,2.9126558913123284
6,11,Walk,Head,Dwell,6,3,0.6988999999999805,2.882398128972973,,,8.04818,0.21595370522018556,0.6915996500598885,3.2362233315169684,0.9328290652067238,17.89841234370365,4.997578999999973,0,8.0,1.861036844109554,1.1450940877154496,,,,,,,,100,4.298678999999993,-0.8660254037844384,-0.5000000000000004,6.688400368254122,2.557257780473336
7,11,Walk,Head,Dwell,7,3,1.4078000000000088,2.66465217,,,3.07835245,-1.4347440963246465,0.3447989441930555,2.319885485782279,1.2933662345146602,15.225212598650884,4.997500000000002,0,8.0,2.228598490124527,1.3642465893922744,,,,,,,,100,3.5896999999999935,-0.9848077530122081,0.17364817766692997,6.074515067889204,2.931531413222376
8,11,Walk,Head,Dwell,8,3,0.6670540000000074,3.314456480038314,,,7.743265,0.9836922019069844,-0.032733720705453835,3.6956374545422452,1.0721640495472595,19.070811324027517,4.9976199999999835,0,8.0,1.8473335817997103,1.1839837299528297,,,,,,,,100,4.330565999999976,-0.6427876096865396,0.7660444431189778,8.374967110991475,2.177061819799973
0,11,Walk,Head,Dwell,0,4,0.7344050000000379,3.341374137276264,,,8.745162,1.507768339951328,0.14827476646905718,3.284483064566536,1.6182742699674555,18.016941271469324,4.998016000000007,0,6.0,1.4072578384848065,1.1313991877500513,,,,,,,,100,4.263610999999969,0.0,1.0,8.0767344690844,3.3848233064039683
1,11,Walk,Head,Dwell,1,4,0.9689550000000509,3.594728978851852,,,7.752866,0.7021760552729462,-0.10603091846112024,4.073683467520748,0.8165463643700075,19.992774570712147,5.003256999999962,0,6.0,1.4872461208903378,1.2072290668996404,,,,,,,,100,4.0343019999999115,0.6427876096865393,0.766044443118978,8.849542990314443,1.7391236472011353
2,11,Walk,Head,Dwell,2,4,1.2331369999999424,2.7609758311548673,,,5.33751726,0.9739599115863528,0.4217340803697832,2.913139988545608,0.6362842624849291,17.669189692500233,4.9830369999999675,0,9.0,2.400064001706696,1.2316613222199728,,,,,,,,100,3.749900000000025,0.984807753012208,0.17364817766693041,6.800239888677569,1.6943026053396415
3,11,Walk,Head,Dwell,3,4,0.49795999999997775,1.8714374058376384,,,4.410954,0.5342062917746027,0.21429802203372192,1.7233023109218664,1.0138663107680863,12.834205810988177,5.0,0,5.0,1.110607635649611,1.1081047994101436,,,,,,,,100,4.502040000000022,0.8660254037844387,-0.49999999999999983,3.9808109136183356,2.2420306435698945
4,11,Walk,Head,Dwell,4,4,1.2169799999999782,2.8204699209692987,,,5.8729615200000005,1.4501052820755587,0.9996821055880625,2.467404489558501,1.0539622674635105,16.29659303856612,5.000609999999995,0,7.0,1.8500751923417378,1.3403145420714953,,,,,,,,100,3.7836300000000165,0.3420201433256689,-0.9396926207859083,6.384914261192561,3.1076066405150833
5,11,Walk,Head,Dwell,5,4,0.717200000000048,2.9433566237782105,,,5.865715,0.5423630686258142,1.1574747246700585,2.833457583336417,1.0893848193069597,17.681673297147952,4.98904600000003,0,12.0,2.8090900280581392,1.1238645350245755,,,,,,,,100,4.271845999999982,-0.34202014332566866,-0.9396926207859084,6.209278235298648,3.3362443632839778
6,11,Walk,Head,Dwell,6,4,0.6650999999999385,3.1091694799307694,,,6.25507641,-1.1541418910024457,0.9411320812768933,3.059046207975369,0.8505055396586156,19.864136430528422,4.984353999999939,0,10.0,2.315214618079881,1.0976707411730984,,,,,,,,100,4.319254000000001,-0.8660254037844384,-0.5000000000000004,7.272234306953184,2.6421431605941246
7,11,Walk,Head,Dwell,7,4,0.6527470000000335,2.7532244543103452,,,6.26900959,0.1328184556344306,0.582727954017397,3.1050521069554335,0.7994380047645506,18.396386492039316,4.982399999999984,0,9.0,2.0786885230756607,1.1062023519203847,,,,,,,,100,4.329652999999951,-0.9848077530122081,0.17364817766692997,6.342922669545298,2.181603963546498
8,11,Walk,Head,Dwell,8,4,0.6799579999999992,1.999609838898551,,,4.12644672,-0.25166484782605275,0.31299503333092865,1.7724981956475754,1.2615395152220819,15.133919622792252,2.965301000000011,100,4.0,1.7502843118078903,1.2445060173475087,1.9903010000000108,,,,,,,0,2.2853430000000117,-0.6427876096865396,0.7660444431189778,3.7966612391212036,2.8360740637750923
0,11,Walk,Eye,Click,0,1,0.6680900000000065,,,,,,,,,11.777708363342304,1.3477409999999281,100,1.0,1.4713433806470015,1.951229962828641,,,1.1180405870592836,-0.8250017631731055,17.818631487973146,,,0,0.6796509999999216,0.0,1.0,,
1,11,Walk,Eye,Click,1,1,1.1821899999999914,,,,,,,,,27.014359465591184,1.6477560000000722,0,1.0,2.1479231730835724,3.1734301684216293,,,-5.67494586177164,-0.008681621477549584,36.57473168554298,,,100,0.46556600000008075,0.6427876096865393,0.766044443118978,,
2,11,Walk,Eye,Click,2,1,0.3483999999999696,,,,,,,,,47.134512506702606,1.4998659999999973,100,8.0,6.947664976646994,1.1748913504892626,,,2.6656880938754073,0.13157555920399489,14.659731836834771,,,0,1.1514660000000276,0.984807753012208,0.17364817766693041,,
3,11,Walk,Eye,Click,3,1,0.3969000000000733,,,,,,,,,23.148979092676665,1.1784999999999854,0,4.0,5.117707267144895,1.5992042581040267,,,5.557062096543447,0.5694402617711773,11.090119451000094,,,100,0.7815999999999121,0.8660254037844387,-0.49999999999999983,,
4,11,Walk,Eye,Click,4,1,0.46483500000010736,,,,,,,,,27.001100137849686,1.9133000000000493,0,4.0,2.7615441173933513,1.358353179366157,,,-3.7772491161429187,3.007730797157464,33.0200936925448,,,100,1.448464999999942,0.3420201433256689,-0.9396926207859083,,
5,11,Walk,Eye,Click,5,1,1.01400000000001,,,,,,,,,10.50167273467162,1.6303000000000338,100,2.0,3.245172805451765,2.368219472341511,,,-1.98041946164863,0.5129191282311467,8.409571527742383,,,0,0.6163000000000238,-0.34202014332566866,-0.9396926207859084,,
6,11,Walk,Eye,Click,6,1,0.6961000000000013,,,,,,,,,16.908638234621595,1.5272000000001071,100,3.0,3.6096739261215474,1.8765157709182487,,,-2.4978731050976997,0.7624242999504673,6.379242143044256,,,0,0.8311000000001059,-0.8660254037844384,-0.5000000000000004,,
7,11,Walk,Eye,Click,7,1,0.7013999999999214,,,,,,,,,11.93036931217824,1.3326619999999139,100,2.0,3.1682566034388637,2.1114814613439736,,,-1.6823443490781784,0.3452391932302561,7.4169151839079355,,,0,0.6312619999999924,-0.9848077530122081,0.17364817766692997,,
8,11,Walk,Eye,Click,8,1,0.7333670000000438,,,,,,,,,10.565019146014267,1.2800590000000511,100,1.0,1.8291835256414704,2.3320356990147753,,,-0.8890053405936982,1.436989432635599,10.144743735659647,,,0,0.5466920000000073,-0.6427876096865396,0.7660444431189778,,
0,11,Walk,Eye,Click,0,2,0.46396099999992657,,,,,,,,,15.96789486405679,1.2450999999999794,100,4.0,5.120727552970379,1.5057865624788445,,,-2.526457134363909,1.08489695485828,15.18946783193247,,,0,0.7811390000000529,0.0,1.0,,
1,11,Walk,Eye,Click,1,2,0.6978000000000293,,,,,,,,,11.662480904255869,1.4459390000000667,100,1.0,1.3366500075520058,1.9658258452681194,,,0.19001758606381713,1.0064252026389653,11.760382021442217,,,0,0.7481390000000374,0.6427876096865393,0.766044443118978,,
2,11,Walk,Eye,Click,2,2,0.8311999999999671,,,,,,,,,21.775555062655588,1.4994550000000118,100,5.0,7.482173721108957,2.1524474897493415,,,1.5319688714470487,1.3230324009985992,15.317549496113074,,,0,0.6682550000000447,0.984807753012208,0.17364817766693041,,
3,11,Walk,Eye,Click,3,2,0.6628000000000611,,,,,,,,,15.922276997821998,1.4642000000000053,0,3.0,3.743448964312714,1.8523451400128126,,,3.6839096143181393,1.3927097375082127,7.493058224877881,,,100,0.8013999999999442,0.8660254037844387,-0.49999999999999983,,
4,11,Walk,Eye,Click,4,2,0.6297000000000708,,,,,,,,,25.091098231199982,1.213196000000039,100,5.0,8.569039033687073,2.042144344933321,,,-0.8615677931089749,2.2877079758314522,21.890510214272066,,,0,0.5834959999999683,0.3420201433256689,-0.9396926207859083,,
5,11,Walk,Eye,Click,5,2,0.6307380000000649,,,,,,,,,21.26519230271536,1.6787719999999808,100,6.0,5.7250051047966775,1.6001344326067606,,,-2.219365917222305,2.1438924723245947,7.578377588783731,,,0,1.048033999999916,-0.34202014332566866,-0.9396926207859084,,
6,11,Walk,Eye,Click,6,2,0.747600000000034,,,,,,,,,14.900313867821911,1.5621519999999691,100,2.0,2.4553374124674168,1.9920042285704895,,,1.1187173296515027,-0.441883013561025,8.184232278360762,,,0,0.8145519999999351,-0.8660254037844384,-0.5000000000000004,,
7,11,Walk,Eye,Click,7,2,1.1115329999998949,,,,,,,,,20.505283273803435,1.4295999999999367,100,2.0,6.287983349419264,4.336280121495309,,,2.7542253905856455,-0.23022582746907005,17.759048002623263,,,0,0.31806700000004184,-0.9848077530122081,0.17364817766692997,,
8,11,Walk,Eye,Click,8,2,1.2351579999999558,,,,,,,,,17.579220418393028,1.5488579999999956,100,1.0,3.1877590054187857,4.456127141678696,,,0.19129052177383699,0.08679963116081524,14.656660099261154,,,0,0.31370000000003984,-0.6427876096865396,0.7660444431189778,,
0,11,Walk,Eye,Click,0,3,0.7124999999999773,,,,,,,,,15.948040138695927,1.3465999999999667,0,2.0,3.154076644062503,2.1047313710755184,,,3.272805589943049,0.9331790823180199,13.92938598314015,,,100,0.6340999999999894,0.0,1.0,,
1,11,Walk,Eye,Click,1,3,1.0309319999998934,,,,,,,,,15.940568053225574,1.7480339999999615,100,1.0,1.394501758466585,2.1449947058279175,,,0.5849473613698919,-0.36629890402858223,10.041529333096026,,,0,0.7171020000000681,0.6427876096865393,0.766044443118978,,
2,11,Walk,Eye,Click,2,3,0.5805380000000468,,,,,,,,,20.88330808966413,1.4605999999999995,100,2.0,2.2725671600411195,1.7622221317329536,,,0.7206633863512764,-1.1751207029927428,6.266765636850178,,,0,0.8800619999999526,0.984807753012208,0.17364817766693041,,
3,11,Walk,Eye,Click,3,3,0.5273509999999533,,,,,,,,,27.65990666329213,1.3620999999999412,100,2.0,2.395929794465197,1.5728804698688363,,,1.2833013874573744,0.5343230590261072,24.903311982587507,,,0,0.834748999999988,0.8660254037844387,-0.49999999999999983,,
4,11,Walk,Eye,Click,4,3,0.4294509999999718,,,,,,,,,22.83534944847275,1.3840000000000146,100,3.0,3.142845469430973,1.4698005803630896,,,-0.7471628455543273,0.6100724268161883,11.683143610377337,,,0,0.9545490000000427,0.3420201433256689,-0.9396926207859083,,
5,11,Walk,Eye,Click,5,3,0.7302480000000742,,,,,,,,,18.710678632023725,1.6446000000000822,100,2.0,2.187341417747194,1.8195991467309005,,,-2.7911696268500474,0.7537526401627019,15.642647894406082,,,0,0.914352000000008,-0.34202014332566866,-0.9396926207859084,,
6,11,Walk,Eye,Click,6,3,0.712500000000091,,,,,,,,,17.301470859067216,1.3797000000000708,0,4.0,5.995203836930637,2.0203286779718486,,,-2.7938590170309396,-0.0613220527234688,13.136943942210273,,,100,0.6671999999999798,-0.8660254037844384,-0.5000000000000004,,
7,11,Walk,Eye,Click,7,3,0.4473000000000411,,,,,,,,,18.363496502367383,1.5972520000000259,100,5.0,4.348007569011633,1.3378098289881726,,,0.7004070421156996,0.932794402651723,8.929110868365704,,,0,1.1499519999999848,-0.9848077530122081,0.17364817766692997,,
8,11,Walk,Eye,Click,8,3,0.5596920000000409,,,,,,,,,17.76047747703933,1.4796140000000833,0,1.0,1.0870486845623368,1.5566799006187573,,,-3.4413977611154536,0.4918914216223982,12.97902520379733,,,100,0.9199220000000423,-0.6427876096865396,0.7660444431189778,,
0,11,Walk,Eye,Click,0,4,0.5801999999999907,,,,,,,,,19.798576034797254,1.2767000000000053,0,2.0,2.871500358937485,1.6621754084647662,,,-3.154039425497018,-0.39878898593437384,14.002827583275007,,,100,0.6965000000000146,0.0,1.0,,
1,11,Walk,Eye,Click,1,4,0.7169400000000223,,,,,,,,,11.843677689141934,1.5813000000000557,100,2.0,2.313850710352079,1.7552603116129328,,,-1.2113535517717366,1.2348760170961697,8.326584989088984,,,0,0.8643600000000333,0.6427876096865393,0.766044443118978,,
2,11,Walk,Eye,Click,2,4,0.6186619999999721,,,,,,,,,13.04377697374466,1.5498619999999619,100,1.0,1.0738831615120392,1.5983646148157915,,,-0.7184455645393797,-0.8135369161970232,12.484405474193958,,,0,0.9311999999999898,0.984807753012208,0.17364817766693041,,
3,11,Walk,Eye,Click,3,4,0.6616640000000871,,,,,,,,,27.265017752670865,1.598600000000033,100,2.0,2.134617519233027,1.403749304349879,,,0.0459931920951675,1.6733900137956539,13.851627879533716,,,0,0.936935999999946,0.8660254037844387,-0.49999999999999983,,
4,11,Walk,Eye,Click,4,4,0.5806880000000092,,,,,,,,,16.86422071921679,1.6315319999999929,100,3.0,2.8548481030486417,1.4201169935349114,,,-0.7133088681269442,0.4423755955572233,9.795965954173193,,,0,1.0508439999999837,0.3420201433256689,-0.9396926207859083,,
5,11,Walk,Eye,Click,5,4,0.565900000000056,,,,,,,,,18.21474460069668,1.5995639999999867,100,6.0,5.804594142777926,1.5962073735382167,,,0.03650217474185524,2.6833674713989524,9.74409258327599,,,0,1.0336639999999306,-0.34202014332566866,-0.9396926207859084,,
6,11,Walk,Eye,Click,6,4,1.1359999999999673,,,,,,,,,21.295923440875892,1.697467999999958,100,2.0,3.562090804818855,2.727103568849722,,,-2.7737556942854837,0.17224553334830262,17.916277878668975,,,0,0.5614679999999908,-0.8660254037844384,-0.5000000000000004,,
7,11,Walk,Eye,Click,7,4,0.8461919999999736,,,,,,,,,26.416245221931128,1.676435999999967,100,3.0,3.6133955800945556,1.939260600772449,,,1.1337695261078693,1.4605288277071082,10.449517073634478,,,0,0.8302439999999933,-0.9848077530122081,0.17364817766692997,,
8,11,Walk,Eye,Click,8,4,0.7651540000000523,,,,,,,,,14.79233074180922,1.4147540000000163,100,2.0,3.0788177339903187,2.0405260713245963,,,-1.2791869020987008,0.13467302977365136,11.190110895810493,,,0,0.649599999999964,-0.6427876096865396,0.7660444431189778,,
0,11,Walk,Eye,Dwell,0,1,0.44830400000000736,1.7304592743092109,,,4.04767275,0.9444206421937835,-0.9100327274146807,1.200296838992352,1.0176352569212468,17.563716850275515,2.966604000000004,100,4.0,1.5883731088432695,1.0825594108891055,1.9916040000000037,,,,,,,0,2.5182999999999964,0.0,1.0,3.3450143201784877,2.9453032412571742
1,11,Walk,Eye,Dwell,1,1,0.6755380000000031,1.67347903965,,,4.114517,-0.34691646674187454,-0.2649272468424878,1.7738756121238815,0.7274556380957966,13.19261612046123,2.6637350000000026,100,2.0,1.0059365344581048,1.3135891690597539,1.6887350000000025,,,,,,,0,1.9881969999999995,0.6427876096865393,0.766044443118978,3.8946676909896376,1.7198385230340811
2,11,Walk,Eye,Dwell,2,1,0.5990979999999979,2.0671396677857143,,,3.326431,0.24067632373366812,0.7180431537962358,2.159889452393074,0.911851936854187,17.809383582934224,4.788184999999999,100,10.0,2.3871550053746793,1.0865764949261867,3.8131849999999985,,,,,,,0,4.189087000000001,0.984807753012208,0.17364817766693041,4.560455228519816,2.5417470275046097
3,11,Walk,Eye,Dwell,3,1,0.7521761999999939,2.424827975300885,,,5.491193,0.18504017677843332,0.17313219142498792,2.8499821502826093,1.315551980877558,21.395253784596324,4.50061199999999,100,9.0,2.4010015057480802,1.0927205242137803,3.5256119999999895,,,,,,,0,3.7484357999999958,0.8660254037844387,-0.49999999999999983,5.885004477343652,2.8042361531801037
4,11,Walk,Eye,Dwell,4,1,0.6982643999999993,2.7851323656023164,,,5.48676634,0.4380934500721207,-0.026292196169701517,2.983251730028682,1.3559760913324561,26.396008061715406,5.00175999999999,0,13.0,3.020800114214135,1.142710778701753,,,,,,,,100,4.303495599999991,0.3420201433256689,-0.9396926207859083,6.404596910129484,2.738244378834614
5,11,Walk,Eye,Dwell,5,1,0.6659819999999996,1.9649757386717557,,,6.621195,-0.10625518523340154,0.2969090446840739,2.222524288874309,1.1001446876519638,20.85617975053241,2.8358960000000053,100,4.0,1.843391028400199,1.2215717122398908,1.8608960000000052,,,,,,,0,2.1699140000000057,-0.34202014332566866,-0.9396926207859084,4.55130376298202,2.4971984199880017
6,11,Walk,Eye,Dwell,6,1,0.5674139999999994,2.13652788624031,,,6.35317,-0.7068325725009823,0.5163342023704641,2.4169818600337742,0.7594381476064802,18.295367318184027,2.704887999999997,100,3.0,1.4035258440570522,1.2377995999815248,1.7298879999999968,,,,,,,0,2.1374739999999974,-0.8660254037844384,-0.5000000000000004,5.540796292568531,2.0352104975834244
7,11,Walk,Eye,Dwell,7,1,0.6621010000000069,2.1345710367191786,,,3.32495928,-1.1835969285517296,0.9128089214042324,1.5603107543842794,1.1562083780719596,12.896000743460094,3.080871000000002,100,3.0,1.2402998218102614,1.2281907247679353,2.105871000000002,,,,,,,0,2.418769999999995,-0.9848077530122081,0.17364817766692997,4.304218437320288,3.225225677548152
8,11,Walk,Eye,Dwell,8,1,0.9643300000000039,2.7518716641818175,,,6.40759468,-0.5358270331175371,-0.9021765505620583,2.9571585080836336,1.0465832243985733,22.881508707401565,4.983884199999991,0,10.0,2.487838079158139,1.1129211461970694,,,,,,,,100,4.0195541999999875,-0.6427876096865396,0.7660444431189778,6.450144049284805,2.995342999359205
0,11,Walk,Eye,Dwell,0,2,0.5822370000000063,2.119682889215849,,,3.83941031,0.41616960688173055,-0.8185016896199004,2.047535469387104,0.8571064158947406,14.619100247078112,4.984856000000008,0,7.0,1.5899627017463918,1.0582843616628996,,,,,,,,100,4.402619000000001,0.0,1.0,4.511240545655939,2.532714521409382
1,11,Walk,Eye,Dwell,1,2,0.8847199999999873,2.5900875261983805,,,4.67294455,0.39815042285889374,1.3172423341185449,2.368282052249624,1.090926467186988,19.199029431054022,4.984584000000012,0,10.0,2.4391052971513054,1.1504099334956124,,,,,,,,100,4.099864000000025,0.6427876096865393,0.766044443118978,5.134714527358142,3.499095268492521
2,11,Walk,Eye,Dwell,2,2,0.6844789999999819,2.2105950175846156,,,6.482014,0.18269432179561979,0.9140391834363548,2.2009430322877988,0.8482436130449788,18.51311024450442,5.000304999999997,0,10.0,2.3170535605466864,1.1524853177449494,,,,,,,,100,4.3158260000000155,0.984807753012208,0.17364817766693041,4.584580386371218,2.6105264095263125
3,11,Walk,Eye,Dwell,3,2,0.8531399999999962,2.594011045932,,,3.48880029,0.28238682742746213,0.6264501818948371,2.620449758003718,1.2209837733116848,19.50663793295258,4.997519000000011,0,13.0,3.1367787550318043,1.1801368655168447,,,,,,,,100,4.144379000000015,0.8660254037844387,-0.49999999999999983,5.523286343434898,3.068417728518207
4,11,Walk,Eye,Dwell,4,2,0.8835610000000145,3.1143068464516133,,,5.406424,0.9897928128484657,1.195896672999155,2.797735288509373,1.4642103204637507,22.485949597335402,4.998809000000023,0,11.0,2.672985929402062,1.2024995407380437,,,,,,,,100,4.115248000000008,0.3420201433256689,-0.9396926207859083,6.585263389867212,4.124317313926657
5,11,Walk,Eye,Dwell,5,2,0.884570999999994,2.950266912178138,,,6.93460464,0.44999404251962777,1.4152152751336238,2.5253005459002824,1.8501225443538223,18.338819440561764,4.986449999999991,0,13.0,3.169279249826728,1.203753046464497,,,,,,,,100,4.101878999999997,-0.34202014332566866,-0.9396926207859084,5.500595134320193,5.115460363841269
6,11,Walk,Eye,Dwell,6,2,0.7012780000000021,2.8540791967760617,,,4.916933,-1.1876887985239373,1.0233074723404847,2.615190461820189,1.144405469519196,20.907209042874953,4.999404999999996,0,7.0,1.628616371735877,1.1420750923201077,,,,,,,,100,4.298126999999994,-0.8660254037844384,-0.5000000000000004,6.418069722164315,3.3121184113788766
7,11,Walk,Eye,Dwell,7,2,0.851965000000007,2.1006887156658633,,,4.07208,-0.49652194425473223,0.5076072931295585,2.115712186062565,0.9156192231954925,18.53626728063774,4.984314000000012,0,10.0,2.419931133599797,1.2000169513782855,,,,,,,,100,4.132349000000005,-0.9848077530122081,0.17364817766692997,4.727946316379863,2.3388457395205435
8,11,Walk,Eye,Dwell,8,2,0.8000639999999919,2.7074632224938275,,,6.953333,-1.0874572815624015,0.2180114078177302,3.0643262638172053,1.131599543750127,20.34227748117864,3.4873959999999897,100,4.0,1.488465139402204,1.1732866134445474,2.5123959999999896,,,,,,,0,2.687331999999998,-0.6427876096865396,0.7660444431189778,7.216109809196812,2.481210495317984
0,11,Walk,Eye,Dwell,0,3,0.5303949999999986,1.7997346740365856,,,3.7886858,-0.6524339275514628,-0.2661640717823193,1.5731127117821522,1.1478055668508165,13.30215706777175,3.244720000000001,100,4.0,1.4736628811951393,1.2131828313367785,2.269720000000001,,,,,,,0,2.7143250000000023,0.0,1.0,3.7986593511157674,2.5617752054839524
1,11,Walk,Eye,Dwell,1,3,0.8143159999999909,2.8943187803984065,,,11.2061615,-1.6700708829679434,0.4866217150336646,2.97950680169119,1.2220705349697873,22.234020970215692,4.982422000000014,0,8.0,1.9193369842321564,1.1430307980902237,,,,,,,,100,4.168106000000023,0.6427876096865393,0.766044443118978,7.629084486350323,2.9307627849732394
2,11,Walk,Eye,Dwell,2,3,0.7154999999999916,2.2944209967403104,,,4.49771166,0.4104302110259802,0.7311863790115022,2.184574673912776,1.0845589936755056,17.69923669429066,4.998306999999983,0,9.0,2.1014255370368122,1.073383196835021,,,,,,,,100,4.282806999999991,0.984807753012208,0.17364817766693041,4.779579558851532,2.9003043663625134
3,11,Walk,Eye,Dwell,3,3,0.6678929999999923,2.0312094393582085,,,4.93939352,0.3907196469319345,-0.009739747018346867,1.6273464568330536,1.5940969817111559,18.604410615783,2.881040000000013,100,6.0,2.7110716097936307,1.200836113546765,1.9060400000000128,,,,,,,0,2.2131470000000206,0.8660254037844387,-0.49999999999999983,3.6454125605980416,3.1979337104406587
4,11,Walk,Eye,Dwell,4,3,0.6505590000000154,2.3543964038245284,,,6.924839,0.08779603351209812,-0.7085175615583754,2.735816309298521,0.9240606557406426,18.539722703219546,4.166458000000006,100,4.0,1.1376891088168377,1.1630369593797312,3.1914580000000057,,,,,,,0,3.5158989999999903,0.3420201433256689,-0.9396926207859083,5.55942865210914,2.5566388730396605
5,11,Walk,Eye,Dwell,5,3,0.7133640000000128,2.8976264812444446,,,8.235972,-0.469589647361657,0.9930232574303751,2.984628801236749,1.4670672101053674,23.533529491221362,2.946472,100,5.0,2.239031878440285,1.2794429857557674,1.971472,,,,,,,0,2.233107999999987,-0.34202014332566866,-0.9396926207859084,6.438847249835154,3.92715767764111
6,11,Walk,Eye,Dwell,6,3,0.7336730000000102,1.3194821073442624,,,2.614716,-0.9014893839992183,0.5933472871699239,0.7585267853832255,0.7501528132324151,10.477894591234337,1.7346950000000163,100,1.0,0.9989790434176211,1.6542662636486756,0.7596950000000163,,,,,,,0,1.001022000000006,-0.8660254037844384,-0.5000000000000004,2.418542954765669,2.093652913634754
7,11,Walk,Eye,Dwell,7,3,0.9845119999999952,2.5443533247551864,,,3.46509337,-0.9406482462381957,-0.1210235168993073,2.585857524286524,1.2792639630550868,19.233833363535243,4.984129999999993,0,10.0,2.500238772802804,1.145441914012447,,,,,,,,100,3.999617999999998,-0.9848077530122081,0.17364817766692997,6.112363294811243,2.679551443009481
8,11,Walk,Eye,Dwell,8,3,0.6175910000000044,1.3025174464190477,,,3.8139782,-0.42922141904239136,-0.2718509431137519,1.1083779366586919,1.0305103103914066,14.927767477539001,2.352667999999994,100,2.0,1.1526865954652226,1.2468656456515634,1.3776679999999941,,,,,,,0,1.7350769999999898,-0.6427876096865396,0.7660444431189778,2.6459772923597753,2.332871563896565
0,11,Walk,Eye,Dwell,0,4,0.5807950000000233,1.7324083600571432,,,4.485458,-0.06892227700386779,0.3496860341343989,1.73510842162654,1.2416431892746682,18.546152382269362,2.3164540000000216,100,5.0,2.8807501934423785,1.2226529329607012,1.3414540000000215,,,,,,,0,1.7356589999999983,0.0,1.0,3.539139120256948,2.8329724126837355
1,11,Walk,Eye,Dwell,1,4,0.8538969999999892,2.1523215322971017,,,7.71879244,0.4374612260112455,0.23140957241204052,2.632992884752671,1.1963842549225001,21.584723502285062,3.1365959999999973,100,3.0,1.3142337206964165,1.368396656137335,2.161595999999997,,,,,,,0,2.282699000000008,0.6427876096865393,0.766044443118978,5.703446995516587,2.624178082257041
2,11,Walk,Eye,Dwell,2,4,0.7512820000000033,2.7789514459531253,,,4.43455839,0.5396629581982759,-0.5692382980211709,2.771384879745733,1.3144873112947162,21.902218103323225,4.9999540000000025,0,10.0,2.353676631192053,1.1794375418649183,,,,,,,,100,4.248671999999999,0.984807753012208,0.17364817766693041,6.082432717689742,3.198212920610603
3,11,Walk,Eye,Dwell,3,4,0.6035009999999943,1.8718451559166667,,,2.744523,0.6223158209399002,0.6966491162642993,1.4524423239125182,0.958778627457542,12.619997788515121,1.586701000000005,100,1.0,1.0170870626525519,1.6672868294855574,0.611701000000005,,,,,,,0,0.9832000000000107,0.8660254037844387,-0.49999999999999983,3.5272004687649368,2.6142063711793835
4,11,Walk,Eye,Dwell,4,4,0.6861869999999897,1.459943260147541,,,2.850256,0.34349222655844136,0.9180281779613846,0.962610422961887,0.9356619287161644,17.14170508316516,1.6821610000000078,100,1.0,1.0040422741958945,1.6469993994264545,0.7071610000000078,,,,,,,0,0.9959740000000181,0.3420201433256689,-0.9396926207859083,2.2687130724822153,2.7893520353937133
5,11,Walk,Eye,Dwell,5,4,0.6319419999999809,2.221740633977401,,,4.469053,0.4303928153237988,1.4453799474276496,1.6133373199963308,1.3519940998825404,17.01899295014937,3.5634299999999826,100,8.0,2.728989509764323,1.276642621844641,2.5884299999999825,,,,,,,0,2.9314880000000016,-0.34202014332566866,-0.9396926207859084,3.6570674553164606,4.14936814719273
6,11,Walk,Eye,Dwell,6,4,0.7984869999999944,3.549558373715415,,,9.955779,-2.0364981605534607,0.8339402461890496,3.5121305386306276,1.3565118835234526,20.752998365724356,4.9974770000000035,0,12.0,2.8578300972376627,1.1790610124596121,,,,,,,,100,4.198990000000009,-0.8660254037844384,-0.5000000000000004,9.060759237814716,3.546964013235955
7,11,Walk,Eye,Dwell,7,4,0.9828640000000064,2.111239210974684,,,4.66232634,-0.1199059904407341,0.12109587467923055,1.9711881263908944,1.1923975625070535,20.517716062934127,3.602996999999988,100,7.0,2.6716201047809593,1.3216883606668026,2.6279969999999877,,,,,,,0,2.6201329999999814,-0.9848077530122081,0.17364817766692997,4.062282243222523,2.505890999693338
8,11,Walk,Eye,Dwell,8,4,0.6502079999999921,1.7425944043141592,,,2.91208315,0.47456718280127563,0.20096199455462,1.9946877282946096,0.709833755239166,15.829124095943472,4.400314000000009,100,5.0,1.3332956455097478,1.1557426516972402,3.4253140000000086,,,,,,,0,3.7501060000000166,-0.6427876096865396,0.7660444431189778,4.463942639390495,1.620629505032952
0,11,Walk,Hand,Click,0,1,0.8460700000000543,,,,,,,,,15.549456683591009,1.1452600000000075,100,1.0,3.3423576991214827,3.6895771119337533,,,-0.3593089813467145,2.1146635031520447,12.944128523338037,,,0,0.2991899999999532,0.0,1.0,,
1,11,Walk,Hand,Click,1,1,0.931699999999978,,,,,,,,,12.279343547260074,1.1629599999998845,100,1.0,4.324137334603495,5.266696993248273,,,-0.4001178443404001,-0.5925173361663525,8.991914871574409,,,0,0.23125999999990654,0.6427876096865393,0.766044443118978,,
2,11,Walk,Hand,Click,2,1,0.7939000000000078,,,,,,,,,16.48131507665744,1.4273699999999963,0,1.0,1.5786067217074498,2.3889597958984963,,,-2.382137367275419,3.428337866450235,11.668754288087866,,,100,0.6334699999999884,0.984807753012208,0.17364817766693041,,
3,11,Walk,Hand,Click,3,1,1.0469399999999496,,,,,,,,,,1.346679999999992,100,,,4.308956132383862,,,2.586743526783522,2.370628212507853,28.611440960238905,,,0,0.29974000000004253,0.8660254037844387,-0.49999999999999983,,
4,11,Walk,Hand,Click,4,1,0.927120000000059,,,,,,,,,13.803809030788736,1.1445899999999938,100,1.0,4.5983354025856435,5.421597488789816,,,-2.100153368079205,0.4214200811865112,12.84159107900878,,,0,0.21746999999993477,0.3420201433256689,-0.9396926207859083,,
5,11,Walk,Hand,Click,5,1,0.8454299999998511,,,,,,,,,13.901739167643361,1.112519999999904,100,1.0,3.74405631060617,4.343469669436364,,,0.7686990607602411,1.85081106089919,10.305829112421993,,,0,0.2670900000000529,-0.34202014332566866,-0.9396926207859084,,
6,11,Walk,Hand,Click,6,1,0.8991099999999506,,,,,,,,,11.897364260577739,1.2476199999999835,100,2.0,5.738716249174517,3.7094893640579865,,,0.8471949878349108,2.681595420578219,5.654693869045577,,,0,0.34851000000003296,-0.8660254037844384,-0.5000000000000004,,
7,11,Walk,Hand,Click,7,1,0.929779999999937,,,,,,,,,15.915323233374934,1.2138400000000047,100,1.0,3.5203830176714836,4.13816390389571,,,-1.5125648260744242,-2.162213131491285,17.881200339229522,,,0,0.2840600000000677,-0.9848077530122081,0.17364817766692997,,
8,11,Walk,Hand,Click,8,1,1.1464899999999716,,,,,,,,,,1.3311800000000176,0,,,7.097151932929403,,,7.229823222657501,1.23102894892601,16.37470174467783,,,100,0.18469000000004598,-0.6427876096865396,0.7660444431189778,,
0,11,Walk,Hand,Click,0,2,0.7790500000000975,,,,,,,,,16.625786790926,0.9965800000002218,100,1.0,4.597067071205941,4.2241734512389835,,,-1.0223376150815682,1.541352540828683,15.875937804753937,,,0,0.21753000000012435,0.0,1.0,,
1,11,Walk,Hand,Click,1,2,0.9980499999999211,,,,,,,,,13.409823505761286,1.3295899999998255,0,1.0,3.0162273028904147,3.7303823686187645,,,-3.1363893515210037,1.9352153826679483,10.021780856943762,,,100,0.33153999999990447,0.6427876096865393,0.766044443118978,,
2,11,Walk,Hand,Click,2,2,0.8787800000000061,,,,,,,,,18.347858937761266,1.4270000000001346,100,2.0,3.6481704425222197,2.5420370172907423,,,-1.099172005581643,0.4521160467715504,23.895766774397732,,,0,0.5482200000001285,0.984807753012208,0.17364817766693041,,
3,11,Walk,Hand,Click,3,2,0.8653399999998328,,,,,,,,,21.7682465704678,1.380719999999883,0,1.0,1.9403158834256329,2.7214205363424284,,,5.180620948001802,-0.3785168863317665,16.40059777056379,,,100,0.5153800000000501,0.8660254037844387,-0.49999999999999983,,
4,11,Walk,Hand,Click,4,2,0.8133599999998751,,,,,,,,,15.06353562123495,1.1127899999999045,100,1.0,3.3396787229065286,3.6580992906535785,,,-1.909106838184229,0.8721802370706513,8.576646395866456,,,0,0.2994300000000294,0.3420201433256689,-0.9396926207859083,,
5,11,Walk,Hand,Click,5,2,1.178000000000111,,,,,,,,,16.023885068273774,1.3602100000000519,0,2.0,10.976345974428673,7.292250376195447,,,-3.987345237097344,1.1100496787512526,16.827320959405295,,,100,0.18220999999994092,-0.34202014332566866,-0.9396926207859084,,
6,11,Walk,Hand,Click,6,2,0.8781699999999546,,,,,,,,,18.770102579039776,1.3325200000001587,100,1.0,2.200946406954002,2.6287187652798747,,,-1.5359572665023649,1.0604084507184837,12.741280313175709,,,0,0.4543500000002041,-0.8660254037844384,-0.5000000000000004,,
7,11,Walk,Hand,Click,7,2,0.995490000000018,,,,,,,,,15.202186049875753,1.2783199999998942,100,1.0,3.535692819009432,4.465792687217785,,,-1.4376219308455944,-1.5934912361231,10.00285264253147,,,0,0.28282999999987624,-0.9848077530122081,0.17364817766692997,,
8,11,Walk,Hand,Click,8,2,1.1320000000000618,,,,,,,,,12.06726631230296,1.3153999999999542,100,1.0,5.452562704474303,6.650613130081209,,,2.5994572344468097,1.1468069174984095,13.683586135356919,,,0,0.18339999999989232,-0.6427876096865396,0.7660444431189778,,
0,11,Walk,Hand,Click,0,3,1.1314700000000357,,,,,,,,,22.72536703854249,1.2472000000000207,100,1.0,8.640801866414321,9.720540322113733,,,3.653728672929933,0.884635180429342,25.326530025720288,,,0,0.11572999999998501,0.0,1.0,,
2,11,Walk,Hand,Click,2,3,1.0317399999998997,,,,,,,,,16.432347900557854,1.312249999999949,100,1.0,3.564935296423743,4.437434943033113,,,-1.3364889171640186,0.5627894148049819,10.577094069165026,,,0,0.28051000000004933,0.984807753012208,0.17364817766693041,,
3,11,Walk,Hand,Click,3,3,1.1774900000000343,,,,,,,,,15.309913477633444,1.4124699999999848,0,1.0,4.2556813345825635,6.194297620757189,,,-3.8885602430976434,-2.055282969024873,15.023930973746785,,,100,0.23497999999995045,0.8660254037844387,-0.49999999999999983,,
4,11,Walk,Hand,Click,4,3,1.4356700000000728,,,,,,,,,,1.4356700000000728,100,,,inf,,,2.2070125734068142,2.437603828058357,33.07216577167018,,,0,0.0,0.3420201433256689,-0.9396926207859083,,
5,11,Walk,Hand,Click,5,3,1.1309999999998581,,,,,,,,,18.97343612953578,1.3477000000000317,100,1.0,4.614674665432392,6.315874697554562,,,2.660172653797936,-1.4866825175523388,18.832801599181593,,,0,0.21670000000017353,-0.34202014332566866,-0.9396926207859084,,
6,11,Walk,Hand,Click,6,3,1.147320000000036,,,,,,,,,13.675205841183693,1.3785300000001826,100,1.0,4.325072444960713,5.849903244444364,,,-0.8089784228412782,0.05267900439380924,10.496137997768747,,,0,0.23121000000014647,-0.8660254037844384,-0.5000000000000004,,
7,11,Walk,Hand,Click,7,3,1.0276000000001204,,,,,,,,,35.27968186578583,1.3453400000000784,0,3.0,9.441681878266499,3.9933220612370532,,,6.428274633040928,1.698447624180389,45.673604958990346,,,100,0.31773999999995794,-0.9848077530122081,0.17364817766692997,,
8,11,Walk,Hand,Click,8,3,1.2465799999999945,,,,,,,,,15.596764845982397,1.4959700000001703,100,1.0,4.0097838726464365,5.992916129757518,,,2.26408823342058,-2.054759838661923,8.42359217180533,,,0,0.24939000000017586,-0.6427876096865396,0.7660444431189778,,
0,11,Walk,Hand,Click,0,4,1.1480699999999615,,,,,,,,,17.962352772873455,1.245719999999892,100,1.0,10.240655401953012,12.401670907410901,,,0.5368579209578854,-1.0417093345690063,18.95042402016737,,,0,0.09764999999993051,0.0,1.0,,
1,11,Walk,Hand,Click,1,4,1.0158700000001772,,,,,,,,,10.443365662992639,1.1982500000001437,100,2.0,10.966114705561838,6.473060703688675,,,-0.5417465208655798,-1.8269235148839158,11.287995887084216,,,0,0.18237999999996646,0.6427876096865393,0.766044443118978,,
2,11,Walk,Hand,Click,2,4,1.2293700000000172,,,,,,,,,34.52695063215181,1.3957500000001346,100,1.0,6.010337780979049,8.467620154021061,,,-1.927545776682532,-1.0946582656160189,34.18002928183978,,,0,0.16638000000011743,0.984807753012208,0.17364817766693041,,
3,11,Walk,Hand,Click,3,4,1.1156000000000859,,,,,,,,,,1.1961699999999382,0,,,15.314954361444501,,,4.670434677226112,1.8699221009434268,29.59860008262102,,,100,0.08056999999985237,0.8660254037844387,-0.49999999999999983,,
4,11,Walk,Hand,Click,4,4,0.8801599999999326,,,,,,,,,52.50056878968882,1.061680000000024,0,1.0,5.5090348170972705,5.925425121629815,,,8.271857599829133,-0.291179848200386,52.60201391192728,,,100,0.18152000000009139,0.3420201433256689,-0.9396926207859083,,
5,11,Walk,Hand,Click,5,4,0.7946799999999712,,,,,,,,,18.444280729831338,1.427979999999934,100,2.0,3.158060950576531,2.282267820626863,,,-1.6287259260465508,-1.1247137576601887,11.186161567847398,,,0,0.6332999999999629,-0.34202014332566866,-0.9396926207859084,,
6,11,Walk,Hand,Click,6,4,0.6286699999998291,,,,,,,,,18.327343743708546,1.2971199999999499,100,2.0,2.9919964096037677,1.906670957803014,,,-1.0523732821222112,-2.11722420615763,15.143447603947228,,,0,0.6684500000001208,-0.8660254037844384,-0.5000000000000004,,
7,11,Walk,Hand,Click,7,4,1.0463799999999992,,,,,,,,,18.1311010694157,1.1617400000000089,100,1.0,8.66851595006862,10.354845299584667,,,2.4761624531808337,-0.4936199132593799,18.23516427772611,,,0,0.11536000000000968,-0.9848077530122081,0.17364817766692997,,
8,11,Walk,Hand,Click,8,4,1.112079999999878,,,,,,,,,,1.2944299999999203,0,,,6.384538249928371,,,5.397683813993922,1.6450130128769302,28.093999136845525,,,100,0.1823500000000422,-0.6427876096865396,0.7660444431189778,,
0,11,Walk,Hand,Dwell,0,1,0.9947560000000522,4.007232164082917,,,11.8810978,-0.6911622680488674,-0.8659679309649978,5.226008244405976,1.114327753535469,27.07500904619673,4.980300000000057,0,8.0,2.0072542167392937,1.2916780514964257,,,,,,,,100,3.9855440000000044,0.0,1.0,11.143178756860818,3.094623438035936
1,11,Walk,Hand,Dwell,1,1,1.0833000000000084,2.151067939622951,,,3.10210872,-1.4462975083052774,-1.0589230445603162,1.1451440451734496,0.9872174876875596,14.101398760538233,2.082200000000057,100,2.0,2.002202422664834,2.177186316138971,1.107200000000057,,,,,,,0,0.9989000000000487,0.6427876096865393,0.766044443118978,3.7365855986521765,3.0333580199354353
2,11,Walk,Hand,Dwell,2,1,0.9176469999999881,2.285806071712963,,,6.2887129999999996,-1.1368641105364596,-0.1545337306915603,2.213709878829757,1.3483296447417998,16.438596504416516,4.5009000000000015,100,5.0,1.3953801196845383,1.3506443218967124,3.5259000000000014,,,,,,,0,3.5832530000000133,0.984807753012208,0.17364817766693041,5.564283868195973,2.85119302017516
3,11,Walk,Hand,Dwell,3,1,0.9515989999999874,3.780160299666667,,,4.89829,0.8804747655784176,-0.40538002140556284,3.694338164760796,1.5576701297595303,23.88195318384873,4.986573000000021,0,11.0,2.7261637869289634,1.1867752882837852,,,,,,,,100,4.034974000000034,0.8660254037844387,-0.49999999999999983,8.269151095100009,3.5207202809246234
4,11,Walk,Hand,Dwell,4,1,0.7685639999999694,4.128874393294118,,,12.6689062,-2.3018547682208736,-0.5351253669062542,2.650402488219383,2.930987587239848,21.08706789073942,4.99879999999996,0,6.0,1.418360583192052,1.2472969785507886,,,,,,,,100,4.230235999999991,0.3420201433256689,-0.9396926207859083,7.60265974465964,6.39710054138595
5,11,Walk,Hand,Dwell,5,1,0.6817999999999529,2.544578205285714,,,5.829951,-0.08899902670009557,-0.7001080240842282,2.1823788884096924,1.779532714453554,20.66752048102355,3.350936000000047,100,7.0,2.622571498792026,1.3454163246602118,2.375936000000047,,,,,,,0,2.669136000000094,-0.34202014332566866,-0.9396926207859084,4.453756803519481,4.2591734529913365
6,11,Walk,Hand,Dwell,6,1,0.9356649999999718,1.9488687593606555,,,3.27906847,0.38792773203032516,-0.00032474065130524656,1.0236922977226202,1.8231616805937927,16.853312304530174,1.9335320000000138,100,4.0,4.0085502376567534,2.0243678392038933,0.9585320000000138,,,,,,,0,0.997867000000042,-0.8660254037844384,-0.5000000000000004,2.4353123274755655,3.6466481018388905
7,11,Walk,Hand,Dwell,7,1,0.9667960000000448,2.1786007953973514,,,4.00843859,-0.10539767831227435,-0.223977097073935,1.8737055441935264,1.438718529169923,15.644783281654648,3.467065000000048,100,4.0,1.599827858522421,1.3618083939131174,2.4920650000000477,,,,,,,0,2.500269000000003,-0.9848077530122081,0.17364817766692997,3.852808766699327,3.101414155413781
8,11,Walk,Hand,Dwell,8,1,0.9986000000000104,3.3958672518416666,,,8.339177,0.494240991250809,0.043220689369536915,3.134740274156227,2.3511334805217428,19.52696571345608,4.983299999999986,0,11.0,2.760559138705566,1.2856730565026464,,,,,,,,100,3.9846999999999753,-0.6427876096865396,0.7660444431189778,6.763721539563263,4.745487650413023
0,11,Walk,Hand,Dwell,0,2,1.0976630000000114,1.6627010715833335,,,3.00283122,-0.8628163158194956,-0.5086489450439385,0.7878161457511045,1.2845942776128334,7.926980604224418,2.0833130000000892,100,2.0,2.029117841018457,2.0057389542395314,1.1083130000000891,,,,,,,0,0.9856500000000779,0.0,1.0,2.4384486073217047,3.0778375002696055
1,11,Walk,Hand,Dwell,1,2,1.2156330000000253,2.079532774614035,,,4.84775639,-0.9125044775446148,-0.06659826147283417,1.9410517019229991,1.2983821546967267,11.834697239834759,3.0998489999999492,100,3.0,1.5921741456394176,1.710986493114752,2.124848999999949,,,,,,,0,1.884215999999924,0.6427876096865393,0.766044443118978,4.794607881390613,2.6633625708662874
2,11,Walk,Hand,Dwell,2,2,0.8163499999999431,3.07581641106746,,,8.495071,-1.2609492790445922,-0.6589554788330922,3.077023262486599,1.3224795506790012,20.980306308187334,4.999693999999977,0,10.0,2.3904321518861273,1.2707131718856262,,,,,,,,100,4.183344000000034,0.984807753012208,0.17364817766693041,7.41499580401779,3.303914580191095
3,11,Walk,Hand,Dwell,3,2,0.9495490000000473,3.1124049541193415,,,7.093567,-0.4445554458134729,-0.6278196918890869,2.9331463110323432,1.809302768165301,21.553634759167302,4.983549000000039,0,12.0,2.9747149231532037,1.2795903296770386,,,,,,,,100,4.033999999999992,0.8660254037844387,-0.49999999999999983,6.310848067878159,4.246425228219689
4,11,Walk,Hand,Dwell,4,2,1.0317999999999756,4.1301281129456076,,,6.267977,0.5994415678111095,-1.18437789374465,4.387455587454392,1.628145941215195,24.119065510942285,4.999817000000007,0,8.0,2.0161203946454704,1.2572593056076715,,,,,,,,100,3.9680170000000317,0.3420201433256689,-0.9396926207859083,9.374352742719893,4.44066977617504
5,11,Walk,Hand,Dwell,5,2,0.9660519999999906,3.401771963888429,,,8.336751,0.547639864406602,0.31428178823408565,3.3179946258152238,1.900223993318376,24.70537769891436,4.981017999999949,0,13.0,3.237885451582936,1.3121147902874173,,,,,,,,100,4.0149659999999585,-0.34202014332566866,-0.9396926207859084,7.183629116037049,4.114729774870837
6,11,Walk,Hand,Dwell,6,2,0.9674999999999727,3.053776385775701,,,11.9811554,2.351501314018138,-0.2011351386309166,2.617764809019115,1.0832982315910817,32.41494260684819,2.7387999999999693,100,4.0,2.258228419804668,1.6246412873003098,1.7637999999999692,,,,,,,0,1.7712999999999965,-0.8660254037844384,-0.5000000000000004,7.5870309320563685,2.3677316018130803
7,11,Walk,Hand,Dwell,7,2,1.018856000000028,2.6717647768803823,,,6.282162,0.674787820189453,-0.37298945041653137,2.5413652742379833,1.613909998267438,18.63645506291475,4.483703999999989,100,7.0,2.0202906447844406,1.3638401085259075,3.5087039999999887,,,,,,,0,3.464847999999961,-0.9848077530122081,0.17364817766692997,5.757518368665419,3.6008094469514074
8,11,Walk,Hand,Dwell,8,2,1.1318969999999808,1.6655275893437498,,,3.3441,0.1444037702516046,2.1836090351281543,1.4873412355813578,15.451323374610046,17.204491199260186,3.2462769999999637,100,2.0,0.9459037637510836,1.5580128999994824,2.2712769999999636,,,,,,,0,2.114379999999983,-0.6427876096865396,0.7660444431189778,3.1190862414143203,33.086255784348246
0,11,Walk,Hand,Dwell,0,3,0.7775000000000318,2.19985492464486,,,6.08627653,-0.7204772217261514,-0.8614713891885996,2.5011393694859514,0.812249531009421,21.29263026732853,2.5443430000000262,100,2.0,1.131962489027042,1.388172068423822,1.5693430000000261,,,,,,,0,1.7668429999999944,0.0,1.0,5.722755960698054,2.4859704512074416
1,11,Walk,Hand,Dwell,1,3,0.9962569999999005,2.753996533451923,,,4.34564161,0.9426274002023383,-0.41666580855954144,3.1519532739611766,1.5341537619770145,18.972903710779313,4.448356999999987,100,7.0,2.027751223892652,1.2807555800629105,3.473356999999987,,,,,,,0,3.4521000000000868,0.6427876096865393,0.766044443118978,7.246533948124691,3.4849733325135706
2,11,Walk,Hand,Dwell,2,3,0.7980999999999767,2.1386573045802373,,,4.207473,0.46323992383774404,-0.1916657877929164,1.7980563553737978,1.4576203436471495,17.432205410505656,4.999742999999967,0,11.0,2.618023473198467,1.2196145458949992,,,,,,,,100,4.20164299999999,0.984807753012208,0.17364817766693041,4.0593526345853395,3.1069064750872153
3,11,Walk,Hand,Dwell,3,3,0.698662000000013,3.3762967915813955,,,5.5031,1.5308019093380762,0.8078360408768568,2.929489954036409,1.6829480922867055,19.45895660007765,4.983214999999973,0,12.0,2.8007589123066308,1.1815957165201239,,,,,,,,100,4.28455299999996,0.8660254037844387,-0.49999999999999983,7.389781817410895,4.173732225450268
4,11,Walk,Hand,Dwell,4,3,0.79835700000001,2.01979213415,,,3.48430777,-0.9646954217987888,-0.4308314789146432,1.5668516028589257,1.0871501461375732,9.960701730376451,1.7836909999999762,100,3.0,3.0446528791253553,1.7930649926358921,0.8086909999999762,,,,,,,0,0.9853339999999662,0.3420201433256689,-0.9396926207859083,4.09839862751664,2.6051317711897894
5,11,Walk,Hand,Dwell,5,3,1.2475380000000769,2.574001811646017,,,4.29368162,0.5352222727609535,-0.4674312359596479,2.1949852580024163,1.7827744932099483,18.710507362192384,4.999900000000025,0,8.0,2.1319904636066855,1.2884456005980365,,,,,,,,100,3.7523619999999482,-0.34202014332566866,-0.9396926207859084,4.925192788765786,4.032980222379544
6,11,Walk,Hand,Dwell,6,3,0.7527999999999793,3.056230240171875,,,4.14203167,-0.04880302762451488,0.3202140544360564,2.9353328667756533,1.6005352942995439,22.377201615506323,5.00019999999995,0,14.0,3.2961341055704896,1.1782299647835592,,,,,,,,100,4.2473999999999705,-0.8660254037844384,-0.5000000000000004,5.919468761175821,3.5212846430351443
7,11,Walk,Hand,Dwell,7,3,0.8180660000000444,2.2030048129800797,,,5.233566,-0.6573593314943673,0.7911739743603496,2.1201306489821343,1.102196794677443,14.515445818182426,4.986966000000052,0,7.0,1.679100002398711,1.1955162291986057,,,,,,,,100,4.168900000000008,-0.9848077530122081,0.17364817766692997,4.897620629458636,2.9955675637152357
8,11,Walk,Hand,Dwell,8,3,0.8497389999999996,1.9179953308695652,,,5.265815,0.8688371860801254,-0.22192148805225811,2.0165242735351776,1.0363488502124154,20.762724842456613,2.3662389999999505,100,3.0,1.9782393669634666,1.4695169267891515,1.3912389999999504,,,,,,,0,1.5164999999999509,-0.6427876096865396,0.7660444431189778,4.901885733150481,2.294619188477089
0,11,Walk,Hand,Dwell,0,4,1.2335449999999355,2.030406481675676,,,3.9221127,1.3326540684084156,0.14459124021836933,1.3235522021481534,1.342681473302996,18.420204349681246,2.4484999999999673,100,3.0,2.46922725533038,1.8269691970916178,1.4734999999999672,,,,,,,0,1.2149550000000318,0.0,1.0,3.9797584727047224,2.829954186824361
1,11,Walk,Hand,Dwell,1,4,1.1192369999999983,3.5780655018076923,,,7.464637,-0.27385046804414076,-0.9807274545125326,3.660917201909211,1.5071763488187278,21.30905873648317,4.9990999999999985,0,9.0,2.319669534723262,1.3314262529775893,,,,,,,,100,3.8798630000000003,0.6427876096865393,0.766044443118978,7.595684871862563,3.9950801521499884
2,11,Walk,Hand,Dwell,2,4,0.7657410000000482,1.7739485895999998,,,3.03473639,1.4293972617837372,0.30935762016202706,0.6142040607889816,1.0549734667009976,8.511449523087375,1.7498410000000604,100,1.0,1.0161568946245174,1.7980338905309983,0.7748410000000604,,,,,,,0,0.9841000000000122,0.984807753012208,0.17364817766693041,2.6578053833617004,2.419304553564022
3,11,Walk,Hand,Dwell,3,4,0.8992419999999584,2.6727482655917156,,,6.12272644,1.0383321361720153,0.6129119076237561,2.4516997969888474,1.3715301096674806,18.041025531085324,3.6995999999999185,100,8.0,2.8567775977214747,1.3075494984870606,2.7245999999999184,,,,,,,0,2.80035799999996,0.8660254037844387,-0.49999999999999983,5.94173173014971,3.3559721269587173
4,11,Walk,Hand,Dwell,4,4,0.9153380000000197,1.5160014849166668,,,3.11080527,-0.07878667863405747,0.942073159095132,1.1669725351184714,0.6638762985009731,8.097466626823177,1.9004380000000083,100,1.0,1.0151253679829577,1.895477257295703,0.9254380000000083,,,,,,,0,0.9850999999999885,0.3420201433256689,-0.9396926207859083,2.4127317488710003,2.2698257560970783
5,11,Walk,Hand,Dwell,5,4,1.7151619999999639,3.2292110438484847,,,9.484087,1.2127714041916393,-0.13537162889056972,3.0738357609535774,2.1967236894241835,17.05258409744361,4.449232000000052,100,4.0,1.4630203323250215,1.6293262451125439,3.4742320000000517,,,,,,,0,2.734070000000088,-0.34202014332566866,-0.9396926207859084,7.360442926098794,4.528819007738937
6,11,Walk,Hand,Dwell,6,4,0.717441000000008,2.5608610911589147,,,4.692271,-0.31827871067594316,0.3776533391229145,2.3747160974033705,1.5635730500819764,20.526050930150596,5.00120000000004,0,12.0,2.801278036416127,1.1974269454270834,,,,,,,,100,4.283759000000032,-0.8660254037844384,-0.5000000000000004,5.067710905482684,3.5047994392868675
7,11,Walk,Hand,Dwell,7,4,0.7307429999999613,2.500209024212435,,,3.54337144,-0.18717668006881055,-0.5709245823346876,2.778021926461151,1.3153532129209933,21.316250803184108,3.9323419999999487,100,7.0,2.1864074795125896,1.1571636882352705,2.9573419999999486,,,,,,,0,3.2015989999999874,-0.9848077530122081,0.17364817766692997,5.743220532991113,3.2016310081766743
8,11,Walk,Hand,Dwell,8,4,0.929300000000012,2.392603903212653,,,6.70993042,0.22735838455054844,-0.1431574458992716,2.920574760845487,1.0896973007478261,18.4255589775098,4.996899999999982,0,9.0,2.212606942668912,1.2078733341912646,,,,,,,,100,4.06759999999997,-0.6427876096865396,0.7660444431189778,6.068507906241522,2.322552047394924
