imu_packets,1261
IMUtimestamp,quatI,quatJ,quatK,quatReal,quatRadianAccuracy
1595835162.268596,B2679237,-0.07135,-0.03381,0.99683,0.01263,0.0155
1595835162.274229,B2679242,-0.07141,-0.03375,0.99683,0.01257,0.0155
1595835162.27822,B2679247,-0.07141,-0.03369,0.99683,0.01257,0.0155
1595835162.283222,B2679252,-0.07147,-0.03369,0.99677,0.01257,0.0155
1595835162.2882292,B2679257,-0.07147,-0.03363,0.99677,0.01257,0.0155
1595835162.2958348,B2679262,-0.07153,-0.03357,0.99677,0.01257,0.0155
1595835162.299011,B2679267,-0.07153,-0.03357,0.99677,0.01251,0.0155
1595835162.304229,B2679273,-0.07159,-0.03351,0.99677,0.01251,0.0155
1595835162.310192,B2679279,-0.07159,-0.03345,0.99677,0.01251,0.0155
1595835162.3150961,B2679284,-0.07159,-0.03339,0.99683,0.01251,0.0155
1595835162.320225,B2679289,-0.07159,-0.03333,0.99683,0.01251,0.0155
1595835162.3255339,B2679295,-0.07166,-0.03326,0.99683,0.01251,0.0155
1595835162.331267,B2679300,-0.07166,-0.03320,0.99683,0.01251,0.0155
1595835162.336668,B2679305,-0.07166,-0.03314,0.99683,0.01251,0.0155
1595835162.342292,B2679310,-0.07166,-0.03308,0.99683,0.01251,0.0155
1595835162.34671,B2679316,-0.07166,-0.03302,0.99683,0.01245,0.0155
1595835162.351692,B2679321,-0.07166,-0.03290,0.99683,0.01245,0.0155
1595835162.356822,B2679326,-0.07166,-0.03284,0.99683,0.01245,0.0155
1595835162.362824,B2679331,-0.07172,-0.03271,0.99683,0.01239,0.0155
1595835162.3692539,B2679336,-0.07172,-0.03265,0.99683,0.01239,0.0155
1595835162.3724601,B2679341,-0.07172,-0.03259,0.99683,0.01239,0.0155
1595835162.3784409,B2679346,-0.07172,-0.03253,0.99683,0.01239,0.0155
1595835162.382289,B2679351,-0.07172,-0.03247,0.99683,0.01233,0.0155
1595835162.389143,B2679356,-0.07172,-0.03235,0.99683,0.01233,0.0155
1595835162.392861,B2679361,-0.07172,-0.03229,0.99683,0.01227,0.0155
1595835162.400367,B2679367,-0.07172,-0.03223,0.99683,0.01227,0.0155
1595835162.403597,B2679372,-0.07178,-0.03204,0.99683,0.01221,0.0155
1595835162.4083729,B2679377,-0.07178,-0.03192,0.99683,0.01221,0.0155
1595835162.4151838,B2679382,-0.07178,-0.03186,0.99683,0.01221,0.0155
1595835162.417964,B2679387,-0.07172,-0.03180,0.99683,0.01215,0.0155
1595835162.423079,B2679392,-0.07172,-0.03168,0.99683,0.01215,0.0155
1595835162.4280891,B2679397,-0.07172,-0.03162,0.99683,0.01215,0.0155
1595835162.435661,B2679402,-0.07172,-0.03156,0.99683,0.01208,0.0155
1595835162.438774,B2679408,-0.07172,-0.03149,0.99683,0.01208,0.0155
1595835162.4447732,B2679413,-0.07172,-0.03143,0.99689,0.01208,0.0155
1595835162.451303,B2679418,-0.07172,-0.03137,0.99689,0.01208,0.0155
1595835162.454099,B2679423,-0.07172,-0.03131,0.99689,0.01208,0.0155
1595835162.4596312,B2679429,-0.07172,-0.03125,0.99689,0.01208,0.0155
1595835162.466912,B2679434,-0.07172,-0.03119,0.99689,0.01202,0.0155
1595835162.471636,B2679440,-0.07172,-0.03119,0.99689,0.01202,0.0155
1595835162.476893,B2679445,-0.07172,-0.03113,0.99689,0.01208,0.0155
1595835162.482163,B2679451,-0.07172,-0.03113,0.99689,0.01208,0.0155
1595835162.4883468,B2679456,-0.07166,-0.03113,0.99689,0.01208,0.0155
1595835162.491734,B2679461,-0.07166,-0.03107,0.99689,0.01208,0.0155
1595835162.4972632,B2679466,-0.07159,-0.03107,0.99689,0.01202,0.0155
1595835162.502122,B2679471,-0.07153,-0.03107,0.99689,0.01202,0.0155
1595835162.506597,B2679476,-0.07153,-0.03101,0.99689,0.01202,0.0155
1595835162.5123682,B2679481,-0.07147,-0.03101,0.99689,0.01202,0.0155
1595835162.51706,B2679486,-0.07147,-0.03101,0.99689,0.01202,0.0155
1595835162.521754,B2679491,-0.07141,-0.03101,0.99689,0.01208,0.0155
1595835162.5271418,B2679496,-0.07141,-0.03101,0.99689,0.01208,0.0155
1595835162.532562,B2679501,-0.07141,-0.03094,0.99689,0.01208,0.0155
1595835162.5370822,B2679506,-0.07141,-0.03094,0.99689,0.01208,0.0155
1595835162.542419,B2679512,-0.07141,-0.03094,0.99689,0.01208,0.0155
1595835162.547437,B2679517,-0.07147,-0.03088,0.99689,0.01202,0.0155
1595835162.5526888,B2679522,-0.07153,-0.03088,0.99689,0.01202,0.0155
1595835162.557507,B2679527,-0.07153,-0.03094,0.99689,0.01202,0.0155
1595835162.5650759,B2679532,-0.07153,-0.03094,0.99689,0.01202,0.0155
1595835162.568497,B2679537,-0.07153,-0.03101,0.99689,0.01202,0.0155
1595835162.572698,B2679542,-0.07153,-0.03101,0.99689,0.01202,0.0155
1595835162.579208,B2679547,-0.07153,-0.03107,0.99689,0.01196,0.0155
1595835162.5834692,B2679552,-0.07153,-0.03107,0.99689,0.01196,0.0155
1595835162.587955,B2679557,-0.07153,-0.03107,0.99689,0.01196,0.0155
1595835162.5947819,B2679563,-0.07153,-0.03113,0.99689,0.01196,0.0155
1595835162.600359,B2679569,-0.07153,-0.03113,0.99689,0.01196,0.0155
1595835162.6053572,B2679574,-0.07153,-0.03113,0.99689,0.01196,0.0155
1595835162.610396,B2679579,-0.07153,-0.03113,0.99689,0.01196,0.0155
1595835162.6164649,B2679585,-0.07153,-0.03113,0.99689,0.01196,0.0155
1595835162.6214201,B2679590,-0.07153,-0.03113,0.99689,0.01196,0.0155
1595835162.626276,B2679596,-0.07153,-0.03107,0.99689,0.01196,0.0155
1595835162.633356,B2679601,-0.07153,-0.03101,0.99689,0.01202,0.0155
1595835162.6366808,B2679606,-0.07159,-0.03094,0.99689,0.01202,0.0155
1595835162.6433332,B2679611,-0.07159,-0.03088,0.99689,0.01202,0.0155
1595835162.647007,B2679616,-0.07159,-0.03076,0.99689,0.01202,0.0155
1595835162.6519082,B2679621,-0.07166,-0.03058,0.99689,0.01202,0.0155
1595835162.658693,B2679626,-0.07166,-0.03046,0.99689,0.01196,0.0155
1595835162.662314,B2679631,-0.07166,-0.03027,0.99689,0.01196,0.0155
1595835162.667249,B2679636,-0.07166,-0.03009,0.99689,0.01196,0.0155
1595835162.672574,B2679641,-0.07166,-0.02991,0.99689,0.01190,0.0155
1595835162.6772878,B2679646,-0.07166,-0.02966,0.99689,0.01184,0.0155
1595835162.683425,B2679652,-0.07172,-0.02936,0.99695,0.01178,0.0155
1595835162.687862,B2679657,-0.07172,-0.02911,0.99695,0.01172,0.0155
1595835162.695717,B2679662,-0.07172,-0.02850,0.99695,0.01147,0.0155
1595835162.698171,B2679667,-0.07172,-0.02820,0.99695,0.01129,0.0155
1595835162.703277,B2679672,-0.07172,-0.02783,0.99695,0.01111,0.0155
1595835162.709444,B2679677,-0.07172,-0.02747,0.99701,0.01086,0.0155
1595835162.714392,B2679683,-0.07172,-0.02710,0.99701,0.01056,0.0155
1595835162.7229812,B2679688,-0.07172,-0.02667,0.99701,0.01025,0.0155
1595835162.726109,B2679694,-0.07172,-0.02631,0.99701,0.00995,0.0155
1595835162.730096,B2679699,-0.07172,-0.02588,0.99707,0.00952,0.0155
1595835162.735938,B2679704,-0.07172,-0.02551,0.99707,0.00916,0.0155
1595835162.741974,B2679710,-0.07178,-0.02502,0.99707,0.00867,0.0155
1595835162.74613,B2679715,-0.07178,-0.02460,0.99707,0.00818,0.0155
1595835162.753581,B2679721,-0.07184,-0.02411,0.99707,0.00763,0.0155
1595835162.759063,B2679726,-0.07184,-0.02368,0.99713,0.00714,0.0156
1595835162.763309,B2679731,-0.07190,-0.02319,0.99713,0.00653,0.0156
1595835162.767585,B2679736,-0.07190,-0.02271,0.99713,0.00598,0.0156
1595835162.77198,B2679741,-0.07196,-0.02216,0.99713,0.00537,0.0156
1595835162.77739,B2679747,-0.07196,-0.02167,0.99713,0.00482,0.0156
1595835162.782341,B2679752,-0.07196,-0.02045,0.99719,0.00348,0.0156
1595835162.788714,B2679757,-0.07196,-0.01984,0.99719,0.00287,0.0156
1595835162.792346,B2679762,-0.07196,-0.01923,0.99719,0.00226,0.0156
1595835162.799658,B2679767,-0.07190,-0.01849,0.99725,0.00159,0.0156
1595835162.8027,B2679772,-0.07190,-0.01776,0.99725,0.00098,0.0156
1595835162.807544,B2679777,-0.07190,-0.01709,0.99725,0.00037,0.0156
1595835162.812599,B2679782,0.07190,0.01642,-0.99725,0.00018,0.0156
1595835162.817805,B2679787,0.07184,0.01563,-0.99731,0.00085,0.0156
1595835162.823065,B2679792,0.07184,0.01483,-0.99731,0.00140,0.0156
1595835162.8274891,B2679797,0.07184,0.01404,-0.99731,0.00195,0.0156
1595835162.833386,B2679802,0.07178,0.01331,-0.99731,0.00244,0.0156
1595835162.837884,B2679807,0.07172,0.01239,-0.99731,0.00299,0.0156
1595835162.8441029,B2679812,0.07172,0.01154,-0.99738,0.00348,0.0156
1595835162.847889,B2679817,0.07166,0.01068,-0.99738,0.00391,0.0156
1595835162.8535638,B2679822,0.07159,0.00977,-0.99738,0.00433,0.0156
1595835162.8581738,B2679827,0.07147,0.00885,-0.99738,0.00476,0.0156
1595835162.864671,B2679833,0.07141,0.00793,-0.99738,0.00513,0.0156
1595835162.8691509,B2679838,0.07135,0.00702,-0.99744,0.00549,0.0156
1595835162.874589,B2679844,0.07123,0.00604,-0.99744,0.00586,0.0156
1595835162.880225,B2679849,0.07117,0.00507,-0.99744,0.00623,0.0156
1595835162.8851159,B2679855,0.07104,0.00409,-0.99744,0.00653,0.0156
1595835162.892104,B2679860,0.07092,0.00317,-0.99744,0.00677,0.0156
1595835162.896087,B2679866,0.07086,0.00220,-0.99744,0.00708,0.0156
1595835162.903342,B2679871,0.07074,0.00116,-0.99750,0.00739,0.0156
1595835162.906337,B2679876,0.07062,0.00024,-0.99750,0.00757,0.0156
1595835162.911916,B2679881,0.07056,-0.00079,-0.99750,0.00781,0.0156
1595835162.918289,B2679886,0.07043,-0.00165,-0.99750,0.00800,0.0156
1595835162.9221,B2679891,0.07037,-0.00262,-0.99750,0.00818,0.0156
1595835162.9272,B2679896,0.07013,-0.00439,-0.99750,0.00848,0.0156
1595835162.931991,B2679902,0.07007,-0.00519,-0.99750,0.00861,0.0156
1595835162.939563,B2679907,0.06995,-0.00604,-0.99750,0.00867,0.0156
1595835162.942156,B2679912,0.06982,-0.00684,-0.99750,0.00873,0.0156
1595835162.947084,B2679917,0.06970,-0.00757,-0.99750,0.00879,0.0156
1595835162.952121,B2679922,0.06964,-0.00824,-0.99750,0.00879,0.0156
1595835162.9572952,B2679927,0.06952,-0.00885,-0.99750,0.00879,0.0156
1595835162.962177,B2679932,0.06940,-0.00952,-0.99750,0.00879,0.0156
1595835162.9674351,B2679937,0.06927,-0.01013,-0.99750,0.00879,0.0156
1595835162.973877,B2679942,0.06909,-0.01056,-0.99750,0.00873,0.0156
1595835162.977665,B2679947,0.06897,-0.01111,-0.99750,0.00867,0.0156
1595835162.9828658,B2679952,0.06885,-0.01147,-0.99750,0.00854,0.0156
1595835162.9878242,B2679957,0.06866,-0.01184,-0.99756,0.00848,0.0156
1595835162.993851,B2679962,0.06854,-0.01215,-0.99756,0.00836,0.0156
1595835162.9973729,B2679967,0.06842,-0.01251,-0.99756,0.00830,0.0156
1595835163.002987,B2679972,0.06830,-0.01276,-0.99756,0.00818,0.0156
1595835163.0075111,B2679977,0.06812,-0.01300,-0.99756,0.00806,0.0156
1595835163.0134048,B2679982,0.06799,-0.01318,-0.99756,0.00793,0.0156
1595835163.017916,B2679987,0.06781,-0.01337,-0.99756,0.00781,0.0156
1595835163.0234182,B2679992,0.06769,-0.01349,-0.99756,0.00769,0.0156
1595835163.029184,B2679997,0.06750,-0.01361,-0.99762,0.00757,0.0156
1595835163.033103,B2680002,0.06738,-0.01367,-0.99762,0.00751,0.0156
1595835163.038385,B2680007,0.06726,-0.01379,-0.99762,0.00739,0.0156
1595835163.0441039,B2680013,0.06714,-0.01385,-0.99762,0.00726,0.0156
1595835163.0490508,B2680018,0.06702,-0.01392,-0.99762,0.00720,0.0156
1595835163.056113,B2680024,0.06689,-0.01398,-0.99762,0.00708,0.0156
1595835163.059773,B2680029,0.06677,-0.01404,-0.99762,0.00702,0.0156
1595835163.06582,B2680035,0.06665,-0.01416,-0.99768,0.00690,0.0156
1595835163.0715442,B2680040,0.06659,-0.01422,-0.99768,0.00684,0.0156
1595835163.0772748,B2680046,0.06647,-0.01440,-0.99768,0.00671,0.0156
1595835163.082477,B2680051,0.06635,-0.01453,-0.99768,0.00665,0.0156
1595835163.086667,B2680056,0.06628,-0.01471,-0.99768,0.00659,0.0156
1595835163.0917928,B2680061,0.06616,-0.01489,-0.99768,0.00647,0.0156
1595835163.096895,B2680066,0.06610,-0.01514,-0.99768,0.00635,0.0156
1595835163.102016,B2680072,0.06598,-0.01538,-0.99768,0.00629,0.0156
1595835163.108047,B2680077,0.06573,-0.01593,-0.99768,0.00610,0.0156
1595835163.113796,B2680082,0.06567,-0.01624,-0.99768,0.00598,0.0156
1595835163.117265,B2680087,0.06549,-0.01654,-0.99768,0.00586,0.0156
1595835163.122296,B2680092,0.06537,-0.01685,-0.99768,0.00574,0.0156
1595835163.127208,B2680097,0.06525,-0.01715,-0.99768,0.00562,0.0156
1595835163.132569,B2680102,0.06506,-0.01752,-0.99768,0.00549,0.0156
1595835163.137436,B2680107,0.06494,-0.01782,-0.99774,0.00537,0.0156
1595835163.142261,B2680112,0.06476,-0.01819,-0.99774,0.00519,0.0156
1595835163.1476429,B2680117,0.06464,-0.01849,-0.99774,0.00507,0.0156
1595835163.1526852,B2680122,0.06451,-0.01880,-0.99774,0.00488,0.0156
1595835163.157933,B2680127,0.06433,-0.01917,-0.99774,0.00470,0.0156
1595835163.163939,B2680132,0.06421,-0.01953,-0.99774,0.00452,0.0156
1595835163.167635,B2680137,0.06409,-0.01984,-0.99774,0.00433,0.0156
1595835163.172817,B2680142,0.06396,-0.02014,-0.99774,0.00415,0.0156
1595835163.17992,B2680147,0.06384,-0.02045,-0.99774,0.00391,0.0156
1595835163.184331,B2680152,0.06372,-0.02075,-0.99774,0.00372,0.0156
1595835163.187587,B2680157,0.06360,-0.02106,-0.99774,0.00348,0.0156
1595835163.19421,B2680162,0.06348,-0.02124,-0.99774,0.00330,0.0156
1595835163.197849,B2680167,0.06335,-0.02155,-0.99774,0.00305,0.0156
1595835163.203084,B2680173,0.06323,-0.02173,-0.99774,0.00287,0.0156
1595835163.2093709,B2680178,0.06317,-0.02191,-0.99774,0.00262,0.0156
1595835163.21316,B2680183,0.06305,-0.02203,-0.99774,0.00238,0.0156
1595835163.220926,B2680188,0.06293,-0.02216,-0.99774,0.00214,0.0156
1595835163.223638,B2680193,0.06281,-0.02228,-0.99780,0.00189,0.0156
1595835163.2292008,B2680199,0.06268,-0.02234,-0.99780,0.00171,0.0156
1595835163.235918,B2680204,0.06250,-0.02240,-0.99780,0.00146,0.0156
1595835163.2401202,B2680209,0.06238,-0.02240,-0.99780,0.00122,0.0156
1595835163.247322,B2680215,0.06226,-0.02240,-0.99780,0.00104,0.0156
1595835163.2512488,B2680220,0.06213,-0.02234,-0.99780,0.00085,0.0156
1595835163.257925,B2680226,0.06201,-0.02228,-0.99780,0.00067,0.0156
1595835163.261645,B2680231,0.06183,-0.02216,-0.99786,0.00049,0.0156
1595835163.2681,B2680236,0.06171,-0.02209,-0.99786,0.00031,0.0156
1595835163.271415,B2680241,0.06152,-0.02197,-0.99786,0.00018,0.0156
1595835163.276335,B2680246,0.06140,-0.02179,-0.99786,0.00006,0.0156
1595835163.281932,B2680251,-0.06128,0.02167,0.99786,0.00006,0.0156
1595835163.2870872,B2680256,-0.06104,0.02130,0.99792,0.00024,0.0156
1595835163.291761,B2680261,-0.06091,0.02112,0.99792,0.00031,0.0156
1595835163.296927,B2680267,-0.06079,0.02094,0.99792,0.00037,0.0156
1595835163.302455,B2680272,-0.06067,0.02069,0.99792,0.00037,0.0156
1595835163.3083498,B2680277,-0.06055,0.02051,0.99792,0.00037,0.0156
1595835163.312503,B2680282,-0.06049,0.02026,0.99799,0.00043,0.0156
1595835163.3177469,B2680287,-0.06036,0.02002,0.99799,0.00043,0.0156
1595835163.3221529,B2680292,-0.06024,0.01978,0.99799,0.00043,0.0156
1595835163.3268878,B2680297,-0.06018,0.01947,0.99799,0.00043,0.0156
1595835163.331758,B2680302,-0.06012,0.01923,0.99799,0.00043,0.0156
1595835163.3367949,B2680307,-0.06006,0.01886,0.99805,0.00043,0.0156
1595835163.345351,B2680312,-0.06000,0.01855,0.99805,0.00043,0.0156
1595835163.348135,B2680317,-0.05994,0.01819,0.99805,0.00037,0.0156
1595835163.352393,B2680322,-0.05988,0.01788,0.99805,0.00037,0.0156
1595835163.361299,B2680327,-0.05981,0.01746,0.99805,0.00031,0.0156
1595835163.361892,B2680332,-0.05981,0.01709,0.99805,0.00031,0.0156
1595835163.368038,B2680337,-0.05981,0.01666,0.99805,0.00024,0.0156
1595835163.3722181,B2680342,-0.05975,0.01636,0.99811,0.00018,0.0156
1595835163.377983,B2680347,-0.05975,0.01593,0.99811,0.00012,0.0156
1595835163.3868642,B2680352,-0.05975,0.01563,0.99811,0.00000,0.0156
1595835163.387645,B2680357,0.05975,-0.01532,-0.99811,0.00006,0.0156
1595835163.392451,B2680362,0.05975,-0.01501,-0.99811,0.00018,0.0156
1595835163.3978481,B2680367,0.05975,-0.01477,-0.99811,0.00031,0.0156
1595835163.4030888,B2680372,0.05975,-0.01459,-0.99811,0.00049,0.0156
1595835163.408104,B2680378,0.05981,-0.01447,-0.99811,0.00067,0.0156
1595835163.4145348,B2680383,0.05988,-0.01434,-0.99811,0.00085,0.0156
1595835163.418161,B2680388,0.05994,-0.01428,-0.99811,0.00104,0.0156
1595835163.423001,B2680393,0.06000,-0.01428,-0.99811,0.00128,0.0156
1595835163.428561,B2680398,0.06006,-0.01434,-0.99811,0.00153,0.0156
1595835163.435843,B2680403,0.06018,-0.01440,-0.99811,0.00171,0.0156
1595835163.439175,B2680408,0.06030,-0.01453,-0.99805,0.00201,0.0156
1595835163.4465961,B2680414,0.06049,-0.01471,-0.99805,0.00226,0.0156
1595835163.449569,B2680420,0.06061,-0.01489,-0.99805,0.00256,0.0156
1595835163.454946,B2680425,0.06079,-0.01501,-0.99805,0.00287,0.0156
1595835163.462805,B2680430,0.06097,-0.01520,-0.99805,0.00317,0.0156
1595835163.466445,B2680436,0.06122,-0.01538,-0.99799,0.00348,0.0156
1595835163.471819,B2680441,0.06146,-0.01550,-0.99799,0.00378,0.0156
1595835163.476328,B2680446,0.06171,-0.01563,-0.99799,0.00409,0.0156
1595835163.4810328,B2680451,0.06201,-0.01569,-0.99792,0.00446,0.0156
1595835163.4862661,B2680456,0.06232,-0.01581,-0.99792,0.00482,0.0156
1595835163.4923232,B2680461,0.06256,-0.01581,-0.99792,0.00513,0.0156
1595835163.497047,B2680467,0.06287,-0.01581,-0.99786,0.00549,0.0156
1595835163.502774,B2680472,0.06335,-0.01575,-0.99786,0.00616,0.0156
1595835163.5067992,B2680477,0.06366,-0.01569,-0.99780,0.00653,0.0156
1595835163.512266,B2680482,0.06384,-0.01563,-0.99780,0.00684,0.0156
1595835163.516926,B2680487,0.06409,-0.01550,-0.99780,0.00714,0.0156
1595835163.521788,B2680492,0.06427,-0.01538,-0.99780,0.00751,0.0156
1595835163.52896,B2680497,0.06445,-0.01520,-0.99780,0.00781,0.0156
1595835163.5330281,B2680502,0.06458,-0.01508,-0.99774,0.00812,0.0156
1595835163.537963,B2680507,0.06476,-0.01495,-0.99774,0.00842,0.0156
1595835163.54247,B2680512,0.06482,-0.01477,-0.99774,0.00867,0.0156
1595835163.547424,B2680517,0.06488,-0.01465,-0.99774,0.00891,0.0156
1595835163.552489,B2680522,0.06488,-0.01453,-0.99774,0.00909,0.0156
1595835163.557416,B2680527,0.06482,-0.01440,-0.99774,0.00934,0.0156
1595835163.5629041,B2680532,0.06470,-0.01428,-0.99774,0.00952,0.0156
1595835163.567678,B2680537,0.06458,-0.01416,-0.99774,0.00964,0.0156
1595835163.572761,B2680543,0.06445,-0.01404,-0.99780,0.00983,0.0156
1595835163.578153,B2680548,0.06427,-0.01398,-0.99780,0.00995,0.0156
1595835163.5833972,B2680553,0.06403,-0.01385,-0.99780,0.01007,0.0156
1595835163.588991,B2680559,0.06384,-0.01373,-0.99780,0.01013,0.0156
1595835163.595072,B2680564,0.06360,-0.01361,-0.99780,0.01025,0.0156
1595835163.5997849,B2680570,0.06335,-0.01349,-0.99786,0.01031,0.0156
1595835163.606039,B2680575,0.06317,-0.01343,-0.99786,0.01038,0.0156
1595835163.6126232,B2680580,0.06293,-0.01324,-0.99786,0.01044,0.0156
1595835163.6154728,B2680586,0.06268,-0.01312,-0.99786,0.01050,0.0156
1595835163.6214662,B2680591,0.06244,-0.01294,-0.99792,0.01056,0.0156
1595835163.62604,B2680596,0.06226,-0.01282,-0.99792,0.01062,0.0156
1595835163.631855,B2680601,0.06207,-0.01257,-0.99792,0.01068,0.0156
1595835163.6362271,B2680606,0.06189,-0.01239,-0.99792,0.01074,0.0156
1595835163.641752,B2680612,0.06177,-0.01215,-0.99799,0.01080,0.0156
1595835163.646966,B2680617,0.06152,-0.01172,-0.99799,0.01093,0.0156
1595835163.651977,B2680622,0.06146,-0.01147,-0.99799,0.01093,0.0156
1595835163.65678,B2680627,0.06140,-0.01123,-0.99799,0.01099,0.0156
1595835163.662643,B2680632,0.06134,-0.01093,-0.99799,0.01105,0.0156
1595835163.668426,B2680637,0.06134,-0.01062,-0.99799,0.01111,0.0156
1595835163.672131,B2680642,0.06140,-0.01031,-0.99799,0.01111,0.0156
1595835163.6770828,B2680647,0.06146,-0.01001,-0.99799,0.01117,0.0156
1595835163.6820889,B2680652,0.06152,-0.00964,-0.99799,0.01123,0.0156
1595835163.687128,B2680657,0.06165,-0.00928,-0.99799,0.01123,0.0156
1595835163.695215,B2680663,0.06177,-0.00897,-0.99799,0.01129,0.0156
1595835163.69907,B2680669,0.06195,-0.00861,-0.99799,0.01129,0.0156
1595835163.704627,B2680674,0.06213,-0.00824,-0.99799,0.01135,0.0156
1595835163.710397,B2680680,0.06232,-0.00793,-0.99799,0.01135,0.0156
1595835163.7158709,B2680686,0.06250,-0.00763,-0.99792,0.01141,0.0156
1595835163.720758,B2680691,0.06274,-0.00732,-0.99792,0.01141,0.0156
1595835163.7256918,B2680696,0.06293,-0.00708,-0.99792,0.01141,0.0156
1595835163.731045,B2680701,0.06317,-0.00677,-0.99792,0.01147,0.0156
1595835163.736945,B2680706,0.06335,-0.00659,-0.99792,0.01147,0.0156
1595835163.741378,B2680711,0.06360,-0.00641,-0.99786,0.01147,0.0156
1595835163.747157,B2680716,0.06384,-0.00623,-0.99786,0.01147,0.0156
1595835163.7516491,B2680721,0.06409,-0.00610,-0.99786,0.01147,0.0156
1595835163.756618,B2680726,0.06427,-0.00598,-0.99786,0.01147,0.0156
1595835163.761508,B2680731,0.06445,-0.00586,-0.99786,0.01147,0.0156
1595835163.7668831,B2680737,0.06464,-0.00586,-0.99780,0.01147,0.0156
1595835163.7718341,B2680742,0.06488,-0.00586,-0.99780,0.01141,0.0156
1595835163.779258,B2680747,0.06500,-0.00592,-0.99780,0.01135,0.0156
1595835163.781717,B2680752,0.06512,-0.00598,-0.99780,0.01129,0.0156
1595835163.787445,B2680757,0.06525,-0.00610,-0.99780,0.01129,0.0156
1595835163.791917,B2680762,0.06531,-0.00623,-0.99780,0.01123,0.0156
1595835163.797924,B2680767,0.06543,-0.00641,-0.99780,0.01111,0.0156
1595835163.803815,B2680772,0.06549,-0.00659,-0.99774,0.01105,0.0156
1595835163.8074088,B2680777,0.06561,-0.00677,-0.99774,0.01093,0.0156
1595835163.812109,B2680782,0.06567,-0.00696,-0.99774,0.01086,0.0156
1595835163.819489,B2680787,0.06580,-0.00714,-0.99774,0.01074,0.0156
1595835163.822457,B2680792,0.06592,-0.00732,-0.99774,0.01062,0.0156
1595835163.827874,B2680797,0.06604,-0.00763,-0.99774,0.01044,0.0156
1595835163.833268,B2680802,0.06616,-0.00787,-0.99774,0.01031,0.0156
1595835163.8379881,B2680808,0.06622,-0.00818,-0.99774,0.01019,0.0156
1595835163.8423538,B2680813,0.06628,-0.00854,-0.99774,0.01001,0.0156
1595835163.848125,B2680818,0.06628,-0.00891,-0.99774,0.00989,0.0156
1595835163.854253,B2680823,0.06628,-0.00934,-0.99768,0.00970,0.0156
1595835163.858697,B2680829,0.06628,-0.00977,-0.99768,0.00958,0.0156
1595835163.864683,B2680834,0.06622,-0.01019,-0.99768,0.00940,0.0156
1595835163.871395,B2680840,0.06610,-0.01062,-0.99774,0.00928,0.0156
1595835163.874975,B2680845,0.06598,-0.01099,-0.99774,0.00916,0.0156
1595835163.880289,B2680851,0.06586,-0.01141,-0.99774,0.00903,0.0156
1595835163.8858361,B2680856,0.06573,-0.01178,-0.99774,0.00885,0.0156
1595835163.891325,B2680861,0.06555,-0.01215,-0.99774,0.00873,0.0156
1595835163.8961,B2680866,0.06537,-0.01245,-0.99774,0.00867,0.0156
1595835163.901438,B2680871,0.06519,-0.01276,-0.99774,0.00854,0.0156
1595835163.908067,B2680876,0.06494,-0.01312,-0.99774,0.00848,0.0156
1595835163.911274,B2680882,0.06476,-0.01343,-0.99780,0.00836,0.0156
1595835163.916244,B2680887,0.06458,-0.01373,-0.99780,0.00830,0.0156
1595835163.923431,B2680892,0.06427,-0.01410,-0.99780,0.00824,0.0156
1595835163.927315,B2680897,0.06403,-0.01440,-0.99780,0.00824,0.0156
1595835163.9320781,B2680902,0.06378,-0.01477,-0.99780,0.00818,0.0156
1595835163.936555,B2680907,0.06360,-0.01514,-0.99780,0.00812,0.0156
1595835163.941725,B2680912,0.06335,-0.01550,-0.99786,0.00806,0.0156
1595835163.948524,B2680917,0.06311,-0.01587,-0.99786,0.00806,0.0156
1595835163.952631,B2680922,0.06274,-0.01654,-0.99786,0.00800,0.0156
1595835163.9575748,B2680927,0.06256,-0.01685,-0.99786,0.00800,0.0156
1595835163.962634,B2680932,0.06238,-0.01715,-0.99786,0.00793,0.0156
1595835163.967343,B2680937,0.06226,-0.01740,-0.99786,0.00793,0.0156
1595835163.9721642,B2680942,0.06213,-0.01764,-0.99786,0.00787,0.0156
1595835163.981007,B2680948,0.06201,-0.01782,-0.99786,0.00781,0.0156
1595835163.982322,B2680953,0.06195,-0.01801,-0.99786,0.00781,0.0156
1595835163.989436,B2680958,0.06189,-0.01813,-0.99786,0.00781,0.0156
1595835163.994227,B2680963,0.06189,-0.01819,-0.99786,0.00775,0.0156
1595835163.998115,B2680968,0.06189,-0.01831,-0.99786,0.00775,0.0156
1595835164.007638,B2680974,0.06189,-0.01831,-0.99786,0.00775,0.0156
1595835164.009451,B2680979,0.06189,-0.01837,-0.99786,0.00769,0.0156
1595835164.014483,B2680985,0.06189,-0.01849,-0.99786,0.00769,0.0156
1595835164.020166,B2680990,0.06195,-0.01855,-0.99786,0.00769,0.0156
1595835164.025652,B2680996,0.06195,-0.01868,-0.99786,0.00769,0.0156
1595835164.0313091,B2681001,0.06201,-0.01886,-0.99786,0.00769,0.0156
1595835164.035763,B2681006,0.06201,-0.01904,-0.99786,0.00769,0.0156
1595835164.041557,B2681011,0.06207,-0.01923,-0.99786,0.00763,0.0156
1595835164.046836,B2681016,0.06207,-0.01947,-0.99786,0.00763,0.0156
1595835164.0508318,B2681021,0.06207,-0.01978,-0.99786,0.00763,0.0156
1595835164.056383,B2681026,0.06201,-0.02002,-0.99786,0.00763,0.0156
1595835164.061256,B2681031,0.06201,-0.02032,-0.99786,0.00763,0.0156
1595835164.0663838,B2681036,0.06195,-0.02057,-0.99786,0.00763,0.0156
1595835164.071658,B2681041,0.06183,-0.02087,-0.99786,0.00763,0.0156
1595835164.076498,B2681046,0.06177,-0.02112,-0.99786,0.00763,0.0156
1595835164.081648,B2681052,0.06158,-0.02130,-0.99786,0.00763,0.0156
1595835164.0864189,B2681057,0.06152,-0.02148,-0.99786,0.00763,0.0156
1595835164.091382,B2681062,0.06140,-0.02167,-0.99786,0.00763,0.0156
1595835164.0972428,B2681067,0.06128,-0.02173,-0.99786,0.00763,0.0156
1595835164.102187,B2681072,0.06104,-0.02179,-0.99786,0.00763,0.0156
1595835164.107305,B2681077,0.06097,-0.02173,-0.99786,0.00763,0.0156
1595835164.111786,B2681082,0.06091,-0.02161,-0.99786,0.00763,0.0156
1595835164.117088,B2681087,0.06085,-0.02136,-0.99786,0.00757,0.0156
1595835164.122166,B2681092,0.06085,-0.02112,-0.99792,0.00757,0.0156
1595835164.126957,B2681097,0.06085,-0.02075,-0.99792,0.00751,0.0156
1595835164.132324,B2681102,0.06091,-0.02039,-0.99792,0.00745,0.0156
1595835164.137225,B2681107,0.06104,-0.01990,-0.99792,0.00739,0.0156
1595835164.14269,B2681113,0.06116,-0.01941,-0.99792,0.00726,0.0156
1595835164.147941,B2681118,0.06128,-0.01898,-0.99792,0.00720,0.0156
1595835164.156286,B2681124,0.06140,-0.01849,-0.99792,0.00708,0.0156
1595835164.159285,B2681129,0.06158,-0.01801,-0.99792,0.00696,0.0156
1595835164.166378,B2681135,0.06171,-0.01752,-0.99792,0.00690,0.0156
1595835164.170837,B2681141,0.06183,-0.01715,-0.99792,0.00677,0.0156
1595835164.1754408,B2681146,0.06201,-0.01672,-0.99792,0.00665,0.0156
1595835164.1821592,B2681151,0.06219,-0.01636,-0.99792,0.00653,0.0156
1595835164.1858401,B2681156,0.06238,-0.01599,-0.99792,0.00647,0.0156
1595835164.193357,B2681161,0.06262,-0.01569,-0.99792,0.00635,0.0156
1595835164.196285,B2681167,0.06281,-0.01538,-0.99786,0.00629,0.0156
1595835164.2012951,B2681172,0.06305,-0.01514,-0.99786,0.00623,0.0156
1595835164.207835,B2681177,0.06329,-0.01489,-0.99786,0.00610,0.0156
1595835164.211382,B2681182,0.06354,-0.01471,-0.99786,0.00604,0.0156
1595835164.21667,B2681187,0.06378,-0.01459,-0.99786,0.00598,0.0156
1595835164.225067,B2681192,0.06427,-0.01447,-0.99780,0.00586,0.0156
1595835164.227059,B2681197,0.06451,-0.01447,-0.99780,0.00580,0.0156
1595835164.23229,B2681202,0.06476,-0.01447,-0.99780,0.00574,0.0156
1595835164.236906,B2681207,0.06494,-0.01453,-0.99774,0.00568,0.0156
1595835164.242383,B2681212,0.06525,-0.01459,-0.99774,0.00562,0.0156
1595835164.248333,B2681217,0.06543,-0.01465,-0.99774,0.00549,0.0156
1595835164.25192,B2681222,0.06561,-0.01465,-0.99774,0.00537,0.0156
1595835164.257417,B2681227,0.06586,-0.01471,-0.99768,0.00525,0.0156
1595835164.262033,B2681233,0.06604,-0.01471,-0.99768,0.00513,0.0156
1595835164.26779,B2681238,0.06622,-0.01471,-0.99768,0.00500,0.0156
1595835164.272217,B2681243,0.06635,-0.01471,-0.99768,0.00488,0.0156
1595835164.280211,B2681248,0.06647,-0.01465,-0.99768,0.00470,0.0156
1595835164.282635,B2681253,0.06659,-0.01459,-0.99768,0.00452,0.0156
1595835164.287284,B2681258,0.06665,-0.01453,-0.99768,0.00433,0.0156
1595835164.2925282,B2681263,0.06671,-0.01447,-0.99768,0.00415,0.0156
1595835164.299389,B2681268,0.06671,-0.01440,-0.99768,0.00397,0.0156
1595835164.303662,B2681274,0.06677,-0.01434,-0.99768,0.00378,0.0156
1595835164.3088481,B2681279,0.06677,-0.01428,-0.99768,0.00360,0.0156
1595835164.315673,B2681285,0.06677,-0.01422,-0.99768,0.00342,0.0156
1595835164.319906,B2681290,0.06677,-0.01416,-0.99768,0.00330,0.0156
1595835164.32483,B2681295,0.06677,-0.01416,-0.99768,0.00311,0.0156
1595835164.3301408,B2681301,0.06677,-0.01410,-0.99768,0.00293,0.0156
1595835164.335648,B2681306,0.06677,-0.01410,-0.99768,0.00275,0.0156
1595835164.340401,B2681311,0.06677,-0.01410,-0.99768,0.00262,0.0156
1595835164.345929,B2681316,0.06677,-0.01410,-0.99768,0.00244,0.0156
1595835164.350731,B2681321,0.06677,-0.01416,-0.99768,0.00232,0.0156
1595835164.356929,B2681326,0.06683,-0.01416,-0.99768,0.00220,0.0156
1595835164.3609228,B2681331,0.06689,-0.01422,-0.99768,0.00214,0.0156
1595835164.3675551,B2681337,0.06696,-0.01428,-0.99768,0.00201,0.0156
1595835164.372458,B2681342,0.06702,-0.01434,-0.99762,0.00189,0.0156
1595835164.376275,B2681347,0.06708,-0.01440,-0.99762,0.00183,0.0156
1595835164.383561,B2681352,0.06720,-0.01453,-0.99762,0.00177,0.0156
1595835164.386976,B2681357,0.06744,-0.01465,-0.99762,0.00165,0.0156
1595835164.394849,B2681362,0.06763,-0.01465,-0.99762,0.00159,0.0156
1595835164.399646,B2681367,0.06781,-0.01465,-0.99762,0.00159,0.0156
1595835164.402112,B2681372,0.06799,-0.01459,-0.99756,0.00153,0.0156
1595835164.407945,B2681378,0.06818,-0.01453,-0.99756,0.00153,0.0156
1595835164.413214,B2681383,0.06836,-0.01440,-0.99756,0.00146,0.0156
1595835164.41853,B2681389,0.06848,-0.01422,-0.99756,0.00146,0.0156
1595835164.424313,B2681395,0.06866,-0.01404,-0.99756,0.00140,0.0156
1595835164.429193,B2681400,0.06879,-0.01379,-0.99756,0.00140,0.0156
1595835164.436022,B2681405,0.06891,-0.01355,-0.99750,0.00134,0.0156
1595835164.440304,B2681411,0.06903,-0.01331,-0.99750,0.00134,0.0156
1595835164.4457269,B2681416,0.06915,-0.01300,-0.99750,0.00134,0.0156
1595835164.4513652,B2681421,0.06921,-0.01263,-0.99750,0.00134,0.0156
1595835164.4557939,B2681426,0.06921,-0.01233,-0.99750,0.00134,0.0156
1595835164.46117,B2681431,0.06927,-0.01190,-0.99750,0.00134,0.0156
1595835164.465728,B2681436,0.06927,-0.01154,-0.99756,0.00134,0.0156
1595835164.4707992,B2681441,0.06921,-0.01111,-0.99756,0.00140,0.0156
1595835164.475936,B2681447,0.06921,-0.01062,-0.99756,0.00140,0.0156
1595835164.483328,B2681452,0.06921,-0.01007,-0.99756,0.00146,0.0156
1595835164.487792,B2681457,0.06915,-0.00952,-0.99756,0.00153,0.0156
1595835164.491508,B2681462,0.06915,-0.00897,-0.99756,0.00165,0.0156
1595835164.496545,B2681467,0.06909,-0.00842,-0.99756,0.00177,0.0156
1595835164.501198,B2681472,0.06897,-0.00787,-0.99756,0.00189,0.0156
1595835164.506923,B2681477,0.06879,-0.00757,-0.99762,0.00208,0.0156
1595835164.513134,B2681482,0.06812,-0.00732,-0.99762,0.00244,0.0156
1595835164.5165,B2681487,0.06769,-0.00739,-0.99768,0.00262,0.0156
1595835164.5221329,B2681492,0.06732,-0.00757,-0.99768,0.00287,0.0156
1595835164.52838,B2681497,0.06696,-0.00775,-0.99774,0.00305,0.0156
1595835164.531317,B2681502,0.06665,-0.00793,-0.99774,0.00323,0.0156
1595835164.536618,B2681507,0.06635,-0.00818,-0.99774,0.00342,0.0156
1595835164.5415208,B2681512,0.06610,-0.00842,-0.99774,0.00354,0.0156
1595835164.5476139,B2681517,0.06586,-0.00867,-0.99780,0.00366,0.0156
1595835164.5516748,B2681522,0.06567,-0.00885,-0.99780,0.00378,0.0156
1595835164.5569122,B2681527,0.06549,-0.00903,-0.99780,0.00391,0.0156
1595835164.561898,B2681533,0.06531,-0.00916,-0.99780,0.00397,0.0156
1595835164.567165,B2681538,0.06519,-0.00922,-0.99780,0.00397,0.0156
1595835164.572109,B2681543,0.06506,-0.00922,-0.99780,0.00403,0.0156
1595835164.5775318,B2681548,0.06494,-0.00909,-0.99786,0.00403,0.0156
1595835164.582077,B2681553,0.06488,-0.00885,-0.99786,0.00403,0.0156
1595835164.598347,B2681558,0.06482,-0.00848,-0.99786,0.00409,0.0156
1595835164.5984159,B2681563,0.06476,-0.00812,-0.99786,0.00403,0.0156
1595835164.598426,B2681569,0.06470,-0.00763,-0.99786,0.00403,0.0156
1595835164.618398,B2681575,0.06464,-0.00708,-0.99786,0.00403,0.0156
1595835164.618416,B2681580,0.06458,-0.00659,-0.99786,0.00403,0.0156
1595835164.6184242,B2681585,0.06451,-0.00616,-0.99786,0.00403,0.0156
1595835164.619447,B2681590,0.06439,-0.00574,-0.99792,0.00403,0.0156
1595835164.6246421,B2681595,0.06427,-0.00543,-0.99792,0.00403,0.0156
1595835164.630396,B2681601,0.06415,-0.00519,-0.99792,0.00397,0.0156
1595835164.634861,B2681606,0.06390,-0.00513,-0.99792,0.00397,0.0156
1595835164.660913,B2681611,0.06372,-0.00513,-0.99792,0.00397,0.0156
1595835164.660932,B2681616,0.06354,-0.00519,-0.99799,0.00397,0.0156
1595835164.66094,B2681621,0.06329,-0.00531,-0.99799,0.00397,0.0156
1595835164.660946,B2681626,0.06317,-0.00549,-0.99799,0.00397,0.0156
1595835164.661442,B2681632,0.06299,-0.00580,-0.99799,0.00397,0.0156
1595835164.665754,B2681637,0.06281,-0.00610,-0.99799,0.00397,0.0156
1595835164.671426,B2681642,0.06274,-0.00641,-0.99799,0.00397,0.0156
1595835164.676107,B2681647,0.06262,-0.00677,-0.99799,0.00391,0.0156
1595835164.6815429,B2681652,0.06256,-0.00714,-0.99799,0.00391,0.0156
1595835164.687372,B2681657,0.06256,-0.00751,-0.99799,0.00391,0.0156
1595835164.692294,B2681662,0.06256,-0.00818,-0.99799,0.00378,0.0156
1595835164.6962008,B2681667,0.06262,-0.00848,-0.99799,0.00372,0.0156
1595835164.701807,B2681672,0.06268,-0.00879,-0.99799,0.00366,0.0156
1595835164.70659,B2681677,0.06281,-0.00903,-0.99799,0.00354,0.0156
1595835164.712381,B2681682,0.06287,-0.00922,-0.99799,0.00342,0.0156
1595835164.718665,B2681687,0.06299,-0.00940,-0.99799,0.00330,0.0156
1595835164.721796,B2681692,0.06311,-0.00952,-0.99792,0.00311,0.0156
1595835164.726655,B2681697,0.06329,-0.00958,-0.99792,0.00293,0.0156
1595835164.7315562,B2681702,0.06342,-0.00958,-0.99792,0.00275,0.0156
1595835164.736908,B2681707,0.06354,-0.00952,-0.99792,0.00250,0.0156
1595835164.741845,B2681713,0.06366,-0.00940,-0.99792,0.00232,0.0156
1595835164.747481,B2681718,0.06372,-0.00922,-0.99792,0.00201,0.0156
1595835164.751807,B2681723,0.06378,-0.00903,-0.99792,0.00183,0.0156
1595835164.756809,B2681728,0.06384,-0.00885,-0.99792,0.00153,0.0156
1595835164.763634,B2681733,0.06384,-0.00854,-0.99792,0.00128,0.0156
1595835164.766825,B2681738,0.06384,-0.00830,-0.99792,0.00104,0.0156
1595835164.772841,B2681743,0.06384,-0.00800,-0.99792,0.00079,0.0156
1595835164.7801359,B2681749,0.06378,-0.00775,-0.99792,0.00061,0.0156
1595835164.784606,B2681755,0.06372,-0.00745,-0.99792,0.00037,0.0156
1595835164.7891111,B2681760,0.06360,-0.00726,-0.99792,0.00018,0.0156
1595835164.795813,B2681765,0.06348,-0.00708,-0.99799,0.00000,0.0156
1595835164.8015842,B2681771,-0.06335,0.00690,0.99799,0.00012,0.0156
1595835164.806241,B2681776,-0.06323,0.00677,0.99799,0.00031,0.0156
1595835164.8119192,B2681781,-0.06305,0.00665,0.99799,0.00043,0.0156
1595835164.816577,B2681786,-0.06293,0.00665,0.99799,0.00055,0.0156
1595835164.820388,B2681791,-0.06274,0.00665,0.99799,0.00067,0.0156
1595835164.827374,B2681796,-0.06256,0.00671,0.99805,0.00073,0.0156
1595835164.8305438,B2681801,-0.06244,0.00677,0.99805,0.00079,0.0156
1595835164.8354719,B2681806,-0.06232,0.00690,0.99805,0.00085,0.0156
1595835164.8412402,B2681812,-0.06213,0.00702,0.99805,0.00085,0.0156
1595835164.846454,B2681817,-0.06201,0.00720,0.99805,0.00085,0.0156
1595835164.850718,B2681822,-0.06189,0.00745,0.99805,0.00085,0.0156
1595835164.856618,B2681827,-0.06177,0.00763,0.99805,0.00085,0.0156
1595835164.861405,B2681832,-0.06165,0.00793,0.99805,0.00079,0.0156
1595835164.866903,B2681837,-0.06158,0.00818,0.99805,0.00073,0.0156
1595835164.872192,B2681842,-0.06152,0.00879,0.99805,0.00055,0.0156
1595835164.8763368,B2681847,-0.06158,0.00909,0.99805,0.00049,0.0156
1595835164.8814988,B2681852,-0.06158,0.00940,0.99805,0.00037,0.0156
1595835164.886393,B2681857,-0.06171,0.00977,0.99805,0.00024,0.0156
1595835164.891528,B2681862,-0.06177,0.01007,0.99805,0.00006,0.0156
1595835164.899014,B2681867,0.06189,-0.01038,-0.99805,0.00006,0.0156
1595835164.901524,B2681872,0.06207,-0.01068,-0.99799,0.00024,0.0156
1595835164.907108,B2681877,0.06219,-0.01099,-0.99799,0.00043,0.0156
1595835164.911222,B2681882,0.06238,-0.01123,-0.99799,0.00055,0.0156
1595835164.9163039,B2681887,0.06262,-0.01154,-0.99799,0.00079,0.0156
1595835164.921953,B2681892,0.06281,-0.01172,-0.99799,0.00092,0.0156
1595835164.927587,B2681898,0.06305,-0.01196,-0.99792,0.00110,0.0156
1595835164.9321752,B2681903,0.06329,-0.01221,-0.99792,0.00122,0.0156
1595835164.937545,B2681908,0.06360,-0.01239,-0.99792,0.00134,0.0156
1595835164.942975,B2681913,0.06390,-0.01257,-0.99786,0.00146,0.0156
1595835164.9470232,B2681918,0.06421,-0.01276,-0.99786,0.00153,0.0156
1595835164.954068,B2681924,0.06445,-0.01294,-0.99786,0.00159,0.0156
1595835164.960643,B2681929,0.06476,-0.01306,-0.99780,0.00159,0.0156
1595835164.965755,B2681935,0.06506,-0.01324,-0.99780,0.00159,0.0156
1595835164.9687428,B2681940,0.06531,-0.01343,-0.99780,0.00159,0.0156
1595835164.974765,B2681945,0.06555,-0.01361,-0.99774,0.00153,0.0156
1595835164.982634,B2681951,0.06573,-0.01379,-0.99774,0.00146,0.0156
1595835164.9850109,B2681956,0.06598,-0.01404,-0.99774,0.00140,0.0156
1595835164.990452,B2681961,0.06616,-0.01428,-0.99768,0.00128,0.0156
1595835164.9957602,B2681966,0.06635,-0.01447,-0.99768,0.00122,0.0156
1595835165.000808,B2681971,0.06653,-0.01471,-0.99768,0.00110,0.0156
1595835165.005669,B2681977,0.06665,-0.01495,-0.99768,0.00098,0.0156
1595835165.0108402,B2681981,0.06683,-0.01520,-0.99762,0.00079,0.0156
1595835165.016784,B2681987,0.06689,-0.01538,-0.99762,0.00067,0.0156
1595835165.020406,B2681991,0.06702,-0.01563,-0.99762,0.00055,0.0156
1595835165.025588,B2681996,0.06708,-0.01581,-0.99762,0.00043,0.0156
1595835165.031142,B2682002,0.06714,-0.01599,-0.99762,0.00031,0.0156
1595835165.036365,B2682007,0.06720,-0.01611,-0.99762,0.00018,0.0156
1595835165.040975,B2682012,0.06720,-0.01617,-0.99762,0.00006,0.0156
1595835165.047563,B2682017,-0.06720,0.01624,0.99762,0.00012,0.0156
1595835165.052137,B2682022,-0.06726,0.01630,0.99762,0.00037,0.0156
1595835165.056522,B2682027,-0.06732,0.01624,0.99762,0.00049,0.0156
1595835165.063253,B2682032,-0.06738,0.01617,0.99762,0.00061,0.0156
1595835165.066358,B2682037,-0.06744,0.01611,0.99762,0.00067,0.0156
1595835165.072015,B2682042,-0.06750,0.01605,0.99756,0.00073,0.0156
1595835165.076184,B2682047,-0.06757,0.01611,0.99756,0.00085,0.0156
1595835165.082397,B2682052,-0.06763,0.01617,0.99756,0.00092,0.0156
1595835165.087913,B2682057,-0.06769,0.01636,0.99756,0.00092,0.0156
1595835165.091269,B2682062,-0.06775,0.01654,0.99756,0.00098,0.0156
1595835165.097065,B2682067,-0.06787,0.01672,0.99756,0.00098,0.0156
1595835165.102813,B2682073,-0.06793,0.01697,0.99756,0.00098,0.0156
1595835165.1077151,B2682078,-0.06805,0.01721,0.99756,0.00092,0.0156
1595835165.112843,B2682083,-0.06812,0.01746,0.99750,0.00092,0.0156
1595835165.1174212,B2682088,-0.06818,0.01776,0.99750,0.00085,0.0156
1595835165.124876,B2682093,-0.06824,0.01794,0.99750,0.00079,0.0156
1595835165.127009,B2682098,-0.06830,0.01819,0.99750,0.00073,0.0156
1595835165.132757,B2682104,-0.06830,0.01831,0.99750,0.00067,0.0156
1595835165.141122,B2682109,-0.06830,0.01843,0.99750,0.00061,0.0156
1595835165.144375,B2682115,-0.06836,0.01855,0.99750,0.00049,0.0156
1595835165.148709,B2682120,-0.06830,0.01855,0.99750,0.00043,0.0156
1595835165.154389,B2682125,-0.06830,0.01849,0.99750,0.00037,0.0156
1595835165.1596448,B2682131,-0.06824,0.01843,0.99750,0.00031,0.0156
1595835165.1651342,B2682136,-0.06818,0.01831,0.99750,0.00018,0.0156
1595835165.171057,B2682141,-0.06812,0.01813,0.99750,0.00006,0.0156
1595835165.1752782,B2682146,-0.06812,0.01794,0.99750,0.00000,0.0156
1595835165.180285,B2682152,0.06805,-0.01770,-0.99750,0.00012,0.0156
1595835165.1853068,B2682157,0.06799,-0.01746,-0.99756,0.00018,0.0156
1595835165.193504,B2682162,0.06799,-0.01721,-0.99756,0.00024,0.0156
1595835165.19574,B2682167,0.06799,-0.01703,-0.99756,0.00037,0.0156
1595835165.20063,B2682172,0.06793,-0.01685,-0.99756,0.00043,0.0156
1595835165.2074518,B2682177,0.06793,-0.01666,-0.99756,0.00049,0.0156
1595835165.212173,B2682182,0.06793,-0.01660,-0.99756,0.00055,0.0156
1595835165.218034,B2682187,0.06793,-0.01660,-0.99756,0.00061,0.0156
1595835165.222199,B2682192,0.06793,-0.01666,-0.99756,0.00067,0.0156
1595835165.22773,B2682197,0.06793,-0.01685,-0.99756,0.00067,0.0156
1595835165.231389,B2682203,0.06775,-0.01740,-0.99756,0.00073,0.0156
1595835165.2364008,B2682208,0.06769,-0.01776,-0.99756,0.00073,0.0156
1595835165.248929,B2682213,0.06757,-0.01819,-0.99756,0.00073,0.0156
1595835165.249121,B2682218,0.06750,-0.01855,-0.99756,0.00067,0.0156
1595835165.253168,B2682224,0.06744,-0.01892,-0.99756,0.00067,0.0156
1595835165.259993,B2682229,0.06738,-0.01923,-0.99756,0.00067,0.0156
1595835165.264332,B2682235,0.06738,-0.01941,-0.99756,0.00061,0.0156
1595835165.26963,B2682241,0.06732,-0.01953,-0.99756,0.00055,0.0156
1595835165.276097,B2682246,0.06732,-0.01959,-0.99756,0.00049,0.0156
1595835165.279459,B2682251,0.06732,-0.01953,-0.99756,0.00037,0.0156
1595835165.28476,B2682256,0.06726,-0.01941,-0.99756,0.00031,0.0156
1595835165.2898052,B2682261,0.06726,-0.01923,-0.99756,0.00018,0.0156
1595835165.294793,B2682266,0.06726,-0.01898,-0.99756,0.00006,0.0156
1595835165.3012228,B2682271,-0.06726,0.01868,0.99756,0.00012,0.0156
1595835165.307959,B2682277,-0.06726,0.01837,0.99756,0.00024,0.0156
1595835165.311797,B2682282,-0.06720,0.01801,0.99756,0.00037,0.0156
1595835165.315606,B2682287,-0.06720,0.01764,0.99756,0.00055,0.0156
1595835165.321548,B2682292,-0.06720,0.01727,0.99762,0.00067,0.0156
1595835165.326464,B2682297,-0.06714,0.01685,0.99762,0.00079,0.0156
1595835165.331157,B2682302,-0.06714,0.01642,0.99762,0.00098,0.0156
1595835165.337654,B2682307,-0.06714,0.01605,0.99762,0.00110,0.0156
1595835165.342091,B2682312,-0.06720,0.01520,0.99762,0.00134,0.0156
1595835165.347696,B2682317,-0.06726,0.01483,0.99762,0.00146,0.0156
1595835165.351112,B2682322,-0.06732,0.01447,0.99762,0.00159,0.0156
1595835165.356666,B2682328,-0.06744,0.01404,0.99762,0.00171,0.0156
1595835165.361343,B2682333,-0.06763,0.01373,0.99762,0.00183,0.0156
1595835165.367073,B2682338,-0.06781,0.01343,0.99762,0.00201,0.0156
1595835165.371856,B2682343,-0.06793,0.01312,0.99762,0.00214,0.0156
1595835165.376467,B2682348,-0.06818,0.01288,0.99756,0.00232,0.0156
1595835165.383374,B2682353,-0.06836,0.01270,0.99756,0.00244,0.0156
1595835165.388094,B2682358,-0.06854,0.01257,0.99756,0.00262,0.0156
1595835165.392118,B2682363,-0.06873,0.01251,0.99756,0.00275,0.0156
1595835165.396876,B2682368,-0.06897,0.01245,0.99756,0.00293,0.0156
1595835165.402175,B2682374,-0.06915,0.01245,0.99750,0.00311,0.0156
1595835165.408149,B2682379,-0.06927,0.01245,0.99750,0.00323,0.0156
1595835165.413507,B2682385,-0.06946,0.01251,0.99750,0.00342,0.0156
1595835165.4196951,B2682390,-0.06958,0.01257,0.99750,0.00360,0.0156
1595835165.424287,B2682395,-0.06964,0.01263,0.99750,0.00372,0.0156
1595835165.4296792,B2682401,-0.06976,0.01276,0.99750,0.00391,0.0156
1595835165.434779,B2682406,-0.06982,0.01288,0.99750,0.00403,0.0156
1595835165.4398599,B2682411,-0.06982,0.01306,0.99744,0.00421,0.0156
1595835165.445531,B2682416,-0.06982,0.01318,0.99744,0.00433,0.0156
1595835165.451575,B2682422,-0.06970,0.01337,0.99744,0.00446,0.0156
1595835165.4553752,B2682427,-0.06964,0.01361,0.99750,0.00458,0.0156
1595835165.460643,B2682432,-0.06946,0.01385,0.99750,0.00470,0.0156
1595835165.4680982,B2682437,-0.06909,0.01434,0.99750,0.00488,0.0156
1595835165.471045,B2682442,-0.06891,0.01459,0.99750,0.00494,0.0156
1595835165.476771,B2682447,-0.06860,0.01483,0.99750,0.00500,0.0156
1595835165.481164,B2682452,-0.06836,0.01508,0.99756,0.00507,0.0156
1595835165.486208,B2682457,-0.06812,0.01526,0.99756,0.00513,0.0156
1595835165.4916291,B2682462,-0.06781,0.01550,0.99756,0.00513,0.0156
1595835165.4974651,B2682467,-0.06757,0.01575,0.99756,0.00513,0.0156
1595835165.501212,B2682473,-0.06720,0.01599,0.99762,0.00507,0.0156
1595835165.508072,B2682478,-0.06689,0.01617,0.99762,0.00500,0.0156
1595835165.511181,B2682483,-0.06653,0.01642,0.99762,0.00488,0.0156
1595835165.516217,B2682488,-0.06622,0.01666,0.99768,0.00470,0.0156
1595835165.521748,B2682493,-0.06586,0.01685,0.99768,0.00452,0.0156
1595835165.5306292,B2682498,-0.06549,0.01703,0.99768,0.00433,0.0156
1595835165.531567,B2682503,-0.06519,0.01721,0.99774,0.00409,0.0156
1595835165.536302,B2682508,-0.06488,0.01740,0.99774,0.00378,0.0156
1595835165.541736,B2682513,-0.06451,0.01752,0.99774,0.00354,0.0156
1595835165.5461912,B2682518,-0.06421,0.01770,0.99780,0.00317,0.0156
1595835165.551757,B2682523,-0.06390,0.01788,0.99780,0.00293,0.0156
1595835165.556334,B2682528,-0.06348,0.01819,0.99780,0.00250,0.0156
1595835165.561941,B2682533,-0.06311,0.01843,0.99780,0.00220,0.0156
1595835165.567101,B2682538,-0.06274,0.01874,0.99786,0.00183,0.0156
1595835165.57139,B2682543,-0.06238,0.01910,0.99786,0.00153,0.0156
1595835165.5767958,B2682548,-0.06195,0.01953,0.99786,0.00116,0.0156
1595835165.583349,B2682554,-0.06152,0.01996,0.99792,0.00085,0.0156
1595835165.588414,B2682559,-0.06116,0.02045,0.99792,0.00055,0.0156
1595835165.594072,B2682565,-0.06073,0.02094,0.99792,0.00024,0.0156
1595835165.598707,B2682570,-0.06024,0.02148,0.99792,0.00000,0.0156
1595835165.6040692,B2682575,0.05988,-0.02191,-0.99799,0.00024,0.0156
1595835165.6122088,B2682581,0.05945,-0.02240,-0.99799,0.00049,0.0156
1595835165.6149492,B2682586,0.05902,-0.02289,-0.99799,0.00067,0.0156
1595835165.6207922,B2682591,0.05859,-0.02338,-0.99799,0.00092,0.0156
1595835165.625004,B2682596,0.05823,-0.02380,-0.99805,0.00110,0.0156
1595835165.630382,B2682602,0.05786,-0.02417,-0.99805,0.00128,0.0156
1595835165.6380339,B2682607,0.05762,-0.02448,-0.99805,0.00140,0.0156
1595835165.641233,B2682612,0.05731,-0.02478,-0.99805,0.00153,0.0156
1595835165.645728,B2682617,0.05688,-0.02527,-0.99805,0.00177,0.0156
1595835165.650972,B2682622,0.05664,-0.02545,-0.99805,0.00183,0.0156
1595835165.656399,B2682627,0.05640,-0.02576,-0.99805,0.00195,0.0156
1595835165.661442,B2682633,0.05603,-0.02612,-0.99811,0.00201,0.0156
1595835165.666917,B2682638,0.05579,-0.02643,-0.99811,0.00208,0.0156
1595835165.671614,B2682643,0.05548,-0.02679,-0.99811,0.00214,0.0156
1595835165.6763241,B2682648,0.05524,-0.02716,-0.99811,0.00220,0.0156
1595835165.683038,B2682653,0.05505,-0.02747,-0.99811,0.00226,0.0156
1595835165.688413,B2682658,0.05493,-0.02771,-0.99811,0.00232,0.0156
1595835165.691888,B2682663,0.05487,-0.02795,-0.99811,0.00238,0.0156
1595835165.697108,B2682669,0.05487,-0.02808,-0.99811,0.00244,0.0156
1595835165.704339,B2682674,0.05487,-0.02814,-0.99811,0.00244,0.0156
1595835165.708744,B2682680,0.05499,-0.02814,-0.99811,0.00250,0.0156
1595835165.71397,B2682685,0.05511,-0.02808,-0.99811,0.00250,0.0156
1595835165.7205849,B2682691,0.05524,-0.02795,-0.99811,0.00256,0.0156
1595835165.7251542,B2682696,0.05542,-0.02777,-0.99805,0.00256,0.0156
1595835165.730428,B2682702,0.05566,-0.02740,-0.99805,0.00256,0.0156
1595835165.736186,B2682707,0.05585,-0.02704,-0.99805,0.00256,0.0156
1595835165.740185,B2682712,0.05615,-0.02643,-0.99805,0.00262,0.0156
1595835165.7457979,B2682717,0.05646,-0.02582,-0.99805,0.00262,0.0156
1595835165.754067,B2682722,0.05676,-0.02502,-0.99805,0.00269,0.0156
1595835165.757937,B2682727,0.05707,-0.02429,-0.99805,0.00275,0.0156
1595835165.761465,B2682732,0.05731,-0.02344,-0.99805,0.00281,0.0156
1595835165.7660291,B2682737,0.05756,-0.02264,-0.99811,0.00287,0.0156
1595835165.7721422,B2682742,0.05780,-0.02197,-0.99811,0.00293,0.0156
1595835165.7755048,B2682747,0.05798,-0.02124,-0.99811,0.00305,0.0156
1595835165.782773,B2682752,0.05817,-0.02063,-0.99811,0.00311,0.0156
1595835165.785929,B2682757,0.05829,-0.02020,-0.99811,0.00323,0.0156
1595835165.790842,B2682762,0.05859,-0.01959,-0.99811,0.00342,0.0156
1595835165.800222,B2682768,0.05872,-0.01941,-0.99811,0.00348,0.0156
1595835165.8010461,B2682773,0.05884,-0.01935,-0.99805,0.00354,0.0156
1595835165.8068962,B2682778,0.05896,-0.01935,-0.99805,0.00366,0.0156
1595835165.8116338,B2682783,0.05914,-0.01929,-0.99805,0.00372,0.0156
1595835165.817003,B2682789,0.05933,-0.01929,-0.99805,0.00385,0.0156
1595835165.8237922,B2682794,0.05951,-0.01917,-0.99805,0.00391,0.0156
1595835165.829461,B2682800,0.05975,-0.01904,-0.99805,0.00397,0.0156
1595835165.833191,B2682805,0.06000,-0.01886,-0.99799,0.00403,0.0156
1595835165.839385,B2682810,0.06030,-0.01855,-0.99799,0.00409,0.0156
1595835165.843925,B2682816,0.06055,-0.01825,-0.99799,0.00409,0.0156
1595835165.849776,B2682821,0.06085,-0.01782,-0.99799,0.00415,0.0156
1595835165.854761,B2682826,0.06110,-0.01740,-0.99799,0.00415,0.0156
1595835165.859324,B2682831,0.06134,-0.01691,-0.99799,0.00421,0.0156
1595835165.864897,B2682837,0.06158,-0.01648,-0.99799,0.00421,0.0156
1595835165.8709362,B2682842,0.06177,-0.01599,-0.99792,0.00421,0.0156
1595835165.8763862,B2682847,0.06189,-0.01556,-0.99792,0.00421,0.0156
1595835165.8832698,B2682852,0.06213,-0.01453,-0.99792,0.00427,0.0156
1595835165.886693,B2682857,0.06219,-0.01398,-0.99792,0.00427,0.0156
1595835165.8923059,B2682862,0.06232,-0.01349,-0.99799,0.00433,0.0156
1595835165.898391,B2682868,0.06232,-0.01288,-0.99799,0.00433,0.0156
1595835165.9009879,B2682873,0.06238,-0.01233,-0.99799,0.00439,0.0157
1595835165.907295,B2682878,0.06238,-0.01178,-0.99799,0.00446,0.0157
1595835165.914419,B2682883,0.06238,-0.01135,-0.99799,0.00452,0.0157
1595835165.917948,B2682888,0.06232,-0.01074,-0.99799,0.00464,0.0156
1595835165.922294,B2682893,0.06232,-0.01025,-0.99799,0.00470,0.0157
1595835165.9264991,B2682898,0.06226,-0.00977,-0.99799,0.00482,0.0157
1595835165.931725,B2682903,0.06219,-0.00934,-0.99799,0.00494,0.0157
1595835165.938147,B2682908,0.06219,-0.00885,-0.99799,0.00513,0.0157
1595835165.9427562,B2682914,0.06213,-0.00842,-0.99805,0.00525,0.0157
1595835165.948371,B2682919,0.06213,-0.00806,-0.99805,0.00537,0.0157
1595835165.953248,B2682925,0.06213,-0.00769,-0.99805,0.00549,0.0157
1595835165.9590652,B2682930,0.06219,-0.00739,-0.99805,0.00562,0.0157
1595835165.964285,B2682936,0.06219,-0.00714,-0.99805,0.00574,0.0157
1595835165.970747,B2682941,0.06219,-0.00702,-0.99805,0.00592,0.0157
1595835165.974751,B2682946,0.06219,-0.00690,-0.99805,0.00604,0.0157
1595835165.980326,B2682951,0.06219,-0.00690,-0.99805,0.00616,0.0157
1595835165.985137,B2682957,0.06219,-0.00690,-0.99805,0.00629,0.0157
1595835165.9907358,B2682962,0.06219,-0.00702,-0.99805,0.00641,0.0157
1595835165.99549,B2682967,0.06219,-0.00720,-0.99805,0.00659,0.0157
1595835166.0004852,B2682972,0.06219,-0.00751,-0.99799,0.00671,0.0157
1595835166.006115,B2682977,0.06226,-0.00818,-0.99799,0.00696,0.0156
1595835166.0116029,B2682983,0.06232,-0.00854,-0.99799,0.00708,0.0157
1595835166.0164669,B2682988,0.06238,-0.00903,-0.99799,0.00720,0.0156
1595835166.021274,B2682993,0.06256,-0.00958,-0.99799,0.00732,0.0157
1595835166.026209,B2682998,0.06268,-0.01007,-0.99792,0.00739,0.0157
1595835166.031948,B2683003,0.06287,-0.01062,-0.99792,0.00751,0.0157
1595835166.03664,B2683008,0.06305,-0.01111,-0.99792,0.00757,0.0157
1595835166.0424252,B2683013,0.06323,-0.01172,-0.99792,0.00757,0.0157
1595835166.047113,B2683018,0.06342,-0.01227,-0.99786,0.00757,0.0157
1595835166.052791,B2683024,0.06360,-0.01282,-0.99786,0.00757,0.0157
1595835166.0580878,B2683029,0.06378,-0.01337,-0.99786,0.00757,0.0157
1595835166.064039,B2683035,0.06396,-0.01392,-0.99780,0.00751,0.0157
1595835166.069439,B2683040,0.06415,-0.01440,-0.99780,0.00745,0.0157
1595835166.0746932,B2683046,0.06427,-0.01483,-0.99780,0.00732,0.0157
1595835166.0797598,B2683051,0.06445,-0.01526,-0.99780,0.00726,0.0157
1595835166.084363,B2683056,0.06458,-0.01569,-0.99774,0.00714,0.0157
1595835166.089855,B2683062,0.06470,-0.01611,-0.99774,0.00696,0.0157
1595835166.09482,B2683067,0.06476,-0.01648,-0.99774,0.00684,0.0157
1595835166.099852,B2683072,0.06488,-0.01685,-0.99774,0.00665,0.0157
1595835166.106963,B2683077,0.06494,-0.01721,-0.99774,0.00647,0.0157
1595835166.110882,B2683082,0.06494,-0.01758,-0.99774,0.00623,0.0157
1595835166.115173,B2683087,0.06500,-0.01782,-0.99768,0.00604,0.0157
1595835166.120221,B2683092,0.06506,-0.01813,-0.99768,0.00580,0.0157
1595835166.125249,B2683097,0.06512,-0.01837,-0.99768,0.00562,0.0157
1595835166.131615,B2683102,0.06512,-0.01862,-0.99768,0.00537,0.0157
1595835166.1359549,B2683107,0.06519,-0.01880,-0.99768,0.00513,0.0157
1595835166.142953,B2683112,0.06525,-0.01898,-0.99768,0.00488,0.0157
1595835166.1462772,B2683118,0.06531,-0.01917,-0.99768,0.00470,0.0157
1595835166.151082,B2683123,0.06543,-0.01953,-0.99768,0.00427,0.0157
1595835166.156259,B2683128,0.06549,-0.01971,-0.99762,0.00409,0.0157
1595835166.161759,B2683133,0.06561,-0.01990,-0.99762,0.00391,0.0157
1595835166.166425,B2683138,0.06573,-0.02008,-0.99762,0.00372,0.0157
1595835166.171502,B2683143,0.06586,-0.02026,-0.99762,0.00360,0.0157
1595835166.1774871,B2683149,0.06604,-0.02051,-0.99762,0.00348,0.0157
1595835166.1830652,B2683154,0.06616,-0.02075,-0.99756,0.00336,0.0157
1595835166.188722,B2683160,0.06628,-0.02118,-0.99756,0.00323,0.0157
1595835166.1934001,B2683165,0.06635,-0.02167,-0.99756,0.00317,0.0157
1595835166.199807,B2683171,0.06641,-0.02222,-0.99756,0.00305,0.0157
1595835166.206461,B2683176,0.06653,-0.02277,-0.99750,0.00293,0.0157
1595835166.2107499,B2683181,0.06665,-0.02332,-0.99750,0.00281,0.0157
1595835166.214398,B2683186,0.06696,-0.02374,-0.99750,0.00275,0.0157
1595835166.219367,B2683191,0.06732,-0.02399,-0.99744,0.00262,0.0157
1595835166.224735,B2683197,0.06775,-0.02411,-0.99744,0.00250,0.0157
1595835166.229967,B2683202,0.06812,-0.02405,-0.99738,0.00238,0.0157
1595835166.235987,B2683207,0.06848,-0.02399,-0.99738,0.00226,0.0157
1595835166.240274,B2683212,0.06885,-0.02380,-0.99731,0.00214,0.0157
1595835166.2452962,B2683217,0.06921,-0.02356,-0.99731,0.00195,0.0157
1595835166.250901,B2683222,0.06952,-0.02325,-0.99731,0.00183,0.0157
1595835166.255208,B2683227,0.06982,-0.02295,-0.99731,0.00171,0.0157
1595835166.260107,B2683232,0.07013,-0.02258,-0.99725,0.00153,0.0157
1595835166.26542,B2683237,0.07043,-0.02216,-0.99725,0.00140,0.0157
1595835166.271157,B2683243,0.07074,-0.02173,-0.99725,0.00128,0.0157
1595835166.275624,B2683248,0.07141,-0.02075,-0.99725,0.00092,0.0157
1595835166.280776,B2683253,0.07178,-0.02026,-0.99719,0.00079,0.0157
1595835166.286151,B2683258,0.07208,-0.01984,-0.99719,0.00061,0.0157
1595835166.2916632,B2683263,0.07239,-0.01953,-0.99719,0.00049,0.0157
1595835166.296329,B2683268,0.07269,-0.01923,-0.99719,0.00031,0.0157
1595835166.301853,B2683273,0.07294,-0.01904,-0.99713,0.00012,0.0157
1595835166.3065221,B2683278,0.07312,-0.01904,-0.99713,0.00000,0.0157
1595835166.312174,B2683283,-0.07330,0.01917,0.99713,0.00012,0.0157
1595835166.316415,B2683288,-0.07343,0.01935,0.99713,0.00031,0.0157
1595835166.3216178,B2683294,-0.07349,0.01971,0.99713,0.00043,0.0157
1595835166.327646,B2683299,-0.07355,0.02008,0.99707,0.00055,0.0157
1595835166.333382,B2683305,-0.07355,0.02057,0.99707,0.00061,0.0157
1595835166.337993,B2683310,-0.07361,0.02106,0.99707,0.00073,0.0157
1595835166.343592,B2683315,-0.07361,0.02155,0.99707,0.00079,0.0157
1595835166.348848,B2683321,-0.07361,0.02197,0.99707,0.00085,0.0157
1595835166.354744,B2683326,-0.07367,0.02240,0.99701,0.00092,0.0157
1595835166.359823,B2683331,-0.07373,0.02277,0.99701,0.00098,0.0157
1595835166.365796,B2683336,-0.07379,0.02301,0.99701,0.00104,0.0157
1595835166.369741,B2683342,-0.07385,0.02325,0.99701,0.00110,0.0157
1595835166.376458,B2683347,-0.07391,0.02338,0.99701,0.00110,0.0157
1595835166.3800478,B2683352,-0.07404,0.02344,0.99701,0.00116,0.0157
1595835166.3854778,B2683357,-0.07410,0.02338,0.99695,0.00116,0.0157
1595835166.390173,B2683362,-0.07410,0.02325,0.99701,0.00116,0.0157
1595835166.3965151,B2683367,-0.07404,0.02307,0.99701,0.00116,0.0157
1595835166.400108,B2683372,-0.07404,0.02283,0.99701,0.00116,0.0157
1595835166.4079082,B2683377,-0.07397,0.02252,0.99701,0.00116,0.0157
1595835166.4111512,B2683382,-0.07391,0.02216,0.99701,0.00116,0.0157
1595835166.41654,B2683387,-0.07385,0.02179,0.99701,0.00116,0.0157
1595835166.421429,B2683392,-0.07379,0.02124,0.99707,0.00116,0.0157
1595835166.426215,B2683398,-0.07373,0.02075,0.99707,0.00122,0.0157
1595835166.431336,B2683403,-0.07367,0.02026,0.99707,0.00122,0.0157
1595835166.435851,B2683408,-0.07367,0.01965,0.99707,0.00128,0.0157
1595835166.44099,B2683413,-0.07361,0.01904,0.99713,0.00134,0.0157
1595835166.4463859,B2683418,-0.07361,0.01849,0.99713,0.00134,0.0157
1595835166.452221,B2683423,-0.07361,0.01794,0.99713,0.00146,0.0157
1595835166.45572,B2683428,-0.07361,0.01727,0.99713,0.00153,0.0157
1595835166.460876,B2683433,-0.07361,0.01672,0.99713,0.00165,0.0157
1595835166.465836,B2683438,-0.07361,0.01617,0.99713,0.00177,0.0157
1595835166.471294,B2683443,-0.07361,0.01575,0.99713,0.00189,0.0157
1595835166.475816,B2683448,-0.07361,0.01526,0.99719,0.00201,0.0157
1595835166.480769,B2683453,-0.07361,0.01483,0.99719,0.00214,0.0157
1595835166.486054,B2683458,-0.07355,0.01440,0.99719,0.00232,0.0157
1595835166.490999,B2683463,-0.07355,0.01404,0.99719,0.00244,0.0157
1595835166.4961731,B2683468,-0.07349,0.01367,0.99719,0.00262,0.0157
1595835166.501738,B2683474,-0.07349,0.01337,0.99719,0.00275,0.0157
1595835166.507246,B2683479,-0.07343,0.01312,0.99719,0.00293,0.0157
1595835166.5132108,B2683485,-0.07343,0.01288,0.99719,0.00311,0.0157
1595835166.518315,B2683490,-0.07336,0.01263,0.99719,0.00323,0.0157
1595835166.523312,B2683495,-0.07336,0.01251,0.99719,0.00342,0.0157
1595835166.529482,B2683501,-0.07336,0.01233,0.99725,0.00354,0.0157
1595835166.535784,B2683506,-0.07330,0.01221,0.99725,0.00366,0.0157
1595835166.539077,B2683511,-0.07330,0.01208,0.99725,0.00385,0.0157
1595835166.544548,B2683516,-0.07324,0.01202,0.99725,0.00391,0.0157
1595835166.549997,B2683522,-0.07324,0.01202,0.99725,0.00403,0.0157
1595835166.555394,B2683527,-0.07318,0.01202,0.99725,0.00409,0.0157
1595835166.5599842,B2683532,-0.07312,0.01202,0.99725,0.00415,0.0157
1595835166.565284,B2683537,-0.07306,0.01202,0.99725,0.00427,0.0157
1595835166.570096,B2683542,-0.07300,0.01202,0.99725,0.00427,0.0157
1595835166.57526,B2683547,-0.07294,0.01202,0.99725,0.00427,0.0157
1595835166.5814981,B2683552,-0.07288,0.01202,0.99725,0.00427,0.0157
1595835166.585196,B2683557,-0.07288,0.01202,0.99725,0.00421,0.0157
1595835166.590454,B2683563,-0.07281,0.01208,0.99725,0.00415,0.0157
1595835166.595289,B2683568,-0.07275,0.01208,0.99725,0.00409,0.0157
1595835166.6004639,B2683573,-0.07263,0.01215,0.99725,0.00397,0.0157
1595835166.605788,B2683578,-0.07257,0.01221,0.99725,0.00391,0.0157
1595835166.610658,B2683583,-0.07251,0.01227,0.99731,0.00378,0.0157
1595835166.615996,B2683588,-0.07245,0.01233,0.99731,0.00366,0.0157
1595835166.620762,B2683593,-0.07239,0.01245,0.99731,0.00354,0.0157
1595835166.627433,B2683598,-0.07227,0.01257,0.99731,0.00342,0.0157
1595835166.630629,B2683603,-0.07214,0.01276,0.99731,0.00330,0.0157
1595835166.6358988,B2683608,-0.07202,0.01294,0.99731,0.00317,0.0157
1595835166.640723,B2683613,-0.07190,0.01312,0.99731,0.00305,0.0157
1595835166.646069,B2683618,-0.07172,0.01331,0.99731,0.00293,0.0157
1595835166.650955,B2683623,-0.07153,0.01355,0.99731,0.00287,0.0157
1595835166.656031,B2683628,-0.07135,0.01379,0.99738,0.00275,0.0157
1595835166.661081,B2683633,-0.07111,0.01404,0.99738,0.00269,0.0157
1595835166.6666272,B2683638,-0.07092,0.01428,0.99738,0.00262,0.0157
1595835166.670899,B2683643,-0.07068,0.01447,0.99738,0.00256,0.0157
1595835166.676181,B2683648,-0.07043,0.01471,0.99738,0.00250,0.0156
1595835166.6822941,B2683654,-0.07025,0.01489,0.99744,0.00250,0.0157
1595835166.688429,B2683660,-0.07001,0.01508,0.99744,0.00250,0.0157
1595835166.6928298,B2683665,-0.06976,0.01520,0.99744,0.00250,0.0156
1595835166.6989162,B2683670,-0.06952,0.01532,0.99744,0.00250,0.0157
1595835166.703809,B2683675,-0.06927,0.01544,0.99750,0.00256,0.0157
1595835166.7090602,B2683681,-0.06897,0.01556,0.99750,0.00256,0.0156
1595835166.713943,B2683686,-0.06866,0.01563,0.99750,0.00262,0.0156
1595835166.719049,B2683691,-0.06830,0.01569,0.99756,0.00269,0.0156
1595835166.724071,B2683697,-0.06799,0.01575,0.99756,0.00269,0.0157
1595835166.730242,B2683702,-0.06763,0.01575,0.99756,0.00275,0.0157
1595835166.734806,B2683707,-0.06738,0.01575,0.99762,0.00275,0.0157
1595835166.739794,B2683712,-0.06702,0.01569,0.99762,0.00275,0.0156
1595835166.744879,B2683717,-0.06641,0.01569,0.99768,0.00275,0.0156
1595835166.750918,B2683722,-0.06604,0.01581,0.99768,0.00269,0.0157
1595835166.755152,B2683727,-0.06549,0.01605,0.99774,0.00262,0.0156
1595835166.759906,B2683732,-0.06488,0.01648,0.99774,0.00250,0.0157
1595835166.765014,B2683737,-0.06427,0.01703,0.99780,0.00244,0.0157
1595835166.770252,B2683742,-0.06366,0.01764,0.99780,0.00232,0.0157
1595835166.775172,B2683747,-0.06311,0.01819,0.99786,0.00220,0.0157
1595835166.7803771,B2683753,-0.06256,0.01886,0.99786,0.00208,0.0157
1595835166.7852569,B2683758,-0.06207,0.01935,0.99786,0.00195,0.0157
1595835166.7904692,B2683763,-0.06171,0.01978,0.99792,0.00183,0.0157
1595835166.7957811,B2683768,-0.06128,0.02020,0.99792,0.00165,0.0157
1595835166.8006148,B2683773,-0.06097,0.02051,0.99792,0.00159,0.0157
1595835166.80532,B2683778,-0.06073,0.02075,0.99792,0.00146,0.0157
1595835166.810276,B2683783,-0.06049,0.02094,0.99792,0.00140,0.0157
1595835166.8158998,B2683788,-0.06030,0.02106,0.99799,0.00128,0.0157
1595835166.8204749,B2683793,-0.06018,0.02112,0.99799,0.00116,0.0157
1595835166.825349,B2683798,-0.06018,0.02100,0.99799,0.00110,0.0157
1595835166.8307211,B2683803,-0.06018,0.02087,0.99799,0.00098,0.0157
1595835166.8355358,B2683808,-0.06018,0.02057,0.99799,0.00092,0.0157
1595835166.84059,B2683813,-0.06024,0.02026,0.99799,0.00085,0.0157
1595835166.845925,B2683818,-0.06030,0.01990,0.99799,0.00073,0.0157
1595835166.851646,B2683823,-0.06036,0.01953,0.99799,0.00061,0.0157
1595835166.855615,B2683828,-0.06049,0.01910,0.99799,0.00049,0.0157
1595835166.8603861,B2683833,-0.06061,0.01874,0.99799,0.00037,0.0157
1595835166.867075,B2683838,-0.06067,0.01849,0.99799,0.00018,0.0157
1595835166.87243,B2683843,-0.06079,0.01825,0.99799,0.00000,0.0157
1595835166.875807,B2683848,0.06085,-0.01813,-0.99799,0.00018,0.0157
1595835166.8831859,B2683853,0.06085,-0.01813,-0.99799,0.00037,0.0157
1595835166.887095,B2683858,0.06091,-0.01819,-0.99799,0.00055,0.0157
1595835166.890858,B2683863,0.06091,-0.01825,-0.99799,0.00067,0.0157
1595835166.896754,B2683868,0.06097,-0.01843,-0.99799,0.00085,0.0157
1595835166.901118,B2683873,0.06104,-0.01862,-0.99799,0.00104,0.0157
1595835166.905899,B2683878,0.06116,-0.01880,-0.99792,0.00116,0.0157
1595835166.911511,B2683883,0.06128,-0.01892,-0.99792,0.00128,0.0157
1595835166.917253,B2683889,0.06146,-0.01904,-0.99792,0.00140,0.0157
1595835166.92241,B2683895,0.06171,-0.01910,-0.99792,0.00146,0.0157
1595835166.929276,B2683900,0.06195,-0.01910,-0.99792,0.00146,0.0157
1595835166.933182,B2683905,0.06219,-0.01904,-0.99786,0.00146,0.0157
1595835166.938622,B2683911,0.06250,-0.01892,-0.99786,0.00146,0.0157
1595835166.943425,B2683916,0.06274,-0.01874,-0.99786,0.00146,0.0157
1595835166.9485078,B2683921,0.06305,-0.01855,-0.99786,0.00140,0.0157
1595835166.9539158,B2683926,0.06329,-0.01831,-0.99780,0.00134,0.0157
1595835166.960433,B2683931,0.06354,-0.01807,-0.99780,0.00122,0.0157
1595835166.965371,B2683937,0.06384,-0.01770,-0.99780,0.00110,0.0157
1595835166.969731,B2683942,0.06403,-0.01733,-0.99780,0.00098,0.0157
1595835166.976748,B2683947,0.06421,-0.01691,-0.99780,0.00085,0.0157
1595835166.9798982,B2683952,0.06439,-0.01648,-0.99780,0.00067,0.0157
1595835166.984454,B2683957,0.06451,-0.01593,-0.99780,0.00043,0.0157
1595835166.990439,B2683962,0.06464,-0.01538,-0.99780,0.00024,0.0157
1595835166.994546,B2683967,0.06476,-0.01489,-0.99780,0.00006,0.0157
1595835167.0000331,B2683972,-0.06488,0.01428,0.99780,0.00018,0.0157
1595835167.004742,B2683977,-0.06494,0.01373,0.99780,0.00043,0.0157
1595835167.009994,B2683982,-0.06500,0.01324,0.99780,0.00067,0.0157
1595835167.014832,B2683987,-0.06500,0.01282,0.99780,0.00085,0.0157
1595835167.019726,B2683992,-0.06500,0.01233,0.99780,0.00110,0.0157
1595835167.02527,B2683997,-0.06506,0.01190,0.99780,0.00128,0.0157
1595835167.031554,B2684002,-0.06506,0.01147,0.99780,0.00153,0.0157
1595835167.034867,B2684007,-0.06506,0.01117,0.99780,0.00165,0.0157
1595835167.0397599,B2684012,-0.06506,0.01080,0.99780,0.00189,0.0157
1595835167.047719,B2684018,-0.06506,0.01056,0.99780,0.00201,0.0157
1595835167.053561,B2684023,-0.06500,0.01013,0.99780,0.00226,0.0157
1595835167.055247,B2684028,-0.06500,0.00995,0.99786,0.00238,0.0157
1595835167.062433,B2684033,-0.06494,0.00983,0.99786,0.00250,0.0157
1595835167.066831,B2684038,-0.06488,0.00977,0.99786,0.00256,0.0157
1595835167.071754,B2684043,-0.06488,0.00977,0.99786,0.00256,0.0157
1595835167.076535,B2684048,-0.06482,0.00977,0.99786,0.00262,0.0157
1595835167.080863,B2684053,-0.06482,0.00977,0.99786,0.00269,0.0157
1595835167.085749,B2684058,-0.06482,0.00983,0.99786,0.00269,0.0157
1595835167.090503,B2684063,-0.06488,0.00989,0.99786,0.00262,0.0157
1595835167.09567,B2684068,-0.06494,0.01001,0.99786,0.00262,0.0157
1595835167.100745,B2684073,-0.06500,0.01013,0.99780,0.00262,0.0157
1595835167.105879,B2684078,-0.06512,0.01031,0.99780,0.00256,0.0157
1595835167.114479,B2684083,-0.06525,0.01050,0.99780,0.00250,0.0157
1595835167.115781,B2684088,-0.06537,0.01068,0.99780,0.00250,0.0157
1595835167.1207721,B2684093,-0.06549,0.01093,0.99780,0.00244,0.0157
1595835167.126839,B2684098,-0.06561,0.01105,0.99780,0.00244,0.0157
1595835167.130733,B2684103,-0.06580,0.01123,0.99774,0.00238,0.0157
1595835167.1357179,B2684108,-0.06592,0.01135,0.99774,0.00238,0.0157
1595835167.141592,B2684113,-0.06610,0.01141,0.99774,0.00238,0.0157
1595835167.145962,B2684118,-0.06622,0.01147,0.99774,0.00238,0.0157
1595835167.1535308,B2684124,-0.06635,0.01147,0.99774,0.00238,0.0157
1595835167.1578062,B2684130,-0.06653,0.01154,0.99774,0.00244,0.0157
1595835167.1624691,B2684135,-0.06665,0.01147,0.99768,0.00250,0.0157
1595835167.1681652,B2684140,-0.06677,0.01147,0.99768,0.00262,0.0157
1595835167.173614,B2684146,-0.06689,0.01154,0.99768,0.00275,0.0157
1595835167.1790562,B2684151,-0.06702,0.01154,0.99768,0.00287,0.0157
1595835167.1846468,B2684156,-0.06714,0.01160,0.99768,0.00299,0.0157
1595835167.189336,B2684161,-0.06720,0.01172,0.99768,0.00317,0.0157
1595835167.19598,B2684167,-0.06726,0.01184,0.99768,0.00336,0.0157
1595835167.1998222,B2684172,-0.06732,0.01202,0.99768,0.00354,0.0157
1595835167.205369,B2684177,-0.06738,0.01227,0.99762,0.00372,0.0157
1595835167.210751,B2684182,-0.06744,0.01257,0.99762,0.00397,0.0157
1595835167.214675,B2684187,-0.06744,0.01294,0.99762,0.00415,0.0157
1595835167.220565,B2684192,-0.06744,0.01337,0.99762,0.00439,0.0157
1595835167.225054,B2684198,-0.06750,0.01373,0.99762,0.00458,0.0157
1595835167.230068,B2684203,-0.06763,0.01447,0.99762,0.00494,0.0157
1595835167.236073,B2684208,-0.06769,0.01483,0.99756,0.00519,0.0158
1595835167.2403681,B2684213,-0.06781,0.01514,0.99756,0.00537,0.0158
1595835167.24655,B2684218,-0.06787,0.01538,0.99756,0.00549,0.0158
1595835167.251724,B2684223,-0.06799,0.01569,0.99756,0.00568,0.0158
1595835167.257716,B2684228,-0.06818,0.01599,0.99756,0.00586,0.0158
1595835167.2612338,B2684233,-0.06836,0.01624,0.99750,0.00598,0.0158
1595835167.26723,B2684238,-0.06854,0.01654,0.99750,0.00616,0.0158
1595835167.270514,B2684243,-0.06879,0.01678,0.99750,0.00629,0.0158
1595835167.2831638,B2684249,-0.06903,0.01703,0.99744,0.00641,0.0158
1595835167.2832599,B2684255,-0.06927,0.01721,0.99744,0.00653,0.0158
1595835167.287408,B2684260,-0.06964,0.01740,0.99738,0.00665,0.0158
1595835167.2928262,B2684265,-0.06995,0.01758,0.99738,0.00677,0.0158
1595835167.303205,B2684271,-0.07031,0.01776,0.99731,0.00684,0.0158
1595835167.304139,B2684276,-0.07068,0.01788,0.99731,0.00696,0.0158
1595835167.3089411,B2684281,-0.07104,0.01807,0.99725,0.00702,0.0158
1595835167.320734,B2684286,-0.07141,0.01825,0.99725,0.00708,0.0158
1595835167.320755,B2684291,-0.07178,0.01862,0.99719,0.00714,0.0158
1595835167.324925,B2684297,-0.07202,0.01910,0.99719,0.00714,0.0158
1595835167.329437,B2684302,-0.07220,0.01965,0.99719,0.00720,0.0158
1595835167.3355231,B2684307,-0.07227,0.02032,0.99713,0.00726,0.0158
1595835167.339639,B2684312,-0.07245,0.02179,0.99713,0.00739,0.0158
1595835167.344888,B2684317,-0.07257,0.02246,0.99707,0.00745,0.0158
1595835167.35011,B2684322,-0.07275,0.02295,0.99707,0.00757,0.0158
1595835167.356719,B2684327,-0.07294,0.02344,0.99701,0.00763,0.0158
1595835167.360648,B2684332,-0.07306,0.02386,0.99701,0.00775,0.0158
1595835167.3649962,B2684338,-0.07318,0.02423,0.99701,0.00787,0.0158
1595835167.3700979,B2684343,-0.07318,0.02454,0.99701,0.00800,0.0158
1595835167.374808,B2684348,-0.07318,0.02490,0.99695,0.00818,0.0158
1595835167.38354,B2684353,-0.07306,0.02521,0.99695,0.00836,0.0158
1595835167.385659,B2684358,-0.07294,0.02557,0.99695,0.00854,0.0158
1595835167.389925,B2684363,-0.07281,0.02582,0.99695,0.00867,0.0158
1595835167.395554,B2684368,-0.07263,0.02600,0.99695,0.00885,0.0158
1595835167.401854,B2684373,-0.07245,0.02618,0.99701,0.00903,0.0158
1595835167.4055738,B2684378,-0.07227,0.02625,0.99701,0.00922,0.0158
1595835167.409986,B2684383,-0.07208,0.02631,0.99701,0.00940,0.0158
1595835167.41589,B2684388,-0.07184,0.02631,0.99701,0.00958,0.0158
1595835167.421588,B2684393,-0.07159,0.02637,0.99701,0.00977,0.0158
1595835167.4253771,B2684398,-0.07135,0.02637,0.99707,0.00995,0.0158
1595835167.4315462,B2684403,-0.07104,0.02643,0.99707,0.01013,0.0158
1595835167.436863,B2684408,-0.07074,0.02649,0.99707,0.01025,0.0158
1595835167.440865,B2684413,-0.07043,0.02655,0.99713,0.01044,0.0158
1595835167.445703,B2684418,-0.07013,0.02667,0.99713,0.01062,0.0158
1595835167.4513762,B2684423,-0.06982,0.02679,0.99713,0.01074,0.0158
1595835167.4564779,B2684429,-0.06952,0.02692,0.99713,0.01093,0.0158
1595835167.461914,B2684435,-0.06927,0.02698,0.99719,0.01105,0.0158
1595835167.468388,B2684440,-0.06897,0.02710,0.99719,0.01117,0.0158
1595835167.4751291,B2684445,-0.06873,0.02722,0.99719,0.01123,0.0158
1595835167.478838,B2684451,-0.06842,0.02728,0.99719,0.01135,0.0158
1595835167.483532,B2684456,-0.06818,0.02734,0.99725,0.01141,0.0158
1595835167.491487,B2684461,-0.06799,0.02734,0.99725,0.01147,0.0158
1595835167.494878,B2684466,-0.06775,0.02728,0.99725,0.01154,0.0158
1595835167.499292,B2684471,-0.06757,0.02722,0.99725,0.01154,0.0158
1595835167.5041559,B2684477,-0.06744,0.02710,0.99731,0.01154,0.0158
1595835167.509753,B2684482,-0.06726,0.02698,0.99731,0.01154,0.0158
1595835167.514229,B2684487,-0.06714,0.02686,0.99731,0.01147,0.0158
1595835167.5198421,B2684492,-0.06702,0.02673,0.99731,0.01147,0.0158
1595835167.5246642,B2684497,-0.06683,0.02655,0.99731,0.01141,0.0158
1595835167.531966,B2684502,-0.06671,0.02637,0.99738,0.01129,0.0158
1595835167.534733,B2684507,-0.06665,0.02625,0.99738,0.01123,0.0158
1595835167.539329,B2684512,-0.06653,0.02606,0.99738,0.01111,0.0158
1595835167.5453272,B2684517,-0.06647,0.02588,0.99738,0.01105,0.0158
1595835167.549842,B2684523,-0.06641,0.02563,0.99738,0.01093,0.0158
1595835167.554825,B2684528,-0.06641,0.02521,0.99744,0.01074,0.0158
1595835167.5683131,B2684533,-0.06641,0.02496,0.99744,0.01062,0.0158
1595835167.5687768,B2684538,-0.06653,0.02472,0.99744,0.01050,0.0158
1595835167.570059,B2684543,-0.06659,0.02448,0.99744,0.01044,0.0158
1595835167.575478,B2684548,-0.06671,0.02417,0.99744,0.01038,0.0158
1595835167.582679,B2684553,-0.06689,0.02386,0.99744,0.01031,0.0158
1595835167.5853481,B2684558,-0.06708,0.02350,0.99744,0.01031,0.0158
1595835167.596664,B2684563,-0.06732,0.02313,0.99744,0.01031,0.0158
1595835167.597192,B2684568,-0.06757,0.02277,0.99738,0.01031,0.0158
1595835167.601384,B2684574,-0.06781,0.02240,0.99738,0.01038,0.0158
1595835167.607587,B2684579,-0.06805,0.02203,0.99738,0.01044,0.0158
1595835167.619118,B2684585,-0.06830,0.02167,0.99738,0.01050,0.0158
1595835167.619154,B2684590,-0.06860,0.02130,0.99738,0.01062,0.0158
1595835167.622922,B2684596,-0.06885,0.02106,0.99738,0.01068,0.0158
1595835167.6291819,B2684601,-0.06909,0.02075,0.99731,0.01080,0.0158
1595835167.6338298,B2684607,-0.06934,0.02051,0.99731,0.01093,0.0158
1595835167.638859,B2684612,-0.06958,0.02026,0.99731,0.01105,0.0158
1595835167.6463628,B2684617,-0.06976,0.02008,0.99731,0.01117,0.0158
1595835167.6490822,B2684622,-0.06995,0.01990,0.99731,0.01129,0.0158
1595835167.655956,B2684627,-0.07013,0.01971,0.99725,0.01141,0.0158
1595835167.65952,B2684632,-0.07031,0.01959,0.99725,0.01154,0.0158
1595835167.6646998,B2684638,-0.07050,0.01935,0.99725,0.01184,0.0158
1595835167.6698902,B2684643,-0.07056,0.01923,0.99725,0.01202,0.0158
1595835167.674727,B2684648,-0.07062,0.01917,0.99725,0.01215,0.0158
1595835167.680792,B2684653,-0.07062,0.01904,0.99725,0.01233,0.0158
1595835167.685471,B2684658,-0.07062,0.01898,0.99725,0.01245,0.0158
1595835167.6899729,B2684663,-0.07062,0.01892,0.99725,0.01257,0.0158
1595835167.696327,B2684668,-0.07056,0.01886,0.99725,0.01276,0.0158
1595835167.699849,B2684673,-0.07050,0.01880,0.99725,0.01288,0.0158
1595835167.70517,B2684678,-0.07043,0.01874,0.99725,0.01300,0.0158
1595835167.7114382,B2684683,-0.07037,0.01874,0.99725,0.01306,0.0158
1595835167.715766,B2684688,-0.07025,0.01868,0.99725,0.01318,0.0158
1595835167.7211719,B2684693,-0.07019,0.01868,0.99725,0.01324,0.0158
1595835167.725056,B2684698,-0.07013,0.01868,0.99725,0.01337,0.0158
1595835167.7302248,B2684703,-0.07007,0.01868,0.99725,0.01343,0.0158
1595835167.736703,B2684708,-0.07001,0.01874,0.99725,0.01349,0.0158
1595835167.740778,B2684713,-0.06995,0.01874,0.99725,0.01349,0.0158
1595835167.745609,B2684718,-0.06989,0.01880,0.99731,0.01355,0.0158
1595835167.750489,B2684723,-0.06976,0.01880,0.99731,0.01361,0.0158
1595835167.7571042,B2684729,-0.06970,0.01880,0.99731,0.01361,0.0158
1595835167.761476,B2684734,-0.06958,0.01880,0.99731,0.01361,0.0158
1595835167.767217,B2684740,-0.06952,0.01880,0.99731,0.01361,0.0158
1595835167.77386,B2684746,-0.06940,0.01874,0.99731,0.01361,0.0158
1595835167.7790341,B2684751,-0.06921,0.01874,0.99731,0.01361,0.0158
1595835167.783454,B2684756,-0.06909,0.01868,0.99731,0.01361,0.0158
1595835167.788595,B2684761,-0.06891,0.01868,0.99738,0.01361,0.0158
1595835167.794471,B2684767,-0.06873,0.01868,0.99738,0.01355,0.0158
1595835167.7985952,B2684772,-0.06854,0.01874,0.99738,0.01355,0.0158
1595835167.803963,B2684777,-0.06836,0.01874,0.99738,0.01355,0.0158
1595835167.809692,B2684782,-0.06818,0.01880,0.99738,0.01355,0.0158
1595835167.814591,B2684787,-0.06799,0.01880,0.99744,0.01355,0.0158
1595835167.819211,B2684792,-0.06781,0.01886,0.99744,0.01355,0.0158
1595835167.824438,B2684797,-0.06763,0.01886,0.99744,0.01355,0.0158
1595835167.829133,B2684802,-0.06744,0.01892,0.99744,0.01361,0.0158
1595835167.834687,B2684807,-0.06726,0.01892,0.99744,0.01367,0.0158
1595835167.8408582,B2684813,-0.06708,0.01904,0.99750,0.01367,0.0158
1595835167.84699,B2684818,-0.06665,0.01917,0.99750,0.01379,0.0158
1595835167.852203,B2684823,-0.06641,0.01929,0.99750,0.01385,0.0158
1595835167.8550131,B2684828,-0.06622,0.01941,0.99750,0.01392,0.0158
1595835167.8599198,B2684833,-0.06598,0.01953,0.99756,0.01398,0.0158
1595835167.865633,B2684838,-0.06573,0.01965,0.99756,0.01398,0.0158
1595835167.870304,B2684843,-0.06549,0.01984,0.99756,0.01404,0.0158
1595835167.876538,B2684848,-0.06531,0.02002,0.99756,0.01398,0.0158
1595835167.881504,B2684853,-0.06500,0.02026,0.99756,0.01398,0.0158
1595835167.884924,B2684858,-0.06470,0.02057,0.99762,0.01392,0.0158
1595835167.893813,B2684863,-0.06445,0.02094,0.99762,0.01392,0.0158
1595835167.8971179,B2684868,-0.06409,0.02142,0.99762,0.01385,0.0158
1595835167.901642,B2684873,-0.06372,0.02197,0.99762,0.01373,0.0158
1595835167.9064178,B2684878,-0.06342,0.02258,0.99762,0.01367,0.0159
1595835167.912367,B2684884,-0.06311,0.02313,0.99762,0.01361,0.0159
1595835167.91584,B2684889,-0.06287,0.02374,0.99762,0.01349,0.0159
1595835167.929535,B2684894,-0.06268,0.02423,0.99762,0.01343,0.0159
1595835167.929558,B2684899,-0.06256,0.02466,0.99762,0.01337,0.0159
1595835167.931993,B2684905,-0.06256,0.02496,0.99762,0.01337,0.0159
1595835167.937494,B2684910,-0.06262,0.02521,0.99762,0.01331,0.0159
1595835167.942453,B2684916,-0.06274,0.02527,0.99762,0.01331,0.0159
1595835167.9483159,B2684921,-0.06287,0.02521,0.99762,0.01331,0.0159
1595835167.953355,B2684926,-0.06305,0.02502,0.99762,0.01337,0.0159
1595835167.958824,B2684932,-0.06329,0.02472,0.99762,0.01337,0.0159
1595835167.964941,B2684937,-0.06360,0.02429,0.99762,0.01337,0.0159
1595835167.971097,B2684942,-0.06384,0.02393,0.99756,0.01337,0.0159
1595835167.974169,B2684947,-0.06415,0.02350,0.99756,0.01337,0.0159
1595835167.982524,B2684952,-0.06445,0.02307,0.99756,0.01331,0.0159
1595835167.9856799,B2684958,-0.06470,0.02264,0.99756,0.01324,0.0159
1595835167.991733,B2684963,-0.06500,0.02234,0.99756,0.01318,0.0159
1595835167.99546,B2684968,-0.06543,0.02185,0.99756,0.01306,0.0159
1595835168.000611,B2684973,-0.06561,0.02179,0.99750,0.01300,0.0159
1595835168.005292,B2684978,-0.06580,0.02173,0.99750,0.01288,0.0159
1595835168.010026,B2684983,-0.06598,0.02179,0.99750,0.01276,0.0159
1595835168.016093,B2684989,-0.06610,0.02197,0.99750,0.01263,0.0159
1595835168.022016,B2684995,-0.06622,0.02216,0.99750,0.01257,0.0159
1595835168.02765,B2685000,-0.06635,0.02246,0.99750,0.01239,0.0159
1595835168.032475,B2685006,-0.06641,0.02271,0.99744,0.01227,0.0159
1595835168.037965,B2685011,-0.06653,0.02295,0.99744,0.01215,0.0159
1595835168.043772,B2685017,-0.06665,0.02313,0.99744,0.01202,0.0159
1595835168.0483682,B2685022,-0.06683,0.02325,0.99744,0.01190,0.0159
1595835168.053838,B2685027,-0.06696,0.02332,0.99744,0.01178,0.0159
1595835168.058757,B2685032,-0.06714,0.02332,0.99738,0.01166,0.0159
1595835168.063731,B2685037,-0.06732,0.02325,0.99738,0.01160,0.0159
1595835168.073492,B2685042,-0.06744,0.02313,0.99738,0.01147,0.0159
1595835168.074378,B2685047,-0.06763,0.02301,0.99738,0.01141,0.0159
1595835168.079705,B2685052,-0.06787,0.02271,0.99738,0.01135,0.0159
1595835168.084198,B2685057,-0.06799,0.02258,0.99738,0.01129,0.0159
1595835168.090235,B2685062,-0.06812,0.02240,0.99738,0.01129,0.0159
1595835168.0944982,B2685068,-0.06824,0.02216,0.99738,0.01129,0.0159
1595835168.100516,B2685073,-0.06830,0.02197,0.99738,0.01123,0.0159
1595835168.105665,B2685078,-0.06836,0.02173,0.99738,0.01123,0.0159
1595835168.112268,B2685083,-0.06842,0.02148,0.99738,0.01123,0.0159
1595835168.115349,B2685088,-0.06848,0.02118,0.99738,0.01117,0.0159
1595835168.1205199,B2685093,-0.06854,0.02087,0.99738,0.01117,0.0159
1595835168.1250749,B2685098,-0.06860,0.02057,0.99738,0.01111,0.0159
1595835168.1305149,B2685103,-0.06860,0.02026,0.99738,0.01105,0.0159
1595835168.1348102,B2685108,-0.06860,0.01996,0.99738,0.01099,0.0159
1595835168.1413782,B2685113,-0.06860,0.01965,0.99738,0.01093,0.0159
1595835168.144969,B2685118,-0.06860,0.01941,0.99738,0.01080,0.0159
1595835168.150489,B2685123,-0.06854,0.01917,0.99738,0.01062,0.0159
1595835168.155477,B2685128,-0.06854,0.01892,0.99744,0.01050,0.0159
1595835168.16044,B2685134,-0.06848,0.01874,0.99744,0.01031,0.0159
1595835168.165762,B2685139,-0.06842,0.01855,0.99744,0.01013,0.0159
1595835168.172322,B2685144,-0.06836,0.01843,0.99744,0.01001,0.0159
1595835168.176451,B2685149,-0.06830,0.01825,0.99744,0.00977,0.0159
1595835168.182492,B2685155,-0.06818,0.01813,0.99744,0.00958,0.0159
1595835168.188291,B2685160,-0.06812,0.01807,0.99750,0.00934,0.0159
1595835168.193695,B2685166,-0.06799,0.01801,0.99750,0.00909,0.0159
1595835168.199221,B2685171,-0.06787,0.01794,0.99750,0.00885,0.0159
1595835168.205,B2685177,-0.06775,0.01788,0.99750,0.00861,0.0159
1595835168.209307,B2685182,-0.06763,0.01788,0.99750,0.00830,0.0159
1595835168.2163682,B2685187,-0.06757,0.01782,0.99750,0.00806,0.0159
1595835168.2191901,B2685192,-0.06750,0.01782,0.99756,0.00775,0.0159
1595835168.2238069,B2685197,-0.06744,0.01782,0.99756,0.00745,0.0159
1595835168.229019,B2685202,-0.06738,0.01776,0.99756,0.00720,0.0159
1595835168.23407,B2685207,-0.06738,0.01776,0.99756,0.00690,0.0159
1595835168.243295,B2685212,-0.06738,0.01776,0.99756,0.00671,0.0159
1595835168.245601,B2685218,-0.06738,0.01776,0.99756,0.00641,0.0159
1595835168.2493398,B2685223,-0.06738,0.01776,0.99756,0.00616,0.0159
1595835168.2562182,B2685228,-0.06738,0.01776,0.99756,0.00592,0.0159
1595835168.259673,B2685233,-0.06750,0.01770,0.99756,0.00549,0.0159
1595835168.266162,B2685238,-0.06757,0.01770,0.99756,0.00525,0.0159
1595835168.270057,B2685243,-0.06763,0.01764,0.99756,0.00507,0.0159
1595835168.274732,B2685248,-0.06769,0.01758,0.99756,0.00488,0.0159
1595835168.2806551,B2685253,-0.06781,0.01746,0.99756,0.00470,0.0159
1595835168.2856572,B2685258,-0.06787,0.01733,0.99756,0.00458,0.0159
1595835168.290168,B2685263,-0.06799,0.01715,0.99756,0.00446,0.0159
1595835168.2953,B2685268,-0.06812,0.01691,0.99750,0.00433,0.0159
1595835168.300071,B2685273,-0.06830,0.01666,0.99750,0.00427,0.0159
1595835168.3050508,B2685278,-0.06848,0.01642,0.99750,0.00421,0.0159
1595835168.310285,B2685283,-0.06860,0.01617,0.99750,0.00421,0.0159
1595835168.3158898,B2685288,-0.06885,0.01587,0.99750,0.00421,0.0159
1595835168.3199549,B2685293,-0.06903,0.01563,0.99750,0.00427,0.0159
1595835168.3253279,B2685298,-0.06921,0.01544,0.99750,0.00433,0.0159
1595835168.334354,B2685304,-0.06940,0.01520,0.99744,0.00439,0.0159
1595835168.336137,B2685309,-0.06958,0.01495,0.99744,0.00458,0.0159
1595835168.3409338,B2685314,-0.06976,0.01471,0.99744,0.00470,0.0159
1595835168.349229,B2685320,-0.06995,0.01447,0.99744,0.00488,0.0159
1595835168.3518112,B2685325,-0.07019,0.01422,0.99744,0.00507,0.0159
1595835168.357339,B2685330,-0.07037,0.01398,0.99744,0.00531,0.0159
1595835168.3626409,B2685336,-0.07056,0.01373,0.99738,0.00549,0.0159
1595835168.367876,B2685341,-0.07074,0.01349,0.99738,0.00574,0.0159
1595835168.373447,B2685347,-0.07098,0.01331,0.99738,0.00598,0.0159
1595835168.3786812,B2685352,-0.07117,0.01312,0.99738,0.00623,0.0159
1595835168.384845,B2685357,-0.07135,0.01294,0.99738,0.00647,0.0159
1595835168.389122,B2685362,-0.07153,0.01282,0.99731,0.00671,0.0159
1595835168.394058,B2685367,-0.07172,0.01270,0.99731,0.00690,0.0159
1595835168.3991702,B2685372,-0.07190,0.01263,0.99731,0.00714,0.0159
1595835168.4040189,B2685377,-0.07208,0.01251,0.99731,0.00739,0.0159
1595835168.410157,B2685382,-0.07227,0.01245,0.99725,0.00763,0.0159
1595835168.414217,B2685388,-0.07251,0.01245,0.99725,0.00781,0.0159
1595835168.419679,B2685393,-0.07306,0.01233,0.99719,0.00818,0.0159
1595835168.4249249,B2685398,-0.07343,0.01233,0.99719,0.00836,0.0159
1595835168.4298902,B2685403,-0.07373,0.01239,0.99719,0.00854,0.0159
1595835168.435458,B2685408,-0.07404,0.01251,0.99713,0.00867,0.0159
1595835168.440983,B2685413,-0.07440,0.01288,0.99713,0.00879,0.0159
1595835168.445677,B2685418,-0.07465,0.01331,0.99707,0.00891,0.0159
1595835168.449501,B2685423,-0.07489,0.01379,0.99707,0.00897,0.0159
1595835168.455838,B2685428,-0.07513,0.01447,0.99701,0.00903,0.0159
1595835168.4598348,B2685433,-0.07538,0.01508,0.99701,0.00909,0.0159
1595835168.464669,B2685438,-0.07562,0.01569,0.99695,0.00916,0.0159
1595835168.469812,B2685443,-0.07587,0.01617,0.99695,0.00916,0.0159
1595835168.476956,B2685448,-0.07617,0.01672,0.99689,0.00922,0.0159
1595835168.480514,B2685453,-0.07648,0.01709,0.99689,0.00922,0.0159
1595835168.486818,B2685458,-0.07672,0.01746,0.99683,0.00922,0.0159
1595835168.491943,B2685464,-0.07703,0.01770,0.99683,0.00922,0.0159
1595835168.4953039,B2685468,-0.07727,0.01807,0.99683,0.00922,0.0159
1595835168.500772,B2685474,-0.07751,0.01837,0.99677,0.00922,0.0159
1595835168.505682,B2685479,-0.07764,0.01874,0.99677,0.00922,0.0159
1595835168.510401,B2685484,-0.07770,0.01917,0.99677,0.00922,0.0159
1595835168.515913,B2685489,-0.07770,0.01965,0.99677,0.00922,0.0159
1595835168.52209,B2685494,-0.07770,0.02008,0.99670,0.00922,0.0159
1595835168.5264268,B2685500,-0.07764,0.02045,0.99670,0.00928,0.0159
1595835168.5320141,B2685505,-0.07758,0.02087,0.99670,0.00928,0.0159
1595835168.537932,B2685511,-0.07758,0.02118,0.99670,0.00934,0.0159
1595835168.54249,B2685516,-0.07751,0.02136,0.99670,0.00940,0.0159
1595835168.549203,B2685521,-0.07751,0.02155,0.99670,0.00946,0.0159
1595835168.553505,B2685527,-0.07745,0.02167,0.99670,0.00958,0.0159
1595835168.5587358,B2685532,-0.07745,0.02179,0.99670,0.00970,0.0159
1595835168.56386,B2685537,-0.07739,0.02185,0.99670,0.00983,0.0159
1595835168.5688791,B2685542,-0.07733,0.02197,0.99670,0.01001,0.0159
1595835168.57519,B2685547,-0.07727,0.02216,0.99670,0.01019,0.0159
1595835168.579115,B2685552,-0.07721,0.02234,0.99670,0.01038,0.0159
1595835168.583869,B2685558,-0.07715,0.02258,0.99670,0.01056,0.0159
1595835168.589654,B2685563,-0.07709,0.02289,0.99670,0.01080,0.0159
1595835168.594358,B2685568,-0.07697,0.02325,0.99670,0.01099,0.0159
1595835168.599307,B2685573,-0.07678,0.02411,0.99670,0.01141,0.0159
1595835168.6055732,B2685578,-0.07666,0.02454,0.99670,0.01160,0.0160
1595835168.610095,B2685583,-0.07660,0.02490,0.99670,0.01178,0.0160
1595835168.615063,B2685588,-0.07654,0.02527,0.99670,0.01196,0.0160
1595835168.6211112,B2685593,-0.07648,0.02563,0.99664,0.01215,0.0160
1595835168.6247869,B2685598,-0.07648,0.02588,0.99664,0.01233,0.0160
1595835168.630718,B2685603,-0.07648,0.02606,0.99664,0.01245,0.0160
1595835168.635592,B2685608,-0.07648,0.02618,0.99664,0.01257,0.0160
1595835168.641033,B2685613,-0.07642,0.02625,0.99664,0.01263,0.0160
1595835168.64472,B2685618,-0.07642,0.02625,0.99664,0.01270,0.0160
1595835168.653855,B2685623,-0.07635,0.02618,0.99664,0.01270,0.0160
1595835168.655031,B2685628,-0.07629,0.02606,0.99664,0.01276,0.0160
1595835168.6605718,B2685633,-0.07623,0.02594,0.99664,0.01270,0.0160
1595835168.665439,B2685638,-0.07611,0.02576,0.99670,0.01270,0.0160
1595835168.670441,B2685643,-0.07605,0.02557,0.99670,0.01263,0.0160
1595835168.6760252,B2685648,-0.07599,0.02533,0.99670,0.01257,0.0160
1595835168.682289,B2685653,-0.07599,0.02509,0.99670,0.01257,0.0160
1595835168.685754,B2685658,-0.07599,0.02478,0.99670,0.01251,0.0160
1595835168.6903648,B2685663,-0.07599,0.02448,0.99670,0.01245,0.0160
1595835168.6951418,B2685668,-0.07605,0.02417,0.99677,0.01239,0.0160
1595835168.700771,B2685674,-0.07611,0.02386,0.99677,0.01239,0.0160
1595835168.706231,B2685680,-0.07617,0.02356,0.99677,0.01239,0.0160
1595835168.711754,B2685685,-0.07635,0.02319,0.99677,0.01239,0.0160
1595835168.7183192,B2685691,-0.07648,0.02289,0.99670,0.01239,0.0160
1595835168.722589,B2685696,-0.07666,0.02258,0.99670,0.01245,0.0160
1595835168.733001,B2685701,-0.07690,0.02228,0.99670,0.01251,0.0160
1595835168.7336671,B2685707,-0.07715,0.02197,0.99670,0.01257,0.0160
1595835168.739496,B2685712,-0.07739,0.02161,0.99670,0.01270,0.0160
1595835168.743812,B2685717,-0.07764,0.02130,0.99664,0.01282,0.0160
1595835168.748968,B2685722,-0.07794,0.02100,0.99664,0.01294,0.0160
1595835168.753802,B2685727,-0.07825,0.02069,0.99664,0.01300,0.0160
1595835168.758869,B2685733,-0.07855,0.02039,0.99664,0.01318,0.0160
1595835168.764477,B2685738,-0.07892,0.02002,0.99658,0.01331,0.0160
1595835168.7714539,B2685743,-0.07922,0.01978,0.99658,0.01349,0.0160
1595835168.774446,B2685748,-0.07953,0.01947,0.99652,0.01361,0.0160
