imu_packets,1265
IMUtimestamp,quatI,quatJ,quatK,quatReal,quatRadianAccuracy
1595834874.332146,B2391045,0.06842,0.02930,-0.99719,0.00507,0.0156
1595834874.3361259,B2391050,0.06848,0.02930,-0.99719,0.00500,0.0156
1595834874.3409548,B2391055,0.06848,0.02924,-0.99719,0.00494,0.0156
1595834874.346505,B2391061,0.06848,0.02924,-0.99719,0.00488,0.0156
1595834874.351454,B2391066,0.06854,0.02917,-0.99719,0.00470,0.0156
1595834874.3563578,B2391071,0.06854,0.02917,-0.99719,0.00458,0.0156
1595834874.361611,B2391076,0.06854,0.02911,-0.99719,0.00452,0.0156
1595834874.367265,B2391081,0.06854,0.02911,-0.99719,0.00439,0.0156
1595834874.372677,B2391086,0.06854,0.02911,-0.99719,0.00433,0.0156
1595834874.37769,B2391091,0.06848,0.02905,-0.99719,0.00421,0.0156
1595834874.3817,B2391096,0.06848,0.02905,-0.99719,0.00415,0.0156
1595834874.387955,B2391101,0.06848,0.02905,-0.99719,0.00403,0.0156
1595834874.392215,B2391106,0.06854,0.02905,-0.99719,0.00397,0.0156
1595834874.39699,B2391111,0.06854,0.02911,-0.99719,0.00385,0.0156
1595834874.402037,B2391116,0.06854,0.02911,-0.99719,0.00378,0.0156
1595834874.410815,B2391121,0.06854,0.02917,-0.99719,0.00366,0.0156
1595834874.4124742,B2391126,0.06860,0.02924,-0.99719,0.00360,0.0156
1595834874.4172869,B2391131,0.06860,0.02930,-0.99719,0.00354,0.0156
1595834874.423368,B2391136,0.06860,0.02930,-0.99719,0.00342,0.0156
1595834874.427148,B2391141,0.06860,0.02942,-0.99719,0.00330,0.0156
1595834874.432935,B2391147,0.06866,0.02948,-0.99719,0.00323,0.0156
1595834874.437952,B2391152,0.06866,0.02954,-0.99719,0.00317,0.0156
1595834874.4435148,B2391158,0.06866,0.02960,-0.99719,0.00305,0.0156
1595834874.44861,B2391163,0.06866,0.02972,-0.99719,0.00299,0.0156
1595834874.4539819,B2391168,0.06866,0.02985,-0.99719,0.00287,0.0156
1595834874.4596019,B2391174,0.06860,0.02991,-0.99719,0.00281,0.0156
1595834874.4648,B2391179,0.06860,0.02997,-0.99719,0.00275,0.0156
1595834874.4714649,B2391184,0.06860,0.03009,-0.99719,0.00269,0.0156
1595834874.474965,B2391189,0.06854,0.03021,-0.99719,0.00262,0.0156
1595834874.480084,B2391194,0.06854,0.03027,-0.99719,0.00256,0.0156
1595834874.4852428,B2391199,0.06854,0.03033,-0.99719,0.00250,0.0156
1595834874.491492,B2391205,0.06848,0.03040,-0.99719,0.00244,0.0156
1595834874.496185,B2391210,0.06842,0.03046,-0.99719,0.00244,0.0156
1595834874.50058,B2391215,0.06842,0.03052,-0.99719,0.00238,0.0156
1595834874.5056572,B2391220,0.06836,0.03052,-0.99719,0.00238,0.0156
1595834874.5115929,B2391225,0.06830,0.03058,-0.99719,0.00232,0.0156
1595834874.5157871,B2391230,0.06824,0.03064,-0.99719,0.00232,0.0156
1595834874.5205262,B2391235,0.06818,0.03064,-0.99719,0.00232,0.0156
1595834874.527124,B2391240,0.06812,0.03064,-0.99719,0.00232,0.0156
1595834874.5310972,B2391245,0.06793,0.03064,-0.99719,0.00232,0.0156
1595834874.536185,B2391250,0.06781,0.03064,-0.99719,0.00232,0.0156
1595834874.54107,B2391255,0.06775,0.03064,-0.99725,0.00232,0.0156
1595834874.548387,B2391260,0.06769,0.03064,-0.99725,0.00238,0.0156
1595834874.5514398,B2391265,0.06763,0.03064,-0.99725,0.00238,0.0156
1595834874.556353,B2391270,0.06763,0.03058,-0.99725,0.00244,0.0156
1595834874.562093,B2391275,0.06757,0.03058,-0.99725,0.00244,0.0156
1595834874.566384,B2391280,0.06757,0.03058,-0.99725,0.00250,0.0156
1595834874.572562,B2391285,0.06757,0.03058,-0.99725,0.00250,0.0156
1595834874.577333,B2391290,0.06750,0.03058,-0.99725,0.00256,0.0156
1595834874.581096,B2391296,0.06750,0.03058,-0.99725,0.00256,0.0156
1595834874.586242,B2391301,0.06750,0.03058,-0.99725,0.00262,0.0156
1595834874.591538,B2391306,0.06750,0.03064,-0.99725,0.00262,0.0156
1595834874.596659,B2391311,0.06744,0.03064,-0.99725,0.00269,0.0156
1595834874.602422,B2391316,0.06738,0.03064,-0.99725,0.00275,0.0156
1595834874.606635,B2391321,0.06738,0.03070,-0.99725,0.00275,0.0156
1595834874.6115022,B2391326,0.06732,0.03070,-0.99725,0.00281,0.0156
1595834874.61663,B2391331,0.06732,0.03076,-0.99725,0.00287,0.0156
1595834874.621382,B2391336,0.06726,0.03076,-0.99725,0.00287,0.0156
1595834874.626583,B2391341,0.06720,0.03076,-0.99725,0.00293,0.0156
1595834874.631574,B2391346,0.06720,0.03076,-0.99725,0.00293,0.0156
1595834874.6367118,B2391351,0.06714,0.03076,-0.99725,0.00299,0.0156
1595834874.641312,B2391356,0.06708,0.03076,-0.99725,0.00299,0.0156
1595834874.647053,B2391361,0.06708,0.03070,-0.99725,0.00305,0.0156
1595834874.6522722,B2391366,0.06702,0.03070,-0.99725,0.00305,0.0156
1595834874.6601658,B2391371,0.06696,0.03064,-0.99725,0.00305,0.0156
1595834874.66342,B2391376,0.06689,0.03058,-0.99731,0.00311,0.0156
1595834874.666666,B2391381,0.06683,0.03046,-0.99731,0.00311,0.0156
1595834874.673024,B2391386,0.06677,0.03033,-0.99731,0.00311,0.0156
1595834874.677838,B2391391,0.06671,0.03021,-0.99731,0.00317,0.0156
1595834874.681549,B2391396,0.06659,0.03009,-0.99731,0.00317,0.0156
1595834874.688185,B2391401,0.06653,0.02991,-0.99731,0.00323,0.0156
1595834874.692544,B2391406,0.06641,0.02972,-0.99738,0.00330,0.0156
1595834874.697681,B2391411,0.06628,0.02948,-0.99738,0.00336,0.0156
1595834874.702631,B2391417,0.06616,0.02924,-0.99738,0.00342,0.0156
1595834874.707546,B2391422,0.06604,0.02899,-0.99738,0.00348,0.0156
1595834874.713571,B2391428,0.06586,0.02863,-0.99744,0.00360,0.0156
1595834874.718643,B2391433,0.06567,0.02826,-0.99744,0.00372,0.0156
1595834874.723994,B2391439,0.06555,0.02789,-0.99744,0.00378,0.0156
1595834874.731123,B2391444,0.06537,0.02747,-0.99750,0.00391,0.0156
1595834874.735855,B2391449,0.06519,0.02698,-0.99750,0.00397,0.0156
1595834874.740134,B2391455,0.06500,0.02643,-0.99750,0.00409,0.0156
1595834874.745692,B2391460,0.06482,0.02594,-0.99756,0.00421,0.0156
1595834874.750633,B2391465,0.06458,0.02533,-0.99756,0.00433,0.0156
1595834874.7560709,B2391470,0.06439,0.02478,-0.99762,0.00439,0.0156
1595834874.760478,B2391475,0.06421,0.02423,-0.99762,0.00458,0.0156
1595834874.765821,B2391480,0.06396,0.02368,-0.99768,0.00464,0.0156
1595834874.771293,B2391485,0.06372,0.02301,-0.99768,0.00482,0.0156
1595834874.776373,B2391490,0.06348,0.02240,-0.99774,0.00494,0.0156
1595834874.7809641,B2391495,0.06329,0.02179,-0.99774,0.00507,0.0156
1595834874.787174,B2391500,0.06305,0.02112,-0.99780,0.00519,0.0156
1595834874.791643,B2391506,0.06281,0.02039,-0.99780,0.00531,0.0156
1595834874.796182,B2391511,0.06232,0.01904,-0.99786,0.00549,0.0156
1595834874.802602,B2391516,0.06207,0.01831,-0.99786,0.00562,0.0156
1595834874.806289,B2391521,0.06183,0.01752,-0.99792,0.00568,0.0156
1595834874.814812,B2391526,0.06158,0.01678,-0.99792,0.00574,0.0156
1595834874.816811,B2391531,0.06134,0.01599,-0.99799,0.00574,0.0156
1595834874.822485,B2391536,0.06116,0.01532,-0.99799,0.00574,0.0156
1595834874.826977,B2391541,0.06091,0.01453,-0.99805,0.00574,0.0156
1595834874.8330188,B2391546,0.06073,0.01385,-0.99805,0.00574,0.0156
1595834874.838505,B2391551,0.06049,0.01306,-0.99805,0.00574,0.0156
1595834874.841965,B2391556,0.06030,0.01239,-0.99811,0.00574,0.0156
1595834874.847659,B2391562,0.06006,0.01160,-0.99811,0.00574,0.0156
1595834874.854521,B2391568,0.05988,0.01093,-0.99811,0.00574,0.0156
1595834874.858766,B2391573,0.05963,0.01019,-0.99817,0.00568,0.0156
1595834874.864367,B2391578,0.05945,0.00958,-0.99817,0.00568,0.0156
1595834874.869449,B2391584,0.05927,0.00891,-0.99817,0.00568,0.0156
1595834874.8749518,B2391589,0.05908,0.00830,-0.99823,0.00562,0.0156
1595834874.879362,B2391594,0.05890,0.00769,-0.99823,0.00562,0.0156
1595834874.884738,B2391599,0.05878,0.00714,-0.99823,0.00562,0.0156
1595834874.889772,B2391604,0.05859,0.00665,-0.99823,0.00562,0.0156
1595834874.895751,B2391610,0.05847,0.00610,-0.99823,0.00562,0.0156
1595834874.90166,B2391615,0.05835,0.00562,-0.99829,0.00562,0.0156
1595834874.906168,B2391620,0.05823,0.00519,-0.99829,0.00562,0.0156
1595834874.911005,B2391625,0.05811,0.00476,-0.99829,0.00562,0.0156
1595834874.916536,B2391630,0.05798,0.00439,-0.99829,0.00562,0.0156
1595834874.921545,B2391636,0.05792,0.00403,-0.99829,0.00562,0.0156
1595834874.926053,B2391641,0.05780,0.00348,-0.99829,0.00555,0.0156
1595834874.932771,B2391646,0.05774,0.00317,-0.99829,0.00555,0.0156
1595834874.936075,B2391651,0.05768,0.00299,-0.99829,0.00555,0.0156
1595834874.941489,B2391656,0.05768,0.00281,-0.99829,0.00555,0.0156
1595834874.946985,B2391661,0.05768,0.00262,-0.99829,0.00549,0.0156
1595834874.9515781,B2391666,0.05768,0.00244,-0.99829,0.00543,0.0156
1595834874.9563708,B2391671,0.05768,0.00232,-0.99829,0.00537,0.0156
1595834874.9616792,B2391676,0.05774,0.00220,-0.99829,0.00525,0.0156
1595834874.967083,B2391681,0.05780,0.00214,-0.99829,0.00519,0.0156
1595834874.9730968,B2391686,0.05780,0.00208,-0.99829,0.00507,0.0156
1595834874.9766688,B2391691,0.05786,0.00208,-0.99829,0.00494,0.0156
1595834874.9820101,B2391696,0.05798,0.00208,-0.99829,0.00476,0.0156
1595834874.986034,B2391701,0.05804,0.00214,-0.99829,0.00464,0.0156
1595834874.9911182,B2391706,0.05817,0.00214,-0.99829,0.00446,0.0156
1595834874.9959638,B2391711,0.05823,0.00226,-0.99829,0.00421,0.0156
1595834875.001291,B2391716,0.05835,0.00232,-0.99829,0.00403,0.0156
1595834875.006181,B2391721,0.05847,0.00244,-0.99829,0.00378,0.0156
1595834875.0110989,B2391726,0.05859,0.00250,-0.99829,0.00360,0.0156
1595834875.018154,B2391731,0.05872,0.00269,-0.99829,0.00336,0.0156
1595834875.021292,B2391736,0.05884,0.00281,-0.99823,0.00311,0.0156
1595834875.0265222,B2391741,0.05896,0.00299,-0.99823,0.00281,0.0156
1595834875.033439,B2391746,0.05908,0.00311,-0.99823,0.00256,0.0156
1595834875.036009,B2391751,0.05920,0.00323,-0.99823,0.00226,0.0156
1595834875.041769,B2391756,0.05933,0.00336,-0.99823,0.00195,0.0156
1595834875.045978,B2391761,0.05945,0.00348,-0.99823,0.00165,0.0156
1595834875.0511491,B2391766,0.05957,0.00360,-0.99823,0.00134,0.0156
1595834875.057023,B2391771,0.05969,0.00366,-0.99823,0.00104,0.0156
1595834875.063213,B2391776,0.05981,0.00372,-0.99823,0.00073,0.0156
1595834875.0663931,B2391781,0.05994,0.00378,-0.99817,0.00043,0.0156
1595834875.071373,B2391786,0.06000,0.00378,-0.99817,0.00000,0.0156
1595834875.076898,B2391791,-0.06012,-0.00372,0.99817,0.00031,0.0156
1595834875.084841,B2391797,-0.06018,-0.00366,0.99817,0.00067,0.0156
1595834875.088355,B2391803,-0.06030,-0.00360,0.99817,0.00104,0.0156
1595834875.097712,B2391808,-0.06036,-0.00342,0.99817,0.00146,0.0156
1595834875.099322,B2391814,-0.06049,-0.00330,0.99817,0.00183,0.0156
1595834875.105147,B2391819,-0.06055,-0.00311,0.99817,0.00220,0.0156
1595834875.110674,B2391824,-0.06061,-0.00293,0.99817,0.00262,0.0156
1595834875.114926,B2391829,-0.06073,-0.00269,0.99817,0.00299,0.0156
1595834875.121616,B2391834,-0.06079,-0.00238,0.99817,0.00342,0.0156
1595834875.125498,B2391839,-0.06091,-0.00214,0.99811,0.00378,0.0156
1595834875.130377,B2391845,-0.06097,-0.00183,0.99811,0.00427,0.0156
1595834875.137398,B2391850,-0.06110,-0.00159,0.99811,0.00476,0.0156
1595834875.141999,B2391855,-0.06122,-0.00128,0.99811,0.00519,0.0156
1595834875.145246,B2391860,-0.06134,-0.00098,0.99811,0.00568,0.0156
1595834875.1510122,B2391865,-0.06146,-0.00073,0.99811,0.00610,0.0156
1595834875.156105,B2391871,-0.06158,-0.00043,0.99811,0.00659,0.0156
1595834875.160872,B2391876,-0.06183,0.00006,0.99805,0.00751,0.0156
1595834875.166144,B2391881,-0.06189,0.00031,0.99805,0.00800,0.0156
1595834875.17105,B2391886,-0.06201,0.00055,0.99805,0.00848,0.0156
1595834875.176186,B2391891,-0.06213,0.00079,0.99805,0.00903,0.0156
1595834875.182587,B2391896,-0.06219,0.00098,0.99805,0.00940,0.0156
1595834875.1862621,B2391901,-0.06232,0.00116,0.99799,0.00995,0.0156
1595834875.192776,B2391906,-0.06244,0.00134,0.99799,0.01038,0.0156
1595834875.1960042,B2391911,-0.06256,0.00146,0.99799,0.01086,0.0156
1595834875.201498,B2391916,-0.06268,0.00159,0.99799,0.01123,0.0156
1595834875.207817,B2391921,-0.06281,0.00171,0.99799,0.01172,0.0156
1595834875.2118359,B2391926,-0.06287,0.00183,0.99792,0.01208,0.0156
1595834875.2166588,B2391931,-0.06299,0.00195,0.99792,0.01257,0.0156
1595834875.221036,B2391936,-0.06311,0.00201,0.99792,0.01294,0.0156
1595834875.227226,B2391941,-0.06433,0.00208,0.99786,0.01337,0.0157
1595834875.2316248,B2391946,-0.06525,0.00214,0.99780,0.01373,0.0157
1595834875.236795,B2391951,-0.06598,0.00214,0.99774,0.01410,0.0158
1595834875.2411551,B2391956,-0.06659,0.00220,0.99768,0.01440,0.0158
1595834875.247547,B2391961,-0.06708,0.00220,0.99762,0.01471,0.0158
1595834875.252,B2391966,-0.06726,0.00226,0.99762,0.01501,0.0158
1595834875.256157,B2391971,-0.06726,0.00238,0.99762,0.01532,0.0158
1595834875.261981,B2391977,-0.06732,0.00244,0.99762,0.01563,0.0158
1595834875.2679482,B2391983,-0.06732,0.00250,0.99762,0.01587,0.0158
1595834875.273708,B2391988,-0.06738,0.00256,0.99762,0.01611,0.0158
1595834875.28229,B2391994,-0.06738,0.00262,0.99756,0.01636,0.0158
1595834875.284655,B2391999,-0.06744,0.00269,0.99756,0.01654,0.0158
1595834875.291626,B2392004,-0.06750,0.00275,0.99756,0.01672,0.0158
1595834875.295237,B2392010,-0.06757,0.00281,0.99756,0.01691,0.0158
1595834875.299859,B2392015,-0.06757,0.00293,0.99756,0.01709,0.0158
1595834875.304877,B2392020,-0.06763,0.00299,0.99756,0.01721,0.0158
1595834875.309551,B2392025,-0.06769,0.00305,0.99756,0.01733,0.0158
1595834875.31542,B2392030,-0.06775,0.00311,0.99756,0.01746,0.0158
1595834875.320606,B2392035,-0.06775,0.00317,0.99756,0.01752,0.0158
1595834875.325322,B2392040,-0.06775,0.00323,0.99756,0.01758,0.0158
1595834875.331309,B2392045,-0.06775,0.00323,0.99756,0.01758,0.0158
1595834875.335685,B2392051,-0.06775,0.00323,0.99756,0.01758,0.0158
1595834875.341676,B2392056,-0.06769,0.00330,0.99756,0.01746,0.0158
1595834875.346048,B2392061,-0.06769,0.00336,0.99756,0.01740,0.0158
1595834875.351187,B2392066,-0.06763,0.00336,0.99756,0.01727,0.0158
1595834875.356323,B2392071,-0.06763,0.00342,0.99756,0.01715,0.0158
1595834875.3614159,B2392076,-0.06763,0.00342,0.99756,0.01703,0.0158
1595834875.366691,B2392081,-0.06763,0.00348,0.99756,0.01685,0.0158
1595834875.372038,B2392086,-0.06763,0.00354,0.99756,0.01672,0.0158
1595834875.375948,B2392091,-0.06763,0.00360,0.99756,0.01654,0.0158
1595834875.3811998,B2392096,-0.06769,0.00366,0.99756,0.01636,0.0158
1595834875.3866282,B2392101,-0.06775,0.00372,0.99756,0.01617,0.0158
1595834875.391383,B2392106,-0.06781,0.00378,0.99756,0.01599,0.0158
1595834875.397633,B2392111,-0.06793,0.00385,0.99756,0.01581,0.0158
1595834875.4014888,B2392116,-0.06799,0.00391,0.99756,0.01563,0.0158
1595834875.4073339,B2392121,-0.06812,0.00403,0.99756,0.01544,0.0158
1595834875.411575,B2392126,-0.06830,0.00409,0.99756,0.01526,0.0158
1595834875.4163158,B2392131,-0.06842,0.00409,0.99756,0.01514,0.0158
1595834875.422709,B2392137,-0.06854,0.00415,0.99750,0.01501,0.0158
1595834875.427861,B2392143,-0.06866,0.00415,0.99750,0.01489,0.0158
1595834875.433426,B2392148,-0.06885,0.00415,0.99750,0.01477,0.0158
1595834875.440913,B2392153,-0.06903,0.00415,0.99750,0.01471,0.0158
1595834875.4479601,B2392159,-0.06915,0.00409,0.99750,0.01465,0.0158
1595834875.449488,B2392164,-0.06934,0.00403,0.99750,0.01465,0.0158
1595834875.454916,B2392170,-0.06946,0.00397,0.99750,0.01471,0.0158
1595834875.46072,B2392175,-0.06964,0.00385,0.99744,0.01477,0.0158
1595834875.4654028,B2392180,-0.06976,0.00372,0.99744,0.01483,0.0158
1595834875.4723709,B2392185,-0.06982,0.00360,0.99744,0.01489,0.0158
1595834875.4768991,B2392190,-0.06995,0.00348,0.99744,0.01501,0.0158
1595834875.4832551,B2392195,-0.07001,0.00336,0.99744,0.01520,0.0158
1595834875.4862368,B2392200,-0.07007,0.00317,0.99744,0.01532,0.0158
1595834875.489999,B2392205,-0.07013,0.00299,0.99744,0.01544,0.0158
1595834875.495685,B2392210,-0.07013,0.00287,0.99744,0.01563,0.0158
1595834875.499991,B2392215,-0.07013,0.00275,0.99744,0.01581,0.0158
1595834875.505631,B2392220,-0.07019,0.00262,0.99738,0.01593,0.0158
1595834875.511051,B2392225,-0.07019,0.00250,0.99738,0.01611,0.0158
1595834875.515396,B2392231,-0.07019,0.00238,0.99738,0.01630,0.0158
1595834875.521064,B2392236,-0.07019,0.00226,0.99738,0.01660,0.0158
1595834875.527182,B2392241,-0.07019,0.00220,0.99738,0.01672,0.0158
1595834875.531306,B2392246,-0.07019,0.00214,0.99738,0.01691,0.0158
1595834875.535545,B2392251,-0.07019,0.00214,0.99738,0.01703,0.0158
1595834875.544883,B2392256,-0.07013,0.00208,0.99738,0.01715,0.0158
1595834875.547758,B2392261,-0.07013,0.00201,0.99738,0.01733,0.0158
1595834875.550729,B2392266,-0.07013,0.00195,0.99738,0.01746,0.0158
1595834875.555752,B2392271,-0.07007,0.00189,0.99738,0.01758,0.0158
1595834875.56074,B2392276,-0.07007,0.00183,0.99738,0.01764,0.0158
1595834875.566195,B2392281,-0.07001,0.00177,0.99738,0.01776,0.0158
1595834875.570697,B2392286,-0.07001,0.00171,0.99738,0.01782,0.0158
1595834875.576162,B2392291,-0.07001,0.00165,0.99738,0.01788,0.0158
1595834875.58071,B2392296,-0.07001,0.00153,0.99738,0.01794,0.0158
1595834875.585872,B2392301,-0.07001,0.00140,0.99738,0.01801,0.0157
1595834875.591545,B2392306,-0.07001,0.00134,0.99738,0.01807,0.0158
1595834875.595685,B2392311,-0.07007,0.00116,0.99738,0.01813,0.0158
1595834875.602117,B2392316,-0.07007,0.00104,0.99738,0.01813,0.0158
1595834875.606168,B2392321,-0.07007,0.00092,0.99738,0.01813,0.0157
1595834875.610524,B2392326,-0.07007,0.00073,0.99738,0.01819,0.0157
1595834875.6154408,B2392331,-0.07007,0.00055,0.99738,0.01819,0.0157
1595834875.620448,B2392336,-0.07007,0.00037,0.99738,0.01819,0.0157
1595834875.6269681,B2392341,-0.07013,0.00012,0.99738,0.01813,0.0158
1595834875.63115,B2392346,-0.07019,-0.00012,0.99738,0.01807,0.0158
1595834875.636736,B2392351,-0.07025,-0.00037,0.99738,0.01801,0.0158
1595834875.640812,B2392356,-0.07025,-0.00061,0.99738,0.01794,0.0158
1595834875.6459289,B2392361,-0.07031,-0.00092,0.99738,0.01788,0.0159
1595834875.651244,B2392366,-0.07037,-0.00122,0.99738,0.01776,0.0159
1595834875.657763,B2392371,-0.07043,-0.00153,0.99738,0.01764,0.0159
1595834875.660903,B2392376,-0.07037,-0.00177,0.99738,0.01758,0.0159
1595834875.666254,B2392381,-0.07037,-0.00208,0.99738,0.01746,0.0159
1595834875.671628,B2392386,-0.07037,-0.00238,0.99738,0.01733,0.0159
1595834875.6767528,B2392392,-0.07037,-0.00262,0.99738,0.01727,0.0159
1595834875.681653,B2392397,-0.07037,-0.00287,0.99738,0.01715,0.0159
1595834875.68712,B2392402,-0.07037,-0.00311,0.99738,0.01709,0.0159
1595834875.6919649,B2392407,-0.07037,-0.00336,0.99738,0.01703,0.0159
1595834875.698483,B2392413,-0.07037,-0.00360,0.99738,0.01697,0.0159
1595834875.703775,B2392418,-0.07043,-0.00391,0.99738,0.01691,0.0159
1595834875.708107,B2392424,-0.07050,-0.00415,0.99738,0.01685,0.0159
1595834875.7135801,B2392429,-0.07056,-0.00439,0.99738,0.01678,0.0159
1595834875.719281,B2392434,-0.07056,-0.00470,0.99738,0.01666,0.0159
1595834875.724289,B2392440,-0.07062,-0.00500,0.99738,0.01660,0.0159
1595834875.729384,B2392445,-0.07062,-0.00531,0.99738,0.01648,0.0159
1595834875.735103,B2392450,-0.07068,-0.00555,0.99738,0.01642,0.0159
1595834875.73999,B2392455,-0.07068,-0.00586,0.99738,0.01630,0.0159
1595834875.74579,B2392460,-0.07062,-0.00604,0.99738,0.01617,0.0159
1595834875.751195,B2392466,-0.07062,-0.00629,0.99738,0.01599,0.0159
1595834875.756813,B2392471,-0.07056,-0.00665,0.99738,0.01575,0.0159
1595834875.760551,B2392476,-0.07050,-0.00677,0.99738,0.01563,0.0159
1595834875.765656,B2392481,-0.07043,-0.00696,0.99738,0.01550,0.0159
1595834875.7710981,B2392486,-0.07031,-0.00702,0.99738,0.01538,0.0159
1595834875.7758772,B2392491,-0.07025,-0.00714,0.99738,0.01532,0.0159
1595834875.781844,B2392496,-0.07013,-0.00720,0.99738,0.01520,0.0159
1595834875.7871182,B2392501,-0.07001,-0.00720,0.99738,0.01514,0.0159
1595834875.791998,B2392506,-0.06989,-0.00726,0.99744,0.01501,0.0159
1595834875.796844,B2392512,-0.06976,-0.00732,0.99744,0.01489,0.0159
1595834875.801313,B2392517,-0.06958,-0.00732,0.99744,0.01483,0.0159
1595834875.807219,B2392522,-0.06946,-0.00732,0.99744,0.01477,0.0159
1595834875.811813,B2392527,-0.06927,-0.00732,0.99744,0.01465,0.0159
1595834875.816221,B2392532,-0.06909,-0.00726,0.99750,0.01459,0.0159
1595834875.821606,B2392537,-0.06897,-0.00726,0.99750,0.01453,0.0159
1595834875.827064,B2392542,-0.06879,-0.00720,0.99750,0.01440,0.0158
1595834875.832984,B2392547,-0.06860,-0.00714,0.99750,0.01434,0.0159
1595834875.837701,B2392552,-0.06842,-0.00702,0.99756,0.01434,0.0158
1595834875.841822,B2392557,-0.06824,-0.00690,0.99756,0.01428,0.0158
1595834875.846829,B2392562,-0.06805,-0.00677,0.99756,0.01422,0.0158
1595834875.852442,B2392568,-0.06787,-0.00659,0.99756,0.01422,0.0158
1595834875.8585799,B2392573,-0.06769,-0.00647,0.99756,0.01416,0.0158
1595834875.863693,B2392579,-0.06757,-0.00629,0.99762,0.01416,0.0158
1595834875.870201,B2392584,-0.06738,-0.00610,0.99762,0.01416,0.0158
1595834875.874429,B2392590,-0.06726,-0.00592,0.99762,0.01422,0.0158
1595834875.8802319,B2392595,-0.06714,-0.00568,0.99762,0.01428,0.0158
1595834875.885112,B2392600,-0.06696,-0.00549,0.99762,0.01434,0.0158
1595834875.890309,B2392605,-0.06683,-0.00525,0.99762,0.01440,0.0158
1595834875.895372,B2392610,-0.06671,-0.00507,0.99768,0.01453,0.0158
1595834875.90043,B2392616,-0.06659,-0.00482,0.99768,0.01465,0.0158
1595834875.905222,B2392621,-0.06641,-0.00458,0.99768,0.01477,0.0158
1595834875.910988,B2392626,-0.06628,-0.00433,0.99768,0.01495,0.0158
1595834875.915692,B2392631,-0.06610,-0.00409,0.99768,0.01508,0.0158
1595834875.921294,B2392636,-0.06592,-0.00385,0.99768,0.01526,0.0158
1595834875.925459,B2392641,-0.06561,-0.00336,0.99774,0.01556,0.0158
1595834875.931742,B2392646,-0.06549,-0.00317,0.99774,0.01569,0.0158
1595834875.935758,B2392651,-0.06531,-0.00299,0.99774,0.01581,0.0158
1595834875.9410958,B2392656,-0.06519,-0.00287,0.99774,0.01599,0.0158
1595834875.9473789,B2392661,-0.06506,-0.00269,0.99774,0.01611,0.0158
1595834875.9506629,B2392666,-0.06494,-0.00250,0.99774,0.01624,0.0158
1595834875.956424,B2392671,-0.06488,-0.00238,0.99774,0.01642,0.0158
1595834875.960889,B2392676,-0.06476,-0.00220,0.99774,0.01654,0.0158
1595834875.966084,B2392681,-0.06464,-0.00201,0.99774,0.01666,0.0158
1595834875.971008,B2392686,-0.06458,-0.00183,0.99774,0.01685,0.0158
1595834875.976295,B2392692,-0.06451,-0.00165,0.99774,0.01697,0.0158
1595834875.981717,B2392697,-0.06445,-0.00140,0.99774,0.01715,0.0158
1595834875.9872599,B2392702,-0.06445,-0.00122,0.99774,0.01733,0.0158
1595834875.9943528,B2392708,-0.06439,-0.00098,0.99774,0.01746,0.0158
1595834875.998066,B2392713,-0.06439,-0.00073,0.99774,0.01764,0.0158
1595834876.0036428,B2392719,-0.06439,-0.00055,0.99774,0.01776,0.0158
1595834876.010456,B2392724,-0.06445,-0.00031,0.99774,0.01794,0.0158
1595834876.0167198,B2392730,-0.06445,-0.00012,0.99774,0.01807,0.0158
1595834876.020709,B2392735,-0.06445,0.00006,0.99774,0.01825,0.0158
1595834876.0252202,B2392740,-0.06445,0.00031,0.99774,0.01837,0.0158
1595834876.030601,B2392745,-0.06445,0.00049,0.99774,0.01855,0.0158
1595834876.034743,B2392750,-0.06445,0.00073,0.99774,0.01868,0.0158
1595834876.039986,B2392755,-0.06439,0.00098,0.99774,0.01880,0.0158
1595834876.045356,B2392761,-0.06433,0.00122,0.99774,0.01886,0.0158
1595834876.049962,B2392766,-0.06421,0.00153,0.99774,0.01898,0.0158
1595834876.055753,B2392771,-0.06403,0.00183,0.99774,0.01904,0.0158
1595834876.062891,B2392776,-0.06366,0.00250,0.99780,0.01910,0.0158
1595834876.0674849,B2392781,-0.06348,0.00293,0.99780,0.01910,0.0158
1595834876.07182,B2392786,-0.06329,0.00330,0.99780,0.01910,0.0158
1595834876.0753338,B2392791,-0.06311,0.00354,0.99780,0.01910,0.0158
1595834876.0804071,B2392796,-0.06299,0.00385,0.99780,0.01910,0.0158
1595834876.0863118,B2392801,-0.06293,0.00415,0.99780,0.01910,0.0158
1595834876.0905778,B2392806,-0.06281,0.00433,0.99780,0.01904,0.0158
1595834876.096896,B2392811,-0.06274,0.00452,0.99786,0.01904,0.0158
1595834876.100558,B2392816,-0.06268,0.00464,0.99786,0.01898,0.0158
1595834876.105731,B2392821,-0.06262,0.00470,0.99786,0.01892,0.0158
1595834876.1126678,B2392826,-0.06256,0.00476,0.99786,0.01892,0.0158
1595834876.11603,B2392831,-0.06250,0.00482,0.99786,0.01886,0.0158
1595834876.120526,B2392836,-0.06244,0.00488,0.99786,0.01886,0.0158
1595834876.125812,B2392841,-0.06238,0.00488,0.99786,0.01880,0.0158
1595834876.131263,B2392846,-0.06232,0.00482,0.99786,0.01874,0.0158
1595834876.1366389,B2392851,-0.06226,0.00476,0.99786,0.01868,0.0158
1595834876.1406379,B2392857,-0.06219,0.00464,0.99786,0.01862,0.0158
1595834876.147118,B2392862,-0.06219,0.00452,0.99786,0.01855,0.0158
1595834876.1541388,B2392867,-0.06219,0.00433,0.99786,0.01849,0.0158
1595834876.16015,B2392872,-0.06219,0.00409,0.99786,0.01843,0.0158
1595834876.162912,B2392877,-0.06219,0.00385,0.99786,0.01837,0.0158
1595834876.167785,B2392883,-0.06226,0.00360,0.99786,0.01831,0.0158
1595834876.173198,B2392889,-0.06226,0.00330,0.99786,0.01825,0.0158
1595834876.178165,B2392894,-0.06226,0.00305,0.99786,0.01819,0.0158
1595834876.183786,B2392899,-0.06226,0.00281,0.99786,0.01813,0.0158
1595834876.192099,B2392905,-0.06232,0.00250,0.99786,0.01807,0.0158
1595834876.195333,B2392910,-0.06226,0.00226,0.99786,0.01801,0.0158
1595834876.1993432,B2392915,-0.06226,0.00208,0.99792,0.01801,0.0159
1595834876.204331,B2392920,-0.06219,0.00189,0.99792,0.01794,0.0159
1595834876.209905,B2392925,-0.06207,0.00171,0.99792,0.01794,0.0159
1595834876.214923,B2392930,-0.06201,0.00159,0.99792,0.01794,0.0159
1595834876.2193952,B2392935,-0.06189,0.00146,0.99792,0.01794,0.0159
1595834876.224454,B2392940,-0.06177,0.00140,0.99792,0.01794,0.0159
1595834876.230874,B2392945,-0.06165,0.00134,0.99792,0.01801,0.0159
1595834876.234787,B2392950,-0.06152,0.00134,0.99792,0.01801,0.0159
1595834876.2399879,B2392955,-0.06146,0.00134,0.99792,0.01801,0.0159
1595834876.247039,B2392961,-0.06134,0.00146,0.99792,0.01801,0.0159
1595834876.252565,B2392966,-0.06128,0.00159,0.99799,0.01807,0.0159
1595834876.2551198,B2392971,-0.06122,0.00171,0.99799,0.01807,0.0159
1595834876.26004,B2392976,-0.06110,0.00214,0.99799,0.01807,0.0159
1595834876.265805,B2392981,-0.06110,0.00238,0.99799,0.01813,0.0159
1595834876.270259,B2392986,-0.06110,0.00262,0.99799,0.01813,0.0159
1595834876.275658,B2392991,-0.06110,0.00287,0.99799,0.01813,0.0159
1595834876.280179,B2392996,-0.06116,0.00311,0.99799,0.01813,0.0159
1595834876.2854478,B2393001,-0.06116,0.00330,0.99799,0.01813,0.0158
1595834876.291575,B2393006,-0.06122,0.00348,0.99792,0.01819,0.0158
1595834876.297199,B2393011,-0.06128,0.00354,0.99792,0.01819,0.0158
1595834876.300569,B2393016,-0.06134,0.00360,0.99792,0.01825,0.0158
1595834876.306769,B2393021,-0.06140,0.00360,0.99792,0.01831,0.0158
1595834876.311079,B2393026,-0.06146,0.00360,0.99792,0.01837,0.0158
1595834876.315915,B2393031,-0.06152,0.00348,0.99792,0.01843,0.0158
1595834876.320545,B2393037,-0.06165,0.00330,0.99792,0.01849,0.0158
1595834876.32769,B2393042,-0.06171,0.00311,0.99792,0.01862,0.0158
1595834876.3309581,B2393047,-0.06183,0.00281,0.99792,0.01868,0.0158
1595834876.3361542,B2393052,-0.06195,0.00256,0.99792,0.01880,0.0158
1595834876.3414679,B2393057,-0.06201,0.00226,0.99786,0.01892,0.0158
1595834876.349492,B2393063,-0.06207,0.00195,0.99786,0.01910,0.0158
1595834876.353173,B2393069,-0.06213,0.00159,0.99786,0.01929,0.0158
1595834876.3580348,B2393074,-0.06219,0.00128,0.99786,0.01941,0.0158
1595834876.363786,B2393079,-0.06219,0.00092,0.99786,0.01959,0.0158
1595834876.3702521,B2393085,-0.06219,0.00061,0.99786,0.01978,0.0158
1595834876.374053,B2393090,-0.06219,0.00024,0.99786,0.01990,0.0158
1595834876.379777,B2393095,-0.06213,-0.00012,0.99786,0.02008,0.0158
1595834876.384883,B2393101,-0.06213,-0.00049,0.99786,0.02026,0.0158
1595834876.392483,B2393106,-0.06207,-0.00085,0.99786,0.02045,0.0158
1595834876.3946571,B2393111,-0.06201,-0.00122,0.99786,0.02057,0.0158
1595834876.39979,B2393116,-0.06195,-0.00153,0.99786,0.02075,0.0158
1595834876.406888,B2393121,-0.06189,-0.00183,0.99786,0.02094,0.0158
1595834876.4098969,B2393126,-0.06183,-0.00214,0.99786,0.02112,0.0158
1595834876.415283,B2393131,-0.06183,-0.00244,0.99786,0.02130,0.0158
1595834876.420266,B2393136,-0.06171,-0.00299,0.99786,0.02167,0.0158
1595834876.4265459,B2393141,-0.06165,-0.00317,0.99786,0.02185,0.0158
1595834876.432084,B2393146,-0.06158,-0.00342,0.99786,0.02203,0.0158
1595834876.4377759,B2393151,-0.06158,-0.00354,0.99786,0.02216,0.0158
1595834876.440191,B2393156,-0.06152,-0.00372,0.99786,0.02234,0.0158
1595834876.445573,B2393161,-0.06146,-0.00385,0.99786,0.02252,0.0158
1595834876.454537,B2393166,-0.06140,-0.00397,0.99786,0.02264,0.0158
1595834876.45561,B2393172,-0.06134,-0.00403,0.99786,0.02283,0.0158
1595834876.460995,B2393177,-0.06134,-0.00403,0.99786,0.02295,0.0158
1595834876.467733,B2393182,-0.06134,-0.00403,0.99786,0.02307,0.0158
1595834876.471921,B2393188,-0.06134,-0.00397,0.99786,0.02313,0.0158
1595834876.478065,B2393194,-0.06134,-0.00385,0.99786,0.02325,0.0158
1595834876.4833531,B2393199,-0.06134,-0.00378,0.99786,0.02332,0.0158
1595834876.488662,B2393204,-0.06134,-0.00360,0.99786,0.02338,0.0158
1595834876.494184,B2393209,-0.06134,-0.00348,0.99786,0.02344,0.0158
1595834876.498875,B2393215,-0.06140,-0.00330,0.99780,0.02344,0.0158
1595834876.507216,B2393220,-0.06146,-0.00311,0.99780,0.02344,0.0158
1595834876.509469,B2393225,-0.06158,-0.00293,0.99780,0.02350,0.0158
1595834876.5148108,B2393230,-0.06165,-0.00269,0.99780,0.02350,0.0158
1595834876.520662,B2393236,-0.06171,-0.00244,0.99780,0.02350,0.0158
1595834876.5273118,B2393241,-0.06177,-0.00220,0.99780,0.02350,0.0158
1595834876.530467,B2393246,-0.06189,-0.00153,0.99780,0.02350,0.0158
1595834876.535655,B2393251,-0.06189,-0.00116,0.99780,0.02350,0.0158
1595834876.540467,B2393256,-0.06195,-0.00085,0.99780,0.02350,0.0158
1595834876.545273,B2393261,-0.06195,-0.00043,0.99780,0.02350,0.0158
1595834876.551362,B2393266,-0.06201,-0.00012,0.99780,0.02350,0.0158
1595834876.555941,B2393271,-0.06201,0.00018,0.99780,0.02350,0.0158
1595834876.561125,B2393276,-0.06207,0.00049,0.99780,0.02350,0.0158
1595834876.5663428,B2393281,-0.06207,0.00079,0.99780,0.02356,0.0158
1595834876.571181,B2393286,-0.06207,0.00104,0.99780,0.02356,0.0158
1595834876.5755231,B2393291,-0.06201,0.00128,0.99780,0.02350,0.0158
1595834876.5807848,B2393296,-0.06195,0.00146,0.99780,0.02350,0.0158
1595834876.5855591,B2393301,-0.06189,0.00171,0.99780,0.02350,0.0158
1595834876.590326,B2393306,-0.06183,0.00189,0.99780,0.02344,0.0158
1595834876.5957062,B2393312,-0.06171,0.00201,0.99780,0.02344,0.0158
1595834876.601283,B2393317,-0.06165,0.00220,0.99780,0.02338,0.0158
1595834876.60558,B2393322,-0.06146,0.00232,0.99780,0.02332,0.0158
1595834876.611657,B2393327,-0.06134,0.00250,0.99786,0.02332,0.0158
1595834876.6168141,B2393333,-0.06122,0.00262,0.99786,0.02325,0.0158
1595834876.6222389,B2393338,-0.06110,0.00275,0.99786,0.02319,0.0158
1595834876.627955,B2393344,-0.06091,0.00287,0.99786,0.02307,0.0158
1595834876.6347132,B2393349,-0.06079,0.00299,0.99786,0.02301,0.0158
1595834876.638988,B2393355,-0.06067,0.00317,0.99786,0.02295,0.0158
1595834876.6437728,B2393360,-0.06055,0.00330,0.99792,0.02289,0.0158
1595834876.6488378,B2393365,-0.06042,0.00342,0.99792,0.02277,0.0158
1595834876.654389,B2393370,-0.06036,0.00348,0.99792,0.02271,0.0158
1595834876.659725,B2393376,-0.06030,0.00360,0.99792,0.02264,0.0158
1595834876.667358,B2393381,-0.06024,0.00372,0.99792,0.02258,0.0158
1595834876.669966,B2393386,-0.06018,0.00385,0.99792,0.02252,0.0158
1595834876.674964,B2393391,-0.06024,0.00391,0.99792,0.02246,0.0158
1595834876.679817,B2393396,-0.06024,0.00403,0.99792,0.02240,0.0158
1595834876.685728,B2393401,-0.06024,0.00409,0.99792,0.02240,0.0158
1595834876.690731,B2393406,-0.06042,0.00415,0.99792,0.02240,0.0158
1595834876.695576,B2393411,-0.06055,0.00409,0.99792,0.02240,0.0158
1595834876.701395,B2393416,-0.06073,0.00409,0.99792,0.02240,0.0158
1595834876.706083,B2393421,-0.06097,0.00403,0.99786,0.02240,0.0158
1595834876.7110488,B2393426,-0.06122,0.00397,0.99786,0.02240,0.0158
1595834876.715175,B2393431,-0.06146,0.00391,0.99786,0.02246,0.0158
1595834876.7203178,B2393437,-0.06171,0.00397,0.99786,0.02246,0.0158
1595834876.726986,B2393442,-0.06195,0.00409,0.99780,0.02252,0.0158
1595834876.730628,B2393447,-0.06213,0.00433,0.99780,0.02258,0.0158
1595834876.7359538,B2393452,-0.06232,0.00464,0.99780,0.02264,0.0158
1595834876.742094,B2393457,-0.06250,0.00500,0.99780,0.02264,0.0158
1595834876.74558,B2393462,-0.06274,0.00555,0.99774,0.02271,0.0158
1595834876.750817,B2393467,-0.06293,0.00616,0.99774,0.02271,0.0158
1595834876.756906,B2393472,-0.06317,0.00684,0.99774,0.02277,0.0158
1595834876.760625,B2393477,-0.06342,0.00745,0.99768,0.02277,0.0158
1595834876.767324,B2393482,-0.06366,0.00824,0.99768,0.02283,0.0158
1595834876.771169,B2393487,-0.06390,0.00891,0.99768,0.02289,0.0158
1595834876.7767959,B2393493,-0.06409,0.00958,0.99762,0.02289,0.0158
1595834876.7820768,B2393498,-0.06433,0.01019,0.99762,0.02301,0.0158
1595834876.788249,B2393504,-0.06464,0.01074,0.99756,0.02307,0.0158
1595834876.794896,B2393509,-0.06488,0.01117,0.99756,0.02313,0.0158
1595834876.7995,B2393515,-0.06512,0.01147,0.99756,0.02325,0.0158
1595834876.804449,B2393520,-0.06543,0.01166,0.99750,0.02338,0.0158
1595834876.8090508,B2393525,-0.06573,0.01178,0.99750,0.02356,0.0158
1595834876.814802,B2393531,-0.06604,0.01184,0.99744,0.02374,0.0158
1595834876.820129,B2393536,-0.06628,0.01184,0.99744,0.02399,0.0158
1595834876.824539,B2393541,-0.06653,0.01178,0.99744,0.02423,0.0158
1595834876.8299909,B2393546,-0.06671,0.01172,0.99738,0.02448,0.0158
1595834876.8351412,B2393551,-0.06696,0.01160,0.99738,0.02509,0.0158
1595834876.840041,B2393556,-0.06702,0.01160,0.99738,0.02533,0.0158
1595834876.8459141,B2393562,-0.06702,0.01160,0.99738,0.02570,0.0158
1595834876.850951,B2393567,-0.06702,0.01160,0.99731,0.02606,0.0158
1595834876.855544,B2393572,-0.06696,0.01166,0.99731,0.02637,0.0158
1595834876.860227,B2393577,-0.06683,0.01172,0.99731,0.02667,0.0158
1595834876.8668401,B2393582,-0.06665,0.01184,0.99731,0.02698,0.0158
1595834876.87027,B2393587,-0.06647,0.01202,0.99731,0.02734,0.0158
1595834876.875703,B2393592,-0.06628,0.01227,0.99738,0.02759,0.0158
1595834876.881065,B2393597,-0.06604,0.01251,0.99738,0.02789,0.0158
1595834876.885741,B2393602,-0.06580,0.01270,0.99738,0.02814,0.0157
1595834876.892216,B2393607,-0.06555,0.01300,0.99738,0.02838,0.0157
1595834876.896142,B2393612,-0.06531,0.01324,0.99738,0.02856,0.0157
1595834876.9007978,B2393617,-0.06506,0.01343,0.99738,0.02875,0.0158
1595834876.905705,B2393622,-0.06482,0.01373,0.99738,0.02887,0.0157
1595834876.911985,B2393627,-0.06458,0.01392,0.99738,0.02899,0.0157
1595834876.916482,B2393632,-0.06433,0.01410,0.99738,0.02911,0.0157
1595834876.921309,B2393637,-0.06409,0.01428,0.99744,0.02924,0.0157
1595834876.927325,B2393643,-0.06384,0.01447,0.99744,0.02930,0.0157
1595834876.931978,B2393648,-0.06360,0.01465,0.99744,0.02936,0.0157
1595834876.9374878,B2393653,-0.06335,0.01477,0.99744,0.02936,0.0157
1595834876.943629,B2393659,-0.06311,0.01483,0.99744,0.02942,0.0157
1595834876.947829,B2393664,-0.06281,0.01483,0.99750,0.02936,0.0157
1595834876.953666,B2393669,-0.06262,0.01489,0.99750,0.02936,0.0157
1595834876.959892,B2393675,-0.06238,0.01483,0.99750,0.02936,0.0157
1595834876.963657,B2393680,-0.06213,0.01477,0.99756,0.02930,0.0157
1595834876.968724,B2393685,-0.06189,0.01465,0.99756,0.02924,0.0157
1595834876.974113,B2393691,-0.06177,0.01447,0.99756,0.02924,0.0157
1595834876.979176,B2393696,-0.06165,0.01428,0.99756,0.02917,0.0157
1595834876.984425,B2393701,-0.06158,0.01398,0.99756,0.02917,0.0157
1595834876.994369,B2393706,-0.06152,0.01361,0.99756,0.02911,0.0157
1595834876.995342,B2393711,-0.06158,0.01324,0.99762,0.02911,0.0157
1595834877.000511,B2393716,-0.06158,0.01288,0.99762,0.02905,0.0157
1595834877.005022,B2393721,-0.06171,0.01251,0.99762,0.02905,0.0157
1595834877.009708,B2393726,-0.06177,0.01202,0.99762,0.02905,0.0157
1595834877.014744,B2393731,-0.06201,0.01123,0.99762,0.02905,0.0157
1595834877.019824,B2393736,-0.06207,0.01093,0.99756,0.02911,0.0157
1595834877.02502,B2393741,-0.06219,0.01050,0.99756,0.02917,0.0157
1595834877.030236,B2393746,-0.06232,0.01019,0.99756,0.02924,0.0157
1595834877.0356128,B2393751,-0.06244,0.00983,0.99756,0.02930,0.0157
1595834877.0399868,B2393756,-0.06256,0.00952,0.99756,0.02936,0.0157
1595834877.045553,B2393762,-0.06274,0.00916,0.99756,0.02948,0.0157
1595834877.0500648,B2393767,-0.06287,0.00885,0.99756,0.02960,0.0157
1595834877.055508,B2393772,-0.06299,0.00861,0.99756,0.02979,0.0157
1595834877.06018,B2393777,-0.06317,0.00836,0.99750,0.02991,0.0157
1595834877.065042,B2393782,-0.06329,0.00812,0.99750,0.03009,0.0157
1595834877.070109,B2393787,-0.06342,0.00787,0.99750,0.03027,0.0157
1595834877.075753,B2393792,-0.06348,0.00775,0.99750,0.03046,0.0157
1595834877.080393,B2393797,-0.06360,0.00763,0.99750,0.03064,0.0157
1595834877.086637,B2393802,-0.06366,0.00757,0.99744,0.03088,0.0157
1595834877.090255,B2393807,-0.06372,0.00745,0.99744,0.03107,0.0157
1595834877.095041,B2393812,-0.06372,0.00745,0.99744,0.03125,0.0157
1595834877.100136,B2393817,-0.06372,0.00739,0.99744,0.03143,0.0157
1595834877.1054888,B2393822,-0.06372,0.00739,0.99744,0.03162,0.0157
1595834877.110257,B2393827,-0.06366,0.00732,0.99744,0.03180,0.0157
1595834877.1154912,B2393832,-0.06360,0.00732,0.99744,0.03192,0.0157
1595834877.1205099,B2393837,-0.06354,0.00732,0.99744,0.03210,0.0157
1595834877.125955,B2393842,-0.06348,0.00726,0.99744,0.03217,0.0157
1595834877.130603,B2393847,-0.06335,0.00720,0.99744,0.03229,0.0157
1595834877.1363258,B2393852,-0.06329,0.00714,0.99744,0.03235,0.0157
1595834877.141369,B2393857,-0.06317,0.00702,0.99744,0.03235,0.0157
1595834877.147095,B2393862,-0.06305,0.00690,0.99744,0.03241,0.0157
1595834877.1509671,B2393868,-0.06293,0.00677,0.99750,0.03235,0.0157
1595834877.156926,B2393873,-0.06287,0.00659,0.99750,0.03235,0.0157
1595834877.163413,B2393879,-0.06274,0.00641,0.99750,0.03229,0.0157
1595834877.167968,B2393884,-0.06262,0.00610,0.99750,0.03217,0.0157
1595834877.1727512,B2393889,-0.06250,0.00586,0.99750,0.03204,0.0157
1595834877.178329,B2393895,-0.06244,0.00549,0.99750,0.03186,0.0157
1595834877.184003,B2393900,-0.06232,0.00513,0.99756,0.03168,0.0157
1595834877.1892312,B2393906,-0.06219,0.00464,0.99756,0.03143,0.0157
1595834877.195063,B2393911,-0.06213,0.00421,0.99756,0.03119,0.0157
1595834877.199595,B2393916,-0.06207,0.00372,0.99756,0.03088,0.0157
1595834877.204244,B2393921,-0.06207,0.00330,0.99762,0.03064,0.0157
1595834877.2099369,B2393926,-0.06201,0.00275,0.99762,0.03027,0.0157
1595834877.214603,B2393931,-0.06195,0.00177,0.99762,0.02960,0.0157
1595834877.220296,B2393936,-0.06189,0.00134,0.99768,0.02930,0.0157
1595834877.225357,B2393941,-0.06183,0.00085,0.99768,0.02887,0.0157
1595834877.22988,B2393946,-0.06177,0.00043,0.99768,0.02850,0.0157
1595834877.2346728,B2393951,-0.06171,-0.00006,0.99768,0.02814,0.0157
1595834877.241013,B2393956,-0.06165,-0.00043,0.99768,0.02783,0.0157
1595834877.2447958,B2393961,-0.06152,-0.00079,0.99774,0.02753,0.0157
1595834877.249634,B2393966,-0.06140,-0.00122,0.99774,0.02716,0.0157
1595834877.254666,B2393971,-0.06128,-0.00159,0.99774,0.02679,0.0157
1595834877.260612,B2393977,-0.06116,-0.00195,0.99780,0.02655,0.0157
1595834877.265713,B2393982,-0.06097,-0.00232,0.99780,0.02618,0.0157
1595834877.271143,B2393987,-0.06091,-0.00269,0.99780,0.02588,0.0157
1595834877.275327,B2393992,-0.06085,-0.00299,0.99780,0.02563,0.0157
1595834877.280017,B2393997,-0.06073,-0.00323,0.99780,0.02533,0.0157
1595834877.2864509,B2394002,-0.06067,-0.00348,0.99786,0.02502,0.0157
1595834877.291739,B2394007,-0.06049,-0.00360,0.99786,0.02472,0.0157
1595834877.295878,B2394012,-0.06024,-0.00360,0.99786,0.02441,0.0157
1595834877.300957,B2394017,-0.05994,-0.00342,0.99792,0.02411,0.0157
1595834877.3069,B2394022,-0.05957,-0.00305,0.99792,0.02380,0.0157
1595834877.31236,B2394027,-0.05914,-0.00262,0.99799,0.02356,0.0157
1595834877.315638,B2394032,-0.05884,-0.00220,0.99799,0.02332,0.0157
1595834877.3206248,B2394037,-0.05853,-0.00171,0.99805,0.02307,0.0157
1595834877.3269691,B2394042,-0.05835,-0.00128,0.99805,0.02283,0.0157
1595834877.331267,B2394048,-0.05823,-0.00085,0.99805,0.02258,0.0157
1595834877.3386948,B2394054,-0.05811,-0.00049,0.99805,0.02240,0.0157
1595834877.342239,B2394059,-0.05798,-0.00006,0.99805,0.02216,0.0157
1595834877.347718,B2394064,-0.05786,0.00037,0.99811,0.02197,0.0157
1595834877.354506,B2394069,-0.05774,0.00079,0.99811,0.02185,0.0157
1595834877.358135,B2394075,-0.05762,0.00116,0.99811,0.02167,0.0157
1595834877.363195,B2394080,-0.05750,0.00153,0.99811,0.02155,0.0157
1595834877.368795,B2394085,-0.05743,0.00183,0.99811,0.02136,0.0157
1595834877.3753421,B2394090,-0.05737,0.00208,0.99811,0.02124,0.0157
1595834877.3793972,B2394096,-0.05737,0.00226,0.99811,0.02106,0.0157
1595834877.3847702,B2394101,-0.05737,0.00232,0.99811,0.02087,0.0157
1595834877.389693,B2394106,-0.05737,0.00226,0.99811,0.02075,0.0157
1595834877.39439,B2394111,-0.05737,0.00214,0.99817,0.02045,0.0157
1595834877.399808,B2394116,-0.05743,0.00201,0.99817,0.02026,0.0157
1595834877.4070349,B2394121,-0.05743,0.00195,0.99817,0.02008,0.0157
1595834877.41069,B2394126,-0.05743,0.00195,0.99817,0.01990,0.0157
1595834877.414863,B2394131,-0.05737,0.00208,0.99817,0.01978,0.0157
1595834877.419895,B2394136,-0.05731,0.00226,0.99817,0.01959,0.0157
1595834877.4246578,B2394142,-0.05719,0.00256,0.99817,0.01941,0.0157
1595834877.4303901,B2394147,-0.05707,0.00299,0.99817,0.01923,0.0157
1595834877.436822,B2394152,-0.05695,0.00342,0.99817,0.01904,0.0157
1595834877.44045,B2394157,-0.05688,0.00385,0.99817,0.01886,0.0157
1595834877.444779,B2394162,-0.05682,0.00433,0.99817,0.01868,0.0157
1595834877.45226,B2394167,-0.05688,0.00476,0.99817,0.01855,0.0157
1595834877.4557,B2394172,-0.05701,0.00513,0.99817,0.01843,0.0157
1595834877.460869,B2394177,-0.05713,0.00549,0.99817,0.01831,0.0157
1595834877.466304,B2394182,-0.05737,0.00580,0.99817,0.01825,0.0157
1595834877.4704452,B2394187,-0.05762,0.00604,0.99817,0.01819,0.0157
1595834877.475084,B2394192,-0.05792,0.00629,0.99811,0.01807,0.0157
1595834877.480136,B2394197,-0.05817,0.00647,0.99811,0.01807,0.0157
1595834877.4857721,B2394202,-0.05841,0.00677,0.99811,0.01801,0.0157
1595834877.4905999,B2394207,-0.05859,0.00702,0.99811,0.01801,0.0157
1595834877.495866,B2394212,-0.05872,0.00732,0.99811,0.01807,0.0157
1595834877.500133,B2394217,-0.05884,0.00757,0.99805,0.01807,0.0157
1595834877.5065238,B2394222,-0.05902,0.00787,0.99805,0.01813,0.0157
1595834877.510855,B2394228,-0.05908,0.00812,0.99805,0.01825,0.0157
1595834877.516618,B2394234,-0.05920,0.00836,0.99805,0.01837,0.0157
1595834877.5230541,B2394239,-0.05933,0.00854,0.99805,0.01849,0.0157
1595834877.527115,B2394244,-0.05939,0.00861,0.99805,0.01868,0.0157
1595834877.5326788,B2394250,-0.05951,0.00867,0.99799,0.01886,0.0157
1595834877.53818,B2394255,-0.05957,0.00867,0.99799,0.01910,0.0157
1595834877.543732,B2394261,-0.05957,0.00867,0.99799,0.01935,0.0157
1595834877.548985,B2394266,-0.05963,0.00861,0.99799,0.01959,0.0157
1595834877.554098,B2394271,-0.05957,0.00854,0.99799,0.01978,0.0157
1595834877.559314,B2394276,-0.05951,0.00842,0.99799,0.02008,0.0157
1595834877.564668,B2394281,-0.05945,0.00836,0.99799,0.02026,0.0157
1595834877.569228,B2394286,-0.05933,0.00818,0.99799,0.02051,0.0157
1595834877.576132,B2394291,-0.05902,0.00793,0.99799,0.02094,0.0157
1595834877.5792341,B2394296,-0.05890,0.00781,0.99799,0.02118,0.0157
1595834877.584308,B2394301,-0.05872,0.00763,0.99805,0.02136,0.0157
1595834877.591578,B2394306,-0.05847,0.00745,0.99805,0.02148,0.0157
1595834877.5942552,B2394311,-0.05829,0.00726,0.99805,0.02167,0.0157
1595834877.5995252,B2394316,-0.05811,0.00714,0.99805,0.02179,0.0157
1595834877.604527,B2394321,-0.05786,0.00696,0.99805,0.02185,0.0157
1595834877.61006,B2394326,-0.05762,0.00671,0.99805,0.02197,0.0157
1595834877.614586,B2394331,-0.05743,0.00653,0.99811,0.02203,0.0157
1595834877.619335,B2394336,-0.05725,0.00629,0.99811,0.02203,0.0157
1595834877.62482,B2394341,-0.05707,0.00610,0.99811,0.02203,0.0157
1595834877.63064,B2394346,-0.05688,0.00580,0.99811,0.02197,0.0157
1595834877.6356852,B2394352,-0.05670,0.00562,0.99811,0.02197,0.0157
1595834877.639474,B2394357,-0.05658,0.00537,0.99817,0.02191,0.0157
1595834877.6445591,B2394362,-0.05646,0.00513,0.99817,0.02185,0.0157
1595834877.650899,B2394367,-0.05640,0.00494,0.99817,0.02179,0.0157
1595834877.654607,B2394372,-0.05634,0.00482,0.99817,0.02167,0.0157
1595834877.661192,B2394377,-0.05627,0.00464,0.99817,0.02161,0.0157
1595834877.6647959,B2394382,-0.05627,0.00452,0.99817,0.02148,0.0157
1595834877.671041,B2394387,-0.05627,0.00439,0.99817,0.02142,0.0157
1595834877.675628,B2394392,-0.05627,0.00433,0.99817,0.02130,0.0157
1595834877.6805089,B2394397,-0.05627,0.00433,0.99817,0.02118,0.0157
1595834877.685956,B2394402,-0.05634,0.00427,0.99817,0.02100,0.0157
1595834877.69079,B2394407,-0.05634,0.00433,0.99817,0.02087,0.0157
1595834877.6947992,B2394412,-0.05640,0.00433,0.99817,0.02075,0.0157
1595834877.6997418,B2394417,-0.05640,0.00439,0.99817,0.02057,0.0157
1595834877.705322,B2394422,-0.05640,0.00446,0.99817,0.02039,0.0157
1595834877.711235,B2394427,-0.05646,0.00452,0.99817,0.02026,0.0157
1595834877.714775,B2394432,-0.05652,0.00458,0.99817,0.02014,0.0157
1595834877.7217999,B2394437,-0.05664,0.00470,0.99817,0.01996,0.0157
1595834877.725357,B2394442,-0.05670,0.00470,0.99817,0.01984,0.0157
1595834877.730439,B2394447,-0.05682,0.00476,0.99817,0.01971,0.0157
1595834877.735494,B2394452,-0.05695,0.00482,0.99817,0.01965,0.0157
1595834877.739773,B2394457,-0.05707,0.00482,0.99817,0.01959,0.0157
1595834877.745673,B2394462,-0.05725,0.00488,0.99817,0.01959,0.0156
1595834877.751437,B2394467,-0.05743,0.00488,0.99817,0.01959,0.0157
1595834877.755403,B2394472,-0.05768,0.00494,0.99811,0.01959,0.0156
1595834877.760372,B2394477,-0.05792,0.00494,0.99811,0.01965,0.0157
1595834877.76626,B2394482,-0.05817,0.00500,0.99811,0.01978,0.0156
1595834877.7701912,B2394487,-0.05841,0.00507,0.99811,0.01984,0.0157
1595834877.775454,B2394492,-0.05872,0.00519,0.99805,0.01996,0.0157
1595834877.7808902,B2394498,-0.05896,0.00525,0.99805,0.02014,0.0157
1595834877.7881222,B2394504,-0.05927,0.00537,0.99805,0.02032,0.0156
1595834877.791959,B2394509,-0.05963,0.00549,0.99799,0.02051,0.0156
1595834877.797737,B2394514,-0.06000,0.00555,0.99799,0.02075,0.0157
1595834877.802609,B2394520,-0.06036,0.00568,0.99792,0.02094,0.0157
1595834877.808012,B2394525,-0.06079,0.00574,0.99792,0.02118,0.0156
1595834877.813277,B2394531,-0.06122,0.00586,0.99786,0.02142,0.0156
1595834877.818718,B2394536,-0.06171,0.00592,0.99786,0.02167,0.0156
1595834877.823661,B2394541,-0.06213,0.00610,0.99780,0.02191,0.0157
1595834877.828843,B2394546,-0.06256,0.00635,0.99780,0.02216,0.0157
1595834877.835571,B2394551,-0.06287,0.00677,0.99774,0.02234,0.0157
1595834877.83869,B2394556,-0.06305,0.00732,0.99774,0.02258,0.0157
1595834877.84495,B2394561,-0.06323,0.00793,0.99768,0.02277,0.0157
1595834877.849271,B2394566,-0.06342,0.00873,0.99768,0.02301,0.0157
1595834877.8541498,B2394571,-0.06360,0.00958,0.99768,0.02319,0.0157
1595834877.8594959,B2394576,-0.06378,0.01038,0.99762,0.02332,0.0157
1595834877.8647192,B2394581,-0.06390,0.01105,0.99762,0.02344,0.0157
1595834877.8699179,B2394586,-0.06415,0.01184,0.99762,0.02362,0.0157
1595834877.874445,B2394591,-0.06427,0.01245,0.99756,0.02374,0.0157
1595834877.880469,B2394597,-0.06439,0.01300,0.99756,0.02386,0.0157
1595834877.884448,B2394602,-0.06458,0.01398,0.99750,0.02417,0.0157
1595834877.89017,B2394607,-0.06464,0.01434,0.99750,0.02429,0.0157
1595834877.895616,B2394612,-0.06470,0.01459,0.99750,0.02448,0.0157
1595834877.8997262,B2394617,-0.06482,0.01477,0.99750,0.02466,0.0157
1595834877.905529,B2394622,-0.06488,0.01483,0.99750,0.02484,0.0157
1595834877.912089,B2394627,-0.06500,0.01489,0.99744,0.02502,0.0157
1595834877.914575,B2394632,-0.06506,0.01495,0.99744,0.02527,0.0157
1595834877.91974,B2394637,-0.06512,0.01501,0.99744,0.02551,0.0157
1595834877.92465,B2394642,-0.06512,0.01508,0.99744,0.02582,0.0157
1595834877.929761,B2394647,-0.06512,0.01520,0.99744,0.02612,0.0157
1595834877.934928,B2394652,-0.06500,0.01538,0.99744,0.02649,0.0157
1595834877.93971,B2394657,-0.06488,0.01569,0.99744,0.02679,0.0157
1595834877.9448378,B2394662,-0.06464,0.01605,0.99744,0.02722,0.0157
1595834877.951218,B2394667,-0.06445,0.01648,0.99738,0.02765,0.0157
1595834877.9560041,B2394672,-0.06421,0.01691,0.99738,0.02802,0.0157
1595834877.959777,B2394677,-0.06396,0.01733,0.99738,0.02844,0.0157
1595834877.9657412,B2394682,-0.06378,0.01776,0.99738,0.02881,0.0157
1595834877.97105,B2394687,-0.06354,0.01813,0.99738,0.02930,0.0157
1595834877.975515,B2394692,-0.06335,0.01849,0.99738,0.02972,0.0157
1595834877.9819992,B2394698,-0.06323,0.01874,0.99738,0.03021,0.0157
1595834877.98699,B2394704,-0.06305,0.01892,0.99738,0.03064,0.0157
1595834877.992191,B2394709,-0.06293,0.01910,0.99738,0.03119,0.0157
1595834877.9991198,B2394714,-0.06274,0.01923,0.99731,0.03162,0.0157
1595834878.0023859,B2394720,-0.06256,0.01929,0.99731,0.03204,0.0157
1595834878.007978,B2394725,-0.06238,0.01941,0.99731,0.03253,0.0157
1595834878.013303,B2394731,-0.06219,0.01947,0.99731,0.03296,0.0157
1595834878.0193222,B2394736,-0.06195,0.01953,0.99731,0.03345,0.0157
1595834878.023992,B2394741,-0.06171,0.01959,0.99731,0.03387,0.0157
1595834878.029742,B2394746,-0.06146,0.01959,0.99731,0.03430,0.0157
1595834878.034233,B2394751,-0.06122,0.01959,0.99731,0.03467,0.0157
1595834878.038847,B2394756,-0.06097,0.01959,0.99731,0.03503,0.0157
1595834878.043807,B2394761,-0.06073,0.01953,0.99731,0.03528,0.0157
1595834878.04899,B2394766,-0.06049,0.01935,0.99731,0.03564,0.0157
1595834878.0548239,B2394771,-0.06030,0.01923,0.99738,0.03589,0.0157
1595834878.058761,B2394776,-0.06018,0.01898,0.99738,0.03607,0.0157
1595834878.0640519,B2394781,-0.06000,0.01874,0.99738,0.03632,0.0157
1595834878.0706298,B2394786,-0.05988,0.01837,0.99738,0.03650,0.0157
1595834878.074589,B2394792,-0.05981,0.01794,0.99738,0.03662,0.0157
1595834878.080032,B2394797,-0.05981,0.01709,0.99738,0.03687,0.0157
1595834878.084954,B2394802,-0.05981,0.01660,0.99738,0.03699,0.0157
1595834878.090475,B2394807,-0.05988,0.01611,0.99738,0.03705,0.0157
1595834878.095531,B2394812,-0.05994,0.01563,0.99738,0.03705,0.0157
1595834878.10035,B2394817,-0.06000,0.01520,0.99738,0.03711,0.0157
1595834878.1047528,B2394822,-0.06006,0.01477,0.99738,0.03711,0.0157
1595834878.111506,B2394827,-0.06012,0.01447,0.99738,0.03711,0.0157
1595834878.1147652,B2394832,-0.06018,0.01410,0.99738,0.03705,0.0157
1595834878.1241531,B2394837,-0.06024,0.01385,0.99738,0.03699,0.0157
1595834878.125895,B2394842,-0.06030,0.01367,0.99738,0.03687,0.0157
1595834878.130435,B2394847,-0.06042,0.01349,0.99738,0.03674,0.0157
1595834878.134739,B2394852,-0.06049,0.01331,0.99738,0.03668,0.0157
1595834878.140202,B2394857,-0.06055,0.01324,0.99744,0.03656,0.0157
1595834878.145942,B2394862,-0.06067,0.01312,0.99744,0.03644,0.0157
1595834878.151125,B2394867,-0.06073,0.01306,0.99744,0.03632,0.0157
1595834878.1565282,B2394872,-0.06079,0.01300,0.99744,0.03625,0.0157
1595834878.164074,B2394878,-0.06085,0.01294,0.99744,0.03613,0.0157
1595834878.1673758,B2394884,-0.06091,0.01294,0.99744,0.03607,0.0157
1595834878.172127,B2394889,-0.06097,0.01294,0.99744,0.03601,0.0157
1595834878.1772559,B2394894,-0.06104,0.01288,0.99738,0.03595,0.0157
1595834878.1825202,B2394900,-0.06104,0.01288,0.99738,0.03595,0.0157
1595834878.188755,B2394905,-0.06104,0.01288,0.99738,0.03595,0.0157
1595834878.194717,B2394911,-0.06104,0.01288,0.99744,0.03595,0.0157
1595834878.2006059,B2394916,-0.06097,0.01288,0.99744,0.03595,0.0157
1595834878.205921,B2394921,-0.06091,0.01294,0.99744,0.03595,0.0157
1595834878.2093492,B2394926,-0.06079,0.01294,0.99744,0.03601,0.0157
1595834878.214205,B2394931,-0.06067,0.01294,0.99744,0.03601,0.0157
1595834878.2186549,B2394936,-0.06055,0.01294,0.99744,0.03601,0.0157
1595834878.2237701,B2394941,-0.06042,0.01294,0.99744,0.03601,0.0157
1595834878.228532,B2394946,-0.06036,0.01288,0.99744,0.03601,0.0157
1595834878.234232,B2394951,-0.06024,0.01282,0.99744,0.03601,0.0157
1595834878.2395132,B2394956,-0.06024,0.01270,0.99744,0.03595,0.0157
1595834878.2437649,B2394961,-0.06018,0.01251,0.99744,0.03589,0.0156
1595834878.249082,B2394966,-0.06012,0.01239,0.99750,0.03577,0.0156
1595834878.254987,B2394972,-0.06012,0.01221,0.99750,0.03564,0.0157
1595834878.260084,B2394977,-0.06018,0.01184,0.99750,0.03534,0.0156
1595834878.266353,B2394982,-0.06018,0.01166,0.99750,0.03516,0.0156
1595834878.270706,B2394987,-0.06024,0.01154,0.99750,0.03497,0.0156
1595834878.2749069,B2394992,-0.06030,0.01141,0.99750,0.03473,0.0156
1595834878.279549,B2394997,-0.06030,0.01129,0.99750,0.03455,0.0156
1595834878.285137,B2395002,-0.06036,0.01117,0.99750,0.03436,0.0156
1595834878.290936,B2395007,-0.06042,0.01105,0.99750,0.03418,0.0157
1595834878.2952168,B2395012,-0.06042,0.01099,0.99756,0.03400,0.0157
1595834878.299777,B2395017,-0.06049,0.01086,0.99756,0.03381,0.0157
1595834878.306821,B2395022,-0.06049,0.01074,0.99756,0.03363,0.0157
1595834878.310184,B2395027,-0.06049,0.01062,0.99756,0.03345,0.0157
1595834878.315635,B2395032,-0.06042,0.01050,0.99756,0.03333,0.0157
1595834878.3216991,B2395037,-0.06036,0.01038,0.99756,0.03320,0.0157
1595834878.325223,B2395042,-0.06030,0.01025,0.99756,0.03308,0.0157
1595834878.329779,B2395047,-0.06018,0.01013,0.99762,0.03296,0.0156
1595834878.3358772,B2395052,-0.06000,0.01001,0.99762,0.03278,0.0157
1595834878.34036,B2395058,-0.05988,0.00989,0.99762,0.03265,0.0157
1595834878.346756,B2395063,-0.05969,0.00977,0.99762,0.03253,0.0156
1595834878.353031,B2395069,-0.05945,0.00964,0.99768,0.03235,0.0156
1595834878.356531,B2395074,-0.05920,0.00964,0.99768,0.03217,0.0157
1595834878.363086,B2395080,-0.05884,0.00977,0.99768,0.03192,0.0156
1595834878.367809,B2395085,-0.05841,0.00995,0.99774,0.03168,0.0156
1595834878.3751318,B2395091,-0.05792,0.01038,0.99780,0.03143,0.0156
1595834878.380023,B2395096,-0.05737,0.01086,0.99780,0.03113,0.0156
1595834878.383262,B2395101,-0.05688,0.01135,0.99786,0.03088,0.0157
1595834878.3900359,B2395106,-0.05640,0.01196,0.99786,0.03058,0.0157
1595834878.393023,B2395111,-0.05609,0.01245,0.99786,0.03027,0.0157
1595834878.3989089,B2395116,-0.05585,0.01294,0.99792,0.03003,0.0157
1595834878.4036238,B2395121,-0.05566,0.01331,0.99792,0.02991,0.0157
1595834878.408664,B2395126,-0.05548,0.01373,0.99792,0.02972,0.0157
1595834878.415478,B2395131,-0.05530,0.01410,0.99792,0.02960,0.0157
1595834878.4194,B2395136,-0.05511,0.01434,0.99792,0.02960,0.0157
1595834878.423671,B2395141,-0.05499,0.01465,0.99792,0.02960,0.0157
1595834878.4290009,B2395147,-0.05487,0.01483,0.99792,0.02960,0.0157
1595834878.435759,B2395152,-0.05475,0.01495,0.99792,0.02972,0.0157
1595834878.43965,B2395157,-0.05469,0.01489,0.99792,0.02991,0.0157
1595834878.444098,B2395162,-0.05469,0.01477,0.99792,0.03003,0.0157
1595834878.449281,B2395167,-0.05469,0.01459,0.99792,0.03015,0.0157
1595834878.4545972,B2395172,-0.05475,0.01434,0.99792,0.03033,0.0157
1595834878.460293,B2395177,-0.05475,0.01416,0.99792,0.03046,0.0157
1595834878.4649081,B2395182,-0.05475,0.01398,0.99792,0.03058,0.0157
1595834878.471193,B2395187,-0.05469,0.01392,0.99792,0.03070,0.0157
1595834878.4751098,B2395192,-0.05463,0.01392,0.99792,0.03082,0.0156
1595834878.480006,B2395197,-0.05450,0.01410,0.99792,0.03088,0.0157
1595834878.484857,B2395202,-0.05432,0.01440,0.99792,0.03101,0.0156
1595834878.490473,B2395208,-0.05414,0.01483,0.99792,0.03101,0.0157
1595834878.494834,B2395213,-0.05402,0.01526,0.99792,0.03107,0.0157
1595834878.4999738,B2395218,-0.05383,0.01581,0.99792,0.03107,0.0157
1595834878.506188,B2395223,-0.05377,0.01642,0.99792,0.03107,0.0157
1595834878.510027,B2395228,-0.05365,0.01697,0.99792,0.03107,0.0157
1595834878.515713,B2395233,-0.05365,0.01758,0.99792,0.03101,0.0157
1595834878.520829,B2395238,-0.05365,0.01801,0.99792,0.03101,0.0157
1595834878.52609,B2395244,-0.05377,0.01849,0.99792,0.03094,0.0157
1595834878.5326972,B2395250,-0.05389,0.01892,0.99786,0.03088,0.0157
1595834878.5374231,B2395255,-0.05408,0.01929,0.99786,0.03082,0.0157
1595834878.542688,B2395260,-0.05432,0.01965,0.99786,0.03076,0.0157
1595834878.548262,B2395266,-0.05450,0.01996,0.99786,0.03070,0.0157
1595834878.5532641,B2395271,-0.05481,0.02026,0.99780,0.03064,0.0157
1595834878.5625029,B2395276,-0.05505,0.02057,0.99780,0.03064,0.0157
1595834878.564074,B2395281,-0.05530,0.02081,0.99780,0.03058,0.0157
1595834878.569511,B2395286,-0.05560,0.02106,0.99774,0.03058,0.0157
1595834878.574972,B2395291,-0.05591,0.02124,0.99774,0.03064,0.0157
1595834878.578803,B2395296,-0.05621,0.02136,0.99774,0.03070,0.0157
1595834878.5840352,B2395301,-0.05646,0.02142,0.99768,0.03076,0.0157
1595834878.588539,B2395306,-0.05682,0.02136,0.99768,0.03082,0.0157
1595834878.594763,B2395312,-0.05713,0.02130,0.99768,0.03094,0.0157
1595834878.5988731,B2395317,-0.05737,0.02118,0.99762,0.03107,0.0157
1595834878.603689,B2395322,-0.05768,0.02094,0.99762,0.03119,0.0157
1595834878.6093829,B2395327,-0.05798,0.02069,0.99762,0.03137,0.0157
1595834878.615158,B2395332,-0.05823,0.02039,0.99762,0.03149,0.0157
1595834878.61955,B2395337,-0.05865,0.01971,0.99756,0.03180,0.0157
1595834878.6243892,B2395342,-0.05890,0.01935,0.99756,0.03198,0.0157
1595834878.629761,B2395347,-0.05902,0.01904,0.99756,0.03210,0.0157
1595834878.6350331,B2395352,-0.05914,0.01868,0.99756,0.03229,0.0157
1595834878.639982,B2395357,-0.05927,0.01837,0.99756,0.03241,0.0157
1595834878.6455722,B2395362,-0.05939,0.01801,0.99756,0.03259,0.0157
1595834878.650749,B2395368,-0.05939,0.01770,0.99756,0.03271,0.0157
1595834878.655967,B2395373,-0.05945,0.01733,0.99756,0.03290,0.0157
1595834878.660286,B2395378,-0.05945,0.01709,0.99756,0.03308,0.0157
1595834878.666792,B2395383,-0.05939,0.01678,0.99756,0.03326,0.0157
1595834878.6719081,B2395389,-0.05939,0.01660,0.99756,0.03345,0.0157
1595834878.677044,B2395394,-0.05933,0.01630,0.99756,0.03363,0.0157
1595834878.6840372,B2395400,-0.05927,0.01611,0.99756,0.03381,0.0157
1595834878.687572,B2395405,-0.05920,0.01593,0.99756,0.03400,0.0157
1595834878.692238,B2395410,-0.05914,0.01575,0.99756,0.03418,0.0157
1595834878.698962,B2395415,-0.05902,0.01563,0.99756,0.03436,0.0157
1595834878.703344,B2395421,-0.05890,0.01544,0.99756,0.03448,0.0157
1595834878.707639,B2395426,-0.05884,0.01532,0.99756,0.03467,0.0157
1595834878.7127411,B2395431,-0.05872,0.01520,0.99756,0.03479,0.0157
1595834878.7178361,B2395436,-0.05872,0.01508,0.99756,0.03485,0.0157
1595834878.723474,B2395441,-0.05865,0.01489,0.99756,0.03491,0.0157
1595834878.730143,B2395446,-0.05865,0.01471,0.99756,0.03497,0.0157
1595834878.7337961,B2395451,-0.05865,0.01459,0.99756,0.03497,0.0157
1595834878.738436,B2395457,-0.05872,0.01440,0.99756,0.03503,0.0157
1595834878.744357,B2395462,-0.05872,0.01428,0.99756,0.03503,0.0157
1595834878.748814,B2395467,-0.05878,0.01416,0.99756,0.03497,0.0157
1595834878.754068,B2395472,-0.05878,0.01410,0.99756,0.03491,0.0157
1595834878.7596061,B2395477,-0.05878,0.01404,0.99756,0.03485,0.0157
1595834878.764836,B2395482,-0.05884,0.01404,0.99756,0.03485,0.0158
1595834878.7688708,B2395487,-0.05890,0.01404,0.99756,0.03473,0.0157
1595834878.774275,B2395492,-0.05896,0.01404,0.99756,0.03467,0.0157
1595834878.779268,B2395497,-0.05908,0.01404,0.99756,0.03455,0.0157
1595834878.784058,B2395502,-0.05914,0.01404,0.99756,0.03448,0.0157
1595834878.7899158,B2395507,-0.05920,0.01398,0.99756,0.03442,0.0157
1595834878.7944698,B2395513,-0.05927,0.01398,0.99756,0.03436,0.0157
1595834878.799433,B2395518,-0.05927,0.01392,0.99756,0.03430,0.0157
1595834878.805403,B2395523,-0.05927,0.01385,0.99756,0.03424,0.0157
1595834878.8117492,B2395528,-0.05920,0.01379,0.99756,0.03418,0.0157
1595834878.8146582,B2395533,-0.05920,0.01367,0.99756,0.03418,0.0157
1595834878.819963,B2395538,-0.05914,0.01361,0.99756,0.03418,0.0157
1595834878.8253288,B2395544,-0.05908,0.01349,0.99756,0.03418,0.0157
1595834878.831431,B2395549,-0.05908,0.01337,0.99756,0.03424,0.0157
1595834878.8372622,B2395555,-0.05908,0.01318,0.99756,0.03430,0.0157
1595834878.842473,B2395560,-0.05908,0.01306,0.99756,0.03442,0.0157
1595834878.847279,B2395565,-0.05908,0.01288,0.99756,0.03448,0.0157
1595834878.8522508,B2395570,-0.05914,0.01276,0.99756,0.03467,0.0157
1595834878.8602,B2395576,-0.05920,0.01257,0.99756,0.03479,0.0157
1595834878.862863,B2395581,-0.05927,0.01245,0.99756,0.03497,0.0157
1595834878.868064,B2395586,-0.05933,0.01233,0.99756,0.03522,0.0157
1595834878.87361,B2395591,-0.05939,0.01221,0.99756,0.03546,0.0157
1595834878.878796,B2395597,-0.05951,0.01208,0.99750,0.03571,0.0157
1595834878.884393,B2395602,-0.05963,0.01202,0.99750,0.03595,0.0157
1595834878.8894348,B2395607,-0.05994,0.01196,0.99744,0.03650,0.0157
1595834878.893815,B2395612,-0.06000,0.01208,0.99744,0.03674,0.0157
1595834878.900504,B2395617,-0.06000,0.01233,0.99744,0.03705,0.0157
1595834878.904317,B2395622,-0.06000,0.01270,0.99744,0.03741,0.0157
1595834878.9100869,B2395627,-0.05994,0.01300,0.99738,0.03772,0.0157
1595834878.9149702,B2395632,-0.05988,0.01337,0.99738,0.03809,0.0157
1595834878.919474,B2395637,-0.05994,0.01367,0.99738,0.03839,0.0157
1595834878.923915,B2395642,-0.06000,0.01398,0.99738,0.03876,0.0157
1595834878.929148,B2395647,-0.06006,0.01422,0.99731,0.03912,0.0157
1595834878.9340491,B2395652,-0.06012,0.01440,0.99731,0.03949,0.0157
1595834878.9407182,B2395657,-0.06018,0.01447,0.99731,0.03986,0.0157
1595834878.944125,B2395662,-0.06024,0.01459,0.99725,0.04022,0.0157
1595834878.949121,B2395667,-0.06030,0.01465,0.99725,0.04059,0.0157
1595834878.9541981,B2395673,-0.06030,0.01465,0.99725,0.04095,0.0157
1595834878.9596632,B2395677,-0.06030,0.01465,0.99719,0.04132,0.0157
1595834878.9653,B2395683,-0.06030,0.01459,0.99719,0.04169,0.0157
1595834878.970038,B2395688,-0.06030,0.01447,0.99719,0.04205,0.0157
1595834878.9744442,B2395693,-0.06036,0.01440,0.99719,0.04236,0.0157
1595834878.9798,B2395698,-0.06042,0.01422,0.99713,0.04272,0.0157
1595834878.9846022,B2395703,-0.06042,0.01416,0.99713,0.04309,0.0157
1595834878.9898071,B2395708,-0.06049,0.01410,0.99713,0.04346,0.0158
1595834878.994763,B2395713,-0.06049,0.01410,0.99713,0.04382,0.0158
1595834879.000182,B2395718,-0.06049,0.01416,0.99707,0.04419,0.0158
1595834879.0053,B2395724,-0.06036,0.01428,0.99707,0.04456,0.0157
1595834879.0117362,B2395729,-0.06030,0.01453,0.99707,0.04492,0.0158
1595834879.016588,B2395735,-0.06012,0.01483,0.99707,0.04529,0.0158
1595834879.0230389,B2395740,-0.06000,0.01520,0.99707,0.04559,0.0158
1595834879.027933,B2395746,-0.05981,0.01563,0.99701,0.04590,0.0158
1595834879.033607,B2395751,-0.05963,0.01611,0.99701,0.04614,0.0158
1595834879.038157,B2395756,-0.05945,0.01660,0.99701,0.04645,0.0158
1595834879.043235,B2395761,-0.05933,0.01703,0.99701,0.04669,0.0158
1595834879.048171,B2395766,-0.05927,0.01746,0.99701,0.04700,0.0158
1595834879.0532968,B2395772,-0.05920,0.01782,0.99695,0.04718,0.0158
1595834879.0591779,B2395777,-0.05914,0.01819,0.99695,0.04742,0.0158
1595834879.063794,B2395782,-0.05908,0.01843,0.99695,0.04761,0.0158
1595834879.068775,B2395787,-0.05902,0.01892,0.99695,0.04797,0.0158
1595834879.073867,B2395792,-0.05896,0.01910,0.99689,0.04816,0.0158
1595834879.078721,B2395797,-0.05890,0.01929,0.99689,0.04834,0.0158
1595834879.083934,B2395802,-0.05884,0.01959,0.99689,0.04852,0.0158
1595834879.0895119,B2395807,-0.05872,0.01978,0.99689,0.04865,0.0158
1595834879.0953531,B2395812,-0.05865,0.01996,0.99689,0.04877,0.0158
1595834879.099408,B2395818,-0.05859,0.02014,0.99689,0.04889,0.0158
1595834879.1042829,B2395823,-0.05847,0.02020,0.99689,0.04907,0.0158
1595834879.11033,B2395828,-0.05841,0.02032,0.99689,0.04919,0.0158
1595834879.1143591,B2395833,-0.05829,0.02032,0.99689,0.04932,0.0158
1595834879.1198678,B2395838,-0.05823,0.02032,0.99689,0.04944,0.0158
1595834879.127101,B2395843,-0.05811,0.02020,0.99689,0.04962,0.0158
1595834879.131066,B2395848,-0.05798,0.02008,0.99689,0.04974,0.0158
1595834879.134672,B2395853,-0.05786,0.01996,0.99689,0.04987,0.0158
1595834879.140665,B2395858,-0.05774,0.01978,0.99689,0.04999,0.0158
1595834879.145331,B2395863,-0.05762,0.01959,0.99689,0.05011,0.0158
1595834879.150082,B2395868,-0.05756,0.01941,0.99689,0.05017,0.0158
1595834879.157077,B2395874,-0.05750,0.01917,0.99689,0.05029,0.0158
1595834879.1615942,B2395880,-0.05743,0.01898,0.99689,0.05042,0.0158
1595834879.166409,B2395885,-0.05743,0.01874,0.99689,0.05048,0.0158
1595834879.1718578,B2395890,-0.05743,0.01855,0.99689,0.05060,0.0158
1595834879.178675,B2395896,-0.05743,0.01837,0.99689,0.05072,0.0158
1595834879.182403,B2395901,-0.05743,0.01819,0.99689,0.05078,0.0158
1595834879.188436,B2395906,-0.05750,0.01807,0.99689,0.05090,0.0158
1595834879.193501,B2395911,-0.05750,0.01794,0.99689,0.05096,0.0158
1595834879.1980531,B2395917,-0.05756,0.01782,0.99689,0.05109,0.0158
1595834879.2031538,B2395922,-0.05762,0.01776,0.99689,0.05121,0.0158
1595834879.208982,B2395927,-0.05762,0.01776,0.99689,0.05127,0.0158
1595834879.213938,B2395932,-0.05774,0.01776,0.99683,0.05139,0.0158
1595834879.219786,B2395937,-0.05780,0.01776,0.99683,0.05145,0.0158
1595834879.223744,B2395942,-0.05786,0.01782,0.99683,0.05151,0.0158
1595834879.229413,B2395947,-0.05798,0.01782,0.99683,0.05151,0.0158
1595834879.2338161,B2395952,-0.05811,0.01788,0.99683,0.05151,0.0158
1595834879.239449,B2395957,-0.05817,0.01788,0.99683,0.05151,0.0158
1595834879.244226,B2395963,-0.05823,0.01794,0.99683,0.05151,0.0158
1595834879.251158,B2395968,-0.05835,0.01801,0.99683,0.05151,0.0158
1595834879.254807,B2395973,-0.05835,0.01813,0.99683,0.05151,0.0158
1595834879.259559,B2395978,-0.05835,0.01819,0.99683,0.05145,0.0158
1595834879.264941,B2395983,-0.05841,0.01831,0.99683,0.05145,0.0158
1595834879.2698061,B2395988,-0.05841,0.01837,0.99683,0.05139,0.0158
1595834879.276001,B2395993,-0.05841,0.01843,0.99683,0.05133,0.0158
1595834879.2805052,B2395998,-0.05847,0.01843,0.99683,0.05127,0.0158
1595834879.286367,B2396003,-0.05847,0.01843,0.99683,0.05121,0.0158
1595834879.290812,B2396009,-0.05853,0.01843,0.99683,0.05109,0.0158
1595834879.2959769,B2396014,-0.05853,0.01837,0.99683,0.05103,0.0158
1595834879.301365,B2396019,-0.05859,0.01831,0.99683,0.05090,0.0158
1595834879.307214,B2396025,-0.05865,0.01825,0.99683,0.05078,0.0158
1595834879.311755,B2396030,-0.05872,0.01813,0.99683,0.05066,0.0158
1595834879.318801,B2396036,-0.05878,0.01807,0.99683,0.05054,0.0158
1595834879.323775,B2396041,-0.05884,0.01794,0.99683,0.05042,0.0158
1595834879.327698,B2396046,-0.05890,0.01788,0.99683,0.05029,0.0158
1595834879.333228,B2396051,-0.05896,0.01776,0.99683,0.05011,0.0158
1595834879.338911,B2396057,-0.05902,0.01764,0.99683,0.04993,0.0158
1595834879.3469288,B2396062,-0.05908,0.01752,0.99689,0.04974,0.0158
1595834879.348879,B2396067,-0.05914,0.01733,0.99689,0.04956,0.0158
1595834879.353774,B2396072,-0.05920,0.01715,0.99689,0.04938,0.0158
1595834879.361684,B2396077,-0.05927,0.01697,0.99689,0.04919,0.0158
1595834879.363651,B2396082,-0.05939,0.01648,0.99689,0.04883,0.0158
1595834879.368942,B2396087,-0.05945,0.01617,0.99689,0.04865,0.0158
1595834879.3739688,B2396092,-0.05951,0.01587,0.99695,0.04846,0.0158
1595834879.378954,B2396097,-0.05951,0.01563,0.99695,0.04834,0.0158
1595834879.384125,B2396102,-0.05951,0.01532,0.99695,0.04810,0.0158
1595834879.38942,B2396108,-0.05951,0.01508,0.99695,0.04797,0.0158
1595834879.394408,B2396113,-0.05945,0.01477,0.99701,0.04779,0.0158
1595834879.4002419,B2396118,-0.05939,0.01453,0.99701,0.04761,0.0158
1595834879.404782,B2396123,-0.05927,0.01422,0.99701,0.04742,0.0158
1595834879.4097862,B2396128,-0.05920,0.01398,0.99701,0.04718,0.0158
1595834879.414635,B2396133,-0.05908,0.01373,0.99707,0.04700,0.0158
1595834879.420379,B2396139,-0.05902,0.01361,0.99707,0.04675,0.0158
1595834879.426249,B2396144,-0.05890,0.01349,0.99707,0.04645,0.0158
1595834879.432054,B2396150,-0.05872,0.01343,0.99713,0.04614,0.0158
1595834879.437674,B2396155,-0.05847,0.01355,0.99713,0.04584,0.0158
1595834879.442199,B2396161,-0.05829,0.01367,0.99719,0.04553,0.0158
1595834879.447225,B2396166,-0.05811,0.01392,0.99719,0.04517,0.0158
1595834879.452982,B2396171,-0.05792,0.01422,0.99719,0.04474,0.0158
1595834879.457976,B2396177,-0.05780,0.01447,0.99725,0.04437,0.0158
1595834879.465329,B2396182,-0.05774,0.01471,0.99725,0.04401,0.0158
1595834879.4681559,B2396187,-0.05768,0.01489,0.99725,0.04364,0.0158
1595834879.473175,B2396192,-0.05774,0.01495,0.99725,0.04327,0.0158
1595834879.4785228,B2396197,-0.05780,0.01495,0.99731,0.04297,0.0158
1595834879.484183,B2396202,-0.05786,0.01477,0.99731,0.04272,0.0158
1595834879.488863,B2396207,-0.05804,0.01447,0.99731,0.04248,0.0158
1595834879.4935129,B2396212,-0.05823,0.01398,0.99731,0.04224,0.0158
1595834879.499774,B2396218,-0.05841,0.01343,0.99731,0.04205,0.0158
1595834879.504239,B2396223,-0.05884,0.01196,0.99731,0.04169,0.0158
1595834879.5093918,B2396228,-0.05902,0.01117,0.99731,0.04156,0.0158
1595834879.514839,B2396233,-0.05920,0.01044,0.99731,0.04138,0.0158
1595834879.520184,B2396238,-0.05945,0.00964,0.99731,0.04126,0.0158
1595834879.524811,B2396243,-0.05969,0.00897,0.99731,0.04108,0.0158
1595834879.530114,B2396249,-0.05988,0.00842,0.99731,0.04089,0.0158
1595834879.535834,B2396254,-0.06000,0.00812,0.99731,0.04071,0.0158
1595834879.541409,B2396260,-0.06012,0.00787,0.99731,0.04047,0.0158
1595834879.5463018,B2396265,-0.06018,0.00781,0.99738,0.04022,0.0158
1595834879.551739,B2396270,-0.06018,0.00793,0.99738,0.04004,0.0159
1595834879.559045,B2396276,-0.06018,0.00812,0.99738,0.03979,0.0158
1595834879.5624242,B2396281,-0.06012,0.00842,0.99738,0.03955,0.0159
1595834879.5681431,B2396287,-0.06018,0.00873,0.99738,0.03931,0.0159
1595834879.5727072,B2396292,-0.06024,0.00903,0.99738,0.03906,0.0159
1595834879.57795,B2396297,-0.06030,0.00940,0.99738,0.03876,0.0159
1595834879.583651,B2396302,-0.06036,0.00964,0.99738,0.03857,0.0159
1595834879.588638,B2396307,-0.06049,0.00989,0.99738,0.03833,0.0159
1595834879.592958,B2396312,-0.06061,0.01013,0.99738,0.03809,0.0159
1595834879.5988941,B2396317,-0.06073,0.01031,0.99738,0.03790,0.0159
1595834879.6037278,B2396322,-0.06079,0.01056,0.99738,0.03778,0.0159
1595834879.6088479,B2396327,-0.06097,0.01105,0.99738,0.03741,0.0159
1595834879.614492,B2396332,-0.06104,0.01129,0.99738,0.03735,0.0159
1595834879.6195142,B2396337,-0.06110,0.01147,0.99738,0.03723,0.0159
1595834879.624869,B2396343,-0.06110,0.01172,0.99738,0.03717,0.0159
1595834879.629087,B2396348,-0.06110,0.01196,0.99738,0.03711,0.0159
1595834879.634791,B2396353,-0.06110,0.01215,0.99738,0.03705,0.0159
1595834879.640203,B2396358,-0.06110,0.01221,0.99738,0.03705,0.0159
1595834879.643679,B2396363,-0.06110,0.01227,0.99738,0.03705,0.0159
1595834879.6492019,B2396368,-0.06110,0.01227,0.99738,0.03705,0.0159
1595834879.6539772,B2396373,-0.06104,0.01221,0.99738,0.03705,0.0159
1595834879.660147,B2396378,-0.06104,0.01208,0.99738,0.03705,0.0159
1595834879.664278,B2396383,-0.06097,0.01190,0.99738,0.03711,0.0159
1595834879.669284,B2396388,-0.06091,0.01166,0.99738,0.03711,0.0159
1595834879.674261,B2396393,-0.06091,0.01147,0.99738,0.03711,0.0159
1595834879.679551,B2396398,-0.06085,0.01123,0.99738,0.03711,0.0159
1595834879.684352,B2396403,-0.06079,0.01099,0.99738,0.03717,0.0159
1595834879.690241,B2396409,-0.06073,0.01074,0.99738,0.03717,0.0159
1595834879.6975622,B2396414,-0.06067,0.01050,0.99744,0.03723,0.0159
1595834879.701613,B2396420,-0.06061,0.01031,0.99744,0.03723,0.0159
1595834879.7067788,B2396425,-0.06049,0.01007,0.99744,0.03729,0.0159
1595834879.7127528,B2396430,-0.06042,0.00989,0.99744,0.03735,0.0159
1595834879.718529,B2396436,-0.06030,0.00970,0.99744,0.03741,0.0159
1595834879.7225752,B2396441,-0.06024,0.00952,0.99744,0.03748,0.0159
1595834879.727556,B2396446,-0.06012,0.00934,0.99744,0.03754,0.0159
1595834879.732873,B2396452,-0.06000,0.00922,0.99744,0.03760,0.0159
1595834879.7377212,B2396457,-0.05988,0.00916,0.99744,0.03766,0.0159
1595834879.743212,B2396462,-0.05975,0.00903,0.99744,0.03772,0.0159
1595834879.747707,B2396467,-0.05969,0.00891,0.99744,0.03772,0.0159
1595834879.75408,B2396472,-0.05963,0.00885,0.99744,0.03778,0.0159
1595834879.758838,B2396477,-0.05957,0.00879,0.99750,0.03778,0.0160
1595834879.763208,B2396482,-0.05951,0.00873,0.99750,0.03784,0.0160
1595834879.768781,B2396487,-0.05945,0.00873,0.99750,0.03784,0.0160
1595834879.774763,B2396492,-0.05945,0.00873,0.99750,0.03790,0.0161
1595834879.7780962,B2396497,-0.05945,0.00885,0.99750,0.03790,0.0161
1595834879.783606,B2396502,-0.05939,0.00897,0.99750,0.03796,0.0161
1595834879.788468,B2396507,-0.05957,0.00903,0.99744,0.03809,0.0161
1595834879.7937632,B2396512,-0.05969,0.00903,0.99744,0.03815,0.0161
1595834879.800143,B2396518,-0.05981,0.00903,0.99744,0.03827,0.0162
1595834879.80376,B2396523,-0.05994,0.00903,0.99744,0.03839,0.0162
1595834879.8087318,B2396528,-0.06006,0.00897,0.99744,0.03851,0.0163
1595834879.813911,B2396533,-0.06006,0.00897,0.99738,0.03864,0.0163
1595834879.8186939,B2396538,-0.06018,0.00891,0.99738,0.03882,0.0163
1595834879.823767,B2396543,-0.06024,0.00885,0.99738,0.03894,0.0163
1595834879.829231,B2396548,-0.06036,0.00867,0.99738,0.03912,0.0163
1595834879.834956,B2396553,-0.06049,0.00854,0.99738,0.03937,0.0163
1595834879.839693,B2396558,-0.06067,0.00836,0.99731,0.03955,0.0163
1595834879.843891,B2396563,-0.06085,0.00818,0.99731,0.03979,0.0163
1595834879.849466,B2396568,-0.06104,0.00800,0.99731,0.04004,0.0164
1595834879.854305,B2396573,-0.06122,0.00793,0.99725,0.04028,0.0164
1595834879.859356,B2396578,-0.06146,0.00781,0.99725,0.04047,0.0164
1595834879.864785,B2396583,-0.06177,0.00775,0.99725,0.04071,0.0164
1595834879.869987,B2396589,-0.06213,0.00763,0.99719,0.04102,0.0164
1595834879.876986,B2396594,-0.06250,0.00751,0.99719,0.04126,0.0164
1595834879.8813272,B2396600,-0.06287,0.00745,0.99713,0.04150,0.0164
1595834879.886833,B2396605,-0.06335,0.00739,0.99707,0.04181,0.0163
1595834879.8914392,B2396610,-0.06378,0.00732,0.99707,0.04205,0.0163
1595834879.897868,B2396616,-0.06433,0.00726,0.99701,0.04236,0.0163
1595834879.9037921,B2396621,-0.06482,0.00726,0.99695,0.04266,0.0163
1595834879.907198,B2396626,-0.06543,0.00726,0.99689,0.04297,0.0163
1595834879.913864,B2396632,-0.06598,0.00726,0.99683,0.04327,0.0163
1595834879.919092,B2396637,-0.06653,0.00732,0.99683,0.04358,0.0163
1595834879.922644,B2396642,-0.06708,0.00739,0.99677,0.04382,0.0163
1595834879.927847,B2396647,-0.06775,0.00745,0.99670,0.04413,0.0163
1595834879.932825,B2396652,-0.06830,0.00757,0.99664,0.04437,0.0163
1595834879.937668,B2396657,-0.06903,0.00775,0.99658,0.04462,0.0163
1595834879.943451,B2396662,-0.06958,0.00800,0.99652,0.04480,0.0163
1595834879.9481611,B2396667,-0.07007,0.00848,0.99652,0.04498,0.0163
1595834879.9530802,B2396672,-0.07050,0.00909,0.99646,0.04517,0.0163
1595834879.9587789,B2396677,-0.07080,0.00970,0.99640,0.04535,0.0163
1595834879.963701,B2396683,-0.07104,0.01044,0.99640,0.04553,0.0163
1595834879.969397,B2396688,-0.07190,0.01141,0.99628,0.04590,0.0164
1595834879.9738219,B2396693,-0.07251,0.01172,0.99622,0.04602,0.0164
1595834879.979769,B2396698,-0.07300,0.01190,0.99622,0.04620,0.0164
1595834879.9848661,B2396703,-0.07355,0.01202,0.99615,0.04633,0.0164
1595834879.9888341,B2396708,-0.07397,0.01215,0.99609,0.04651,0.0165
1595834879.9958851,B2396713,-0.07428,0.01239,0.99609,0.04663,0.0165
1595834879.999681,B2396718,-0.07440,0.01263,0.99603,0.04681,0.0165
1595834880.004596,B2396723,-0.07452,0.01294,0.99603,0.04700,0.0165
1595834880.011359,B2396728,-0.07452,0.01324,0.99603,0.04712,0.0165
1595834880.014239,B2396733,-0.07446,0.01355,0.99603,0.04730,0.0164
1595834880.020444,B2396738,-0.07446,0.01379,0.99603,0.04742,0.0164
1595834880.024416,B2396743,-0.07440,0.01404,0.99597,0.04755,0.0164
1595834880.029582,B2396748,-0.07434,0.01416,0.99597,0.04767,0.0164
1595834880.035564,B2396754,-0.07434,0.01428,0.99597,0.04785,0.0164
1595834880.043808,B2396760,-0.07434,0.01434,0.99597,0.04797,0.0164
1595834880.046057,B2396765,-0.07428,0.01440,0.99597,0.04816,0.0164
1595834880.05202,B2396771,-0.07422,0.01447,0.99597,0.04828,0.0164
1595834880.057051,B2396776,-0.07416,0.01453,0.99597,0.04846,0.0164
1595834880.063048,B2396781,-0.07397,0.01465,0.99597,0.04858,0.0164
1595834880.067203,B2396786,-0.07373,0.01483,0.99597,0.04871,0.0164
1595834880.0728378,B2396792,-0.07343,0.01508,0.99597,0.04883,0.0164
1595834880.079607,B2396797,-0.07312,0.01532,0.99603,0.04895,0.0164
1595834880.082719,B2396802,-0.07275,0.01563,0.99603,0.04901,0.0164
1595834880.088288,B2396807,-0.07239,0.01593,0.99603,0.04907,0.0164
1595834880.093139,B2396812,-0.07202,0.01617,0.99609,0.04907,0.0164
1595834880.099183,B2396817,-0.07166,0.01642,0.99609,0.04907,0.0164
1595834880.1034508,B2396822,-0.07141,0.01654,0.99609,0.04901,0.0164
1595834880.108423,B2396827,-0.07117,0.01654,0.99615,0.04895,0.0164
1595834880.1145,B2396832,-0.07086,0.01648,0.99615,0.04871,0.0164
1595834880.1187918,B2396837,-0.07074,0.01636,0.99615,0.04858,0.0164
1595834880.1244621,B2396843,-0.07062,0.01624,0.99622,0.04840,0.0164
1595834880.128916,B2396848,-0.07050,0.01611,0.99622,0.04816,0.0164
1595834880.133673,B2396853,-0.07037,0.01605,0.99622,0.04797,0.0164
1595834880.140089,B2396858,-0.07025,0.01599,0.99628,0.04773,0.0164
1595834880.1436338,B2396863,-0.07013,0.01599,0.99628,0.04749,0.0164
1595834880.1489081,B2396868,-0.06995,0.01599,0.99628,0.04718,0.0164
1595834880.155802,B2396873,-0.06982,0.01599,0.99634,0.04687,0.0164
1595834880.16167,B2396879,-0.06976,0.01593,0.99634,0.04657,0.0164
1595834880.164942,B2396884,-0.06964,0.01587,0.99640,0.04626,0.0164
1595834880.170036,B2396889,-0.06958,0.01575,0.99640,0.04590,0.0164
1595834880.1764271,B2396895,-0.06952,0.01563,0.99640,0.04559,0.0164
1595834880.181534,B2396901,-0.06952,0.01550,0.99646,0.04523,0.0164
1595834880.188448,B2396906,-0.06952,0.01538,0.99646,0.04492,0.0164
1595834880.192346,B2396911,-0.06958,0.01520,0.99646,0.04462,0.0164
1595834880.197758,B2396917,-0.06970,0.01501,0.99646,0.04425,0.0164
1595834880.203966,B2396922,-0.06976,0.01483,0.99646,0.04401,0.0164
1595834880.20827,B2396927,-0.06995,0.01465,0.99646,0.04370,0.0164
1595834880.213612,B2396932,-0.07013,0.01447,0.99646,0.04346,0.0164
1595834880.218037,B2396937,-0.07031,0.01428,0.99646,0.04321,0.0164
1595834880.22445,B2396942,-0.07050,0.01416,0.99646,0.04303,0.0164
1595834880.228983,B2396947,-0.07074,0.01404,0.99646,0.04279,0.0164
1595834880.2338119,B2396952,-0.07092,0.01392,0.99646,0.04260,0.0164
1595834880.2382479,B2396957,-0.07111,0.01385,0.99646,0.04248,0.0164
1595834880.2429109,B2396962,-0.07129,0.01385,0.99646,0.04230,0.0164
1595834880.247788,B2396967,-0.07147,0.01379,0.99646,0.04218,0.0164
1595834880.254574,B2396973,-0.07159,0.01385,0.99646,0.04211,0.0164
1595834880.258529,B2396978,-0.07184,0.01392,0.99646,0.04193,0.0164
1595834880.264031,B2396983,-0.07190,0.01398,0.99646,0.04181,0.0164
1595834880.268673,B2396988,-0.07202,0.01410,0.99646,0.04175,0.0164
1595834880.275003,B2396993,-0.07208,0.01416,0.99640,0.04169,0.0164
1595834880.278542,B2396998,-0.07214,0.01428,0.99640,0.04163,0.0164
1595834880.28406,B2397003,-0.07227,0.01434,0.99640,0.04156,0.0164
1595834880.2890549,B2397008,-0.07233,0.01447,0.99640,0.04150,0.0164
1595834880.29407,B2397013,-0.07239,0.01459,0.99640,0.04144,0.0164
1595834880.298785,B2397018,-0.07239,0.01477,0.99640,0.04144,0.0164
1595834880.306697,B2397024,-0.07245,0.01495,0.99640,0.04144,0.0164
1595834880.3109329,B2397030,-0.07245,0.01508,0.99640,0.04144,0.0164
1595834880.315624,B2397035,-0.07251,0.01526,0.99640,0.04144,0.0164
1595834880.320757,B2397040,-0.07251,0.01544,0.99640,0.04144,0.0164
1595834880.326329,B2397046,-0.07251,0.01556,0.99640,0.04150,0.0164
1595834880.33142,B2397051,-0.07251,0.01569,0.99640,0.04150,0.0164
1595834880.336533,B2397056,-0.07251,0.01581,0.99640,0.04156,0.0164
1595834880.342313,B2397061,-0.07245,0.01593,0.99640,0.04156,0.0164
1595834880.34713,B2397066,-0.07245,0.01599,0.99640,0.04163,0.0164
1595834880.3528168,B2397072,-0.07239,0.01599,0.99640,0.04163,0.0164
1595834880.357641,B2397077,-0.07233,0.01599,0.99640,0.04163,0.0164
1595834880.3629298,B2397082,-0.07227,0.01593,0.99640,0.04163,0.0164
1595834880.3680809,B2397087,-0.07220,0.01587,0.99640,0.04163,0.0164
1595834880.373109,B2397092,-0.07214,0.01575,0.99640,0.04156,0.0164
1595834880.3781,B2397098,-0.07214,0.01556,0.99640,0.04150,0.0164
1595834880.383241,B2397103,-0.07208,0.01514,0.99640,0.04138,0.0164
1595834880.3883278,B2397108,-0.07202,0.01489,0.99646,0.04132,0.0164
1595834880.39455,B2397113,-0.07202,0.01465,0.99646,0.04120,0.0164
1595834880.3988612,B2397118,-0.07196,0.01440,0.99646,0.04114,0.0164
1595834880.4075892,B2397123,-0.07184,0.01410,0.99646,0.04102,0.0164
1595834880.409207,B2397128,-0.07178,0.01379,0.99646,0.04089,0.0164
1595834880.4138,B2397133,-0.07172,0.01343,0.99652,0.04083,0.0164
1595834880.418792,B2397138,-0.07159,0.01306,0.99652,0.04071,0.0164
1595834880.424236,B2397143,-0.07147,0.01270,0.99652,0.04065,0.0164
1595834880.430018,B2397149,-0.07135,0.01227,0.99652,0.04059,0.0164
1595834880.434471,B2397154,-0.07123,0.01190,0.99658,0.04059,0.0164
1595834880.440325,B2397160,-0.07111,0.01147,0.99658,0.04059,0.0164
1595834880.445803,B2397165,-0.07098,0.01105,0.99658,0.04059,0.0164
1595834880.451287,B2397171,-0.07080,0.01062,0.99658,0.04059,0.0164
1595834880.456935,B2397176,-0.07068,0.01025,0.99664,0.04065,0.0164
1595834880.461626,B2397181,-0.07062,0.00989,0.99664,0.04071,0.0163
1595834880.466891,B2397186,-0.07050,0.00952,0.99664,0.04077,0.0163
1595834880.472526,B2397192,-0.07043,0.00922,0.99664,0.04083,0.0163
1595834880.478358,B2397197,-0.07037,0.00891,0.99664,0.04089,0.0163
1595834880.482848,B2397202,-0.07037,0.00867,0.99664,0.04102,0.0163
1595834880.487587,B2397207,-0.07031,0.00842,0.99664,0.04108,0.0163
1595834880.4927518,B2397212,-0.07037,0.00800,0.99664,0.04126,0.0163
1595834880.497634,B2397217,-0.07037,0.00787,0.99664,0.04132,0.0163
1595834880.50426,B2397222,-0.07043,0.00775,0.99664,0.04144,0.0163
1595834880.507823,B2397227,-0.07043,0.00769,0.99664,0.04150,0.0163
1595834880.5126731,B2397232,-0.07031,0.00769,0.99664,0.04163,0.0163
1595834880.517944,B2397237,-0.07019,0.00775,0.99664,0.04169,0.0163
1595834880.525151,B2397242,-0.07019,0.00793,0.99664,0.04169,0.0163
1595834880.528275,B2397247,-0.07007,0.00818,0.99664,0.04169,0.0163
1595834880.5340009,B2397252,-0.06995,0.00848,0.99664,0.04169,0.0163
1595834880.539362,B2397257,-0.06989,0.00885,0.99664,0.04163,0.0163
1595834880.543432,B2397262,-0.06976,0.00934,0.99664,0.04156,0.0163
1595834880.549162,B2397267,-0.06970,0.00983,0.99664,0.04150,0.0163
1595834880.55324,B2397273,-0.06964,0.01031,0.99664,0.04150,0.0163
1595834880.559663,B2397278,-0.06964,0.01074,0.99664,0.04144,0.0163
1595834880.563364,B2397283,-0.06976,0.01117,0.99664,0.04138,0.0163
1595834880.5690088,B2397288,-0.06989,0.01147,0.99664,0.04138,0.0163
1595834880.5732749,B2397293,-0.07007,0.01172,0.99664,0.04132,0.0163
1595834880.578628,B2397298,-0.07019,0.01184,0.99658,0.04126,0.0163
1595834880.583346,B2397303,-0.07043,0.01190,0.99658,0.04126,0.0163
1595834880.5882182,B2397308,-0.07062,0.01184,0.99658,0.04126,0.0163
1595834880.594549,B2397313,-0.07074,0.01166,0.99658,0.04126,0.0163
1595834880.59883,B2397318,-0.07092,0.01135,0.99658,0.04126,0.0163
1595834880.6036952,B2397323,-0.07104,0.01093,0.99658,0.04132,0.0163
1595834880.608753,B2397328,-0.07117,0.01038,0.99658,0.04132,0.0163
1595834880.618746,B2397333,-0.07129,0.00977,0.99652,0.04138,0.0163
1595834880.6188512,B2397338,-0.07141,0.00897,0.99652,0.04144,0.0163
1595834880.6239202,B2397343,-0.07147,0.00806,0.99652,0.04144,0.0163
1595834880.628886,B2397348,-0.07153,0.00714,0.99652,0.04144,0.0163
1595834880.633801,B2397353,-0.07153,0.00623,0.99658,0.04150,0.0163
1595834880.638678,B2397358,-0.07153,0.00549,0.99658,0.04150,0.0164
1595834880.645897,B2397364,-0.07147,0.00470,0.99658,0.04150,0.0163
1595834880.651786,B2397370,-0.07141,0.00403,0.99658,0.04156,0.0164
1595834880.656496,B2397375,-0.07135,0.00348,0.99658,0.04156,0.0164
1595834880.660652,B2397380,-0.07129,0.00317,0.99658,0.04150,0.0164
1595834880.6674812,B2397386,-0.07117,0.00293,0.99658,0.04150,0.0164
1595834880.67187,B2397391,-0.07098,0.00293,0.99658,0.04150,0.0164
1595834880.677278,B2397396,-0.07074,0.00317,0.99664,0.04144,0.0163
1595834880.683799,B2397402,-0.07056,0.00354,0.99664,0.04144,0.0163
1595834880.6867352,B2397407,-0.07031,0.00409,0.99664,0.04144,0.0164
1595834880.692248,B2397412,-0.07013,0.00476,0.99664,0.04138,0.0164
1595834880.699351,B2397417,-0.07001,0.00549,0.99664,0.04132,0.0164
1595834880.7032142,B2397422,-0.06995,0.00629,0.99670,0.04126,0.0164
1595834880.7076118,B2397427,-0.07001,0.00775,0.99664,0.04114,0.0164
1595834880.713203,B2397432,-0.07013,0.00848,0.99664,0.04102,0.0164
1595834880.719027,B2397438,-0.07031,0.00909,0.99664,0.04095,0.0164
1595834880.7228239,B2397442,-0.07050,0.00970,0.99664,0.04083,0.0164
1595834880.7285151,B2397448,-0.07080,0.01031,0.99658,0.04071,0.0164
1595834880.7344918,B2397452,-0.07111,0.01074,0.99658,0.04065,0.0164
1595834880.737773,B2397458,-0.07141,0.01117,0.99658,0.04053,0.0164
1595834880.743101,B2397463,-0.07178,0.01160,0.99652,0.04053,0.0163
1595834880.750704,B2397468,-0.07214,0.01196,0.99652,0.04047,0.0164
1595834880.753128,B2397473,-0.07245,0.01227,0.99646,0.04053,0.0164
1595834880.758972,B2397478,-0.07269,0.01251,0.99646,0.04059,0.0164
1595834880.764131,B2397483,-0.07306,0.01276,0.99640,0.04071,0.0164
1595834880.76864,B2397488,-0.07336,0.01294,0.99640,0.04083,0.0164
1595834880.775176,B2397493,-0.07361,0.01300,0.99634,0.04102,0.0164
1595834880.77843,B2397498,-0.07391,0.01300,0.99634,0.04126,0.0164
1595834880.783534,B2397503,-0.07416,0.01300,0.99628,0.04150,0.0164
1595834880.78846,B2397508,-0.07434,0.01288,0.99628,0.04175,0.0164
1595834880.794026,B2397513,-0.07452,0.01276,0.99628,0.04205,0.0164
1595834880.799747,B2397518,-0.07471,0.01257,0.99622,0.04236,0.0164
1595834880.8037708,B2397523,-0.07477,0.01239,0.99622,0.04272,0.0164
1595834880.809092,B2397528,-0.07483,0.01215,0.99622,0.04309,0.0164
1595834880.813233,B2397533,-0.07489,0.01202,0.99615,0.04346,0.0164
1595834880.8198469,B2397538,-0.07483,0.01190,0.99615,0.04376,0.0164
1595834880.825261,B2397543,-0.07477,0.01178,0.99615,0.04413,0.0164
1595834880.829441,B2397548,-0.07465,0.01178,0.99615,0.04443,0.0164
1595834880.834914,B2397554,-0.07446,0.01178,0.99615,0.04480,0.0164
