imu_packets,1163
IMUtimestamp,quatI,quatJ,quatK,quatReal,quatRadianAccuracy
1582178097.913516,0.03497,-0.02411,-0.99188,0.11981,0.2845
1582178097.9194791,0.03497,-0.02411,-0.99188,0.11981,0.2845
1582178097.924269,0.03503,-0.02405,-0.99188,0.11975,0.2845
1582178097.931353,0.03503,-0.02405,-0.99188,0.11969,0.2845
1582178097.9364328,0.03510,-0.02399,-0.99188,0.11969,0.2845
1582178097.941599,0.03516,-0.02399,-0.99188,0.11963,0.2845
1582178097.9467049,0.03516,-0.02393,-0.99188,0.11957,0.2845
1582178097.952954,0.03522,-0.02393,-0.99194,0.11957,0.2845
1582178097.958539,0.03522,-0.02386,-0.99194,0.11951,0.2845
1582178097.9631512,0.03522,-0.02386,-0.99194,0.11945,0.2845
1582178097.969013,0.03528,-0.02380,-0.99194,0.11938,0.2845
1582178097.9740748,0.03528,-0.02380,-0.99194,0.11926,0.2845
1582178097.9801831,0.03528,-0.02380,-0.99194,0.11920,0.2845
1582178097.98618,0.03528,-0.02380,-0.99194,0.11914,0.2845
1582178097.9910479,0.03528,-0.02380,-0.99194,0.11908,0.2846
1582178097.9968488,0.03528,-0.02380,-0.99200,0.11902,0.2846
1582178098.0024,0.03528,-0.02380,-0.99200,0.11896,0.2846
1582178098.007623,0.03528,-0.02380,-0.99200,0.11890,0.2846
1582178098.013162,0.03528,-0.02380,-0.99200,0.11884,0.2846
1582178098.018847,0.03528,-0.02380,-0.99200,0.11877,0.2846
1582178098.024652,0.03528,-0.02380,-0.99200,0.11871,0.2846
1582178098.030477,0.03528,-0.02380,-0.99200,0.11865,0.2846
1582178098.036587,0.03528,-0.02380,-0.99200,0.11859,0.2846
1582178098.041615,0.03528,-0.02380,-0.99200,0.11859,0.2846
1582178098.046876,0.03528,-0.02380,-0.99207,0.11853,0.2846
1582178098.052174,0.03528,-0.02380,-0.99207,0.11847,0.2846
1582178098.058362,0.03522,-0.02374,-0.99207,0.11841,0.2846
1582178098.063997,0.03522,-0.02368,-0.99207,0.11835,0.2846
1582178098.06928,0.03522,-0.02362,-0.99207,0.11823,0.2846
1582178098.074372,0.03522,-0.02356,-0.99207,0.11816,0.2846
1582178098.080001,0.03522,-0.02356,-0.99207,0.11810,0.2846
1582178098.08563,0.03522,-0.02350,-0.99213,0.11804,0.2846
1582178098.091074,0.03522,-0.02350,-0.99213,0.11798,0.2846
1582178098.096329,0.03522,-0.02344,-0.99213,0.11792,0.2846
1582178098.103265,0.03522,-0.02344,-0.99213,0.11786,0.2846
1582178098.107258,0.03522,-0.02338,-0.99213,0.11780,0.2846
1582178098.113184,0.03516,-0.02338,-0.99213,0.11774,0.2846
1582178098.1185422,0.03516,-0.02338,-0.99219,0.11768,0.2846
1582178098.1237838,0.03510,-0.02338,-0.99219,0.11749,0.2846
1582178098.129933,0.03510,-0.02338,-0.99219,0.11743,0.2846
1582178098.136828,0.03503,-0.02338,-0.99219,0.11737,0.2846
1582178098.141323,0.03497,-0.02338,-0.99219,0.11731,0.2846
1582178098.147286,0.03491,-0.02344,-0.99219,0.11725,0.2846
1582178098.152288,0.03485,-0.02344,-0.99225,0.11713,0.2846
1582178098.1575081,0.03479,-0.02344,-0.99225,0.11713,0.2846
1582178098.1637802,0.03473,-0.02350,-0.99225,0.11707,0.2846
1582178098.169127,0.03473,-0.02356,-0.99225,0.11694,0.2846
1582178098.1751611,0.03473,-0.02362,-0.99225,0.11694,0.2846
1582178098.181654,0.03473,-0.02368,-0.99225,0.11688,0.2846
1582178098.1862028,0.03473,-0.02368,-0.99225,0.11688,0.2846
1582178098.192356,0.03479,-0.02368,-0.99225,0.11682,0.2846
1582178098.1972852,0.03479,-0.02374,-0.99225,0.11682,0.2846
1582178098.202411,0.03473,-0.02374,-0.99225,0.11676,0.2846
1582178098.2103071,0.03473,-0.02374,-0.99225,0.11676,0.2846
1582178098.2137861,0.03461,-0.02380,-0.99231,0.11670,0.2846
1582178098.220918,0.03455,-0.02380,-0.99231,0.11664,0.2846
1582178098.225719,0.03448,-0.02380,-0.99231,0.11664,0.2846
1582178098.2316558,0.03442,-0.02380,-0.99231,0.11664,0.2846
1582178098.237189,0.03436,-0.02380,-0.99231,0.11664,0.2846
1582178098.242094,0.03430,-0.02380,-0.99231,0.11664,0.2846
1582178098.248047,0.03430,-0.02380,-0.99231,0.11658,0.2846
1582178098.252809,0.03424,-0.02386,-0.99231,0.11658,0.2846
1582178098.2589629,0.03424,-0.02386,-0.99231,0.11658,0.2846
1582178098.2648478,0.03424,-0.02393,-0.99231,0.11652,0.2846
1582178098.2708359,0.03424,-0.02399,-0.99231,0.11652,0.2846
1582178098.277313,0.03424,-0.02405,-0.99231,0.11646,0.2846
1582178098.282915,0.03424,-0.02411,-0.99231,0.11646,0.2846
1582178098.287755,0.03424,-0.02423,-0.99231,0.11639,0.2846
1582178098.293112,0.03430,-0.02435,-0.99231,0.11639,0.2846
1582178098.298736,0.03430,-0.02448,-0.99231,0.11627,0.2846
1582178098.3055391,0.03430,-0.02490,-0.99231,0.11609,0.2846
1582178098.31176,0.03430,-0.02515,-0.99237,0.11597,0.2846
1582178098.316441,0.03430,-0.02545,-0.99237,0.11578,0.2846
1582178098.322519,0.03430,-0.02576,-0.99237,0.11560,0.2846
1582178098.32729,0.03430,-0.02618,-0.99237,0.11530,0.2846
1582178098.332999,0.03436,-0.02661,-0.99243,0.11499,0.2846
1582178098.3392031,0.03442,-0.02747,-0.99249,0.11432,0.2846
1582178098.345181,0.03448,-0.02795,-0.99249,0.11383,0.2846
1582178098.349639,0.03455,-0.02844,-0.99255,0.11334,0.2846
1582178098.3555741,0.03461,-0.02893,-0.99255,0.11292,0.2846
1582178098.3609211,0.03467,-0.02948,-0.99261,0.11230,0.2846
1582178098.366245,0.03479,-0.02997,-0.99268,0.11176,0.2846
1582178098.372042,0.03485,-0.03058,-0.99274,0.11115,0.2846
1582178098.379491,0.03491,-0.03113,-0.99280,0.11047,0.2846
1582178098.382967,0.03497,-0.03162,-0.99286,0.10986,0.2846
1582178098.38876,0.03516,-0.03271,-0.99292,0.10852,0.2846
1582178098.394444,0.03522,-0.03326,-0.99298,0.10779,0.2846
1582178098.400327,0.03534,-0.03369,-0.99304,0.10718,0.2846
1582178098.406517,0.03546,-0.03418,-0.99310,0.10638,0.2847
1582178098.411606,0.03552,-0.03461,-0.99316,0.10583,0.2847
1582178098.417568,0.03564,-0.03503,-0.99323,0.10516,0.2847
1582178098.4224901,0.03577,-0.03540,-0.99323,0.10449,0.2847
1582178098.428033,0.03595,-0.03577,-0.99329,0.10382,0.2847
1582178098.43341,0.03619,-0.03644,-0.99341,0.10254,0.2847
1582178098.439801,0.03638,-0.03668,-0.99347,0.10199,0.2847
1582178098.4450219,0.03656,-0.03699,-0.99347,0.10144,0.2847
1582178098.4510982,0.03674,-0.03729,-0.99353,0.10089,0.2847
1582178098.456525,0.03687,-0.03754,-0.99353,0.10040,0.2847
1582178098.4634922,0.03705,-0.03778,-0.99359,0.09991,0.2847
1582178098.46734,0.03723,-0.03809,-0.99359,0.09943,0.2847
1582178098.473182,0.03741,-0.03839,-0.99365,0.09900,0.2847
1582178098.4787579,0.03772,-0.03900,-0.99371,0.09821,0.2847
1582178098.484118,0.03796,-0.03937,-0.99371,0.09778,0.2847
1582178098.489768,0.03815,-0.03973,-0.99371,0.09741,0.2847
1582178098.4974349,0.03827,-0.04010,-0.99371,0.09711,0.2847
1582178098.5014179,0.03845,-0.04047,-0.99371,0.09674,0.2847
1582178098.506548,0.03864,-0.04083,-0.99377,0.09644,0.2847
1582178098.511917,0.03876,-0.04132,-0.99377,0.09607,0.2847
1582178098.517306,0.03894,-0.04169,-0.99377,0.09576,0.2847
1582178098.523229,0.03906,-0.04218,-0.99377,0.09540,0.2847
1582178098.529463,0.03937,-0.04309,-0.99377,0.09467,0.2847
1582178098.534282,0.03949,-0.04364,-0.99377,0.09430,0.2847
1582178098.539834,0.03955,-0.04407,-0.99384,0.09399,0.2847
1582178098.54584,0.03967,-0.04468,-0.99384,0.09357,0.2847
1582178098.5515578,0.03973,-0.04517,-0.99384,0.09320,0.2847
1582178098.5563352,0.03979,-0.04572,-0.99384,0.09277,0.2847
1582178098.5615182,0.03992,-0.04633,-0.99384,0.09235,0.2847
1582178098.567397,0.03998,-0.04694,-0.99384,0.09192,0.2847
1582178098.572354,0.03998,-0.04749,-0.99390,0.09149,0.2847
1582178098.578945,0.04004,-0.04816,-0.99390,0.09100,0.2847
1582178098.5837839,0.04016,-0.04938,-0.99390,0.09015,0.2847
1582178098.5888069,0.04016,-0.05005,-0.99390,0.08966,0.2847
1582178098.595362,0.04022,-0.05072,-0.99390,0.08917,0.2847
1582178098.6009269,0.04028,-0.05133,-0.99390,0.08875,0.2847
1582178098.6076381,0.04034,-0.05200,-0.99390,0.08826,0.2847
1582178098.611464,0.04047,-0.05273,-0.99390,0.08771,0.2847
1582178098.616958,0.04053,-0.05359,-0.99390,0.08716,0.2847
1582178098.6222541,0.04065,-0.05426,-0.99390,0.08673,0.2847
1582178098.628107,0.04077,-0.05518,-0.99390,0.08612,0.2847
1582178098.633909,0.04102,-0.05676,-0.99390,0.08502,0.2847
1582178098.639457,0.04114,-0.05750,-0.99390,0.08453,0.2847
1582178098.644636,0.04126,-0.05835,-0.99390,0.08392,0.2847
1582178098.651586,0.04144,-0.05908,-0.99390,0.08331,0.2847
1582178098.6565719,0.04156,-0.05975,-0.99390,0.08282,0.2847
1582178098.663809,0.04169,-0.06042,-0.99390,0.08228,0.2847
1582178098.6678882,0.04187,-0.06116,-0.99390,0.08167,0.2847
1582178098.675238,0.04199,-0.06177,-0.99390,0.08112,0.2847
1582178098.678832,0.04230,-0.06293,-0.99390,0.08008,0.2847
1582178098.6854038,0.04242,-0.06348,-0.99390,0.07953,0.2847
1582178098.689894,0.04254,-0.06396,-0.99390,0.07904,0.2847
1582178098.6964648,0.04266,-0.06439,-0.99390,0.07861,0.2847
1582178098.701757,0.04279,-0.06482,-0.99390,0.07813,0.2847
1582178098.7078242,0.04291,-0.06525,-0.99390,0.07770,0.2847
1582178098.712374,0.04303,-0.06561,-0.99390,0.07727,0.2847
1582178098.7181041,0.04309,-0.06592,-0.99390,0.07684,0.2847
1582178098.724473,0.04327,-0.06647,-0.99396,0.07611,0.2847
1582178098.730079,0.04340,-0.06665,-0.99396,0.07574,0.2847
1582178098.73584,0.04346,-0.06677,-0.99396,0.07544,0.2847
1582178098.741447,0.04358,-0.06689,-0.99396,0.07513,0.2847
1582178098.746956,0.04370,-0.06696,-0.99396,0.07489,0.2847
1582178098.753963,0.04382,-0.06708,-0.99402,0.07458,0.2847
1582178098.75876,0.04395,-0.06708,-0.99402,0.07440,0.2847
1582178098.763676,0.04419,-0.06708,-0.99402,0.07397,0.2847
1582178098.769042,0.04437,-0.06702,-0.99402,0.07385,0.2847
1582178098.776285,0.04449,-0.06702,-0.99402,0.07367,0.2847
1582178098.7803159,0.04462,-0.06696,-0.99402,0.07355,0.2847
1582178098.7859578,0.04480,-0.06689,-0.99402,0.07343,0.2847
1582178098.7913651,0.04498,-0.06689,-0.99402,0.07336,0.2847
1582178098.796969,0.04517,-0.06689,-0.99402,0.07330,0.2847
1582178098.8024452,0.04535,-0.06689,-0.99402,0.07324,0.2848
1582178098.808733,0.04553,-0.06689,-0.99402,0.07324,0.2848
1582178098.813351,0.04584,-0.06689,-0.99402,0.07318,0.2848
1582178098.82002,0.04596,-0.06689,-0.99402,0.07324,0.2848
1582178098.825296,0.04614,-0.06689,-0.99402,0.07324,0.2848
1582178098.831268,0.04633,-0.06689,-0.99396,0.07330,0.2848
1582178098.837541,0.04645,-0.06689,-0.99396,0.07336,0.2848
1582178098.8418581,0.04663,-0.06683,-0.99396,0.07343,0.2848
1582178098.847102,0.04681,-0.06683,-0.99396,0.07355,0.2848
1582178098.8529751,0.04700,-0.06677,-0.99396,0.07361,0.2848
1582178098.859796,0.04742,-0.06659,-0.99390,0.07379,0.2848
1582178098.86545,0.04761,-0.06653,-0.99390,0.07391,0.2848
1582178098.8700118,0.04779,-0.06641,-0.99390,0.07404,0.2848
1582178098.876436,0.04797,-0.06622,-0.99390,0.07422,0.2848
1582178098.8810701,0.04810,-0.06610,-0.99390,0.07434,0.2848
1582178098.8867211,0.04822,-0.06592,-0.99390,0.07446,0.2848
1582178098.8946528,0.04840,-0.06573,-0.99384,0.07465,0.2848
1582178098.897894,0.04852,-0.06555,-0.99384,0.07483,0.2848
1582178098.903879,0.04877,-0.06512,-0.99384,0.07513,0.2848
1582178098.90958,0.04889,-0.06488,-0.99384,0.07532,0.2848
1582178098.916244,0.04901,-0.06470,-0.99384,0.07556,0.2848
1582178098.9214668,0.04913,-0.06445,-0.99384,0.07568,0.2848
1582178098.927737,0.04926,-0.06421,-0.99384,0.07593,0.2848
1582178098.9326231,0.04932,-0.06390,-0.99384,0.07617,0.2848
1582178098.938216,0.04944,-0.06366,-0.99384,0.07635,0.2848
1582178098.943588,0.04956,-0.06311,-0.99384,0.07684,0.2848
1582178098.95026,0.04956,-0.06274,-0.99384,0.07709,0.2848
1582178098.9550028,0.04962,-0.06244,-0.99384,0.07739,0.2848
1582178098.960892,0.04962,-0.06213,-0.99384,0.07764,0.2848
1582178098.967919,0.04962,-0.06183,-0.99377,0.07794,0.2848
1582178098.971955,0.04956,-0.06152,-0.99377,0.07825,0.2848
1582178098.977886,0.04944,-0.06116,-0.99377,0.07855,0.2848
1582178098.98364,0.04926,-0.06055,-0.99377,0.07916,0.2848
1582178098.989707,0.04907,-0.06024,-0.99377,0.07947,0.2848
1582178098.996289,0.04895,-0.06000,-0.99377,0.07977,0.2848
1582178099.001197,0.04883,-0.05975,-0.99377,0.08002,0.2849
1582178099.006281,0.04871,-0.05945,-0.99377,0.08032,0.2849
1582178099.012531,0.04865,-0.05920,-0.99377,0.08057,0.2849
1582178099.017619,0.04852,-0.05896,-0.99377,0.08081,0.2849
1582178099.0235,0.04846,-0.05878,-0.99377,0.08105,0.2849
1582178099.029069,0.04834,-0.05847,-0.99377,0.08136,0.2849
1582178099.035491,0.04828,-0.05835,-0.99377,0.08148,0.2849
1582178099.040833,0.04816,-0.05829,-0.99377,0.08154,0.2849
1582178099.046596,0.04810,-0.05823,-0.99377,0.08160,0.2849
1582178099.051918,0.04797,-0.05823,-0.99384,0.08160,0.2849
1582178099.057739,0.04785,-0.05817,-0.99384,0.08160,0.2849
1582178099.062322,0.04773,-0.05817,-0.99384,0.08154,0.2849
1582178099.0682082,0.04755,-0.05817,-0.99384,0.08142,0.2849
1582178099.0738611,0.04718,-0.05811,-0.99390,0.08118,0.2849
1582178099.080584,0.04694,-0.05811,-0.99390,0.08099,0.2849
1582178099.0846589,0.04675,-0.05811,-0.99396,0.08075,0.2849
1582178099.090519,0.04651,-0.05804,-0.99396,0.08051,0.2849
1582178099.0962298,0.04633,-0.05804,-0.99402,0.08026,0.2849
1582178099.101734,0.04608,-0.05804,-0.99402,0.07996,0.2849
1582178099.108531,0.04590,-0.05804,-0.99408,0.07965,0.2849
1582178099.113319,0.04565,-0.05804,-0.99414,0.07928,0.2849
1582178099.119997,0.04523,-0.05823,-0.99420,0.07867,0.2849
1582178099.127695,0.04504,-0.05829,-0.99420,0.07831,0.2849
1582178099.132684,0.04486,-0.05841,-0.99426,0.07794,0.2849
1582178099.136665,0.04468,-0.05853,-0.99426,0.07764,0.2849
1582178099.1420438,0.04449,-0.05872,-0.99426,0.07733,0.2849
1582178099.146965,0.04431,-0.05884,-0.99432,0.07703,0.2849
1582178099.153742,0.04419,-0.05902,-0.99432,0.07672,0.2849
1582178099.158459,0.04395,-0.05927,-0.99438,0.07623,0.2849
1582178099.163771,0.04388,-0.05933,-0.99438,0.07599,0.2849
1582178099.1693618,0.04382,-0.05945,-0.99438,0.07574,0.2849
1582178099.175288,0.04382,-0.05951,-0.99438,0.07556,0.2849
1582178099.18115,0.04382,-0.05957,-0.99438,0.07538,0.2849
1582178099.187041,0.04382,-0.05957,-0.99445,0.07520,0.2849
1582178099.192021,0.04388,-0.05957,-0.99445,0.07501,0.2849
1582178099.197542,0.04395,-0.05957,-0.99445,0.07489,0.2849
1582178099.202982,0.04407,-0.05957,-0.99445,0.07477,0.2849
1582178099.208838,0.04419,-0.05957,-0.99445,0.07458,0.2849
1582178099.2145941,0.04431,-0.05951,-0.99445,0.07452,0.2849
1582178099.221879,0.04443,-0.05951,-0.99445,0.07452,0.2849
1582178099.226481,0.04449,-0.05945,-0.99445,0.07446,0.2849
1582178099.2324128,0.04462,-0.05945,-0.99445,0.07440,0.2849
1582178099.236682,0.04474,-0.05939,-0.99445,0.07440,0.2849
1582178099.2421792,0.04486,-0.05939,-0.99445,0.07440,0.2849
1582178099.248384,0.04498,-0.05939,-0.99445,0.07440,0.2849
1582178099.253406,0.04517,-0.05945,-0.99445,0.07440,0.2849
1582178099.259171,0.04529,-0.05945,-0.99445,0.07440,0.2849
1582178099.265434,0.04529,-0.05945,-0.99445,0.07440,0.2849
1582178099.270839,0.04535,-0.05945,-0.99445,0.07446,0.2849
1582178099.275695,0.04535,-0.05945,-0.99438,0.07446,0.2849
1582178099.281157,0.04535,-0.05945,-0.99438,0.07452,0.2849
1582178099.287658,0.04529,-0.05939,-0.99445,0.07458,0.2849
1582178099.292227,0.04523,-0.05927,-0.99445,0.07465,0.2849
1582178099.298629,0.04510,-0.05920,-0.99445,0.07471,0.2849
1582178099.3039649,0.04504,-0.05908,-0.99445,0.07477,0.2849
1582178099.308495,0.04480,-0.05878,-0.99445,0.07489,0.2849
1582178099.314933,0.04468,-0.05859,-0.99445,0.07501,0.2849
1582178099.3215969,0.04456,-0.05847,-0.99445,0.07513,0.2849
1582178099.327549,0.04443,-0.05829,-0.99445,0.07526,0.2849
1582178099.332503,0.04431,-0.05811,-0.99445,0.07544,0.2849
1582178099.3381581,0.04413,-0.05798,-0.99445,0.07562,0.2849
1582178099.343186,0.04407,-0.05786,-0.99445,0.07574,0.2849
1582178099.34823,0.04382,-0.05768,-0.99445,0.07611,0.2849
1582178099.354233,0.04370,-0.05762,-0.99445,0.07629,0.2849
1582178099.360061,0.04358,-0.05756,-0.99445,0.07648,0.2849
1582178099.367751,0.04352,-0.05750,-0.99445,0.07672,0.2849
1582178099.371414,0.04340,-0.05750,-0.99445,0.07690,0.2849
1582178099.377343,0.04327,-0.05743,-0.99445,0.07709,0.2849
1582178099.382218,0.04315,-0.05743,-0.99445,0.07733,0.2849
1582178099.3877141,0.04297,-0.05737,-0.99438,0.07758,0.2849
1582178099.393153,0.04285,-0.05731,-0.99438,0.07776,0.2849
1582178099.399261,0.04254,-0.05719,-0.99438,0.07819,0.2849
1582178099.403966,0.04236,-0.05713,-0.99438,0.07843,0.2849
1582178099.4100852,0.04224,-0.05707,-0.99438,0.07861,0.2849
1582178099.416236,0.04211,-0.05701,-0.99438,0.07886,0.2850
1582178099.421252,0.04193,-0.05695,-0.99438,0.07904,0.2850
1582178099.426351,0.04181,-0.05695,-0.99432,0.07928,0.2850
1582178099.432024,0.04163,-0.05688,-0.99432,0.07947,0.2850
1582178099.4374552,0.04150,-0.05688,-0.99432,0.07971,0.2850
1582178099.443587,0.04132,-0.05695,-0.99432,0.07996,0.2850
1582178099.448609,0.04108,-0.05713,-0.99426,0.08038,0.2850
1582178099.4539762,0.04089,-0.05725,-0.99426,0.08057,0.2850
1582178099.4600918,0.04077,-0.05737,-0.99426,0.08075,0.2850
1582178099.466045,0.04065,-0.05756,-0.99420,0.08099,0.2850
1582178099.470752,0.04047,-0.05774,-0.99420,0.08118,0.2850
1582178099.476581,0.04034,-0.05792,-0.99420,0.08136,0.2850
1582178099.481335,0.04022,-0.05817,-0.99414,0.08154,0.2850
1582178099.486805,0.04004,-0.05841,-0.99414,0.08173,0.2850
1582178099.4927812,0.03992,-0.05872,-0.99408,0.08191,0.2850
1582178099.5007648,0.03973,-0.05920,-0.99408,0.08221,0.2850
1582178099.504286,0.03961,-0.05945,-0.99402,0.08240,0.2850
1582178099.5105999,0.03955,-0.05969,-0.99402,0.08258,0.2850
1582178099.516104,0.03943,-0.05988,-0.99402,0.08270,0.2850
1582178099.5233421,0.03937,-0.06006,-0.99396,0.08289,0.2850
1582178099.5271811,0.03918,-0.06030,-0.99396,0.08301,0.2850
1582178099.5337942,0.03900,-0.06042,-0.99396,0.08319,0.2850
1582178099.538251,0.03864,-0.06073,-0.99390,0.08356,0.2850
1582178099.544506,0.03845,-0.06085,-0.99390,0.08380,0.2850
1582178099.5506911,0.03821,-0.06097,-0.99384,0.08405,0.2850
1582178099.556243,0.03796,-0.06104,-0.99384,0.08423,0.2850
1582178099.561365,0.03772,-0.06110,-0.99384,0.08453,0.2850
1582178099.567115,0.03748,-0.06122,-0.99384,0.08484,0.2850
1582178099.572822,0.03723,-0.06134,-0.99377,0.08514,0.2850
1582178099.5793128,0.03668,-0.06165,-0.99371,0.08582,0.2850
1582178099.584565,0.03644,-0.06189,-0.99371,0.08624,0.2850
1582178099.5906959,0.03619,-0.06219,-0.99365,0.08661,0.2850
1582178099.597315,0.03589,-0.06256,-0.99359,0.08710,0.2850
1582178099.601378,0.03571,-0.06293,-0.99353,0.08752,0.2850
1582178099.607875,0.03546,-0.06342,-0.99347,0.08801,0.2850
1582178099.6128798,0.03528,-0.06390,-0.99341,0.08850,0.2850
1582178099.617586,0.03485,-0.06494,-0.99323,0.08960,0.2851
1582178099.623895,0.03473,-0.06543,-0.99316,0.09021,0.2851
1582178099.629269,0.03461,-0.06586,-0.99310,0.09076,0.2851
1582178099.63396,0.03448,-0.06622,-0.99304,0.09125,0.2851
1582178099.640197,0.03436,-0.06647,-0.99298,0.09180,0.2851
1582178099.645728,0.03418,-0.06671,-0.99292,0.09229,0.2851
1582178099.6504588,0.03406,-0.06683,-0.99286,0.09277,0.2851
1582178099.6592681,0.03387,-0.06696,-0.99280,0.09326,0.2851
1582178099.661866,0.03369,-0.06696,-0.99280,0.09369,0.2851
1582178099.668129,0.03345,-0.06696,-0.99274,0.09418,0.2851
1582178099.675678,0.03326,-0.06689,-0.99274,0.09460,0.2851
1582178099.6784651,0.03278,-0.06677,-0.99268,0.09540,0.2851
1582178099.683776,0.03247,-0.06665,-0.99261,0.09583,0.2851
1582178099.689255,0.03223,-0.06653,-0.99261,0.09619,0.2851
1582178099.695265,0.03198,-0.06641,-0.99261,0.09656,0.2851
1582178099.700792,0.03180,-0.06635,-0.99255,0.09686,0.2851
1582178099.706265,0.03156,-0.06616,-0.99255,0.09723,0.2851
1582178099.714167,0.03137,-0.06604,-0.99255,0.09753,0.2851
1582178099.718671,0.03119,-0.06598,-0.99255,0.09784,0.2851
1582178099.7237608,0.03088,-0.06573,-0.99249,0.09839,0.2851
1582178099.730585,0.03082,-0.06567,-0.99249,0.09869,0.2851
1582178099.735706,0.03076,-0.06561,-0.99243,0.09894,0.2851
1582178099.740323,0.03076,-0.06555,-0.99243,0.09918,0.2851
1582178099.746081,0.03082,-0.06555,-0.99243,0.09943,0.2851
1582178099.7519271,0.03088,-0.06549,-0.99237,0.09961,0.2851
1582178099.7598138,0.03101,-0.06543,-0.99237,0.09985,0.2851
1582178099.762658,0.03113,-0.06543,-0.99231,0.10004,0.2851
1582178099.767893,0.03143,-0.06537,-0.99231,0.10046,0.2851
1582178099.773644,0.03156,-0.06525,-0.99231,0.10065,0.2851
1582178099.7792058,0.03168,-0.06519,-0.99225,0.10077,0.2851
1582178099.7853749,0.03186,-0.06506,-0.99225,0.10089,0.2851
1582178099.791146,0.03198,-0.06494,-0.99225,0.10101,0.2851
1582178099.7958038,0.03210,-0.06476,-0.99225,0.10107,0.2851
1582178099.8013551,0.03229,-0.06458,-0.99225,0.10114,0.2851
1582178099.8074088,0.03247,-0.06433,-0.99225,0.10114,0.2851
1582178099.81313,0.03259,-0.06415,-0.99225,0.10114,0.2851
1582178099.8183239,0.03296,-0.06372,-0.99231,0.10107,0.2851
1582178099.824683,0.03308,-0.06360,-0.99231,0.10101,0.2851
1582178099.829974,0.03333,-0.06342,-0.99231,0.10089,0.2851
1582178099.836386,0.03345,-0.06329,-0.99231,0.10077,0.2851
1582178099.841373,0.03363,-0.06323,-0.99231,0.10071,0.2851
1582178099.849321,0.03381,-0.06317,-0.99237,0.10052,0.2851
1582178099.852885,0.03400,-0.06317,-0.99237,0.10040,0.2851
1582178099.858357,0.03430,-0.06311,-0.99237,0.10016,0.2851
1582178099.863199,0.03448,-0.06311,-0.99237,0.10004,0.2851
1582178099.869079,0.03467,-0.06311,-0.99237,0.09991,0.2851
1582178099.87572,0.03479,-0.06305,-0.99237,0.09985,0.2851
1582178099.880447,0.03491,-0.06299,-0.99237,0.09973,0.2851
1582178099.886401,0.03503,-0.06299,-0.99243,0.09967,0.2851
1582178099.891445,0.03516,-0.06287,-0.99243,0.09961,0.2851
1582178099.898051,0.03528,-0.06281,-0.99243,0.09949,0.2851
1582178099.903074,0.03540,-0.06274,-0.99243,0.09943,0.2851
1582178099.908691,0.03564,-0.06256,-0.99243,0.09930,0.2851
1582178099.914325,0.03571,-0.06250,-0.99243,0.09930,0.2851
1582178099.920358,0.03583,-0.06244,-0.99243,0.09918,0.2851
1582178099.927768,0.03589,-0.06244,-0.99249,0.09918,0.2851
1582178099.931415,0.03601,-0.06238,-0.99249,0.09912,0.2851
1582178099.9364989,0.03613,-0.06238,-0.99249,0.09906,0.2851
1582178099.944344,0.03619,-0.06238,-0.99249,0.09906,0.2851
1582178099.9480782,0.03632,-0.06238,-0.99249,0.09894,0.2851
1582178099.953265,0.03638,-0.06238,-0.99249,0.09888,0.2851
1582178099.958923,0.03644,-0.06232,-0.99249,0.09882,0.2851
1582178099.965225,0.03650,-0.06232,-0.99249,0.09875,0.2851
1582178099.9708428,0.03650,-0.06226,-0.99249,0.09869,0.2851
1582178099.976288,0.03656,-0.06226,-0.99249,0.09863,0.2851
1582178099.9812841,0.03662,-0.06213,-0.99249,0.09851,0.2851
1582178099.98769,0.03662,-0.06201,-0.99255,0.09839,0.2851
1582178099.992672,0.03668,-0.06189,-0.99255,0.09827,0.2851
1582178099.9990342,0.03674,-0.06152,-0.99261,0.09796,0.2851
1582178100.006519,0.03680,-0.06134,-0.99261,0.09778,0.2851
1582178100.011455,0.03680,-0.06104,-0.99268,0.09760,0.2851
1582178100.016584,0.03687,-0.06079,-0.99268,0.09741,0.2851
1582178100.021734,0.03687,-0.06049,-0.99274,0.09723,0.2851
1582178100.027842,0.03693,-0.06012,-0.99280,0.09698,0.2851
1582178100.0327098,0.03699,-0.05975,-0.99280,0.09680,0.2852
1582178100.037961,0.03705,-0.05914,-0.99286,0.09650,0.2852
1582178100.0441248,0.03711,-0.05884,-0.99292,0.09625,0.2852
1582178100.049623,0.03711,-0.05859,-0.99298,0.09613,0.2852
1582178100.055434,0.03711,-0.05829,-0.99298,0.09595,0.2852
1582178100.0607722,0.03711,-0.05811,-0.99298,0.09583,0.2852
1582178100.067853,0.03717,-0.05792,-0.99304,0.09570,0.2852
1582178100.071389,0.03717,-0.05774,-0.99304,0.09552,0.2852
1582178100.0772579,0.03717,-0.05762,-0.99304,0.09546,0.2852
1582178100.084399,0.03711,-0.05743,-0.99310,0.09521,0.2852
1582178100.088737,0.03711,-0.05737,-0.99310,0.09515,0.2852
1582178100.095732,0.03711,-0.05731,-0.99310,0.09509,0.2852
1582178100.1009831,0.03717,-0.05731,-0.99316,0.09497,0.2852
1582178100.106509,0.03717,-0.05731,-0.99316,0.09491,0.2852
1582178100.1121972,0.03717,-0.05737,-0.99316,0.09479,0.2852
1582178100.116621,0.03723,-0.05737,-0.99316,0.09467,0.2852
1582178100.122566,0.03729,-0.05743,-0.99316,0.09460,0.2852
1582178100.128055,0.03735,-0.05750,-0.99316,0.09448,0.2852
1582178100.13344,0.03754,-0.05756,-0.99316,0.09424,0.2852
1582178100.1400452,0.03766,-0.05756,-0.99316,0.09412,0.2852
1582178100.14769,0.03778,-0.05756,-0.99316,0.09393,0.2852
1582178100.150976,0.03796,-0.05750,-0.99323,0.09381,0.2852
1582178100.155831,0.03809,-0.05750,-0.99323,0.09363,0.2852
1582178100.1612449,0.03827,-0.05743,-0.99323,0.09344,0.2852
1582178100.1676211,0.03845,-0.05737,-0.99323,0.09326,0.2852
1582178100.172907,0.03870,-0.05725,-0.99329,0.09302,0.2852
1582178100.179307,0.03912,-0.05713,-0.99329,0.09259,0.2852
1582178100.184,0.03937,-0.05707,-0.99329,0.09235,0.2852
1582178100.189848,0.03961,-0.05707,-0.99335,0.09204,0.2852
1582178100.196246,0.03986,-0.05707,-0.99335,0.09180,0.2852
1582178100.2015412,0.04010,-0.05707,-0.99335,0.09155,0.2852
1582178100.207665,0.04041,-0.05707,-0.99335,0.09125,0.2852
1582178100.212859,0.04071,-0.05713,-0.99341,0.09094,0.2852
1582178100.219949,0.04126,-0.05719,-0.99341,0.09039,0.2852
1582178100.226389,0.04156,-0.05719,-0.99341,0.09009,0.2852
1582178100.229308,0.04187,-0.05719,-0.99341,0.08978,0.2852
1582178100.235113,0.04218,-0.05719,-0.99347,0.08948,0.2852
1582178100.240853,0.04248,-0.05713,-0.99347,0.08911,0.2852
1582178100.246473,0.04285,-0.05713,-0.99347,0.08868,0.2852
1582178100.251735,0.04321,-0.05701,-0.99353,0.08826,0.2852
1582178100.257059,0.04358,-0.05701,-0.99353,0.08783,0.2852
1582178100.2625751,0.04431,-0.05695,-0.99359,0.08679,0.2852
1582178100.2686331,0.04468,-0.05695,-0.99365,0.08618,0.2852
1582178100.274142,0.04504,-0.05701,-0.99365,0.08563,0.2852
1582178100.281017,0.04535,-0.05707,-0.99371,0.08508,0.2852
1582178100.2847428,0.04559,-0.05719,-0.99371,0.08447,0.2852
1582178100.2904818,0.04578,-0.05731,-0.99377,0.08392,0.2852
1582178100.295788,0.04596,-0.05743,-0.99377,0.08337,0.2852
1582178100.301158,0.04608,-0.05756,-0.99384,0.08289,0.2852
1582178100.3065019,0.04614,-0.05756,-0.99384,0.08240,0.2852
1582178100.3126779,0.04620,-0.05756,-0.99390,0.08203,0.2852
1582178100.318589,0.04620,-0.05743,-0.99396,0.08160,0.2852
1582178100.323432,0.04608,-0.05707,-0.99402,0.08093,0.2852
1582178100.3289752,0.04602,-0.05676,-0.99408,0.08063,0.2852
1582178100.335558,0.04590,-0.05640,-0.99414,0.08032,0.2852
1582178100.340375,0.04584,-0.05609,-0.99414,0.08008,0.2852
1582178100.347457,0.04584,-0.05573,-0.99420,0.07977,0.2852
1582178100.35148,0.04584,-0.05530,-0.99426,0.07947,0.2852
1582178100.357852,0.04590,-0.05499,-0.99426,0.07922,0.2852
1582178100.363949,0.04608,-0.05463,-0.99432,0.07861,0.2852
1582178100.367998,0.04620,-0.05463,-0.99438,0.07831,0.2852
1582178100.373923,0.04639,-0.05469,-0.99438,0.07800,0.2852
1582178100.379755,0.04651,-0.05487,-0.99438,0.07770,0.2852
1582178100.385349,0.04669,-0.05511,-0.99438,0.07733,0.2852
1582178100.390796,0.04681,-0.05542,-0.99438,0.07703,0.2852
1582178100.3964958,0.04700,-0.05573,-0.99438,0.07666,0.2852
1582178100.401957,0.04712,-0.05603,-0.99438,0.07642,0.2852
1582178100.4075148,0.04724,-0.05634,-0.99438,0.07611,0.2852
1582178100.4134521,0.04749,-0.05676,-0.99438,0.07568,0.2852
1582178100.418835,0.04761,-0.05688,-0.99438,0.07550,0.2852
1582178100.427158,0.04773,-0.05695,-0.99438,0.07538,0.2852
1582178100.431502,0.04779,-0.05695,-0.99438,0.07526,0.2852
1582178100.4374762,0.04791,-0.05688,-0.99438,0.07520,0.2853
1582178100.441469,0.04797,-0.05682,-0.99438,0.07520,0.2853
1582178100.447447,0.04803,-0.05670,-0.99438,0.07520,0.2853
1582178100.4525409,0.04810,-0.05664,-0.99438,0.07520,0.2853
1582178100.4578402,0.04816,-0.05652,-0.99438,0.07532,0.2853
1582178100.4643688,0.04822,-0.05646,-0.99438,0.07538,0.2853
1582178100.4695191,0.04822,-0.05652,-0.99438,0.07550,0.2853
1582178100.475451,0.04822,-0.05652,-0.99438,0.07562,0.2853
1582178100.480896,0.04822,-0.05664,-0.99432,0.07574,0.2853
1582178100.486469,0.04816,-0.05676,-0.99432,0.07587,0.2853
1582178100.4916039,0.04816,-0.05688,-0.99432,0.07593,0.2853
1582178100.4976041,0.04816,-0.05707,-0.99432,0.07605,0.2853
1582178100.502712,0.04816,-0.05737,-0.99426,0.07623,0.2853
1582178100.509156,0.04822,-0.05756,-0.99426,0.07629,0.2853
1582178100.5142899,0.04822,-0.05774,-0.99426,0.07635,0.2853
1582178100.541913,0.04828,-0.05792,-0.99420,0.07642,0.2853
1582178100.541933,0.04834,-0.05811,-0.99420,0.07642,0.2853
1582178100.541939,0.04840,-0.05835,-0.99420,0.07648,0.2853
1582178100.541944,0.04846,-0.05865,-0.99414,0.07654,0.2853
1582178100.542014,0.04852,-0.05890,-0.99414,0.07654,0.2853
1582178100.548007,0.04858,-0.05933,-0.99414,0.07660,0.2853
1582178100.552829,0.04871,-0.06018,-0.99402,0.07672,0.2853
1582178100.5590332,0.04877,-0.06067,-0.99402,0.07678,0.2853
1582178100.5664651,0.04883,-0.06128,-0.99396,0.07690,0.2853
1582178100.5720289,0.04889,-0.06189,-0.99390,0.07709,0.2853
1582178100.575912,0.04889,-0.06256,-0.99384,0.07721,0.2853
1582178100.581748,0.04889,-0.06335,-0.99377,0.07745,0.2853
1582178100.58672,0.04895,-0.06421,-0.99371,0.07770,0.2853
1582178100.592962,0.04895,-0.06506,-0.99365,0.07794,0.2853
1582178100.599285,0.04901,-0.06689,-0.99347,0.07843,0.2853
1582178100.6041422,0.04901,-0.06787,-0.99335,0.07874,0.2853
1582178100.6092002,0.04901,-0.06885,-0.99329,0.07904,0.2853
1582178100.616286,0.04901,-0.06989,-0.99316,0.07941,0.2853
1582178100.620471,0.04901,-0.07080,-0.99310,0.07965,0.2853
1582178100.626294,0.04901,-0.07172,-0.99298,0.07996,0.2853
1582178100.631284,0.04901,-0.07275,-0.99292,0.08032,0.2853
1582178100.637093,0.04901,-0.07367,-0.99280,0.08063,0.2854
1582178100.645039,0.04901,-0.07550,-0.99261,0.08124,0.2854
1582178100.649281,0.04895,-0.07623,-0.99255,0.08154,0.2854
1582178100.656093,0.04895,-0.07721,-0.99243,0.08185,0.2854
1582178100.660419,0.04889,-0.07794,-0.99237,0.08209,0.2854
1582178100.666541,0.04889,-0.07874,-0.99231,0.08240,0.2854
1582178100.6712818,0.04883,-0.07965,-0.99219,0.08264,0.2854
1582178100.677008,0.04877,-0.08038,-0.99213,0.08289,0.2854
1582178100.683936,0.04871,-0.08112,-0.99207,0.08313,0.2854
1582178100.688849,0.04858,-0.08258,-0.99188,0.08350,0.2854
1582178100.694444,0.04852,-0.08331,-0.99182,0.08362,0.2854
1582178100.700369,0.04846,-0.08392,-0.99176,0.08374,0.2854
1582178100.705264,0.04840,-0.08459,-0.99170,0.08386,0.2854
1582178100.710922,0.04834,-0.08527,-0.99164,0.08398,0.2854
1582178100.716916,0.04828,-0.08594,-0.99158,0.08405,0.2854
1582178100.7224,0.04828,-0.08649,-0.99152,0.08405,0.2854
1582178100.728472,0.04822,-0.08759,-0.99146,0.08411,0.2854
1582178100.73316,0.04822,-0.08801,-0.99139,0.08405,0.2854
1582178100.740319,0.04816,-0.08838,-0.99139,0.08405,0.2854
1582178100.744711,0.04816,-0.08875,-0.99133,0.08398,0.2854
1582178100.75137,0.04810,-0.08899,-0.99133,0.08392,0.2854
1582178100.7587142,0.04810,-0.08917,-0.99133,0.08386,0.2854
1582178100.761478,0.04803,-0.08929,-0.99133,0.08374,0.2854
1582178100.767565,0.04803,-0.08936,-0.99133,0.08362,0.2854
1582178100.772269,0.04803,-0.08936,-0.99133,0.08350,0.2854
1582178100.77727,0.04810,-0.08899,-0.99139,0.08325,0.2854
1582178100.783802,0.04816,-0.08868,-0.99139,0.08307,0.2854
1582178100.7885141,0.04822,-0.08832,-0.99146,0.08289,0.2854
1582178100.794256,0.04834,-0.08801,-0.99152,0.08270,0.2854
1582178100.800267,0.04846,-0.08759,-0.99158,0.08252,0.2854
1582178100.8054268,0.04858,-0.08716,-0.99158,0.08234,0.2854
1582178100.811813,0.04877,-0.08679,-0.99164,0.08209,0.2854
1582178100.816533,0.04889,-0.08649,-0.99170,0.08185,0.2854
1582178100.821495,0.04907,-0.08618,-0.99170,0.08167,0.2854
1582178100.8274748,0.04919,-0.08600,-0.99176,0.08136,0.2854
1582178100.832659,0.04938,-0.08594,-0.99176,0.08087,0.2854
1582178100.8394291,0.04944,-0.08594,-0.99182,0.08069,0.2854
1582178100.844383,0.04944,-0.08606,-0.99182,0.08038,0.2854
1582178100.851307,0.04950,-0.08612,-0.99182,0.08014,0.2854
1582178100.855405,0.04950,-0.08624,-0.99182,0.07990,0.2854
1582178100.8608692,0.04944,-0.08624,-0.99188,0.07959,0.2854
1582178100.866234,0.04944,-0.08630,-0.99188,0.07928,0.2854
1582178100.87241,0.04938,-0.08624,-0.99188,0.07898,0.2854
1582178100.878332,0.04938,-0.08624,-0.99194,0.07867,0.2854
1582178100.8840199,0.04944,-0.08618,-0.99200,0.07819,0.2854
1582178100.89084,0.04950,-0.08624,-0.99200,0.07788,0.2854
1582178100.8960798,0.04950,-0.08630,-0.99200,0.07764,0.2854
1582178100.900929,0.04956,-0.08649,-0.99200,0.07739,0.2854
1582178100.907351,0.04962,-0.08679,-0.99200,0.07715,0.2854
1582178100.9122822,0.04968,-0.08710,-0.99200,0.07697,0.2854
1582178100.917421,0.04968,-0.08801,-0.99194,0.07672,0.2854
1582178100.924115,0.04962,-0.08850,-0.99188,0.07654,0.2854
1582178100.9286988,0.04956,-0.08899,-0.99188,0.07648,0.2854
1582178100.934303,0.04944,-0.08942,-0.99182,0.07635,0.2854
1582178100.9419909,0.04932,-0.08978,-0.99182,0.07629,0.2854
1582178100.945513,0.04919,-0.09003,-0.99182,0.07623,0.2854
1582178100.954376,0.04895,-0.09009,-0.99182,0.07617,0.2854
1582178100.956602,0.04877,-0.09003,-0.99182,0.07611,0.2854
1582178100.9619122,0.04858,-0.08978,-0.99188,0.07599,0.2854
1582178100.967699,0.04828,-0.08899,-0.99194,0.07581,0.2854
1582178100.973372,0.04816,-0.08850,-0.99200,0.07568,0.2854
1582178100.979085,0.04810,-0.08807,-0.99207,0.07556,0.2854
1582178100.986173,0.04803,-0.08765,-0.99213,0.07544,0.2854
1582178100.991509,0.04803,-0.08746,-0.99219,0.07526,0.2854
1582178100.997853,0.04803,-0.08728,-0.99219,0.07513,0.2854
1582178101.002958,0.04803,-0.08728,-0.99219,0.07495,0.2854
1582178101.007126,0.04810,-0.08746,-0.99219,0.07483,0.2854
1582178101.013162,0.04816,-0.08813,-0.99213,0.07471,0.2854
1582178101.018535,0.04822,-0.08850,-0.99213,0.07471,0.2854
1582178101.025426,0.04828,-0.08899,-0.99207,0.07477,0.2854
1582178101.02992,0.04840,-0.08942,-0.99200,0.07483,0.2854
1582178101.035684,0.04858,-0.08972,-0.99194,0.07495,0.2855
1582178101.0408692,0.04871,-0.09003,-0.99188,0.07507,0.2855
1582178101.048123,0.04889,-0.09027,-0.99188,0.07520,0.2855
1582178101.052581,0.04907,-0.09045,-0.99182,0.07538,0.2855
1582178101.0575218,0.04950,-0.09039,-0.99176,0.07568,0.2855
1582178101.063043,0.04974,-0.09027,-0.99176,0.07587,0.2855
1582178101.069149,0.04993,-0.09009,-0.99176,0.07605,0.2855
1582178101.075152,0.05011,-0.08984,-0.99176,0.07623,0.2855
1582178101.080842,0.05029,-0.08966,-0.99176,0.07635,0.2855
1582178101.087431,0.05048,-0.08936,-0.99176,0.07654,0.2855
1582178101.0914528,0.05066,-0.08905,-0.99176,0.07666,0.2855
1582178101.097685,0.05078,-0.08875,-0.99182,0.07678,0.2855
1582178101.102858,0.05084,-0.08820,-0.99182,0.07697,0.2855
1582178101.110067,0.05090,-0.08789,-0.99182,0.07709,0.2855
1582178101.114969,0.05084,-0.08759,-0.99188,0.07715,0.2855
1582178101.12021,0.05084,-0.08728,-0.99188,0.07721,0.2855
1582178101.125535,0.05078,-0.08698,-0.99188,0.07721,0.2855
1582178101.130796,0.05072,-0.08667,-0.99194,0.07727,0.2855
1582178101.136178,0.05066,-0.08643,-0.99194,0.07733,0.2855
1582178101.1419609,0.05060,-0.08618,-0.99200,0.07733,0.2855
1582178101.1480398,0.05042,-0.08575,-0.99200,0.07745,0.2855
1582178101.152906,0.05035,-0.08563,-0.99200,0.07745,0.2855
1582178101.1593869,0.05029,-0.08557,-0.99207,0.07751,0.2855
1582178101.164381,0.05023,-0.08551,-0.99207,0.07758,0.2855
1582178101.16943,0.05017,-0.08545,-0.99207,0.07770,0.2855
1582178101.175364,0.05011,-0.08551,-0.99200,0.07782,0.2855
1582178101.180513,0.05011,-0.08551,-0.99200,0.07794,0.2855
1582178101.187912,0.05005,-0.08563,-0.99200,0.07813,0.2855
1582178101.191436,0.04999,-0.08569,-0.99200,0.07831,0.2855
1582178101.196914,0.04999,-0.08575,-0.99194,0.07849,0.2855
1582178101.202999,0.04993,-0.08588,-0.99194,0.07874,0.2855
1582178101.207937,0.04980,-0.08606,-0.99188,0.07916,0.2855
1582178101.214313,0.04974,-0.08612,-0.99188,0.07941,0.2855
1582178101.220834,0.04962,-0.08624,-0.99182,0.07965,0.2855
1582178101.225038,0.04950,-0.08630,-0.99182,0.07990,0.2855
1582178101.23031,0.04938,-0.08643,-0.99182,0.08020,0.2855
1582178101.23583,0.04926,-0.08655,-0.99176,0.08044,0.2855
1582178101.242343,0.04907,-0.08667,-0.99176,0.08069,0.2855
1582178101.2471051,0.04889,-0.08679,-0.99170,0.08099,0.2855
1582178101.2523189,0.04846,-0.08710,-0.99170,0.08148,0.2855
1582178101.257971,0.04828,-0.08728,-0.99164,0.08167,0.2855
1582178101.264205,0.04810,-0.08746,-0.99164,0.08191,0.2855
1582178101.268895,0.04791,-0.08765,-0.99158,0.08209,0.2855
1582178101.276831,0.04779,-0.08783,-0.99158,0.08234,0.2855
1582178101.282453,0.04761,-0.08801,-0.99158,0.08252,0.2855
1582178101.2875159,0.04749,-0.08820,-0.99152,0.08270,0.2855
1582178101.292119,0.04730,-0.08838,-0.99152,0.08295,0.2855
1582178101.297703,0.04712,-0.08881,-0.99146,0.08325,0.2855
1582178101.304011,0.04706,-0.08899,-0.99139,0.08344,0.2855
1582178101.3090088,0.04706,-0.08923,-0.99139,0.08362,0.2855
1582178101.315657,0.04700,-0.08942,-0.99133,0.08380,0.2855
1582178101.321459,0.04700,-0.08960,-0.99133,0.08392,0.2855
1582178101.327927,0.04694,-0.08984,-0.99127,0.08411,0.2855
1582178101.3327732,0.04687,-0.09009,-0.99127,0.08423,0.2855
1582178101.3369532,0.04669,-0.09052,-0.99121,0.08447,0.2855
1582178101.3431392,0.04651,-0.09070,-0.99121,0.08453,0.2855
1582178101.348854,0.04639,-0.09088,-0.99115,0.08459,0.2855
1582178101.354594,0.04614,-0.09113,-0.99115,0.08466,0.2855
1582178101.360461,0.04596,-0.09125,-0.99115,0.08466,0.2855
1582178101.365779,0.04572,-0.09143,-0.99115,0.08466,0.2855
1582178101.37125,0.04541,-0.09167,-0.99115,0.08459,0.2855
1582178101.3769789,0.04517,-0.09186,-0.99115,0.08453,0.2855
1582178101.382862,0.04468,-0.09222,-0.99115,0.08429,0.2855
1582178101.388282,0.04443,-0.09247,-0.99115,0.08411,0.2855
1582178101.3943622,0.04425,-0.09265,-0.99115,0.08392,0.2855
1582178101.4000618,0.04407,-0.09290,-0.99115,0.08374,0.2855
1582178101.4053068,0.04388,-0.09308,-0.99115,0.08356,0.2855
1582178101.4115121,0.04370,-0.09332,-0.99115,0.08331,0.2855
1582178101.4164648,0.04358,-0.09363,-0.99115,0.08307,0.2855
1582178101.423421,0.04346,-0.09393,-0.99115,0.08289,0.2855
1582178101.428088,0.04340,-0.09460,-0.99115,0.08240,0.2855
1582178101.433732,0.04340,-0.09497,-0.99115,0.08221,0.2855
1582178101.439816,0.04340,-0.09534,-0.99109,0.08203,0.2855
1582178101.444802,0.04346,-0.09583,-0.99109,0.08179,0.2856
1582178101.450402,0.04358,-0.09619,-0.99103,0.08160,0.2856
1582178101.456104,0.04364,-0.09662,-0.99103,0.08142,0.2856
1582178101.461578,0.04376,-0.09698,-0.99097,0.08130,0.2856
1582178101.466965,0.04395,-0.09735,-0.99097,0.08112,0.2856
1582178101.4725811,0.04419,-0.09778,-0.99091,0.08081,0.2856
1582178101.47884,0.04437,-0.09784,-0.99091,0.08069,0.2856
1582178101.485729,0.04462,-0.09778,-0.99097,0.08051,0.2856
1582178101.489414,0.04486,-0.09772,-0.99097,0.08032,0.2856
1582178101.495065,0.04517,-0.09753,-0.99097,0.08008,0.2856
1582178101.50059,0.04553,-0.09735,-0.99097,0.07990,0.2856
1582178101.5066009,0.04602,-0.09711,-0.99103,0.07959,0.2856
1582178101.5117671,0.04645,-0.09698,-0.99103,0.07935,0.2856
1582178101.517334,0.04749,-0.09668,-0.99109,0.07867,0.2856
1582178101.5233622,0.04797,-0.09650,-0.99109,0.07831,0.2856
1582178101.5297768,0.04834,-0.09637,-0.99109,0.07794,0.2856
1582178101.535865,0.04877,-0.09625,-0.99115,0.07751,0.2856
1582178101.540509,0.04901,-0.09607,-0.99115,0.07721,0.2856
1582178101.545624,0.04926,-0.09589,-0.99121,0.07690,0.2856
1582178101.5515609,0.04938,-0.09564,-0.99121,0.07654,0.2856
1582178101.5566552,0.04944,-0.09534,-0.99127,0.07629,0.2856
1582178101.563461,0.04944,-0.09491,-0.99133,0.07605,0.2856
1582178101.5685692,0.04913,-0.09387,-0.99152,0.07562,0.2856
1582178101.573141,0.04895,-0.09332,-0.99158,0.07544,0.2856
1582178101.578211,0.04883,-0.09265,-0.99164,0.07526,0.2856
1582178101.585809,0.04865,-0.09198,-0.99176,0.07501,0.2856
1582178101.590045,0.04852,-0.09131,-0.99182,0.07483,0.2856
1582178101.595862,0.04840,-0.09082,-0.99188,0.07465,0.2856
1582178101.6007512,0.04834,-0.09033,-0.99194,0.07446,0.2856
1582178101.606493,0.04834,-0.08990,-0.99200,0.07422,0.2856
1582178101.612459,0.04828,-0.08960,-0.99207,0.07397,0.2856
1582178101.617592,0.04834,-0.08929,-0.99213,0.07349,0.2856
1582178101.624164,0.04834,-0.08917,-0.99213,0.07324,0.2856
1582178101.628148,0.04834,-0.08905,-0.99219,0.07300,0.2856
1582178101.635297,0.04834,-0.08887,-0.99219,0.07281,0.2856
1582178101.640094,0.04834,-0.08868,-0.99225,0.07263,0.2856
1582178101.645368,0.04834,-0.08844,-0.99225,0.07251,0.2857
1582178101.650762,0.04828,-0.08807,-0.99231,0.07239,0.2857
1582178101.657181,0.04828,-0.08771,-0.99237,0.07227,0.2857
1582178101.662952,0.04810,-0.08667,-0.99243,0.07214,0.2857
1582178101.66749,0.04797,-0.08612,-0.99249,0.07208,0.2857
1582178101.6725252,0.04791,-0.08551,-0.99255,0.07208,0.2857
1582178101.678472,0.04785,-0.08502,-0.99261,0.07208,0.2857
1582178101.684427,0.04779,-0.08441,-0.99268,0.07208,0.2857
1582178101.6905532,0.04773,-0.08392,-0.99274,0.07208,0.2857
1582178101.695487,0.04767,-0.08337,-0.99274,0.07208,0.2857
1582178101.701074,0.04767,-0.08289,-0.99280,0.07208,0.2857
1582178101.706632,0.04773,-0.08240,-0.99286,0.07208,0.2857
1582178101.7120872,0.04779,-0.08191,-0.99286,0.07208,0.2857
1582178101.720224,0.04791,-0.08118,-0.99292,0.07196,0.2857
1582178101.725039,0.04797,-0.08081,-0.99298,0.07190,0.2857
1582178101.730328,0.04810,-0.08051,-0.99298,0.07184,0.2857
1582178101.7353868,0.04822,-0.08020,-0.99304,0.07172,0.2857
1582178101.741175,0.04834,-0.07990,-0.99304,0.07159,0.2857
1582178101.747228,0.04852,-0.07965,-0.99310,0.07147,0.2857
1582178101.7531369,0.04871,-0.07935,-0.99310,0.07129,0.2857
1582178101.756923,0.04907,-0.07886,-0.99316,0.07092,0.2857
1582178101.7623968,0.04926,-0.07867,-0.99316,0.07074,0.2857
1582178101.769762,0.04944,-0.07849,-0.99316,0.07056,0.2857
1582178101.77546,0.04962,-0.07831,-0.99323,0.07037,0.2857
1582178101.779846,0.04980,-0.07825,-0.99323,0.07019,0.2857
1582178101.786027,0.04999,-0.07813,-0.99323,0.07001,0.2857
1582178101.790844,0.05011,-0.07813,-0.99323,0.06982,0.2857
1582178101.796802,0.05029,-0.07813,-0.99323,0.06970,0.2857
1582178101.8024461,0.05048,-0.07819,-0.99323,0.06952,0.2857
1582178101.807984,0.05060,-0.07831,-0.99323,0.06940,0.2857
1582178101.814383,0.05066,-0.07843,-0.99323,0.06940,0.2857
1582178101.820245,0.05078,-0.07855,-0.99323,0.06940,0.2857
1582178101.825623,0.05084,-0.07874,-0.99316,0.06940,0.2857
1582178101.830668,0.05096,-0.07892,-0.99316,0.06946,0.2857
1582178101.836124,0.05103,-0.07910,-0.99310,0.06952,0.2857
1582178101.842942,0.05115,-0.07928,-0.99310,0.06964,0.2857
1582178101.848477,0.05121,-0.07953,-0.99304,0.06976,0.2857
1582178101.8525271,0.05139,-0.07996,-0.99298,0.07013,0.2857
1582178101.858127,0.05145,-0.08014,-0.99298,0.07031,0.2857
1582178101.864533,0.05145,-0.08032,-0.99292,0.07056,0.2857
1582178101.870813,0.05151,-0.08051,-0.99292,0.07074,0.2857
1582178101.876226,0.05157,-0.08069,-0.99286,0.07098,0.2857
1582178101.881495,0.05157,-0.08087,-0.99286,0.07129,0.2857
1582178101.887027,0.05164,-0.08112,-0.99280,0.07153,0.2857
1582178101.892527,0.05164,-0.08142,-0.99274,0.07208,0.2857
1582178101.897974,0.05157,-0.08160,-0.99268,0.07233,0.2857
1582178101.904106,0.05157,-0.08173,-0.99268,0.07257,0.2857
1582178101.909463,0.05157,-0.08191,-0.99261,0.07281,0.2857
1582178101.92014,0.05157,-0.08209,-0.99261,0.07306,0.2857
1582178101.921538,0.05151,-0.08228,-0.99255,0.07324,0.2857
1582178101.925919,0.05151,-0.08246,-0.99255,0.07349,0.2857
1582178101.932157,0.05151,-0.08264,-0.99249,0.07367,0.2857
1582178101.937239,0.05151,-0.08301,-0.99249,0.07397,0.2857
1582178101.943337,0.05151,-0.08319,-0.99243,0.07410,0.2857
1582178101.954018,0.05151,-0.08337,-0.99243,0.07422,0.2857
1582178101.954925,0.05157,-0.08356,-0.99237,0.07428,0.2857
1582178101.960922,0.05157,-0.08380,-0.99237,0.07440,0.2857
1582178101.965916,0.05164,-0.08398,-0.99231,0.07446,0.2857
1582178101.97271,0.05170,-0.08411,-0.99231,0.07452,0.2857
1582178101.977518,0.05182,-0.08441,-0.99225,0.07465,0.2857
1582178101.983511,0.05194,-0.08447,-0.99225,0.07471,0.2857
1582178101.988488,0.05200,-0.08453,-0.99225,0.07477,0.2857
1582178101.994563,0.05212,-0.08453,-0.99225,0.07477,0.2857
1582178101.999954,0.05219,-0.08453,-0.99225,0.07477,0.2857
1582178102.005433,0.05231,-0.08441,-0.99225,0.07477,0.2857
1582178102.010688,0.05243,-0.08429,-0.99225,0.07477,0.2857
1582178102.0159261,0.05249,-0.08417,-0.99225,0.07477,0.2857
1582178102.021941,0.05261,-0.08405,-0.99225,0.07471,0.2857
1582178102.027442,0.05273,-0.08386,-0.99225,0.07458,0.2857
1582178102.033389,0.05286,-0.08392,-0.99225,0.07452,0.2857
1582178102.0409322,0.05286,-0.08398,-0.99225,0.07440,0.2857
1582178102.045224,0.05292,-0.08423,-0.99225,0.07428,0.2857
1582178102.050642,0.05292,-0.08453,-0.99225,0.07416,0.2857
1582178102.055336,0.05292,-0.08490,-0.99225,0.07391,0.2858
1582178102.0610828,0.05292,-0.08527,-0.99219,0.07373,0.2858
1582178102.066748,0.05280,-0.08569,-0.99219,0.07349,0.2858
1582178102.072032,0.05249,-0.08630,-0.99219,0.07294,0.2858
1582178102.077997,0.05237,-0.08649,-0.99225,0.07263,0.2858
1582178102.0841339,0.05219,-0.08661,-0.99225,0.07233,0.2858
1582178102.091771,0.05194,-0.08661,-0.99231,0.07196,0.2858
1582178102.095957,0.05176,-0.08649,-0.99231,0.07159,0.2858
1582178102.1007528,0.05164,-0.08636,-0.99237,0.07123,0.2858
1582178102.106633,0.05145,-0.08624,-0.99243,0.07086,0.2858
1582178102.112389,0.05139,-0.08606,-0.99249,0.07050,0.2858
1582178102.119519,0.05121,-0.08575,-0.99255,0.06989,0.2858
1582178102.1223922,0.05109,-0.08563,-0.99255,0.06958,0.2858
1582178102.128164,0.05103,-0.08545,-0.99261,0.06934,0.2858
1582178102.138484,0.05096,-0.08533,-0.99268,0.06909,0.2858
1582178102.140616,0.05096,-0.08521,-0.99268,0.06891,0.2858
1582178102.145917,0.05090,-0.08514,-0.99268,0.06873,0.2858
1582178102.1514728,0.05090,-0.08508,-0.99274,0.06854,0.2858
1582178102.15655,0.05084,-0.08508,-0.99274,0.06842,0.2858
1582178102.161921,0.05066,-0.08533,-0.99274,0.06812,0.2858
1582178102.167906,0.05048,-0.08545,-0.99274,0.06793,0.2858
1582178102.1738749,0.05023,-0.08569,-0.99274,0.06781,0.2858
1582178102.179265,0.04993,-0.08588,-0.99274,0.06763,0.2858
1582178102.185663,0.04962,-0.08612,-0.99274,0.06744,0.2858
1582178102.1916869,0.04932,-0.08624,-0.99280,0.06732,0.2858
1582178102.195885,0.04895,-0.08643,-0.99280,0.06714,0.2858
1582178102.2024682,0.04871,-0.08649,-0.99280,0.06702,0.2858
1582178102.207486,0.04834,-0.08667,-0.99280,0.06671,0.2858
1582178102.2131891,0.04828,-0.08679,-0.99280,0.06659,0.2858
1582178102.218178,0.04834,-0.08691,-0.99280,0.06653,0.2858
1582178102.2237508,0.04846,-0.08704,-0.99280,0.06641,0.2858
1582178102.230209,0.04865,-0.08722,-0.99280,0.06635,0.2858
1582178102.2358122,0.04889,-0.08734,-0.99274,0.06628,0.2858
1582178102.240269,0.04913,-0.08759,-0.99274,0.06622,0.2858
1582178102.246031,0.04950,-0.08789,-0.99268,0.06622,0.2858
1582178102.251343,0.04980,-0.08820,-0.99268,0.06622,0.2858
1582178102.256829,0.05017,-0.08856,-0.99261,0.06628,0.2858
1582178102.2624798,0.05084,-0.08917,-0.99249,0.06635,0.2858
1582178102.268162,0.05121,-0.08948,-0.99243,0.06647,0.2858
1582178102.2733812,0.05157,-0.08972,-0.99237,0.06653,0.2858
1582178102.279812,0.05194,-0.08990,-0.99237,0.06659,0.2858
1582178102.285471,0.05225,-0.09009,-0.99231,0.06665,0.2858
1582178102.290598,0.05255,-0.09015,-0.99231,0.06671,0.2858
1582178102.296691,0.05292,-0.09015,-0.99231,0.06671,0.2858
1582178102.301537,0.05316,-0.09003,-0.99225,0.06671,0.2858
1582178102.306487,0.05341,-0.08990,-0.99225,0.06671,0.2858
1582178102.313798,0.05389,-0.08942,-0.99231,0.06659,0.2858
1582178102.317912,0.05408,-0.08911,-0.99231,0.06647,0.2858
1582178102.325092,0.05426,-0.08868,-0.99237,0.06635,0.2858
1582178102.328753,0.05438,-0.08832,-0.99243,0.06622,0.2858
1582178102.334441,0.05450,-0.08789,-0.99243,0.06610,0.2858
1582178102.3402822,0.05457,-0.08746,-0.99249,0.06592,0.2858
1582178102.345224,0.05463,-0.08698,-0.99255,0.06573,0.2858
1582178102.3510451,0.05469,-0.08655,-0.99261,0.06555,0.2858
1582178102.356554,0.05463,-0.08575,-0.99268,0.06519,0.2858
1582178102.362766,0.05457,-0.08545,-0.99274,0.06500,0.2858
1582178102.3673012,0.05450,-0.08514,-0.99274,0.06482,0.2858
1582178102.373634,0.05438,-0.08490,-0.99280,0.06470,0.2858
1582178102.3789299,0.05426,-0.08466,-0.99286,0.06458,0.2858
1582178102.385503,0.05408,-0.08447,-0.99286,0.06445,0.2858
1582178102.3898728,0.05389,-0.08435,-0.99292,0.06439,0.2858
1582178102.396344,0.05365,-0.08417,-0.99292,0.06439,0.2858
1582178102.401293,0.05347,-0.08405,-0.99292,0.06439,0.2858
1582178102.407583,0.05316,-0.08386,-0.99298,0.06445,0.2858
1582178102.412363,0.05267,-0.08368,-0.99298,0.06470,0.2858
1582178102.4196842,0.05243,-0.08356,-0.99298,0.06482,0.2858
1582178102.423897,0.05225,-0.08350,-0.99304,0.06506,0.2858
1582178102.432131,0.05200,-0.08337,-0.99304,0.06531,0.2858
1582178102.435455,0.05182,-0.08337,-0.99304,0.06555,0.2858
1582178102.441335,0.05157,-0.08331,-0.99298,0.06586,0.2858
1582178102.447614,0.05121,-0.08331,-0.99298,0.06653,0.2858
1582178102.45244,0.05103,-0.08331,-0.99298,0.06689,0.2858
1582178102.457809,0.05084,-0.08337,-0.99292,0.06726,0.2858
1582178102.464575,0.05066,-0.08337,-0.99292,0.06769,0.2859
1582178102.469183,0.05054,-0.08337,-0.99292,0.06812,0.2859
1582178102.474849,0.05035,-0.08344,-0.99286,0.06848,0.2859
1582178102.481811,0.05023,-0.08344,-0.99286,0.06891,0.2859
1582178102.486697,0.05005,-0.08350,-0.99286,0.06940,0.2859
1582178102.493199,0.04987,-0.08350,-0.99280,0.06982,0.2859
1582178102.4971619,0.04956,-0.08362,-0.99274,0.07068,0.2859
1582178102.5032718,0.04938,-0.08362,-0.99274,0.07111,0.2859
1582178102.508422,0.04926,-0.08368,-0.99268,0.07153,0.2859
1582178102.51535,0.04913,-0.08368,-0.99268,0.07190,0.2859
1582178102.5209951,0.04907,-0.08374,-0.99268,0.07227,0.2859
1582178102.526857,0.04901,-0.08380,-0.99261,0.07263,0.2859
1582178102.53145,0.04895,-0.08392,-0.99261,0.07300,0.2859
1582178102.536294,0.04889,-0.08411,-0.99255,0.07361,0.2859
1582178102.543238,0.04889,-0.08423,-0.99249,0.07391,0.2859
1582178102.549531,0.04883,-0.08435,-0.99249,0.07416,0.2859
1582178102.553565,0.04877,-0.08453,-0.99243,0.07440,0.2859
1582178102.5594199,0.04877,-0.08466,-0.99243,0.07465,0.2859
1582178102.566564,0.04871,-0.08484,-0.99237,0.07483,0.2859
1582178102.5699708,0.04871,-0.08502,-0.99237,0.07501,0.2859
1582178102.576135,0.04865,-0.08527,-0.99231,0.07520,0.2859
1582178102.580808,0.04865,-0.08551,-0.99231,0.07532,0.2859
1582178102.587166,0.04858,-0.08575,-0.99225,0.07544,0.2859
1582178102.591965,0.04858,-0.08618,-0.99225,0.07550,0.2859
1582178102.598304,0.04858,-0.08630,-0.99219,0.07550,0.2859
1582178102.603489,0.04858,-0.08649,-0.99219,0.07544,0.2859
1582178102.610794,0.04858,-0.08655,-0.99219,0.07532,0.2859
1582178102.6148758,0.04858,-0.08667,-0.99219,0.07526,0.2859
1582178102.62036,0.04865,-0.08673,-0.99219,0.07507,0.2859
1582178102.626691,0.04871,-0.08685,-0.99219,0.07489,0.2859
1582178102.631828,0.04877,-0.08698,-0.99219,0.07471,0.2859
1582178102.6375701,0.04895,-0.08734,-0.99219,0.07428,0.2859
1582178102.6428921,0.04913,-0.08771,-0.99219,0.07404,0.2859
1582178102.649138,0.04938,-0.08813,-0.99213,0.07379,0.2859
1582178102.6554182,0.04956,-0.08856,-0.99213,0.07355,0.2859
1582178102.6602979,0.04987,-0.08905,-0.99207,0.07330,0.2859
1582178102.665992,0.05023,-0.08972,-0.99200,0.07306,0.2859
1582178102.6721768,0.05060,-0.09039,-0.99194,0.07281,0.2860
1582178102.676682,0.05133,-0.09167,-0.99182,0.07233,0.2860
1582178102.683424,0.05182,-0.09235,-0.99176,0.07208,0.2860
1582178102.688046,0.05231,-0.09296,-0.99170,0.07190,0.2860
1582178102.694391,0.05273,-0.09344,-0.99164,0.07166,0.2860
1582178102.700067,0.05316,-0.09387,-0.99158,0.07135,0.2860
1582178102.705141,0.05359,-0.09424,-0.99158,0.07111,0.2860
1582178102.7102962,0.05408,-0.09460,-0.99152,0.07074,0.2860
1582178102.716191,0.05457,-0.09485,-0.99152,0.07031,0.2860
1582178102.7216482,0.05499,-0.09503,-0.99152,0.06995,0.2860
1582178102.7268338,0.05585,-0.09540,-0.99146,0.06891,0.2860
1582178102.7326798,0.05627,-0.09564,-0.99146,0.06830,0.2860
1582178102.741537,0.05664,-0.09583,-0.99146,0.06775,0.2860
1582178102.7437592,0.05707,-0.09613,-0.99146,0.06702,0.2860
1582178102.7491908,0.05737,-0.09650,-0.99146,0.06641,0.2860
1582178102.755567,0.05768,-0.09692,-0.99146,0.06573,0.2860
1582178102.760035,0.05798,-0.09753,-0.99139,0.06500,0.2860
1582178102.767794,0.05817,-0.09814,-0.99139,0.06433,0.2860
1582178102.7709498,0.05835,-0.09882,-0.99133,0.06372,0.2860
1582178102.776932,0.05841,-0.09955,-0.99133,0.06311,0.2860
1582178102.783555,0.05847,-0.10095,-0.99121,0.06207,0.2860
1582178102.788349,0.05841,-0.10168,-0.99121,0.06158,0.2860
1582178102.793268,0.05841,-0.10242,-0.99115,0.06116,0.2860
1582178102.79937,0.05847,-0.10309,-0.99109,0.06073,0.2860
1582178102.804595,0.05853,-0.10370,-0.99103,0.06036,0.2860
1582178102.811805,0.05872,-0.10431,-0.99097,0.06000,0.2860
1582178102.815412,0.05896,-0.10492,-0.99097,0.05963,0.2860
1582178102.821559,0.05920,-0.10541,-0.99091,0.05933,0.2860
1582178102.826199,0.05957,-0.10602,-0.99084,0.05896,0.2860
1582178102.831795,0.05988,-0.10651,-0.99078,0.05865,0.2860
1582178102.83936,0.06049,-0.10748,-0.99066,0.05804,0.2860
1582178102.8438451,0.06079,-0.10791,-0.99060,0.05774,0.2860
1582178102.84852,0.06110,-0.10828,-0.99060,0.05750,0.2860
1582178102.85483,0.06134,-0.10852,-0.99054,0.05725,0.2860
1582178102.8606799,0.06158,-0.10870,-0.99054,0.05707,0.2860
1582178102.864966,0.06177,-0.10876,-0.99054,0.05682,0.2860
1582178102.87009,0.06195,-0.10870,-0.99054,0.05664,0.2860
1582178102.87636,0.06207,-0.10858,-0.99054,0.05652,0.2860
1582178102.8815172,0.06226,-0.10797,-0.99060,0.05634,0.2860
1582178102.8875608,0.06232,-0.10754,-0.99066,0.05627,0.2860
1582178102.8921769,0.06232,-0.10699,-0.99072,0.05627,0.2860
1582178102.8998961,0.06232,-0.10651,-0.99078,0.05621,0.2860
1582178102.905192,0.06226,-0.10583,-0.99084,0.05621,0.2860
1582178102.9098291,0.06226,-0.10516,-0.99091,0.05615,0.2860
1582178102.9155998,0.06219,-0.10443,-0.99097,0.05615,0.2860
1582178102.921489,0.06219,-0.10364,-0.99109,0.05609,0.2860
1582178102.9279318,0.06219,-0.10278,-0.99115,0.05603,0.2860
1582178102.93221,0.06226,-0.10120,-0.99133,0.05585,0.2860
1582178102.938124,0.06232,-0.10046,-0.99139,0.05573,0.2860
1582178102.943875,0.06244,-0.09961,-0.99152,0.05554,0.2860
1582178102.949566,0.06256,-0.09882,-0.99158,0.05536,0.2860
1582178102.954474,0.06262,-0.09814,-0.99164,0.05518,0.2860
1582178102.960484,0.06274,-0.09747,-0.99176,0.05499,0.2860
1582178102.965727,0.06287,-0.09680,-0.99182,0.05475,0.2860
1582178102.9713879,0.06299,-0.09607,-0.99188,0.05444,0.2860
1582178102.976923,0.06317,-0.09491,-0.99200,0.05396,0.2860
1582178102.98333,0.06329,-0.09430,-0.99207,0.05365,0.2860
1582178102.9910522,0.06342,-0.09375,-0.99213,0.05341,0.2860
1582178102.994932,0.06348,-0.09326,-0.99219,0.05316,0.2860
1582178103.0001369,0.06360,-0.09277,-0.99225,0.05286,0.2860
1582178103.005476,0.06366,-0.09222,-0.99231,0.05261,0.2860
1582178103.011456,0.06378,-0.09174,-0.99237,0.05237,0.2860
1582178103.017529,0.06384,-0.09125,-0.99243,0.05219,0.2860
1582178103.0231948,0.06409,-0.09033,-0.99249,0.05182,0.2860
1582178103.028403,0.06415,-0.08990,-0.99255,0.05164,0.2860
1582178103.0351381,0.06427,-0.08948,-0.99255,0.05151,0.2860
1582178103.039608,0.06433,-0.08905,-0.99261,0.05139,0.2860
1582178103.044845,0.06445,-0.08862,-0.99268,0.05127,0.2860
1582178103.050992,0.06451,-0.08820,-0.99268,0.05121,0.2861
1582178103.0562801,0.06470,-0.08746,-0.99274,0.05103,0.2861
1582178103.061496,0.06476,-0.08710,-0.99280,0.05103,0.2861
1582178103.067749,0.06476,-0.08673,-0.99280,0.05103,0.2861
1582178103.072479,0.06482,-0.08636,-0.99286,0.05103,0.2861
1582178103.079081,0.06482,-0.08606,-0.99286,0.05103,0.2861
1582178103.0846112,0.06482,-0.08569,-0.99292,0.05109,0.2861
1582178103.089667,0.06482,-0.08545,-0.99292,0.05115,0.2861
1582178103.095073,0.06482,-0.08514,-0.99292,0.05127,0.2861
1582178103.101289,0.06482,-0.08484,-0.99298,0.05145,0.2861
1582178103.107339,0.06476,-0.08453,-0.99298,0.05164,0.2861
1582178103.112256,0.06464,-0.08405,-0.99298,0.05200,0.2861
1582178103.118112,0.06458,-0.08380,-0.99304,0.05219,0.2861
1582178103.1233659,0.06451,-0.08362,-0.99304,0.05243,0.2861
1582178103.129248,0.06445,-0.08337,-0.99304,0.05267,0.2861
1582178103.1349912,0.06439,-0.08319,-0.99304,0.05286,0.2861
1582178103.14104,0.06433,-0.08307,-0.99304,0.05304,0.2861
1582178103.1454668,0.06433,-0.08289,-0.99304,0.05322,0.2861
1582178103.150711,0.06433,-0.08270,-0.99304,0.05347,0.2861
1582178103.1566458,0.06427,-0.08252,-0.99304,0.05365,0.2861
1582178103.161847,0.06433,-0.08221,-0.99304,0.05396,0.2861
1582178103.168649,0.06433,-0.08209,-0.99310,0.05408,0.2861
1582178103.1744509,0.06439,-0.08197,-0.99310,0.05420,0.2861
1582178103.181539,0.06439,-0.08185,-0.99310,0.05432,0.2861
1582178103.185038,0.06445,-0.08179,-0.99310,0.05444,0.2861
1582178103.191145,0.06451,-0.08167,-0.99304,0.05457,0.2861
1582178103.1968682,0.06458,-0.08160,-0.99304,0.05463,0.2861
1582178103.202912,0.06464,-0.08148,-0.99304,0.05481,0.2861
1582178103.207763,0.06464,-0.08136,-0.99304,0.05493,0.2861
1582178103.213378,0.06464,-0.08130,-0.99304,0.05499,0.2861
1582178103.220341,0.06470,-0.08118,-0.99304,0.05505,0.2861
1582178103.224395,0.06476,-0.08105,-0.99310,0.05511,0.2861
1582178103.230499,0.06482,-0.08093,-0.99310,0.05524,0.2861
1582178103.23548,0.06494,-0.08081,-0.99310,0.05530,0.2861
1582178103.243968,0.06500,-0.08075,-0.99310,0.05536,0.2861
1582178103.246787,0.06512,-0.08069,-0.99304,0.05536,0.2861
1582178103.2520251,0.06525,-0.08075,-0.99304,0.05548,0.2861
1582178103.2578628,0.06531,-0.08087,-0.99304,0.05548,0.2861
1582178103.264632,0.06537,-0.08112,-0.99298,0.05548,0.2861
1582178103.269436,0.06543,-0.08142,-0.99298,0.05542,0.2861
1582178103.2751129,0.06537,-0.08173,-0.99298,0.05542,0.2861
1582178103.2810009,0.06537,-0.08209,-0.99292,0.05536,0.2861
1582178103.286272,0.06531,-0.08252,-0.99292,0.05530,0.2861
1582178103.2914932,0.06506,-0.08325,-0.99286,0.05505,0.2861
1582178103.29728,0.06494,-0.08350,-0.99286,0.05493,0.2861
1582178103.304384,0.06482,-0.08374,-0.99286,0.05481,0.2861
1582178103.3088598,0.06470,-0.08392,-0.99286,0.05463,0.2861
1582178103.315478,0.06458,-0.08398,-0.99286,0.05444,0.2861
1582178103.321702,0.06445,-0.08411,-0.99292,0.05420,0.2861
1582178103.327979,0.06439,-0.08411,-0.99292,0.05396,0.2861
1582178103.332097,0.06433,-0.08411,-0.99292,0.05371,0.2861
1582178103.337762,0.06415,-0.08417,-0.99298,0.05328,0.2861
1582178103.3446121,0.06403,-0.08417,-0.99298,0.05304,0.2861
1582178103.3477309,0.06396,-0.08417,-0.99298,0.05280,0.2861
1582178103.354329,0.06384,-0.08417,-0.99304,0.05255,0.2861
1582178103.360308,0.06372,-0.08423,-0.99304,0.05231,0.2861
1582178103.3651998,0.06366,-0.08435,-0.99304,0.05206,0.2861
1582178103.371885,0.06360,-0.08459,-0.99304,0.05182,0.2861
1582178103.3761432,0.06354,-0.08490,-0.99304,0.05157,0.2861
1582178103.3813,0.06329,-0.08588,-0.99298,0.05109,0.2861
1582178103.387607,0.06305,-0.08649,-0.99298,0.05078,0.2861
1582178103.392954,0.06281,-0.08710,-0.99292,0.05060,0.2861
1582178103.3985238,0.06250,-0.08771,-0.99292,0.05029,0.2861
1582178103.4040241,0.06219,-0.08832,-0.99286,0.05011,0.2861
1582178103.409929,0.06183,-0.08881,-0.99286,0.04987,0.2861
1582178103.415402,0.06140,-0.08929,-0.99286,0.04962,0.2861
1582178103.421534,0.06110,-0.08972,-0.99286,0.04938,0.2861
1582178103.4267478,0.06073,-0.09015,-0.99286,0.04907,0.2861
1582178103.4323049,0.06036,-0.09082,-0.99286,0.04865,0.2861
1582178103.438061,0.06024,-0.09113,-0.99286,0.04846,0.2861
1582178103.4436219,0.06018,-0.09161,-0.99280,0.04822,0.2861
1582178103.448603,0.06012,-0.09210,-0.99280,0.04803,0.2861
1582178103.454587,0.06012,-0.09259,-0.99274,0.04791,0.2861
1582178103.4594932,0.06012,-0.09320,-0.99268,0.04779,0.2862
1582178103.465502,0.06018,-0.09387,-0.99261,0.04761,0.2862
1582178103.471662,0.06018,-0.09448,-0.99255,0.04755,0.2862
1582178103.477677,0.06024,-0.09515,-0.99249,0.04749,0.2862
1582178103.4814148,0.06042,-0.09631,-0.99237,0.04742,0.2862
1582178103.4875772,0.06055,-0.09692,-0.99231,0.04749,0.2862
1582178103.492966,0.06073,-0.09741,-0.99225,0.04755,0.2862
1582178103.4993448,0.06085,-0.09778,-0.99219,0.04761,0.2862
1582178103.5044742,0.06104,-0.09802,-0.99219,0.04767,0.2862
1582178103.5098329,0.06122,-0.09821,-0.99213,0.04773,0.2862
1582178103.5152168,0.06146,-0.09827,-0.99213,0.04785,0.2862
1582178103.5209768,0.06165,-0.09827,-0.99207,0.04791,0.2862
1582178103.527908,0.06201,-0.09796,-0.99207,0.04803,0.2862
1582178103.5335958,0.06213,-0.09772,-0.99213,0.04810,0.2862
1582178103.539607,0.06226,-0.09747,-0.99213,0.04816,0.2862
1582178103.543875,0.06238,-0.09711,-0.99213,0.04822,0.2862
1582178103.5493472,0.06238,-0.09680,-0.99219,0.04828,0.2862
1582178103.5560691,0.06238,-0.09644,-0.99219,0.04828,0.2862
1582178103.5604212,0.06238,-0.09607,-0.99225,0.04828,0.2862
1582178103.565921,0.06232,-0.09558,-0.99231,0.04834,0.2862
1582178103.571234,0.06213,-0.09479,-0.99237,0.04840,0.2862
1582178103.576742,0.06201,-0.09436,-0.99243,0.04840,0.2862
1582178103.582674,0.06183,-0.09393,-0.99249,0.04846,0.2862
1582178103.588638,0.06165,-0.09357,-0.99249,0.04846,0.2862
1582178103.594375,0.06146,-0.09320,-0.99255,0.04852,0.2862
1582178103.600023,0.06128,-0.09296,-0.99261,0.04858,0.2862
1582178103.604913,0.06104,-0.09265,-0.99261,0.04871,0.2862
1582178103.610528,0.06079,-0.09247,-0.99268,0.04877,0.2862
1582178103.616351,0.06049,-0.09229,-0.99268,0.04895,0.2862
1582178103.6235971,0.05994,-0.09216,-0.99274,0.04926,0.2862
1582178103.6288378,0.05969,-0.09210,-0.99274,0.04944,0.2862
1582178103.63555,0.05933,-0.09210,-0.99274,0.04968,0.2862
1582178103.6395662,0.05902,-0.09216,-0.99274,0.04993,0.2862
1582178103.648098,0.05872,-0.09216,-0.99274,0.05017,0.2862
1582178103.6505358,0.05841,-0.09222,-0.99274,0.05048,0.2862
1582178103.656082,0.05804,-0.09229,-0.99274,0.05078,0.2862
1582178103.662514,0.05750,-0.09229,-0.99274,0.05133,0.2863
1582178103.667475,0.05719,-0.09229,-0.99274,0.05170,0.2863
1582178103.6731782,0.05688,-0.09229,-0.99274,0.05200,0.2863
1582178103.6798122,0.05664,-0.09229,-0.99274,0.05231,0.2863
1582178103.684642,0.05640,-0.09222,-0.99274,0.05261,0.2863
1582178103.6901271,0.05609,-0.09216,-0.99274,0.05292,0.2863
1582178103.695544,0.05585,-0.09204,-0.99274,0.05322,0.2863
1582178103.7017431,0.05566,-0.09198,-0.99274,0.05347,0.2863
1582178103.706872,0.05530,-0.09180,-0.99280,0.05402,0.2863
1582178103.7120981,0.05511,-0.09174,-0.99280,0.05426,0.2863
1582178103.718053,0.05499,-0.09167,-0.99280,0.05450,0.2863
1582178103.724254,0.05493,-0.09161,-0.99280,0.05475,0.2863
1582178103.729651,0.05481,-0.09161,-0.99274,0.05493,0.2863
1582178103.735014,0.05475,-0.09167,-0.99274,0.05511,0.2863
1582178103.7404642,0.05463,-0.09167,-0.99274,0.05530,0.2863
1582178103.747333,0.05457,-0.09180,-0.99274,0.05548,0.2863
1582178103.751563,0.05444,-0.09210,-0.99268,0.05573,0.2863
1582178103.758056,0.05438,-0.09235,-0.99268,0.05585,0.2863
1582178103.762986,0.05432,-0.09259,-0.99268,0.05591,0.2863
1582178103.769876,0.05432,-0.09290,-0.99261,0.05597,0.2863
1582178103.774355,0.05426,-0.09308,-0.99261,0.05603,0.2863
1582178103.779941,0.05414,-0.09338,-0.99255,0.05603,0.2863
1582178103.785866,0.05408,-0.09363,-0.99255,0.05603,0.2863
1582178103.791028,0.05389,-0.09412,-0.99255,0.05591,0.2863
1582178103.796672,0.05377,-0.09430,-0.99249,0.05585,0.2863
1582178103.80306,0.05365,-0.09454,-0.99249,0.05573,0.2863
1582178103.8079228,0.05347,-0.09479,-0.99249,0.05560,0.2863
1582178103.8135092,0.05334,-0.09503,-0.99249,0.05548,0.2863
1582178103.8192158,0.05322,-0.09521,-0.99249,0.05530,0.2863
1582178103.826028,0.05310,-0.09546,-0.99249,0.05518,0.2863
1582178103.832116,0.05298,-0.09564,-0.99249,0.05493,0.2863
1582178103.837527,0.05286,-0.09583,-0.99249,0.05475,0.2863
1582178103.842495,0.05273,-0.09613,-0.99249,0.05438,0.2863
1582178103.848177,0.05273,-0.09625,-0.99249,0.05420,0.2863
1582178103.853073,0.05267,-0.09644,-0.99249,0.05402,0.2863
1582178103.859797,0.05267,-0.09656,-0.99249,0.05389,0.2863
1582178103.864533,0.05267,-0.09674,-0.99243,0.05377,0.2863
1582178103.8698208,0.05273,-0.09692,-0.99243,0.05359,0.2863
1582178103.874948,0.05273,-0.09717,-0.99243,0.05347,0.2863
1582178103.881065,0.05280,-0.09747,-0.99243,0.05341,0.2863
1582178103.88667,0.05304,-0.09821,-0.99231,0.05322,0.2863
1582178103.8921402,0.05316,-0.09857,-0.99231,0.05316,0.2863
1582178103.899931,0.05328,-0.09900,-0.99225,0.05316,0.2863
1582178103.90338,0.05347,-0.09949,-0.99219,0.05310,0.2863
1582178103.9097521,0.05365,-0.09985,-0.99213,0.05304,0.2863
1582178103.915818,0.05389,-0.10028,-0.99207,0.05298,0.2863
1582178103.923321,0.05414,-0.10065,-0.99207,0.05292,0.2863
1582178103.9261959,0.05438,-0.10101,-0.99200,0.05286,0.2863
1582178103.931914,0.05499,-0.10162,-0.99188,0.05267,0.2863
1582178103.937411,0.05536,-0.10187,-0.99188,0.05249,0.2863
1582178103.943454,0.05573,-0.10211,-0.99182,0.05231,0.2863
1582178103.9495502,0.05609,-0.10229,-0.99182,0.05206,0.2863
1582178103.954806,0.05646,-0.10248,-0.99176,0.05176,0.2863
1582178103.959338,0.05682,-0.10266,-0.99176,0.05139,0.2863
1582178103.964781,0.05725,-0.10291,-0.99176,0.05096,0.2863
1582178103.969933,0.05762,-0.10315,-0.99170,0.05054,0.2863
1582178103.976005,0.05798,-0.10345,-0.99170,0.04999,0.2863
1582178103.9818702,0.05847,-0.10413,-0.99164,0.04883,0.2863
1582178103.988242,0.05859,-0.10443,-0.99164,0.04828,0.2863
1582178103.993408,0.05853,-0.10480,-0.99164,0.04773,0.2863
1582178103.999682,0.05835,-0.10510,-0.99164,0.04724,0.2863
1582178104.004711,0.05811,-0.10547,-0.99164,0.04675,0.2863
1582178104.0099578,0.05768,-0.10577,-0.99164,0.04626,0.2863
1582178104.016187,0.05725,-0.10602,-0.99164,0.04584,0.2863
1582178104.0226,0.05615,-0.10645,-0.99170,0.04517,0.2863
1582178104.0273569,0.05566,-0.10657,-0.99176,0.04492,0.2863
1582178104.033226,0.05524,-0.10663,-0.99176,0.04468,0.2863
1582178104.0407832,0.05493,-0.10675,-0.99176,0.04443,0.2863
1582178104.04426,0.05469,-0.10687,-0.99176,0.04425,0.2863
1582178104.0519092,0.05450,-0.10699,-0.99176,0.04407,0.2863
1582178104.054757,0.05444,-0.10718,-0.99176,0.04382,0.2863
1582178104.060719,0.05438,-0.10736,-0.99176,0.04364,0.2863
1582178104.066088,0.05438,-0.10760,-0.99176,0.04340,0.2863
1582178104.072433,0.05432,-0.10815,-0.99170,0.04297,0.2864
1582178104.077954,0.05432,-0.10834,-0.99170,0.04279,0.2864
1582178104.084534,0.05432,-0.10858,-0.99170,0.04260,0.2864
1582178104.089658,0.05432,-0.10870,-0.99170,0.04248,0.2864
1582178104.094811,0.05426,-0.10876,-0.99170,0.04236,0.2864
1582178104.100288,0.05426,-0.10870,-0.99170,0.04230,0.2864
1582178104.106959,0.05420,-0.10858,-0.99170,0.04230,0.2864
1582178104.1126962,0.05426,-0.10809,-0.99176,0.04236,0.2864
1582178104.1166458,0.05426,-0.10773,-0.99176,0.04242,0.2864
1582178104.1246452,0.05432,-0.10730,-0.99182,0.04248,0.2864
1582178104.128874,0.05438,-0.10687,-0.99188,0.04254,0.2864
1582178104.134927,0.05450,-0.10632,-0.99194,0.04260,0.2864
1582178104.139453,0.05457,-0.10583,-0.99194,0.04266,0.2864
1582178104.146465,0.05469,-0.10529,-0.99200,0.04266,0.2864
1582178104.150028,0.05487,-0.10474,-0.99207,0.04266,0.2864
1582178104.156199,0.05499,-0.10419,-0.99213,0.04260,0.2864
1582178104.162824,0.05530,-0.10315,-0.99225,0.04236,0.2864
1582178104.16909,0.05548,-0.10260,-0.99225,0.04224,0.2864
1582178104.175317,0.05560,-0.10211,-0.99231,0.04205,0.2864
1582178104.179142,0.05573,-0.10162,-0.99237,0.04187,0.2864
1582178104.184999,0.05585,-0.10114,-0.99243,0.04163,0.2864
1582178104.1899252,0.05603,-0.10059,-0.99249,0.04132,0.2864
1582178104.195808,0.05615,-0.10004,-0.99255,0.04108,0.2864
1582178104.201246,0.05658,-0.09900,-0.99268,0.04047,0.2864
1582178104.20809,0.05676,-0.09851,-0.99268,0.04022,0.2864
1582178104.2128708,0.05701,-0.09802,-0.99274,0.03992,0.2864
1582178104.219456,0.05725,-0.09766,-0.99280,0.03961,0.2864
1582178104.2240078,0.05750,-0.09717,-0.99280,0.03931,0.2864
1582178104.230198,0.05774,-0.09674,-0.99286,0.03906,0.2864
1582178104.2365599,0.05804,-0.09631,-0.99292,0.03876,0.2864
1582178104.241948,0.05829,-0.09601,-0.99292,0.03851,0.2864
1582178104.246242,0.05859,-0.09558,-0.99298,0.03833,0.2864
1582178104.251938,0.05914,-0.09497,-0.99298,0.03796,0.2864
1582178104.257319,0.05945,-0.09473,-0.99298,0.03784,0.2864
1582178104.264873,0.05981,-0.09442,-0.99304,0.03778,0.2864
1582178104.268717,0.06006,-0.09424,-0.99304,0.03772,0.2865
1582178104.273834,0.06042,-0.09399,-0.99304,0.03766,0.2865
1582178104.279875,0.06073,-0.09381,-0.99304,0.03760,0.2865
1582178104.285002,0.06104,-0.09357,-0.99304,0.03760,0.2865
1582178104.2931662,0.06134,-0.09338,-0.99304,0.03760,0.2865
1582178104.296237,0.06195,-0.09302,-0.99304,0.03766,0.2865
1582178104.302737,0.06226,-0.09283,-0.99304,0.03772,0.2865
1582178104.308367,0.06250,-0.09265,-0.99304,0.03778,0.2865
1582178104.313864,0.06281,-0.09247,-0.99298,0.03790,0.2865
1582178104.32013,0.06305,-0.09229,-0.99298,0.03802,0.2865
1582178104.32476,0.06335,-0.09210,-0.99298,0.03821,0.2865
1582178104.330552,0.06366,-0.09192,-0.99298,0.03839,0.2865
1582178104.335957,0.06390,-0.09180,-0.99298,0.03857,0.2865
1582178104.3413131,0.06415,-0.09161,-0.99298,0.03876,0.2865
1582178104.347175,0.06451,-0.09143,-0.99292,0.03912,0.2865
1582178104.352716,0.06470,-0.09137,-0.99292,0.03931,0.2865
1582178104.358474,0.06488,-0.09131,-0.99292,0.03949,0.2865
1582178104.3640409,0.06506,-0.09125,-0.99292,0.03961,0.2865
1582178104.369471,0.06519,-0.09125,-0.99292,0.03979,0.2865
1582178104.37484,0.06531,-0.09125,-0.99286,0.03992,0.2865
1582178104.3801441,0.06543,-0.09131,-0.99286,0.04004,0.2865
1582178104.387118,0.06555,-0.09131,-0.99286,0.04016,0.2865
1582178104.3919501,0.06580,-0.09137,-0.99280,0.04041,0.2865
1582178104.398289,0.06592,-0.09143,-0.99280,0.04047,0.2865
1582178104.403143,0.06604,-0.09143,-0.99280,0.04059,0.2865
1582178104.4125628,0.06616,-0.09149,-0.99280,0.04065,0.2865
1582178104.415851,0.06635,-0.09149,-0.99274,0.04071,0.2865
1582178104.420414,0.06653,-0.09155,-0.99274,0.04083,0.2865
1582178104.42595,0.06671,-0.09161,-0.99274,0.04095,0.2865
