imu_packets,1174
IMUtimestamp,quatI,quatJ,quatK,quatReal,quatRadianAccuracy
1582180235.69716,-0.02161,0.02838,0.99713,0.06689,0.2855
1582180235.702967,-0.02161,0.02838,0.99713,0.06696,0.2855
1582180235.708658,-0.02167,0.02844,0.99713,0.06696,0.2855
1582180235.7146082,-0.02167,0.02850,0.99713,0.06696,0.2855
1582180235.720182,-0.02167,0.02850,0.99713,0.06696,0.2855
1582180235.72546,-0.02167,0.02856,0.99713,0.06696,0.2855
1582180235.7315588,-0.02173,0.02856,0.99713,0.06702,0.2855
1582180235.7362401,-0.02173,0.02863,0.99713,0.06702,0.2855
1582180235.7416809,-0.02179,0.02863,0.99713,0.06702,0.2855
1582180235.747919,-0.02179,0.02869,0.99707,0.06708,0.2855
1582180235.752747,-0.02185,0.02869,0.99707,0.06714,0.2855
1582180235.7581272,-0.02185,0.02875,0.99707,0.06720,0.2855
1582180235.7642848,-0.02185,0.02875,0.99707,0.06726,0.2855
1582180235.772904,-0.02185,0.02875,0.99707,0.06732,0.2855
1582180235.775712,-0.02185,0.02875,0.99707,0.06738,0.2855
1582180235.7826471,-0.02185,0.02875,0.99707,0.06744,0.2855
1582180235.7857752,-0.02185,0.02875,0.99707,0.06750,0.2855
1582180235.7919092,-0.02185,0.02869,0.99707,0.06757,0.2855
1582180235.796597,-0.02185,0.02869,0.99707,0.06763,0.2855
1582180235.802051,-0.02185,0.02869,0.99707,0.06769,0.2855
1582180235.80769,-0.02185,0.02869,0.99707,0.06781,0.2855
1582180235.812686,-0.02191,0.02869,0.99707,0.06781,0.2855
1582180235.8183732,-0.02191,0.02875,0.99701,0.06787,0.2855
1582180235.824098,-0.02191,0.02875,0.99701,0.06793,0.2855
1582180235.831727,-0.02191,0.02875,0.99701,0.06793,0.2855
1582180235.83566,-0.02191,0.02875,0.99701,0.06799,0.2855
1582180235.8411,-0.02191,0.02875,0.99701,0.06799,0.2855
1582180235.846348,-0.02191,0.02875,0.99701,0.06799,0.2855
1582180235.8519309,-0.02197,0.02875,0.99701,0.06805,0.2855
1582180235.857137,-0.02197,0.02881,0.99701,0.06805,0.2855
1582180235.8625128,-0.02197,0.02881,0.99701,0.06805,0.2855
1582180235.868639,-0.02203,0.02881,0.99701,0.06805,0.2855
1582180235.874326,-0.02203,0.02881,0.99701,0.06805,0.2855
1582180235.879957,-0.02203,0.02881,0.99701,0.06799,0.2855
1582180235.885495,-0.02203,0.02881,0.99701,0.06799,0.2855
1582180235.891673,-0.02209,0.02881,0.99701,0.06799,0.2855
1582180235.895988,-0.02209,0.02881,0.99701,0.06799,0.2855
1582180235.901381,-0.02216,0.02881,0.99701,0.06793,0.2855
1582180235.9066062,-0.02216,0.02881,0.99701,0.06793,0.2855
1582180235.912927,-0.02216,0.02881,0.99701,0.06793,0.2855
1582180235.918771,-0.02222,0.02881,0.99701,0.06787,0.2856
1582180235.923709,-0.02222,0.02887,0.99701,0.06781,0.2856
1582180235.929433,-0.02222,0.02887,0.99701,0.06781,0.2856
1582180235.9351292,-0.02222,0.02887,0.99701,0.06781,0.2856
1582180235.941151,-0.02228,0.02887,0.99701,0.06781,0.2856
1582180235.945802,-0.02228,0.02887,0.99701,0.06781,0.2856
1582180235.951815,-0.02228,0.02887,0.99701,0.06775,0.2856
1582180235.9567611,-0.02228,0.02887,0.99701,0.06775,0.2856
1582180235.962378,-0.02228,0.02893,0.99701,0.06775,0.2856
1582180235.9680629,-0.02222,0.02893,0.99701,0.06775,0.2856
1582180235.9727738,-0.02222,0.02893,0.99701,0.06781,0.2856
1582180235.9784698,-0.02222,0.02893,0.99701,0.06781,0.2856
1582180235.984056,-0.02222,0.02893,0.99701,0.06781,0.2856
1582180235.9898822,-0.02222,0.02887,0.99701,0.06781,0.2856
1582180235.995317,-0.02222,0.02887,0.99701,0.06787,0.2856
1582180236.000659,-0.02222,0.02887,0.99701,0.06787,0.2856
1582180236.0076952,-0.02222,0.02887,0.99701,0.06793,0.2856
1582180236.011188,-0.02222,0.02887,0.99701,0.06793,0.2856
1582180236.016969,-0.02222,0.02893,0.99701,0.06799,0.2856
1582180236.022431,-0.02222,0.02893,0.99701,0.06805,0.2856
1582180236.028845,-0.02222,0.02899,0.99701,0.06812,0.2856
1582180236.0341702,-0.02222,0.02905,0.99701,0.06818,0.2856
1582180236.040032,-0.02216,0.02911,0.99701,0.06818,0.2856
1582180236.0457118,-0.02216,0.02917,0.99701,0.06824,0.2856
1582180236.051608,-0.02216,0.02924,0.99701,0.06830,0.2856
1582180236.056233,-0.02216,0.02930,0.99701,0.06836,0.2856
1582180236.061495,-0.02216,0.02936,0.99695,0.06842,0.2856
1582180236.067782,-0.02216,0.02948,0.99695,0.06848,0.2856
1582180236.0727391,-0.02209,0.02972,0.99695,0.06860,0.2856
1582180236.078558,-0.02209,0.02991,0.99695,0.06873,0.2856
1582180236.0839639,-0.02203,0.03009,0.99695,0.06879,0.2856
1582180236.0894048,-0.02197,0.03027,0.99695,0.06891,0.2856
1582180236.095065,-0.02191,0.03046,0.99689,0.06903,0.2856
1582180236.10035,-0.02185,0.03070,0.99689,0.06915,0.2856
1582180236.105793,-0.02179,0.03101,0.99689,0.06934,0.2856
1582180236.111766,-0.02167,0.03131,0.99683,0.06952,0.2856
1582180236.1169338,-0.02161,0.03162,0.99683,0.06976,0.2856
1582180236.122153,-0.02148,0.03192,0.99683,0.06995,0.2856
1582180236.1279202,-0.02124,0.03278,0.99677,0.07062,0.2857
1582180236.132575,-0.02112,0.03314,0.99670,0.07092,0.2857
1582180236.138251,-0.02100,0.03357,0.99664,0.07135,0.2857
1582180236.144214,-0.02087,0.03406,0.99664,0.07178,0.2857
1582180236.1500301,-0.02075,0.03461,0.99658,0.07227,0.2857
1582180236.155542,-0.02069,0.03503,0.99652,0.07275,0.2857
1582180236.1607602,-0.02063,0.03552,0.99646,0.07330,0.2857
1582180236.1660469,-0.02051,0.03601,0.99640,0.07391,0.2857
1582180236.1719081,-0.02045,0.03656,0.99634,0.07452,0.2857
1582180236.177212,-0.02026,0.03754,0.99622,0.07581,0.2857
1582180236.182536,-0.02026,0.03809,0.99615,0.07654,0.2857
1582180236.1881511,-0.02020,0.03857,0.99603,0.07727,0.2857
1582180236.193654,-0.02014,0.03906,0.99597,0.07800,0.2857
1582180236.199359,-0.02008,0.03955,0.99591,0.07874,0.2857
1582180236.2049081,-0.02002,0.04004,0.99585,0.07959,0.2857
1582180236.210082,-0.01996,0.04059,0.99573,0.08051,0.2857
1582180236.215522,-0.01984,0.04114,0.99561,0.08142,0.2857
1582180236.221559,-0.01978,0.04163,0.99554,0.08234,0.2857
1582180236.226288,-0.01971,0.04224,0.99542,0.08344,0.2857
1582180236.235286,-0.01959,0.04279,0.99530,0.08447,0.2857
1582180236.23749,-0.01941,0.04382,0.99512,0.08655,0.2857
1582180236.2440052,-0.01923,0.04431,0.99500,0.08777,0.2857
1582180236.2493289,-0.01910,0.04486,0.99487,0.08887,0.2857
1582180236.2551649,-0.01898,0.04535,0.99475,0.09009,0.2857
1582180236.261627,-0.01886,0.04578,0.99463,0.09106,0.2857
1582180236.265578,-0.01874,0.04626,0.99451,0.09229,0.2857
1582180236.272039,-0.01855,0.04669,0.99438,0.09338,0.2857
1582180236.27682,-0.01843,0.04718,0.99420,0.09460,0.2857
1582180236.2821062,-0.01819,0.04816,0.99396,0.09686,0.2857
1582180236.287921,-0.01807,0.04865,0.99384,0.09802,0.2857
1582180236.292638,-0.01794,0.04907,0.99371,0.09912,0.2857
1582180236.298454,-0.01788,0.04956,0.99359,0.10010,0.2857
1582180236.304517,-0.01776,0.05005,0.99347,0.10114,0.2857
1582180236.309707,-0.01770,0.05048,0.99335,0.10211,0.2857
1582180236.3161101,-0.01758,0.05096,0.99323,0.10303,0.2857
1582180236.3210628,-0.01752,0.05145,0.99310,0.10400,0.2857
1582180236.327692,-0.01746,0.05200,0.99298,0.10504,0.2857
1582180236.3326561,-0.01740,0.05243,0.99286,0.10583,0.2857
1582180236.337447,-0.01733,0.05292,0.99274,0.10663,0.2857
1582180236.342425,-0.01721,0.05383,0.99249,0.10822,0.2857
1582180236.348427,-0.01721,0.05426,0.99243,0.10889,0.2857
1582180236.354812,-0.01715,0.05469,0.99231,0.10956,0.2857
1582180236.359936,-0.01715,0.05505,0.99225,0.11017,0.2857
1582180236.365569,-0.01715,0.05542,0.99213,0.11078,0.2857
1582180236.371692,-0.01715,0.05585,0.99207,0.11133,0.2857
1582180236.376365,-0.01715,0.05621,0.99200,0.11188,0.2857
1582180236.382142,-0.01715,0.05652,0.99188,0.11237,0.2857
1582180236.388048,-0.01721,0.05719,0.99176,0.11322,0.2857
1582180236.393452,-0.01721,0.05743,0.99170,0.11353,0.2857
1582180236.399374,-0.01727,0.05774,0.99164,0.11389,0.2857
1582180236.4056242,-0.01733,0.05804,0.99164,0.11414,0.2857
1582180236.4103968,-0.01740,0.05829,0.99158,0.11438,0.2857
1582180236.415824,-0.01746,0.05859,0.99152,0.11462,0.2857
1582180236.421133,-0.01746,0.05878,0.99152,0.11481,0.2857
1582180236.42768,-0.01752,0.05902,0.99146,0.11493,0.2857
1582180236.432281,-0.01764,0.05945,0.99139,0.11511,0.2857
1582180236.438323,-0.01770,0.05963,0.99139,0.11511,0.2857
1582180236.444106,-0.01776,0.05988,0.99139,0.11511,0.2857
1582180236.4532008,-0.01782,0.06006,0.99139,0.11505,0.2857
1582180236.455276,-0.01788,0.06018,0.99139,0.11493,0.2857
1582180236.460534,-0.01794,0.06036,0.99139,0.11481,0.2857
1582180236.46591,-0.01801,0.06055,0.99139,0.11469,0.2857
1582180236.471679,-0.01807,0.06067,0.99139,0.11450,0.2857
1582180236.4796019,-0.01813,0.06085,0.99139,0.11432,0.2857
1582180236.482469,-0.01825,0.06104,0.99146,0.11395,0.2857
1582180236.488728,-0.01831,0.06122,0.99146,0.11371,0.2857
1582180236.494163,-0.01837,0.06128,0.99146,0.11346,0.2857
1582180236.499666,-0.01843,0.06140,0.99152,0.11328,0.2857
1582180236.506249,-0.01843,0.06146,0.99152,0.11304,0.2857
1582180236.511144,-0.01849,0.06158,0.99152,0.11279,0.2857
1582180236.515579,-0.01855,0.06165,0.99158,0.11255,0.2858
1582180236.520958,-0.01855,0.06171,0.99158,0.11237,0.2858
1582180236.527061,-0.01855,0.06177,0.99158,0.11212,0.2858
1582180236.532487,-0.01862,0.06189,0.99164,0.11169,0.2858
1582180236.5389152,-0.01862,0.06189,0.99164,0.11151,0.2858
1582180236.543602,-0.01862,0.06195,0.99170,0.11133,0.2858
1582180236.5495522,-0.01862,0.06201,0.99170,0.11115,0.2858
1582180236.555497,-0.01855,0.06201,0.99170,0.11102,0.2858
1582180236.5606122,-0.01855,0.06201,0.99170,0.11084,0.2858
1582180236.566238,-0.01855,0.06207,0.99176,0.11072,0.2858
1582180236.572438,-0.01855,0.06207,0.99176,0.11060,0.2858
1582180236.57692,-0.01849,0.06207,0.99176,0.11047,0.2858
1582180236.58395,-0.01849,0.06207,0.99176,0.11029,0.2858
1582180236.588601,-0.01849,0.06207,0.99182,0.11017,0.2858
1582180236.594254,-0.01849,0.06201,0.99182,0.11011,0.2858
1582180236.5994802,-0.01849,0.06201,0.99182,0.11005,0.2858
1582180236.605644,-0.01849,0.06201,0.99182,0.10999,0.2858
1582180236.610395,-0.01849,0.06195,0.99182,0.10992,0.2858
1582180236.615927,-0.01849,0.06195,0.99182,0.10980,0.2858
1582180236.6210392,-0.01849,0.06189,0.99188,0.10974,0.2858
1582180236.6269,-0.01855,0.06183,0.99188,0.10968,0.2858
1582180236.632088,-0.01855,0.06177,0.99188,0.10956,0.2858
1582180236.6379368,-0.01855,0.06171,0.99188,0.10950,0.2858
1582180236.6436858,-0.01862,0.06171,0.99188,0.10944,0.2858
1582180236.649548,-0.01862,0.06165,0.99194,0.10931,0.2858
1582180236.655804,-0.01862,0.06158,0.99194,0.10925,0.2858
1582180236.661858,-0.01868,0.06158,0.99194,0.10919,0.2858
1582180236.665886,-0.01874,0.06152,0.99194,0.10913,0.2858
1582180236.671814,-0.01874,0.06146,0.99194,0.10907,0.2858
1582180236.6770098,-0.01880,0.06140,0.99200,0.10889,0.2858
1582180236.6826618,-0.01886,0.06134,0.99200,0.10876,0.2858
1582180236.688274,-0.01886,0.06128,0.99200,0.10870,0.2858
1582180236.6942022,-0.01892,0.06122,0.99200,0.10858,0.2858
1582180236.7003782,-0.01898,0.06116,0.99200,0.10852,0.2858
1582180236.7052999,-0.01898,0.06110,0.99207,0.10840,0.2858
1582180236.710448,-0.01904,0.06110,0.99207,0.10828,0.2858
1582180236.7157152,-0.01904,0.06104,0.99207,0.10822,0.2858
1582180236.721208,-0.01910,0.06097,0.99207,0.10809,0.2858
1582180236.726769,-0.01910,0.06091,0.99213,0.10797,0.2858
1582180236.732387,-0.01910,0.06073,0.99213,0.10773,0.2858
1582180236.738281,-0.01910,0.06073,0.99213,0.10767,0.2858
1582180236.743627,-0.01910,0.06067,0.99219,0.10754,0.2858
1582180236.749137,-0.01910,0.06061,0.99219,0.10742,0.2858
1582180236.755724,-0.01910,0.06055,0.99219,0.10730,0.2858
1582180236.759936,-0.01910,0.06055,0.99219,0.10724,0.2858
1582180236.7654772,-0.01904,0.06049,0.99225,0.10706,0.2858
1582180236.770678,-0.01904,0.06042,0.99225,0.10699,0.2858
1582180236.776001,-0.01898,0.06042,0.99225,0.10681,0.2858
1582180236.781728,-0.01898,0.06036,0.99225,0.10669,0.2858
1582180236.787331,-0.01892,0.06036,0.99231,0.10645,0.2858
1582180236.792304,-0.01886,0.06030,0.99231,0.10626,0.2858
1582180236.797913,-0.01880,0.06030,0.99231,0.10614,0.2858
1582180236.8036668,-0.01886,0.06042,0.99237,0.10602,0.2858
1582180236.809611,-0.01892,0.06055,0.99237,0.10590,0.2858
1582180236.816204,-0.01898,0.06067,0.99237,0.10577,0.2858
1582180236.820416,-0.01904,0.06073,0.99237,0.10559,0.2858
1582180236.825912,-0.01910,0.06085,0.99237,0.10547,0.2858
1582180236.831888,-0.01917,0.06097,0.99237,0.10535,0.2858
1582180236.8372061,-0.01923,0.06104,0.99237,0.10516,0.2858
1582180236.842413,-0.01929,0.06110,0.99237,0.10504,0.2858
1582180236.848532,-0.01941,0.06128,0.99243,0.10474,0.2858
1582180236.854634,-0.01941,0.06134,0.99243,0.10455,0.2858
1582180236.8599648,-0.01947,0.06140,0.99243,0.10443,0.2858
1582180236.864989,-0.01947,0.06146,0.99243,0.10431,0.2858
1582180236.8705301,-0.01947,0.06152,0.99249,0.10413,0.2858
1582180236.876668,-0.01947,0.06158,0.99249,0.10400,0.2858
1582180236.881126,-0.01953,0.06171,0.99249,0.10382,0.2858
1582180236.887413,-0.01953,0.06177,0.99249,0.10364,0.2858
1582180236.89259,-0.01953,0.06189,0.99249,0.10339,0.2858
1582180236.897759,-0.01953,0.06195,0.99255,0.10321,0.2858
1582180236.903557,-0.01953,0.06201,0.99255,0.10309,0.2858
1582180236.909204,-0.01953,0.06207,0.99255,0.10291,0.2858
1582180236.915651,-0.01947,0.06213,0.99255,0.10278,0.2858
1582180236.921325,-0.01947,0.06219,0.99255,0.10266,0.2858
1582180236.925426,-0.01941,0.06232,0.99261,0.10248,0.2858
1582180236.9306052,-0.01941,0.06238,0.99261,0.10236,0.2859
1582180236.936733,-0.01935,0.06244,0.99261,0.10223,0.2859
1582180236.942235,-0.01929,0.06262,0.99261,0.10199,0.2859
1582180236.947569,-0.01923,0.06268,0.99261,0.10187,0.2859
1582180236.952988,-0.01917,0.06274,0.99261,0.10175,0.2859
1582180236.9582021,-0.01917,0.06281,0.99268,0.10168,0.2859
1582180236.9646678,-0.01910,0.06287,0.99268,0.10156,0.2859
1582180236.9697778,-0.01904,0.06287,0.99268,0.10144,0.2859
1582180236.976009,-0.01898,0.06293,0.99268,0.10138,0.2859
1582180236.980457,-0.01898,0.06299,0.99268,0.10126,0.2859
1582180236.985952,-0.01892,0.06311,0.99268,0.10120,0.2859
1582180236.9919841,-0.01886,0.06317,0.99268,0.10107,0.2859
1582180236.997052,-0.01886,0.06329,0.99268,0.10095,0.2859
1582180237.002481,-0.01880,0.06335,0.99274,0.10083,0.2859
1582180237.0082188,-0.01880,0.06342,0.99274,0.10077,0.2859
1582180237.013729,-0.01880,0.06348,0.99274,0.10065,0.2859
1582180237.021877,-0.01880,0.06354,0.99274,0.10059,0.2859
1582180237.0249841,-0.01880,0.06360,0.99274,0.10052,0.2859
1582180237.030659,-0.01880,0.06366,0.99274,0.10040,0.2859
1582180237.0362802,-0.01880,0.06372,0.99274,0.10034,0.2859
1582180237.040971,-0.01880,0.06378,0.99274,0.10034,0.2859
1582180237.047703,-0.01880,0.06378,0.99274,0.10028,0.2859
1582180237.0526772,-0.01880,0.06390,0.99274,0.10022,0.2859
1582180237.058572,-0.01880,0.06390,0.99274,0.10016,0.2859
1582180237.0636249,-0.01874,0.06396,0.99274,0.10016,0.2859
1582180237.069159,-0.01874,0.06396,0.99274,0.10016,0.2859
1582180237.074568,-0.01874,0.06403,0.99274,0.10016,0.2859
1582180237.080464,-0.01874,0.06403,0.99274,0.10016,0.2859
1582180237.085509,-0.01868,0.06403,0.99274,0.10016,0.2859
1582180237.09065,-0.01868,0.06403,0.99274,0.10016,0.2859
1582180237.096001,-0.01868,0.06403,0.99274,0.10022,0.2859
1582180237.101734,-0.01862,0.06403,0.99274,0.10022,0.2859
1582180237.107035,-0.01862,0.06396,0.99274,0.10034,0.2859
1582180237.112332,-0.01862,0.06390,0.99274,0.10034,0.2859
1582180237.1182022,-0.01862,0.06390,0.99274,0.10040,0.2859
1582180237.12513,-0.01855,0.06384,0.99274,0.10046,0.2859
1582180237.129858,-0.01855,0.06378,0.99274,0.10052,0.2859
1582180237.135156,-0.01855,0.06372,0.99274,0.10059,0.2859
1582180237.14054,-0.01855,0.06366,0.99274,0.10059,0.2859
1582180237.145896,-0.01855,0.06360,0.99274,0.10065,0.2860
1582180237.1517692,-0.01855,0.06354,0.99274,0.10071,0.2860
1582180237.156849,-0.01855,0.06335,0.99274,0.10083,0.2860
1582180237.1620538,-0.01855,0.06329,0.99274,0.10089,0.2860
1582180237.168254,-0.01855,0.06317,0.99274,0.10095,0.2860
1582180237.1740742,-0.01855,0.06311,0.99274,0.10101,0.2860
1582180237.179589,-0.01855,0.06305,0.99274,0.10101,0.2860
1582180237.185081,-0.01862,0.06293,0.99274,0.10107,0.2860
1582180237.191891,-0.01862,0.06287,0.99274,0.10114,0.2860
1582180237.1966631,-0.01862,0.06281,0.99274,0.10120,0.2860
1582180237.201667,-0.01862,0.06268,0.99274,0.10120,0.2860
1582180237.2070851,-0.01868,0.06262,0.99274,0.10126,0.2860
1582180237.212091,-0.01868,0.06250,0.99274,0.10132,0.2860
1582180237.217403,-0.01874,0.06238,0.99274,0.10132,0.2860
1582180237.223264,-0.01874,0.06232,0.99274,0.10132,0.2860
1582180237.229423,-0.01874,0.06226,0.99274,0.10138,0.2860
1582180237.2345831,-0.01880,0.06219,0.99274,0.10138,0.2860
1582180237.240688,-0.01880,0.06207,0.99274,0.10144,0.2860
1582180237.2452621,-0.01880,0.06201,0.99274,0.10144,0.2860
1582180237.250758,-0.01886,0.06195,0.99274,0.10144,0.2860
1582180237.256557,-0.01886,0.06183,0.99274,0.10144,0.2860
1582180237.2621272,-0.01892,0.06165,0.99274,0.10150,0.2860
1582180237.268158,-0.01892,0.06158,0.99274,0.10150,0.2860
1582180237.272474,-0.01898,0.06152,0.99274,0.10150,0.2860
1582180237.278678,-0.01898,0.06146,0.99274,0.10150,0.2860
1582180237.2839308,-0.01898,0.06134,0.99274,0.10150,0.2860
1582180237.2892082,-0.01898,0.06128,0.99274,0.10150,0.2860
1582180237.294782,-0.01898,0.06122,0.99280,0.10150,0.2860
1582180237.300265,-0.01898,0.06116,0.99280,0.10144,0.2860
1582180237.305794,-0.01898,0.06104,0.99280,0.10144,0.2860
1582180237.3117068,-0.01898,0.06097,0.99280,0.10144,0.2860
1582180237.318654,-0.01898,0.06091,0.99280,0.10144,0.2860
1582180237.321929,-0.01898,0.06073,0.99280,0.10144,0.2860
1582180237.328278,-0.01898,0.06067,0.99280,0.10144,0.2860
1582180237.333647,-0.01898,0.06055,0.99280,0.10144,0.2860
1582180237.338167,-0.01898,0.06049,0.99280,0.10144,0.2860
1582180237.34512,-0.01898,0.06042,0.99280,0.10144,0.2860
1582180237.349369,-0.01898,0.06036,0.99286,0.10144,0.2860
1582180237.355762,-0.01898,0.06024,0.99286,0.10144,0.2860
1582180237.360415,-0.01898,0.06018,0.99286,0.10138,0.2860
1582180237.365668,-0.01898,0.06012,0.99286,0.10138,0.2860
1582180237.371665,-0.01898,0.06006,0.99286,0.10138,0.2860
1582180237.376791,-0.01898,0.05988,0.99286,0.10138,0.2860
1582180237.382157,-0.01898,0.05981,0.99286,0.10132,0.2860
1582180237.387729,-0.01898,0.05975,0.99286,0.10132,0.2860
1582180237.392708,-0.01898,0.05969,0.99286,0.10132,0.2860
1582180237.398496,-0.01898,0.05963,0.99286,0.10132,0.2860
1582180237.404452,-0.01898,0.05951,0.99292,0.10126,0.2860
1582180237.409633,-0.01898,0.05945,0.99292,0.10126,0.2860
1582180237.417676,-0.01898,0.05939,0.99292,0.10126,0.2860
1582180237.42132,-0.01898,0.05933,0.99292,0.10120,0.2860
1582180237.425941,-0.01898,0.05927,0.99292,0.10114,0.2860
1582180237.431563,-0.01898,0.05920,0.99292,0.10114,0.2860
1582180237.4369411,-0.01892,0.05914,0.99292,0.10107,0.2860
1582180237.4435709,-0.01892,0.05908,0.99292,0.10101,0.2860
1582180237.448218,-0.01892,0.05908,0.99298,0.10095,0.2860
1582180237.453662,-0.01898,0.05908,0.99298,0.10089,0.2860
1582180237.462006,-0.01898,0.05908,0.99298,0.10089,0.2860
1582180237.465207,-0.01898,0.05908,0.99298,0.10083,0.2860
1582180237.470527,-0.01898,0.05908,0.99298,0.10077,0.2860
1582180237.476219,-0.01898,0.05908,0.99298,0.10077,0.2860
1582180237.481531,-0.01910,0.05902,0.99298,0.10065,0.2860
1582180237.4878058,-0.01910,0.05902,0.99298,0.10065,0.2860
1582180237.4920871,-0.01917,0.05896,0.99298,0.10059,0.2860
1582180237.4981918,-0.01917,0.05896,0.99298,0.10059,0.2860
1582180237.504032,-0.01923,0.05890,0.99298,0.10052,0.2860
1582180237.509116,-0.01923,0.05890,0.99298,0.10052,0.2860
1582180237.5150452,-0.01923,0.05890,0.99298,0.10052,0.2860
1582180237.520402,-0.01929,0.05884,0.99298,0.10046,0.2860
1582180237.5276852,-0.01929,0.05884,0.99298,0.10046,0.2860
1582180237.531662,-0.01929,0.05884,0.99298,0.10046,0.2860
1582180237.536926,-0.01929,0.05884,0.99298,0.10046,0.2860
1582180237.542052,-0.01929,0.05884,0.99298,0.10052,0.2860
1582180237.547957,-0.01929,0.05884,0.99298,0.10052,0.2860
1582180237.553931,-0.01929,0.05878,0.99298,0.10052,0.2860
1582180237.5587342,-0.01929,0.05884,0.99298,0.10052,0.2860
1582180237.5645828,-0.01929,0.05884,0.99298,0.10059,0.2861
1582180237.569708,-0.01929,0.05884,0.99298,0.10059,0.2861
1582180237.57531,-0.01923,0.05884,0.99298,0.10059,0.2861
1582180237.580601,-0.01923,0.05884,0.99298,0.10065,0.2861
1582180237.585769,-0.01917,0.05884,0.99298,0.10065,0.2861
1582180237.5915651,-0.01917,0.05890,0.99298,0.10065,0.2861
1582180237.596905,-0.01910,0.05896,0.99298,0.10065,0.2861
1582180237.602197,-0.01910,0.05896,0.99298,0.10065,0.2861
1582180237.6081212,-0.01904,0.05902,0.99298,0.10065,0.2861
1582180237.6137788,-0.01910,0.05902,0.99298,0.10065,0.2861
1582180237.619607,-0.01910,0.05908,0.99298,0.10059,0.2861
1582180237.625182,-0.01904,0.05914,0.99298,0.10059,0.2861
1582180237.6302469,-0.01904,0.05920,0.99298,0.10052,0.2861
1582180237.635664,-0.01910,0.05927,0.99298,0.10052,0.2861
1582180237.641344,-0.01910,0.05927,0.99298,0.10046,0.2861
1582180237.647597,-0.01910,0.05945,0.99298,0.10040,0.2861
1582180237.652174,-0.01910,0.05951,0.99298,0.10034,0.2861
1582180237.657503,-0.01910,0.05957,0.99298,0.10034,0.2861
1582180237.663881,-0.01917,0.05969,0.99298,0.10028,0.2861
1582180237.668669,-0.01917,0.05975,0.99298,0.10022,0.2861
1582180237.6743739,-0.01917,0.05981,0.99298,0.10022,0.2861
1582180237.680178,-0.01923,0.05994,0.99298,0.10016,0.2861
1582180237.68578,-0.01923,0.06000,0.99298,0.10016,0.2861
1582180237.6906838,-0.01923,0.06006,0.99298,0.10016,0.2861
1582180237.69569,-0.01929,0.06012,0.99298,0.10016,0.2861
1582180237.701679,-0.01929,0.06024,0.99298,0.10010,0.2861
1582180237.7078521,-0.01935,0.06030,0.99298,0.10016,0.2861
1582180237.712727,-0.01935,0.06049,0.99292,0.10016,0.2861
1582180237.718036,-0.01935,0.06055,0.99292,0.10016,0.2861
1582180237.723404,-0.01935,0.06061,0.99292,0.10016,0.2861
1582180237.728943,-0.01935,0.06067,0.99292,0.10022,0.2861
1582180237.734596,-0.01935,0.06073,0.99292,0.10022,0.2861
1582180237.7398632,-0.01935,0.06079,0.99292,0.10022,0.2861
1582180237.745026,-0.01935,0.06079,0.99292,0.10028,0.2861
1582180237.750651,-0.01935,0.06085,0.99292,0.10028,0.2861
1582180237.75566,-0.01935,0.06091,0.99292,0.10034,0.2861
1582180237.7616582,-0.01935,0.06091,0.99292,0.10034,0.2861
1582180237.767074,-0.01935,0.06097,0.99286,0.10040,0.2861
1582180237.772289,-0.01935,0.06104,0.99286,0.10040,0.2861
1582180237.779665,-0.01935,0.06104,0.99286,0.10040,0.2861
1582180237.783786,-0.01935,0.06104,0.99286,0.10046,0.2861
1582180237.788933,-0.01935,0.06110,0.99286,0.10046,0.2861
1582180237.7944908,-0.01935,0.06110,0.99286,0.10046,0.2861
1582180237.80027,-0.01935,0.06110,0.99286,0.10046,0.2861
1582180237.8053918,-0.01935,0.06110,0.99286,0.10046,0.2861
1582180237.810703,-0.01935,0.06110,0.99286,0.10046,0.2861
1582180237.816287,-0.01935,0.06110,0.99286,0.10046,0.2861
1582180237.821909,-0.01935,0.06110,0.99286,0.10046,0.2861
1582180237.827808,-0.01935,0.06116,0.99286,0.10046,0.2861
1582180237.833694,-0.01935,0.06116,0.99286,0.10046,0.2861
1582180237.839284,-0.01941,0.06116,0.99286,0.10046,0.2861
1582180237.844942,-0.01941,0.06122,0.99286,0.10046,0.2861
1582180237.850036,-0.01941,0.06122,0.99286,0.10046,0.2861
1582180237.855447,-0.01941,0.06122,0.99286,0.10046,0.2861
1582180237.8609788,-0.01947,0.06122,0.99286,0.10046,0.2861
1582180237.866878,-0.01947,0.06128,0.99286,0.10046,0.2861
1582180237.8725529,-0.01953,0.06128,0.99286,0.10046,0.2861
1582180237.878054,-0.01953,0.06128,0.99286,0.10046,0.2861
1582180237.8833401,-0.01959,0.06128,0.99286,0.10052,0.2861
1582180237.888583,-0.01959,0.06128,0.99286,0.10052,0.2861
1582180237.8944929,-0.01965,0.06128,0.99286,0.10052,0.2861
1582180237.899738,-0.01965,0.06128,0.99286,0.10059,0.2861
1582180237.905291,-0.01965,0.06122,0.99286,0.10059,0.2861
1582180237.910478,-0.01965,0.06122,0.99286,0.10065,0.2861
1582180237.9159622,-0.01971,0.06122,0.99286,0.10071,0.2861
1582180237.9235342,-0.01971,0.06122,0.99286,0.10071,0.2861
1582180237.9269261,-0.01978,0.06122,0.99280,0.10089,0.2861
1582180237.932704,-0.01978,0.06122,0.99280,0.10095,0.2861
1582180237.937642,-0.01984,0.06122,0.99280,0.10101,0.2861
1582180237.943361,-0.01984,0.06122,0.99280,0.10107,0.2861
1582180237.949482,-0.01984,0.06122,0.99280,0.10120,0.2861
1582180237.9549592,-0.01984,0.06122,0.99280,0.10126,0.2861
1582180237.960799,-0.01984,0.06122,0.99274,0.10132,0.2861
1582180237.968299,-0.01984,0.06122,0.99274,0.10144,0.2861
1582180237.9717572,-0.01984,0.06128,0.99274,0.10150,0.2861
1582180237.977022,-0.01984,0.06128,0.99274,0.10175,0.2861
1582180237.982561,-0.01990,0.06128,0.99274,0.10181,0.2861
1582180237.988039,-0.01990,0.06128,0.99268,0.10193,0.2862
1582180237.9939258,-0.01990,0.06128,0.99268,0.10199,0.2862
1582180237.999857,-0.01990,0.06128,0.99268,0.10211,0.2862
1582180238.005095,-0.01990,0.06128,0.99268,0.10217,0.2862
1582180238.01088,-0.01996,0.06128,0.99268,0.10229,0.2862
1582180238.01572,-0.01996,0.06128,0.99268,0.10242,0.2862
1582180238.021508,-0.01996,0.06128,0.99261,0.10248,0.2862
1582180238.027166,-0.02002,0.06128,0.99261,0.10266,0.2862
1582180238.0325592,-0.02002,0.06128,0.99261,0.10278,0.2862
1582180238.039684,-0.02002,0.06128,0.99261,0.10284,0.2862
1582180238.044818,-0.02008,0.06128,0.99261,0.10297,0.2862
1582180238.051759,-0.02008,0.06128,0.99255,0.10303,0.2862
1582180238.0551958,-0.02008,0.06128,0.99255,0.10315,0.2862
1582180238.060364,-0.02008,0.06128,0.99255,0.10321,0.2862
1582180238.066292,-0.02008,0.06134,0.99255,0.10327,0.2862
1582180238.071436,-0.02014,0.06140,0.99255,0.10345,0.2862
1582180238.076968,-0.02014,0.06140,0.99255,0.10352,0.2862
1582180238.0821838,-0.02014,0.06146,0.99249,0.10358,0.2862
1582180238.0881531,-0.02014,0.06152,0.99249,0.10364,0.2862
1582180238.09376,-0.02014,0.06152,0.99249,0.10376,0.2862
1582180238.099691,-0.02014,0.06158,0.99249,0.10376,0.2862
1582180238.108161,-0.02014,0.06158,0.99249,0.10388,0.2862
1582180238.110371,-0.02014,0.06165,0.99249,0.10394,0.2862
1582180238.115702,-0.02014,0.06165,0.99243,0.10400,0.2862
1582180238.121382,-0.02014,0.06171,0.99243,0.10406,0.2862
1582180238.126671,-0.02014,0.06183,0.99243,0.10413,0.2862
1582180238.132084,-0.02020,0.06189,0.99243,0.10419,0.2862
1582180238.1379468,-0.02020,0.06195,0.99243,0.10425,0.2862
1582180238.144156,-0.02026,0.06201,0.99243,0.10425,0.2862
1582180238.1490078,-0.02026,0.06207,0.99237,0.10431,0.2862
1582180238.154919,-0.02032,0.06213,0.99237,0.10431,0.2862
1582180238.160118,-0.02039,0.06219,0.99237,0.10431,0.2862
1582180238.165946,-0.02045,0.06226,0.99237,0.10437,0.2862
1582180238.171252,-0.02051,0.06232,0.99237,0.10437,0.2862
1582180238.1765351,-0.02063,0.06238,0.99237,0.10437,0.2862
1582180238.18197,-0.02069,0.06238,0.99237,0.10437,0.2862
1582180238.189615,-0.02069,0.06238,0.99237,0.10437,0.2862
1582180238.193502,-0.02075,0.06238,0.99237,0.10437,0.2862
1582180238.1998441,-0.02081,0.06238,0.99237,0.10437,0.2863
1582180238.204541,-0.02081,0.06238,0.99237,0.10437,0.2863
1582180238.2117078,-0.02087,0.06238,0.99237,0.10437,0.2863
1582180238.2153149,-0.02087,0.06238,0.99237,0.10437,0.2863
1582180238.220763,-0.02094,0.06238,0.99237,0.10437,0.2863
1582180238.2276669,-0.02094,0.06238,0.99237,0.10437,0.2863
1582180238.2336361,-0.02094,0.06238,0.99237,0.10437,0.2863
1582180238.2381551,-0.02094,0.06238,0.99237,0.10431,0.2863
1582180238.244352,-0.02094,0.06238,0.99237,0.10431,0.2863
1582180238.249728,-0.02094,0.06238,0.99237,0.10431,0.2863
1582180238.254857,-0.02094,0.06238,0.99237,0.10425,0.2863
1582180238.2603068,-0.02087,0.06244,0.99237,0.10425,0.2863
1582180238.265375,-0.02087,0.06244,0.99237,0.10419,0.2863
1582180238.2710981,-0.02087,0.06250,0.99237,0.10413,0.2863
1582180238.2768278,-0.02087,0.06250,0.99237,0.10413,0.2863
1582180238.2826722,-0.02081,0.06256,0.99237,0.10400,0.2863
1582180238.288032,-0.02087,0.06262,0.99237,0.10394,0.2863
1582180238.293993,-0.02081,0.06262,0.99237,0.10388,0.2863
1582180238.3025331,-0.02081,0.06262,0.99243,0.10382,0.2863
1582180238.305415,-0.02081,0.06268,0.99243,0.10370,0.2863
1582180238.310406,-0.02081,0.06268,0.99243,0.10364,0.2863
1582180238.315827,-0.02081,0.06274,0.99243,0.10352,0.2863
1582180238.321656,-0.02087,0.06274,0.99243,0.10345,0.2863
1582180238.3277388,-0.02087,0.06281,0.99243,0.10321,0.2863
1582180238.333179,-0.02087,0.06281,0.99243,0.10315,0.2863
1582180238.338877,-0.02087,0.06281,0.99249,0.10309,0.2863
1582180238.3440819,-0.02087,0.06287,0.99249,0.10297,0.2863
1582180238.3498461,-0.02087,0.06287,0.99249,0.10291,0.2863
1582180238.3549418,-0.02094,0.06287,0.99249,0.10278,0.2863
1582180238.3607109,-0.02094,0.06287,0.99249,0.10272,0.2863
1582180238.365525,-0.02094,0.06293,0.99249,0.10266,0.2863
1582180238.371562,-0.02094,0.06293,0.99249,0.10254,0.2863
1582180238.379594,-0.02094,0.06293,0.99255,0.10242,0.2863
1582180238.3825269,-0.02100,0.06299,0.99255,0.10236,0.2863
1582180238.3885388,-0.02100,0.06299,0.99255,0.10229,0.2863
1582180238.3940601,-0.02100,0.06299,0.99255,0.10223,0.2863
1582180238.399588,-0.02100,0.06299,0.99255,0.10217,0.2863
1582180238.4054148,-0.02100,0.06299,0.99255,0.10217,0.2863
1582180238.410311,-0.02100,0.06299,0.99255,0.10211,0.2863
1582180238.41635,-0.02100,0.06299,0.99255,0.10211,0.2863
1582180238.4212348,-0.02100,0.06299,0.99255,0.10205,0.2863
1582180238.4264698,-0.02100,0.06293,0.99255,0.10199,0.2863
1582180238.432,-0.02100,0.06293,0.99255,0.10199,0.2863
1582180238.437686,-0.02100,0.06293,0.99255,0.10199,0.2863
1582180238.443765,-0.02100,0.06287,0.99255,0.10199,0.2863
1582180238.449184,-0.02100,0.06287,0.99255,0.10199,0.2863
1582180238.45462,-0.02100,0.06281,0.99255,0.10199,0.2863
1582180238.460075,-0.02100,0.06281,0.99255,0.10193,0.2863
1582180238.465425,-0.02100,0.06274,0.99261,0.10193,0.2863
1582180238.470664,-0.02100,0.06274,0.99261,0.10193,0.2863
1582180238.4763782,-0.02094,0.06268,0.99261,0.10193,0.2863
1582180238.481746,-0.02094,0.06262,0.99261,0.10187,0.2863
1582180238.487692,-0.02094,0.06262,0.99261,0.10187,0.2863
1582180238.493571,-0.02094,0.06262,0.99261,0.10187,0.2863
1582180238.499147,-0.02094,0.06262,0.99261,0.10187,0.2863
1582180238.5046148,-0.02094,0.06256,0.99261,0.10187,0.2863
1582180238.5097358,-0.02087,0.06256,0.99261,0.10187,0.2863
1582180238.518034,-0.02087,0.06256,0.99261,0.10187,0.2863
1582180238.5208058,-0.02087,0.06250,0.99261,0.10181,0.2863
1582180238.526422,-0.02087,0.06250,0.99261,0.10181,0.2863
1582180238.531469,-0.02087,0.06244,0.99261,0.10181,0.2863
1582180238.537722,-0.02087,0.06238,0.99261,0.10181,0.2863
1582180238.5453959,-0.02081,0.06232,0.99261,0.10181,0.2863
1582180238.548895,-0.02081,0.06232,0.99261,0.10187,0.2863
1582180238.554219,-0.02081,0.06226,0.99261,0.10187,0.2863
1582180238.559733,-0.02081,0.06219,0.99261,0.10187,0.2863
1582180238.565227,-0.02081,0.06219,0.99261,0.10187,0.2863
1582180238.571599,-0.02081,0.06213,0.99261,0.10193,0.2863
1582180238.575514,-0.02081,0.06207,0.99261,0.10193,0.2863
1582180238.5812118,-0.02081,0.06207,0.99261,0.10199,0.2863
1582180238.5865119,-0.02081,0.06201,0.99261,0.10205,0.2863
1582180238.5919108,-0.02081,0.06195,0.99261,0.10205,0.2863
1582180238.597543,-0.02081,0.06189,0.99261,0.10211,0.2863
1582180238.6039932,-0.02081,0.06189,0.99261,0.10211,0.2863
1582180238.6090539,-0.02075,0.06183,0.99261,0.10217,0.2863
1582180238.61503,-0.02075,0.06177,0.99261,0.10223,0.2863
1582180238.620165,-0.02075,0.06171,0.99261,0.10223,0.2864
1582180238.625417,-0.02075,0.06165,0.99261,0.10229,0.2864
1582180238.63073,-0.02069,0.06158,0.99261,0.10236,0.2864
1582180238.636477,-0.02069,0.06152,0.99261,0.10242,0.2864
1582180238.642088,-0.02063,0.06140,0.99261,0.10248,0.2864
1582180238.648028,-0.02063,0.06134,0.99261,0.10254,0.2864
1582180238.653405,-0.02057,0.06128,0.99261,0.10260,0.2864
1582180238.659344,-0.02057,0.06128,0.99261,0.10266,0.2864
1582180238.664832,-0.02057,0.06122,0.99261,0.10272,0.2864
1582180238.670223,-0.02051,0.06116,0.99261,0.10278,0.2864
1582180238.675555,-0.02051,0.06110,0.99261,0.10284,0.2864
1582180238.6804779,-0.02051,0.06110,0.99261,0.10291,0.2864
1582180238.686398,-0.02045,0.06110,0.99261,0.10297,0.2864
1582180238.69153,-0.02045,0.06104,0.99261,0.10309,0.2864
1582180238.697026,-0.02045,0.06104,0.99255,0.10315,0.2864
1582180238.702562,-0.02039,0.06104,0.99255,0.10321,0.2864
1582180238.7084742,-0.02039,0.06104,0.99255,0.10321,0.2864
1582180238.715831,-0.02039,0.06104,0.99255,0.10327,0.2864
1582180238.719171,-0.02039,0.06104,0.99255,0.10333,0.2864
1582180238.724611,-0.02032,0.06104,0.99255,0.10339,0.2864
1582180238.730727,-0.02032,0.06104,0.99255,0.10339,0.2864
1582180238.735254,-0.02032,0.06104,0.99255,0.10345,0.2864
1582180238.742014,-0.02032,0.06097,0.99255,0.10352,0.2864
1582180238.7464309,-0.02026,0.06097,0.99255,0.10358,0.2864
1582180238.751782,-0.02026,0.06097,0.99255,0.10364,0.2864
1582180238.75728,-0.02026,0.06097,0.99255,0.10370,0.2864
1582180238.764742,-0.02026,0.06097,0.99255,0.10376,0.2864
1582180238.768949,-0.02026,0.06097,0.99249,0.10376,0.2864
1582180238.774992,-0.02026,0.06104,0.99249,0.10382,0.2864
1582180238.779946,-0.02026,0.06104,0.99249,0.10382,0.2864
1582180238.785685,-0.02020,0.06104,0.99249,0.10388,0.2864
1582180238.790442,-0.02020,0.06110,0.99249,0.10388,0.2864
1582180238.7959292,-0.02014,0.06110,0.99249,0.10394,0.2864
1582180238.8016,-0.02014,0.06116,0.99249,0.10394,0.2864
1582180238.8078709,-0.02008,0.06128,0.99249,0.10400,0.2864
1582180238.813704,-0.02008,0.06134,0.99249,0.10400,0.2864
1582180238.8190122,-0.02002,0.06140,0.99249,0.10400,0.2864
1582180238.824568,-0.02002,0.06146,0.99249,0.10406,0.2864
1582180238.829887,-0.02002,0.06152,0.99249,0.10406,0.2864
1582180238.8350878,-0.02008,0.06158,0.99243,0.10406,0.2865
1582180238.840896,-0.02008,0.06158,0.99243,0.10413,0.2865
1582180238.846098,-0.02008,0.06165,0.99243,0.10413,0.2865
1582180238.8514612,-0.02008,0.06165,0.99243,0.10419,0.2865
1582180238.8576791,-0.02014,0.06165,0.99243,0.10419,0.2865
1582180238.862601,-0.02014,0.06171,0.99243,0.10419,0.2865
1582180238.868675,-0.02014,0.06171,0.99243,0.10419,0.2865
1582180238.8741,-0.02020,0.06171,0.99243,0.10425,0.2865
1582180238.879531,-0.02020,0.06177,0.99243,0.10425,0.2865
1582180238.884829,-0.02014,0.06177,0.99243,0.10419,0.2865
1582180238.890004,-0.02014,0.06183,0.99243,0.10419,0.2865
1582180238.895421,-0.02014,0.06189,0.99243,0.10419,0.2865
1582180238.9010031,-0.02014,0.06189,0.99243,0.10419,0.2865
1582180238.9068348,-0.02008,0.06201,0.99243,0.10419,0.2865
1582180238.91171,-0.02002,0.06207,0.99243,0.10419,0.2865
1582180238.917244,-0.02002,0.06207,0.99243,0.10419,0.2865
1582180238.9235451,-0.01996,0.06213,0.99243,0.10419,0.2865
1582180238.9297001,-0.01996,0.06219,0.99243,0.10419,0.2865
1582180238.934549,-0.01990,0.06219,0.99243,0.10413,0.2865
1582180238.94015,-0.01990,0.06219,0.99243,0.10413,0.2865
1582180238.945417,-0.01984,0.06226,0.99243,0.10413,0.2865
1582180238.9527931,-0.01984,0.06226,0.99243,0.10413,0.2865
1582180238.95648,-0.01984,0.06232,0.99243,0.10406,0.2865
1582180238.961631,-0.01984,0.06232,0.99243,0.10400,0.2865
1582180238.968211,-0.01984,0.06238,0.99243,0.10400,0.2865
1582180238.973408,-0.01984,0.06238,0.99243,0.10394,0.2865
1582180238.979071,-0.01984,0.06238,0.99243,0.10394,0.2865
1582180238.984697,-0.01984,0.06238,0.99243,0.10388,0.2865
1582180238.9899719,-0.01984,0.06238,0.99243,0.10382,0.2865
1582180238.995361,-0.01984,0.06244,0.99243,0.10382,0.2865
1582180239.0007942,-0.01990,0.06244,0.99243,0.10376,0.2865
1582180239.007912,-0.01990,0.06250,0.99243,0.10370,0.2865
1582180239.015018,-0.01996,0.06256,0.99243,0.10358,0.2865
1582180239.017351,-0.01996,0.06256,0.99243,0.10352,0.2865
1582180239.0235431,-0.01996,0.06262,0.99249,0.10345,0.2865
1582180239.0284958,-0.01996,0.06268,0.99249,0.10333,0.2865
1582180239.034676,-0.01996,0.06268,0.99249,0.10327,0.2865
1582180239.040183,-0.01996,0.06274,0.99249,0.10321,0.2865
1582180239.044737,-0.01996,0.06274,0.99249,0.10315,0.2865
1582180239.0499241,-0.01996,0.06274,0.99249,0.10315,0.2865
1582180239.057338,-0.01996,0.06274,0.99249,0.10309,0.2865
1582180239.063843,-0.01996,0.06281,0.99249,0.10303,0.2865
1582180239.066734,-0.01996,0.06281,0.99249,0.10297,0.2865
1582180239.071969,-0.01996,0.06281,0.99249,0.10297,0.2865
1582180239.0776582,-0.01996,0.06281,0.99249,0.10291,0.2865
1582180239.083971,-0.01996,0.06281,0.99249,0.10291,0.2865
1582180239.089138,-0.01996,0.06281,0.99249,0.10291,0.2865
1582180239.094582,-0.01996,0.06281,0.99249,0.10291,0.2865
1582180239.099863,-0.01996,0.06274,0.99249,0.10291,0.2865
1582180239.105085,-0.01996,0.06274,0.99249,0.10291,0.2865
1582180239.110803,-0.01996,0.06274,0.99249,0.10291,0.2865
1582180239.116333,-0.01996,0.06274,0.99249,0.10291,0.2865
1582180239.121522,-0.01996,0.06274,0.99249,0.10284,0.2865
1582180239.1273909,-0.01990,0.06281,0.99249,0.10284,0.2865
1582180239.1333911,-0.01990,0.06281,0.99249,0.10284,0.2865
1582180239.1390212,-0.01990,0.06281,0.99249,0.10284,0.2865
1582180239.145382,-0.01990,0.06287,0.99249,0.10284,0.2865
1582180239.14993,-0.01984,0.06287,0.99249,0.10284,0.2865
1582180239.155755,-0.01984,0.06293,0.99249,0.10284,0.2865
1582180239.162743,-0.01978,0.06293,0.99249,0.10278,0.2865
1582180239.167676,-0.01978,0.06293,0.99249,0.10278,0.2865
1582180239.172535,-0.01978,0.06299,0.99249,0.10278,0.2865
1582180239.1784441,-0.01978,0.06299,0.99249,0.10272,0.2865
1582180239.184268,-0.01978,0.06299,0.99249,0.10272,0.2865
1582180239.189447,-0.01971,0.06299,0.99249,0.10272,0.2865
1582180239.194933,-0.01971,0.06299,0.99249,0.10266,0.2865
1582180239.200377,-0.01971,0.06299,0.99249,0.10266,0.2865
1582180239.206035,-0.01971,0.06299,0.99255,0.10266,0.2865
1582180239.213672,-0.01971,0.06299,0.99255,0.10260,0.2865
1582180239.21959,-0.01971,0.06299,0.99255,0.10260,0.2865
1582180239.2233322,-0.01971,0.06299,0.99255,0.10260,0.2865
1582180239.229014,-0.01971,0.06299,0.99255,0.10260,0.2865
1582180239.23438,-0.01971,0.06299,0.99255,0.10260,0.2865
1582180239.23973,-0.01971,0.06299,0.99255,0.10260,0.2865
1582180239.245599,-0.01978,0.06299,0.99255,0.10260,0.2865
1582180239.251662,-0.01978,0.06299,0.99255,0.10260,0.2865
1582180239.256612,-0.01978,0.06305,0.99255,0.10260,0.2866
1582180239.263903,-0.01978,0.06305,0.99249,0.10260,0.2866
1582180239.2689059,-0.01978,0.06305,0.99249,0.10266,0.2866
1582180239.274096,-0.01978,0.06311,0.99249,0.10266,0.2866
1582180239.2796092,-0.01978,0.06311,0.99249,0.10266,0.2866
1582180239.2851489,-0.01978,0.06317,0.99249,0.10272,0.2866
1582180239.292145,-0.01978,0.06317,0.99249,0.10272,0.2866
1582180239.296032,-0.01978,0.06323,0.99249,0.10272,0.2866
1582180239.301434,-0.01978,0.06329,0.99249,0.10278,0.2866
1582180239.307311,-0.01978,0.06329,0.99249,0.10278,0.2866
1582180239.3138309,-0.01971,0.06335,0.99249,0.10278,0.2866
1582180239.319906,-0.01971,0.06335,0.99249,0.10284,0.2866
1582180239.3247008,-0.01971,0.06342,0.99249,0.10284,0.2866
1582180239.329609,-0.01965,0.06348,0.99249,0.10284,0.2866
1582180239.3358521,-0.01965,0.06348,0.99249,0.10291,0.2866
1582180239.340223,-0.01965,0.06354,0.99249,0.10291,0.2866
1582180239.3461308,-0.01965,0.06360,0.99243,0.10291,0.2866
1582180239.3516228,-0.01959,0.06366,0.99243,0.10297,0.2866
1582180239.3572931,-0.01959,0.06372,0.99243,0.10297,0.2866
1582180239.362854,-0.01959,0.06378,0.99243,0.10297,0.2866
1582180239.368371,-0.01959,0.06384,0.99243,0.10297,0.2866
1582180239.375627,-0.01959,0.06390,0.99243,0.10303,0.2866
1582180239.3822029,-0.01959,0.06396,0.99243,0.10303,0.2866
1582180239.387242,-0.01959,0.06403,0.99243,0.10303,0.2866
1582180239.389958,-0.01959,0.06409,0.99243,0.10297,0.2866
1582180239.39601,-0.01959,0.06415,0.99243,0.10297,0.2866
1582180239.4016929,-0.01959,0.06421,0.99243,0.10297,0.2866
1582180239.40667,-0.01959,0.06427,0.99243,0.10291,0.2866
1582180239.411922,-0.01959,0.06433,0.99243,0.10291,0.2866
1582180239.417662,-0.01953,0.06439,0.99243,0.10291,0.2866
1582180239.42308,-0.01953,0.06445,0.99243,0.10284,0.2866
1582180239.428929,-0.01953,0.06445,0.99243,0.10284,0.2866
1582180239.4346921,-0.01953,0.06451,0.99243,0.10284,0.2866
1582180239.440022,-0.01953,0.06458,0.99243,0.10284,0.2866
1582180239.445623,-0.01953,0.06464,0.99243,0.10278,0.2866
1582180239.452325,-0.01953,0.06470,0.99243,0.10278,0.2866
1582180239.4565818,-0.01947,0.06476,0.99243,0.10278,0.2866
1582180239.463839,-0.01947,0.06482,0.99243,0.10272,0.2866
1582180239.4679601,-0.01947,0.06482,0.99243,0.10272,0.2866
1582180239.473836,-0.01941,0.06488,0.99237,0.10272,0.2866
1582180239.479681,-0.01941,0.06494,0.99237,0.10272,0.2866
1582180239.4846961,-0.01941,0.06500,0.99237,0.10272,0.2866
1582180239.489816,-0.01941,0.06506,0.99237,0.10272,0.2866
1582180239.4958851,-0.01941,0.06506,0.99237,0.10266,0.2866
1582180239.5010161,-0.01941,0.06512,0.99237,0.10266,0.2866
1582180239.506217,-0.01947,0.06519,0.99237,0.10266,0.2866
1582180239.5116181,-0.01953,0.06525,0.99237,0.10266,0.2866
1582180239.517447,-0.01953,0.06525,0.99237,0.10266,0.2866
1582180239.522632,-0.01959,0.06525,0.99237,0.10266,0.2866
1582180239.528532,-0.01959,0.06525,0.99237,0.10266,0.2866
1582180239.533938,-0.01965,0.06525,0.99237,0.10266,0.2866
1582180239.539219,-0.01965,0.06531,0.99237,0.10266,0.2866
1582180239.544587,-0.01971,0.06531,0.99237,0.10260,0.2866
1582180239.549685,-0.01971,0.06531,0.99237,0.10260,0.2866
1582180239.555742,-0.01971,0.06531,0.99237,0.10260,0.2866
1582180239.560619,-0.01978,0.06531,0.99237,0.10260,0.2866
1582180239.5663471,-0.01978,0.06537,0.99237,0.10260,0.2866
1582180239.5722082,-0.01978,0.06537,0.99237,0.10254,0.2866
1582180239.5776582,-0.01984,0.06543,0.99237,0.10254,0.2866
1582180239.5828822,-0.01984,0.06543,0.99237,0.10254,0.2866
1582180239.5887501,-0.01978,0.06543,0.99237,0.10254,0.2866
1582180239.5956109,-0.01978,0.06543,0.99237,0.10254,0.2866
1582180239.599849,-0.01978,0.06549,0.99237,0.10254,0.2866
1582180239.60497,-0.01978,0.06549,0.99237,0.10260,0.2866
1582180239.6104598,-0.01978,0.06549,0.99237,0.10260,0.2866
1582180239.617679,-0.01978,0.06555,0.99237,0.10254,0.2866
1582180239.6219258,-0.01971,0.06555,0.99237,0.10254,0.2866
1582180239.627786,-0.01971,0.06555,0.99237,0.10254,0.2866
1582180239.633182,-0.01971,0.06555,0.99237,0.10254,0.2866
1582180239.6400409,-0.01971,0.06555,0.99237,0.10254,0.2866
1582180239.644263,-0.01965,0.06555,0.99237,0.10254,0.2866
1582180239.6495612,-0.01965,0.06561,0.99237,0.10248,0.2866
1582180239.6558971,-0.01965,0.06561,0.99237,0.10248,0.2866
1582180239.660191,-0.01971,0.06561,0.99237,0.10248,0.2866
1582180239.665934,-0.01971,0.06567,0.99237,0.10242,0.2866
1582180239.672071,-0.01971,0.06567,0.99237,0.10236,0.2866
1582180239.677431,-0.01978,0.06573,0.99237,0.10236,0.2866
1582180239.6836858,-0.01978,0.06580,0.99237,0.10229,0.2867
1582180239.6883578,-0.01978,0.06580,0.99237,0.10229,0.2867
1582180239.69369,-0.01984,0.06586,0.99237,0.10223,0.2867
1582180239.699344,-0.01984,0.06586,0.99237,0.10217,0.2867
1582180239.7052228,-0.01990,0.06592,0.99237,0.10217,0.2867
1582180239.709832,-0.01990,0.06592,0.99237,0.10211,0.2867
1582180239.715712,-0.01990,0.06598,0.99237,0.10211,0.2867
1582180239.7209501,-0.01996,0.06598,0.99237,0.10205,0.2867
1582180239.726124,-0.02002,0.06604,0.99237,0.10205,0.2867
1582180239.7318919,-0.02002,0.06604,0.99237,0.10199,0.2867
1582180239.737015,-0.02008,0.06604,0.99237,0.10199,0.2867
1582180239.7437901,-0.02008,0.06604,0.99237,0.10199,0.2867
1582180239.7488818,-0.02008,0.06604,0.99237,0.10199,0.2867
1582180239.755622,-0.02008,0.06604,0.99237,0.10199,0.2867
1582180239.76002,-0.02008,0.06598,0.99237,0.10193,0.2867
1582180239.7650402,-0.02014,0.06598,0.99237,0.10193,0.2867
1582180239.77022,-0.02014,0.06598,0.99237,0.10193,0.2867
1582180239.77574,-0.02014,0.06598,0.99237,0.10193,0.2867
1582180239.782851,-0.02014,0.06598,0.99237,0.10193,0.2867
1582180239.786449,-0.02014,0.06592,0.99237,0.10193,0.2867
1582180239.792693,-0.02014,0.06592,0.99237,0.10193,0.2867
1582180239.798037,-0.02014,0.06592,0.99237,0.10193,0.2867
1582180239.803682,-0.02014,0.06586,0.99243,0.10193,0.2867
1582180239.8089888,-0.02020,0.06580,0.99243,0.10193,0.2867
1582180239.814469,-0.02020,0.06580,0.99243,0.10193,0.2867
1582180239.819672,-0.02020,0.06580,0.99243,0.10187,0.2867
1582180239.825046,-0.02020,0.06573,0.99243,0.10187,0.2867
1582180239.831587,-0.02020,0.06573,0.99243,0.10187,0.2867
1582180239.836014,-0.02020,0.06567,0.99243,0.10181,0.2867
1582180239.842035,-0.02020,0.06567,0.99243,0.10175,0.2867
1582180239.847711,-0.02020,0.06561,0.99243,0.10175,0.2867
1582180239.85481,-0.02020,0.06561,0.99243,0.10168,0.2867
1582180239.8589382,-0.02020,0.06555,0.99243,0.10168,0.2867
1582180239.8646889,-0.02020,0.06555,0.99243,0.10162,0.2867
1582180239.871624,-0.02026,0.06555,0.99243,0.10162,0.2867
1582180239.87569,-0.02026,0.06549,0.99249,0.10156,0.2867
1582180239.880971,-0.02026,0.06543,0.99249,0.10150,0.2867
1582180239.886228,-0.02026,0.06543,0.99249,0.10150,0.2867
1582180239.892868,-0.02032,0.06537,0.99249,0.10150,0.2868
1582180239.897355,-0.02032,0.06537,0.99249,0.10150,0.2868
1582180239.904715,-0.02032,0.06537,0.99249,0.10150,0.2868
1582180239.9088929,-0.02032,0.06531,0.99249,0.10150,0.2868
1582180239.914552,-0.02032,0.06531,0.99249,0.10156,0.2868
1582180239.919957,-0.02032,0.06525,0.99249,0.10156,0.2868
1582180239.925009,-0.02032,0.06525,0.99249,0.10156,0.2868
1582180239.93172,-0.02032,0.06525,0.99249,0.10162,0.2868
1582180239.936175,-0.02032,0.06519,0.99249,0.10168,0.2868
1582180239.9417799,-0.02032,0.06519,0.99249,0.10175,0.2868
1582180239.947204,-0.02032,0.06519,0.99243,0.10181,0.2868
1582180239.953696,-0.02032,0.06512,0.99243,0.10187,0.2868
1582180239.9586508,-0.02032,0.06512,0.99243,0.10193,0.2868
1582180239.964428,-0.02032,0.06512,0.99243,0.10199,0.2868
1582180239.969701,-0.02032,0.06506,0.99243,0.10205,0.2868
1582180239.9757838,-0.02032,0.06500,0.99243,0.10211,0.2868
1582180239.980136,-0.02032,0.06500,0.99243,0.10217,0.2868
1582180239.986051,-0.02032,0.06494,0.99243,0.10229,0.2868
1582180239.991466,-0.02032,0.06482,0.99243,0.10242,0.2868
1582180239.99742,-0.02032,0.06476,0.99243,0.10254,0.2868
1582180240.002871,-0.02032,0.06470,0.99243,0.10260,0.2868
1582180240.008354,-0.02032,0.06470,0.99243,0.10266,0.2868
1582180240.014802,-0.02032,0.06464,0.99237,0.10272,0.2868
1582180240.021899,-0.02039,0.06458,0.99237,0.10284,0.2868
1582180240.0258691,-0.02039,0.06451,0.99237,0.10291,0.2868
1582180240.029707,-0.02039,0.06445,0.99237,0.10297,0.2868
1582180240.034942,-0.02039,0.06439,0.99237,0.10303,0.2868
1582180240.0406458,-0.02039,0.06433,0.99237,0.10309,0.2868
1582180240.046249,-0.02045,0.06427,0.99237,0.10315,0.2868
1582180240.051357,-0.02045,0.06421,0.99237,0.10321,0.2868
1582180240.057055,-0.02051,0.06415,0.99237,0.10327,0.2868
1582180240.062895,-0.02051,0.06409,0.99237,0.10327,0.2868
1582180240.068861,-0.02051,0.06403,0.99237,0.10333,0.2868
1582180240.074362,-0.02051,0.06403,0.99237,0.10333,0.2868
1582180240.07993,-0.02057,0.06396,0.99237,0.10333,0.2868
1582180240.085417,-0.02057,0.06390,0.99237,0.10333,0.2868
1582180240.091841,-0.02057,0.06390,0.99237,0.10339,0.2868
1582180240.096023,-0.02063,0.06378,0.99237,0.10339,0.2868
1582180240.101506,-0.02063,0.06378,0.99237,0.10345,0.2868
1582180240.1083462,-0.02063,0.06378,0.99237,0.10345,0.2868
1582180240.112561,-0.02063,0.06372,0.99237,0.10345,0.2868
1582180240.118413,-0.02063,0.06372,0.99237,0.10345,0.2868
1582180240.123826,-0.02063,0.06372,0.99237,0.10352,0.2868
1582180240.129696,-0.02063,0.06366,0.99237,0.10352,0.2868
1582180240.1351502,-0.02063,0.06366,0.99237,0.10352,0.2868
1582180240.139888,-0.02063,0.06366,0.99237,0.10358,0.2868
1582180240.145122,-0.02063,0.06360,0.99237,0.10358,0.2868
1582180240.151401,-0.02063,0.06360,0.99237,0.10358,0.2868
1582180240.156342,-0.02057,0.06354,0.99237,0.10364,0.2868
1582180240.16203,-0.02057,0.06360,0.99237,0.10364,0.2868
1582180240.1682749,-0.02057,0.06360,0.99237,0.10364,0.2868
1582180240.1737,-0.02057,0.06360,0.99237,0.10370,0.2868
1582180240.179731,-0.02063,0.06360,0.99237,0.10370,0.2868
1582180240.184478,-0.02063,0.06360,0.99237,0.10376,0.2868
1582180240.190722,-0.02063,0.06366,0.99237,0.10376,0.2868
1582180240.194898,-0.02069,0.06366,0.99237,0.10382,0.2868
1582180240.200864,-0.02069,0.06366,0.99231,0.10382,0.2868
1582180240.20611,-0.02081,0.06366,0.99231,0.10394,0.2868
1582180240.211125,-0.02081,0.06366,0.99231,0.10400,0.2868
1582180240.217155,-0.02087,0.06360,0.99231,0.10406,0.2868
1582180240.2226188,-0.02094,0.06360,0.99231,0.10413,0.2868
1582180240.22863,-0.02094,0.06360,0.99231,0.10413,0.2868
1582180240.234158,-0.02100,0.06360,0.99231,0.10419,0.2868
1582180240.239329,-0.02100,0.06360,0.99231,0.10419,0.2868
1582180240.244603,-0.02100,0.06360,0.99231,0.10425,0.2868
1582180240.249975,-0.02100,0.06360,0.99231,0.10425,0.2868
1582180240.255832,-0.02100,0.06360,0.99231,0.10431,0.2868
1582180240.2614179,-0.02106,0.06360,0.99231,0.10431,0.2868
1582180240.2665339,-0.02106,0.06360,0.99231,0.10437,0.2868
1582180240.2717261,-0.02112,0.06360,0.99231,0.10437,0.2868
1582180240.277795,-0.02112,0.06354,0.99225,0.10437,0.2868
1582180240.283865,-0.02112,0.06354,0.99225,0.10443,0.2868
1582180240.288755,-0.02112,0.06354,0.99225,0.10443,0.2868
1582180240.294323,-0.02106,0.06354,0.99225,0.10443,0.2868
1582180240.299893,-0.02106,0.06354,0.99231,0.10443,0.2868
1582180240.305734,-0.02106,0.06348,0.99231,0.10437,0.2868
1582180240.310493,-0.02106,0.06348,0.99231,0.10437,0.2868
1582180240.315933,-0.02106,0.06348,0.99231,0.10437,0.2869
1582180240.321301,-0.02106,0.06348,0.99231,0.10431,0.2869
1582180240.3277068,-0.02106,0.06348,0.99231,0.10431,0.2869
1582180240.3333812,-0.02112,0.06348,0.99231,0.10425,0.2869
1582180240.3385851,-0.02112,0.06348,0.99231,0.10425,0.2869
1582180240.344429,-0.02112,0.06348,0.99231,0.10419,0.2869
1582180240.349754,-0.02112,0.06348,0.99231,0.10413,0.2869
1582180240.355061,-0.02118,0.06348,0.99231,0.10413,0.2869
1582180240.360922,-0.02118,0.06348,0.99231,0.10406,0.2869
1582180240.3663108,-0.02118,0.06348,0.99231,0.10394,0.2869
1582180240.372214,-0.02124,0.06348,0.99231,0.10388,0.2869
1582180240.377253,-0.02124,0.06348,0.99231,0.10388,0.2869
1582180240.3842618,-0.02124,0.06348,0.99237,0.10382,0.2869
1582180240.388928,-0.02130,0.06354,0.99237,0.10376,0.2869
1582180240.39417,-0.02130,0.06354,0.99237,0.10370,0.2869
1582180240.399511,-0.02130,0.06354,0.99237,0.10370,0.2869
1582180240.406891,-0.02130,0.06354,0.99237,0.10364,0.2869
1582180240.410623,-0.02136,0.06360,0.99237,0.10358,0.2869
1582180240.4166558,-0.02136,0.06366,0.99237,0.10352,0.2869
1582180240.421649,-0.02142,0.06372,0.99237,0.10352,0.2869
1582180240.42819,-0.02142,0.06372,0.99237,0.10352,0.2869
1582180240.432537,-0.02142,0.06378,0.99237,0.10345,0.2869
1582180240.438816,-0.02142,0.06378,0.99237,0.10345,0.2869
1582180240.444148,-0.02148,0.06378,0.99237,0.10345,0.2869
1582180240.449013,-0.02148,0.06384,0.99237,0.10345,0.2869
1582180240.454484,-0.02148,0.06384,0.99237,0.10345,0.2869
1582180240.4601011,-0.02148,0.06384,0.99237,0.10352,0.2869
1582180240.4667048,-0.02148,0.06384,0.99237,0.10352,0.2869
1582180240.470904,-0.02148,0.06390,0.99231,0.10352,0.2869
1582180240.476094,-0.02148,0.06390,0.99231,0.10358,0.2869
1582180240.483576,-0.02142,0.06390,0.99231,0.10358,0.2869
1582180240.4882612,-0.02142,0.06390,0.99231,0.10358,0.2869
1582180240.4936981,-0.02142,0.06396,0.99231,0.10364,0.2869
1582180240.499229,-0.02142,0.06390,0.99231,0.10364,0.2869
1582180240.504611,-0.02142,0.06396,0.99231,0.10364,0.2869
1582180240.509602,-0.02136,0.06390,0.99231,0.10364,0.2869
1582180240.5150561,-0.02136,0.06390,0.99231,0.10364,0.2869
1582180240.521224,-0.02136,0.06396,0.99231,0.10364,0.2869
1582180240.526183,-0.02130,0.06390,0.99231,0.10364,0.2869
1582180240.53526,-0.02130,0.06390,0.99231,0.10364,0.2869
1582180240.5377011,-0.02130,0.06390,0.99231,0.10364,0.2869
1582180240.5441222,-0.02130,0.06390,0.99231,0.10364,0.2869
1582180240.548813,-0.02130,0.06390,0.99231,0.10358,0.2869
1582180240.554163,-0.02130,0.06390,0.99231,0.10358,0.2869
1582180240.559293,-0.02130,0.06396,0.99231,0.10358,0.2869
1582180240.564634,-0.02130,0.06396,0.99231,0.10358,0.2869
1582180240.569958,-0.02130,0.06396,0.99231,0.10352,0.2869
1582180240.575711,-0.02130,0.06396,0.99231,0.10352,0.2869
1582180240.581032,-0.02124,0.06396,0.99237,0.10345,0.2869
1582180240.5864608,-0.02124,0.06403,0.99237,0.10345,0.2869
1582180240.591775,-0.02124,0.06403,0.99237,0.10345,0.2869
1582180240.597544,-0.02124,0.06403,0.99237,0.10345,0.2869
1582180240.604,-0.02124,0.06403,0.99237,0.10339,0.2869
1582180240.608703,-0.02124,0.06403,0.99237,0.10339,0.2869
1582180240.614123,-0.02124,0.06403,0.99237,0.10339,0.2869
1582180240.620183,-0.02124,0.06409,0.99237,0.10339,0.2869
1582180240.624819,-0.02124,0.06409,0.99237,0.10339,0.2869
1582180240.630781,-0.02124,0.06409,0.99237,0.10339,0.2869
1582180240.6360629,-0.02118,0.06409,0.99237,0.10345,0.2869
1582180240.642007,-0.02118,0.06415,0.99237,0.10345,0.2869
1582180240.647839,-0.02118,0.06415,0.99231,0.10345,0.2869
1582180240.653601,-0.02118,0.06415,0.99231,0.10352,0.2869
1582180240.6593668,-0.02112,0.06415,0.99231,0.10352,0.2869
1582180240.664394,-0.02112,0.06421,0.99231,0.10352,0.2869
1582180240.6716218,-0.02112,0.06421,0.99231,0.10358,0.2869
1582180240.675485,-0.02112,0.06421,0.99231,0.10358,0.2869
1582180240.681513,-0.02106,0.06421,0.99231,0.10364,0.2869
1582180240.687855,-0.02106,0.06421,0.99231,0.10364,0.2869
1582180240.693144,-0.02106,0.06427,0.99231,0.10370,0.2869
1582180240.7006762,-0.02106,0.06427,0.99231,0.10370,0.2869
1582180240.704532,-0.02100,0.06427,0.99231,0.10370,0.2869
1582180240.709444,-0.02100,0.06433,0.99231,0.10370,0.2869
1582180240.7148721,-0.02100,0.06433,0.99231,0.10376,0.2869
1582180240.720892,-0.02100,0.06433,0.99231,0.10376,0.2869
1582180240.72577,-0.02100,0.06439,0.99231,0.10376,0.2869
1582180240.731864,-0.02100,0.06445,0.99231,0.10376,0.2869
1582180240.736771,-0.02100,0.06445,0.99231,0.10376,0.2869
1582180240.7420878,-0.02100,0.06445,0.99231,0.10376,0.2870
1582180240.748296,-0.02100,0.06451,0.99231,0.10376,0.2870
1582180240.753456,-0.02100,0.06451,0.99231,0.10376,0.2870
1582180240.759721,-0.02100,0.06458,0.99231,0.10370,0.2870
1582180240.7642891,-0.02100,0.06458,0.99231,0.10370,0.2870
1582180240.769658,-0.02100,0.06458,0.99231,0.10370,0.2870
1582180240.77515,-0.02106,0.06458,0.99231,0.10370,0.2870
1582180240.780958,-0.02106,0.06464,0.99231,0.10370,0.2870
1582180240.786207,-0.02106,0.06464,0.99231,0.10370,0.2870
1582180240.7922912,-0.02106,0.06470,0.99231,0.10370,0.2870
1582180240.797952,-0.02106,0.06470,0.99231,0.10364,0.2870
1582180240.803796,-0.02106,0.06470,0.99231,0.10364,0.2870
1582180240.808964,-0.02106,0.06470,0.99231,0.10364,0.2870
1582180240.814312,-0.02106,0.06476,0.99231,0.10364,0.2870
1582180240.819547,-0.02106,0.06476,0.99231,0.10364,0.2870
1582180240.824828,-0.02106,0.06476,0.99231,0.10364,0.2870
1582180240.8304682,-0.02106,0.06476,0.99231,0.10364,0.2870
1582180240.835723,-0.02100,0.06476,0.99231,0.10358,0.2870
1582180240.841268,-0.02100,0.06476,0.99231,0.10358,0.2870
1582180240.847722,-0.02094,0.06476,0.99231,0.10358,0.2870
1582180240.853132,-0.02094,0.06470,0.99231,0.10358,0.2870
1582180240.858639,-0.02094,0.06470,0.99231,0.10358,0.2870
1582180240.864152,-0.02087,0.06470,0.99231,0.10358,0.2870
1582180240.869714,-0.02087,0.06470,0.99231,0.10358,0.2870
1582180240.874642,-0.02081,0.06470,0.99231,0.10358,0.2870
1582180240.880569,-0.02081,0.06470,0.99231,0.10352,0.2870
1582180240.8860679,-0.02081,0.06470,0.99231,0.10352,0.2870
1582180240.891247,-0.02081,0.06476,0.99231,0.10352,0.2870
1582180240.897235,-0.02081,0.06470,0.99231,0.10352,0.2870
1582180240.9028192,-0.02081,0.06470,0.99231,0.10345,0.2870
1582180240.9084811,-0.02087,0.06470,0.99231,0.10345,0.2870
1582180240.9134028,-0.02087,0.06464,0.99231,0.10345,0.2870
1582180240.919314,-0.02094,0.06464,0.99231,0.10339,0.2870
1582180240.924525,-0.02094,0.06464,0.99231,0.10339,0.2870
1582180240.929596,-0.02094,0.06458,0.99231,0.10333,0.2870
1582180240.93616,-0.02094,0.06458,0.99231,0.10333,0.2870
1582180240.9414809,-0.02094,0.06458,0.99231,0.10321,0.2870
1582180240.9482272,-0.02094,0.06458,0.99237,0.10321,0.2870
1582180240.952571,-0.02094,0.06451,0.99237,0.10315,0.2870
1582180240.958693,-0.02094,0.06451,0.99237,0.10309,0.2871
1582180240.963742,-0.02094,0.06451,0.99237,0.10309,0.2871
1582180240.9696698,-0.02094,0.06451,0.99237,0.10303,0.2871
1582180240.974595,-0.02094,0.06451,0.99237,0.10303,0.2871
1582180240.979593,-0.02087,0.06451,0.99237,0.10297,0.2871
1582180240.985439,-0.02087,0.06451,0.99237,0.10297,0.2871
1582180240.991831,-0.02081,0.06458,0.99237,0.10291,0.2871
1582180240.996057,-0.02075,0.06458,0.99237,0.10291,0.2871
1582180241.001729,-0.02069,0.06458,0.99237,0.10284,0.2871
1582180241.007988,-0.02069,0.06458,0.99237,0.10278,0.2871
1582180241.013643,-0.02063,0.06464,0.99237,0.10272,0.2871
1582180241.0187252,-0.02057,0.06464,0.99237,0.10272,0.2871
1582180241.0241559,-0.02051,0.06470,0.99237,0.10266,0.2871
1582180241.029501,-0.02051,0.06470,0.99243,0.10260,0.2871
1582180241.034809,-0.02045,0.06476,0.99243,0.10260,0.2871
1582180241.040591,-0.02045,0.06482,0.99243,0.10254,0.2871
1582180241.04578,-0.02039,0.06488,0.99243,0.10242,0.2871
1582180241.051198,-0.02039,0.06488,0.99243,0.10236,0.2871
1582180241.056619,-0.02039,0.06494,0.99243,0.10229,0.2871
1582180241.062476,-0.02039,0.06494,0.99243,0.10217,0.2871
1582180241.068453,-0.02045,0.06500,0.99243,0.10211,0.2871
1582180241.074922,-0.02045,0.06500,0.99243,0.10205,0.2871
1582180241.0792599,-0.02045,0.06506,0.99243,0.10199,0.2871
1582180241.0848799,-0.02045,0.06506,0.99243,0.10193,0.2871
1582180241.090734,-0.02045,0.06512,0.99243,0.10193,0.2871
1582180241.0957482,-0.02045,0.06525,0.99243,0.10181,0.2871
1582180241.10126,-0.02045,0.06525,0.99243,0.10175,0.2871
1582180241.108029,-0.02045,0.06531,0.99243,0.10168,0.2871
1582180241.112732,-0.02045,0.06537,0.99243,0.10162,0.2871
1582180241.118561,-0.02045,0.06537,0.99243,0.10162,0.2871
1582180241.1236742,-0.02051,0.06543,0.99249,0.10156,0.2871
1582180241.131681,-0.02051,0.06549,0.99249,0.10150,0.2871
1582180241.134455,-0.02051,0.06549,0.99249,0.10150,0.2871
1582180241.139652,-0.02051,0.06555,0.99249,0.10150,0.2871
1582180241.145535,-0.02051,0.06555,0.99249,0.10144,0.2871
1582180241.152054,-0.02051,0.06561,0.99249,0.10144,0.2871
1582180241.156947,-0.02051,0.06561,0.99249,0.10138,0.2871
1582180241.1631172,-0.02051,0.06567,0.99249,0.10138,0.2871
1582180241.168864,-0.02051,0.06567,0.99249,0.10138,0.2871
1582180241.174056,-0.02051,0.06567,0.99249,0.10132,0.2871
1582180241.179421,-0.02051,0.06567,0.99249,0.10132,0.2871
1582180241.1854908,-0.02051,0.06561,0.99249,0.10132,0.2871
1582180241.190572,-0.02051,0.06561,0.99249,0.10132,0.2871
1582180241.195869,-0.02051,0.06555,0.99249,0.10126,0.2871
1582180241.202162,-0.02051,0.06555,0.99249,0.10126,0.2871
1582180241.20793,-0.02051,0.06549,0.99249,0.10126,0.2871
1582180241.213252,-0.02045,0.06549,0.99249,0.10126,0.2871
1582180241.218478,-0.02045,0.06543,0.99249,0.10126,0.2871
1582180241.224285,-0.02045,0.06543,0.99249,0.10126,0.2871
1582180241.233061,-0.02045,0.06543,0.99249,0.10126,0.2871
1582180241.236501,-0.02045,0.06537,0.99249,0.10120,0.2871
1582180241.2408772,-0.02039,0.06531,0.99249,0.10120,0.2871
1582180241.245892,-0.02039,0.06531,0.99249,0.10114,0.2871
1582180241.2521012,-0.02039,0.06531,0.99249,0.10114,0.2871
1582180241.2575948,-0.02039,0.06525,0.99255,0.10107,0.2871
1582180241.263144,-0.02039,0.06525,0.99255,0.10107,0.2871
1582180241.268971,-0.02032,0.06519,0.99255,0.10107,0.2871
1582180241.275816,-0.02032,0.06519,0.99255,0.10101,0.2871
1582180241.279326,-0.02032,0.06512,0.99255,0.10101,0.2871
1582180241.284637,-0.02032,0.06506,0.99255,0.10095,0.2871
1582180241.290386,-0.02032,0.06506,0.99255,0.10095,0.2871
1582180241.2966862,-0.02032,0.06494,0.99255,0.10095,0.2871
1582180241.3012512,-0.02032,0.06488,0.99255,0.10095,0.2871
1582180241.307849,-0.02026,0.06488,0.99255,0.10095,0.2871
1582180241.312979,-0.02026,0.06482,0.99255,0.10095,0.2871
1582180241.318083,-0.02026,0.06476,0.99255,0.10095,0.2871
1582180241.3238661,-0.02026,0.06470,0.99255,0.10095,0.2871
1582180241.3288682,-0.02026,0.06464,0.99255,0.10095,0.2871
1582180241.3340108,-0.02026,0.06458,0.99261,0.10095,0.2871
1582180241.3393762,-0.02026,0.06451,0.99261,0.10095,0.2871
1582180241.345137,-0.02026,0.06445,0.99261,0.10101,0.2871
1582180241.3504598,-0.02020,0.06433,0.99261,0.10101,0.2871
1582180241.356949,-0.02020,0.06427,0.99261,0.10107,0.2871
1582180241.361213,-0.02020,0.06421,0.99261,0.10114,0.2871
1582180241.367626,-0.02014,0.06415,0.99261,0.10114,0.2871
1582180241.372706,-0.02014,0.06409,0.99261,0.10120,0.2871
1582180241.3781602,-0.02014,0.06403,0.99261,0.10120,0.2871
1582180241.3844988,-0.02014,0.06396,0.99261,0.10126,0.2872
1582180241.389399,-0.02014,0.06390,0.99261,0.10132,0.2872
1582180241.3958101,-0.02008,0.06384,0.99261,0.10132,0.2872
1582180241.401671,-0.02008,0.06378,0.99261,0.10138,0.2872
1582180241.4058409,-0.02008,0.06366,0.99261,0.10144,0.2872
1582180241.412121,-0.02008,0.06366,0.99261,0.10144,0.2872
1582180241.419761,-0.02008,0.06360,0.99261,0.10150,0.2872
1582180241.423305,-0.02002,0.06354,0.99261,0.10150,0.2872
1582180241.4286668,-0.02002,0.06348,0.99261,0.10156,0.2872
1582180241.433973,-0.02002,0.06342,0.99261,0.10156,0.2872
1582180241.4393542,-0.02002,0.06342,0.99261,0.10156,0.2872
1582180241.4448159,-0.02002,0.06335,0.99261,0.10162,0.2872
1582180241.4504519,-0.02002,0.06335,0.99261,0.10162,0.2872
1582180241.455619,-0.02002,0.06323,0.99261,0.10162,0.2872
1582180241.462046,-0.02002,0.06323,0.99261,0.10168,0.2872
1582180241.467901,-0.02002,0.06317,0.99261,0.10168,0.2872
1582180241.473126,-0.02002,0.06311,0.99261,0.10168,0.2872
1582180241.479094,-0.02002,0.06311,0.99261,0.10168,0.2872
1582180241.484086,-0.02008,0.06305,0.99261,0.10168,0.2872
1582180241.489465,-0.02008,0.06299,0.99261,0.10168,0.2872
1582180241.495977,-0.02008,0.06293,0.99261,0.10168,0.2872
1582180241.501054,-0.02014,0.06287,0.99261,0.10168,0.2872
1582180241.507091,-0.02014,0.06281,0.99261,0.10168,0.2872
1582180241.512906,-0.02008,0.06281,0.99261,0.10168,0.2872
1582180241.518371,-0.02008,0.06274,0.99261,0.10168,0.2872
1582180241.523704,-0.02008,0.06274,0.99261,0.10168,0.2872
1582180241.5289621,-0.02008,0.06268,0.99261,0.10168,0.2872
1582180241.534606,-0.02008,0.06268,0.99261,0.10168,0.2872
1582180241.540163,-0.02008,0.06262,0.99261,0.10168,0.2872
1582180241.5455968,-0.02002,0.06262,0.99261,0.10168,0.2872
1582180241.551719,-0.02002,0.06256,0.99261,0.10168,0.2872
1582180241.557732,-0.01996,0.06256,0.99268,0.10168,0.2872
1582180241.5649438,-0.01996,0.06256,0.99268,0.10168,0.2872
1582180241.5681229,-0.01990,0.06256,0.99268,0.10168,0.2872
1582180241.57361,-0.01990,0.06250,0.99268,0.10168,0.2872
1582180241.579861,-0.01984,0.06256,0.99268,0.10168,0.2872
1582180241.584097,-0.01984,0.06256,0.99268,0.10162,0.2872
1582180241.589609,-0.01984,0.06262,0.99268,0.10162,0.2872
1582180241.596017,-0.01978,0.06262,0.99268,0.10162,0.2872
1582180241.6016629,-0.01984,0.06268,0.99268,0.10156,0.2872
1582180241.6068301,-0.01984,0.06268,0.99268,0.10156,0.2872
1582180241.6123872,-0.01990,0.06268,0.99268,0.10156,0.2872
1582180241.61804,-0.01990,0.06268,0.99268,0.10156,0.2872
1582180241.623383,-0.01996,0.06262,0.99268,0.10156,0.2872
1582180241.6288629,-0.02002,0.06262,0.99268,0.10156,0.2872
1582180241.63404,-0.02008,0.06256,0.99268,0.10156,0.2872
1582180241.639542,-0.02008,0.06256,0.99268,0.10156,0.2872
1582180241.645476,-0.02014,0.06250,0.99268,0.10150,0.2872
1582180241.650579,-0.02020,0.06244,0.99268,0.10150,0.2872
1582180241.656346,-0.02020,0.06244,0.99268,0.10150,0.2872
1582180241.66131,-0.02020,0.06244,0.99268,0.10150,0.2872
1582180241.667119,-0.02020,0.06244,0.99268,0.10150,0.2872
1582180241.6730812,-0.02020,0.06244,0.99268,0.10150,0.2872
1582180241.6801841,-0.02020,0.06244,0.99268,0.10150,0.2872
1582180241.6836622,-0.02020,0.06250,0.99268,0.10156,0.2872
1582180241.68903,-0.02020,0.06250,0.99268,0.10156,0.2872
1582180241.694367,-0.02014,0.06250,0.99268,0.10156,0.2872
1582180241.7001028,-0.02014,0.06250,0.99268,0.10162,0.2872
1582180241.705467,-0.02008,0.06256,0.99268,0.10162,0.2872
1582180241.71094,-0.02002,0.06256,0.99268,0.10162,0.2872
1582180241.716099,-0.02002,0.06256,0.99268,0.10162,0.2872
1582180241.721326,-0.01996,0.06256,0.99268,0.10162,0.2872
1582180241.726645,-0.01996,0.06256,0.99268,0.10162,0.2872
1582180241.7321181,-0.01996,0.06256,0.99268,0.10162,0.2872
1582180241.7379231,-0.01996,0.06256,0.99268,0.10162,0.2872
1582180241.743621,-0.01996,0.06256,0.99268,0.10162,0.2872
1582180241.7487621,-0.01996,0.06256,0.99268,0.10162,0.2872
1582180241.753949,-0.01996,0.06256,0.99268,0.10156,0.2872
1582180241.759552,-0.02002,0.06250,0.99268,0.10156,0.2872
1582180241.765569,-0.02002,0.06250,0.99268,0.10156,0.2872
1582180241.7716942,-0.02008,0.06244,0.99268,0.10150,0.2872
1582180241.779163,-0.02008,0.06238,0.99268,0.10144,0.2872
1582180241.7817311,-0.02008,0.06238,0.99268,0.10138,0.2872
1582180241.7879949,-0.02014,0.06238,0.99268,0.10138,0.2872
1582180241.793026,-0.02014,0.06238,0.99268,0.10132,0.2872
1582180241.798707,-0.02020,0.06238,0.99268,0.10132,0.2873
1582180241.803974,-0.02020,0.06232,0.99268,0.10126,0.2873
1582180241.8090858,-0.02020,0.06238,0.99268,0.10126,0.2873
1582180241.814822,-0.02026,0.06238,0.99268,0.10120,0.2873
1582180241.820197,-0.02026,0.06238,0.99268,0.10120,0.2873
1582180241.826699,-0.02032,0.06238,0.99268,0.10120,0.2873
1582180241.831944,-0.02032,0.06238,0.99268,0.10120,0.2873
1582180241.836997,-0.02032,0.06238,0.99268,0.10120,0.2873
1582180241.842943,-0.02039,0.06238,0.99268,0.10120,0.2873
1582180241.8484879,-0.02039,0.06238,0.99268,0.10120,0.2873
1582180241.853666,-0.02039,0.06232,0.99268,0.10120,0.2873
1582180241.858985,-0.02039,0.06232,0.99268,0.10120,0.2873
1582180241.864201,-0.02039,0.06232,0.99268,0.10126,0.2873
1582180241.870052,-0.02039,0.06232,0.99268,0.10132,0.2873
1582180241.876053,-0.02039,0.06226,0.99268,0.10138,0.2873
1582180241.8816352,-0.02039,0.06219,0.99268,0.10138,0.2873
1582180241.8873081,-0.02039,0.06219,0.99268,0.10144,0.2873
1582180241.893078,-0.02039,0.06213,0.99268,0.10144,0.2873
1582180241.898771,-0.02039,0.06213,0.99268,0.10150,0.2873
1582180241.9041228,-0.02039,0.06207,0.99268,0.10156,0.2873
1582180241.909318,-0.02039,0.06201,0.99268,0.10156,0.2873
1582180241.9160151,-0.02039,0.06201,0.99268,0.10162,0.2873
1582180241.920473,-0.02039,0.06195,0.99268,0.10162,0.2873
1582180241.9266932,-0.02032,0.06189,0.99268,0.10168,0.2873
1582180241.9320982,-0.02032,0.06189,0.99268,0.10168,0.2873
1582180241.937748,-0.02032,0.06183,0.99268,0.10168,0.2873
1582180241.943158,-0.02032,0.06183,0.99268,0.10175,0.2873
1582180241.949497,-0.02032,0.06177,0.99268,0.10175,0.2873
1582180241.955772,-0.02032,0.06177,0.99268,0.10175,0.2873
1582180241.9590778,-0.02032,0.06177,0.99268,0.10175,0.2873
1582180241.96486,-0.02032,0.06171,0.99268,0.10168,0.2873
1582180241.970207,-0.02032,0.06171,0.99268,0.10168,0.2873
1582180241.977667,-0.02032,0.06165,0.99268,0.10168,0.2873
1582180241.9816031,-0.02032,0.06158,0.99268,0.10168,0.2873
1582180241.987303,-0.02032,0.06158,0.99268,0.10168,0.2873
1582180241.994721,-0.02032,0.06152,0.99268,0.10168,0.2873
1582180241.998487,-0.02032,0.06152,0.99268,0.10168,0.2873
1582180242.003776,-0.02032,0.06146,0.99274,0.10168,0.2873
1582180242.009263,-0.02032,0.06146,0.99274,0.10168,0.2873
1582180242.014326,-0.02032,0.06140,0.99274,0.10168,0.2874
1582180242.020113,-0.02032,0.06140,0.99274,0.10168,0.2874
1582180242.026345,-0.02026,0.06140,0.99274,0.10175,0.2874
1582180242.0308092,-0.02026,0.06140,0.99274,0.10175,0.2874
1582180242.036726,-0.02020,0.06140,0.99274,0.10175,0.2874
1582180242.04209,-0.02020,0.06140,0.99268,0.10175,0.2874
1582180242.048218,-0.02020,0.06140,0.99268,0.10181,0.2874
1582180242.053762,-0.02014,0.06140,0.99268,0.10181,0.2874
1582180242.0586329,-0.02014,0.06140,0.99268,0.10187,0.2874
1582180242.064219,-0.02014,0.06140,0.99268,0.10187,0.2874
1582180242.069739,-0.02008,0.06140,0.99268,0.10193,0.2874
1582180242.075865,-0.02008,0.06140,0.99268,0.10199,0.2874
1582180242.080439,-0.02002,0.06140,0.99268,0.10205,0.2874
1582180242.086472,-0.02002,0.06140,0.99268,0.10211,0.2874
1582180242.09264,-0.02002,0.06140,0.99268,0.10211,0.2874
1582180242.098013,-0.02002,0.06140,0.99268,0.10217,0.2874
1582180242.1034272,-0.01996,0.06140,0.99268,0.10217,0.2874
1582180242.1097631,-0.01996,0.06146,0.99268,0.10223,0.2874
1582180242.1142259,-0.01996,0.06146,0.99268,0.10229,0.2874
1582180242.1195982,-0.01990,0.06146,0.99268,0.10229,0.2874
1582180242.125584,-0.01990,0.06146,0.99268,0.10236,0.2874
1582180242.130562,-0.01990,0.06146,0.99261,0.10242,0.2874
1582180242.135954,-0.01984,0.06146,0.99261,0.10242,0.2874
1582180242.141706,-0.01984,0.06152,0.99261,0.10242,0.2874
1582180242.1478558,-0.01984,0.06152,0.99261,0.10242,0.2874
1582180242.1530602,-0.01978,0.06152,0.99261,0.10248,0.2874
1582180242.159806,-0.01978,0.06152,0.99261,0.10248,0.2874
1582180242.163542,-0.01978,0.06152,0.99261,0.10248,0.2874
1582180242.1695008,-0.01978,0.06158,0.99261,0.10248,0.2874
1582180242.174324,-0.01971,0.06158,0.99261,0.10248,0.2874
1582180242.180087,-0.01971,0.06165,0.99261,0.10248,0.2874
