imu_packets,1258
IMUtimestamp,quatI,quatJ,quatK,quatReal,quatRadianAccuracy
1596526067.853997,B1257816,0.04175,0.02228,-0.99207,0.11646,0.0254
1596526067.859369,B1257821,0.04187,0.02240,-0.99207,0.11639,0.0254
1596526067.86438,B1257827,0.04193,0.02246,-0.99207,0.11633,0.0254
1596526067.868932,B1257832,0.04199,0.02258,-0.99207,0.11627,0.0255
1596526067.874049,B1257837,0.04205,0.02271,-0.99207,0.11621,0.0255
1596526067.8790321,B1257842,0.04211,0.02289,-0.99213,0.11591,0.0255
1596526067.883975,B1257847,0.04218,0.02301,-0.99213,0.11554,0.0255
1596526067.889639,B1257852,0.04224,0.02319,-0.99219,0.11517,0.0254
1596526067.8942442,B1257857,0.04224,0.02332,-0.99219,0.11487,0.0254
1596526067.89937,B1257862,0.04230,0.02344,-0.99219,0.11475,0.0254
1596526067.9049149,B1257867,0.04236,0.02362,-0.99219,0.11469,0.0255
1596526067.910176,B1257872,0.04242,0.02374,-0.99219,0.11462,0.0255
1596526067.914689,B1257877,0.04248,0.02393,-0.99225,0.11456,0.0255
1596526067.919154,B1257882,0.04248,0.02405,-0.99225,0.11426,0.0255
1596526067.925892,B1257887,0.04248,0.02417,-0.99231,0.11389,0.0255
1596526067.929609,B1257892,0.04254,0.02429,-0.99231,0.11359,0.0254
1596526067.936224,B1257898,0.04254,0.02435,-0.99237,0.11322,0.0254
1596526067.942036,B1257903,0.04254,0.02448,-0.99237,0.11316,0.0254
1596526067.946584,B1257909,0.04260,0.02460,-0.99237,0.11316,0.0255
1596526067.951962,B1257915,0.04260,0.02472,-0.99237,0.11310,0.0255
1596526067.957045,B1257920,0.04260,0.02484,-0.99237,0.11310,0.0255
1596526067.9627469,B1257925,0.04266,0.02496,-0.99237,0.11304,0.0255
1596526067.9674098,B1257930,0.04266,0.02502,-0.99237,0.11298,0.0255
1596526067.973631,B1257935,0.04266,0.02515,-0.99237,0.11298,0.0255
1596526067.977943,B1257940,0.04272,0.02527,-0.99237,0.11298,0.0255
1596526067.982919,B1257946,0.04272,0.02539,-0.99237,0.11298,0.0256
1596526067.988018,B1257951,0.04272,0.02551,-0.99237,0.11298,0.0256
1596526067.992928,B1257956,0.04272,0.02563,-0.99237,0.11298,0.0256
1596526067.998512,B1257961,0.04272,0.02576,-0.99237,0.11298,0.0256
1596526068.003158,B1257966,0.04272,0.02588,-0.99237,0.11298,0.0257
1596526068.008306,B1257971,0.04272,0.02594,-0.99231,0.11304,0.0257
1596526068.013773,B1257976,0.04272,0.02606,-0.99231,0.11304,0.0257
1596526068.0189729,B1257981,0.04279,0.02618,-0.99231,0.11310,0.0257
1596526068.0237608,B1257986,0.04279,0.02625,-0.99231,0.11310,0.0257
1596526068.0285828,B1257991,0.04285,0.02631,-0.99231,0.11316,0.0257
1596526068.033559,B1257996,0.04285,0.02637,-0.99231,0.11322,0.0257
1596526068.038671,B1258001,0.04285,0.02637,-0.99231,0.11292,0.0257
1596526068.044456,B1258006,0.04285,0.02637,-0.99237,0.11267,0.0257
1596526068.048498,B1258011,0.04285,0.02637,-0.99237,0.11243,0.0257
1596526068.053333,B1258016,0.04279,0.02637,-0.99243,0.11212,0.0257
1596526068.061321,B1258021,0.04285,0.02637,-0.99243,0.11218,0.0257
1596526068.065217,B1258026,0.04279,0.02643,-0.99243,0.11218,0.0257
1596526068.070237,B1258031,0.04279,0.02643,-0.99243,0.11224,0.0257
1596526068.073924,B1258036,0.04279,0.02643,-0.99243,0.11224,0.0257
1596526068.07882,B1258041,0.04272,0.02643,-0.99243,0.11200,0.0257
1596526068.0839748,B1258046,0.04272,0.02649,-0.99249,0.11169,0.0257
1596526068.0883882,B1258051,0.04266,0.02649,-0.99249,0.11145,0.0257
1596526068.094176,B1258056,0.04260,0.02649,-0.99255,0.11115,0.0257
1596526068.098839,B1258061,0.04260,0.02649,-0.99255,0.11121,0.0257
1596526068.103351,B1258066,0.04254,0.02649,-0.99255,0.11121,0.0257
1596526068.108832,B1258071,0.04254,0.02655,-0.99255,0.11121,0.0257
1596526068.113363,B1258076,0.04248,0.02661,-0.99255,0.11121,0.0257
1596526068.118526,B1258081,0.04248,0.02661,-0.99255,0.11121,0.0258
1596526068.123648,B1258086,0.04242,0.02667,-0.99255,0.11127,0.0258
1596526068.129913,B1258091,0.04242,0.02667,-0.99255,0.11127,0.0258
1596526068.1340601,B1258096,0.04236,0.02673,-0.99255,0.11127,0.0258
1596526068.1386611,B1258101,0.04230,0.02673,-0.99255,0.11133,0.0258
1596526068.14431,B1258106,0.04230,0.02679,-0.99249,0.11133,0.0258
1596526068.150311,B1258112,0.04230,0.02686,-0.99249,0.11139,0.0258
1596526068.154059,B1258117,0.04224,0.02686,-0.99249,0.11139,0.0258
1596526068.158912,B1258122,0.04224,0.02692,-0.99249,0.11145,0.0259
1596526068.165211,B1258127,0.04224,0.02692,-0.99249,0.11145,0.0259
1596526068.1695192,B1258132,0.04224,0.02692,-0.99249,0.11145,0.0259
1596526068.173984,B1258137,0.04224,0.02698,-0.99249,0.11151,0.0259
1596526068.179301,B1258142,0.04218,0.02698,-0.99255,0.11121,0.0259
1596526068.1839302,B1258147,0.04218,0.02692,-0.99255,0.11096,0.0259
1596526068.189161,B1258152,0.04218,0.02692,-0.99261,0.11072,0.0259
1596526068.1944551,B1258157,0.04211,0.02692,-0.99261,0.11041,0.0258
1596526068.198955,B1258162,0.04211,0.02692,-0.99268,0.11017,0.0258
1596526068.2050219,B1258168,0.04211,0.02692,-0.99268,0.10986,0.0258
1596526068.210176,B1258173,0.04205,0.02692,-0.99274,0.10962,0.0258
1596526068.215554,B1258178,0.04205,0.02692,-0.99274,0.10931,0.0258
1596526068.220502,B1258183,0.04199,0.02698,-0.99274,0.10925,0.0258
1596526068.226475,B1258189,0.04199,0.02704,-0.99274,0.10919,0.0258
1596526068.2323542,B1258194,0.04199,0.02710,-0.99274,0.10919,0.0258
1596526068.23726,B1258200,0.04193,0.02722,-0.99280,0.10913,0.0258
1596526068.241808,B1258205,0.04193,0.02728,-0.99280,0.10876,0.0258
1596526068.246969,B1258210,0.04193,0.02740,-0.99286,0.10840,0.0258
1596526068.2523708,B1258215,0.04187,0.02753,-0.99286,0.10797,0.0258
1596526068.2581959,B1258220,0.04187,0.02765,-0.99292,0.10760,0.0258
1596526068.262502,B1258225,0.04187,0.02777,-0.99298,0.10718,0.0258
1596526068.267839,B1258231,0.04187,0.02795,-0.99304,0.10669,0.0258
1596526068.272866,B1258236,0.04193,0.02808,-0.99304,0.10626,0.0257
1596526068.277715,B1258240,0.04193,0.02826,-0.99310,0.10577,0.0257
1596526068.282729,B1258246,0.04199,0.02844,-0.99316,0.10529,0.0257
1596526068.287885,B1258251,0.04205,0.02869,-0.99316,0.10480,0.0257
1596526068.294095,B1258256,0.04211,0.02893,-0.99323,0.10425,0.0257
1596526068.2985148,B1258261,0.04218,0.02924,-0.99329,0.10370,0.0257
1596526068.303958,B1258266,0.04242,0.02985,-0.99329,0.10315,0.0257
1596526068.308586,B1258271,0.04248,0.03015,-0.99335,0.10284,0.0257
1596526068.3144698,B1258277,0.04266,0.03046,-0.99335,0.10254,0.0257
1596526068.319105,B1258281,0.04285,0.03082,-0.99335,0.10217,0.0257
1596526068.323411,B1258286,0.04297,0.03113,-0.99341,0.10187,0.0258
1596526068.3291929,B1258292,0.04315,0.03149,-0.99341,0.10144,0.0258
1596526068.33349,B1258297,0.04333,0.03180,-0.99341,0.10107,0.0258
1596526068.3385432,B1258301,0.04358,0.03217,-0.99347,0.10065,0.0258
1596526068.3443232,B1258306,0.04382,0.03247,-0.99347,0.10022,0.0258
1596526068.349092,B1258311,0.04401,0.03278,-0.99347,0.09979,0.0258
1596526068.353467,B1258317,0.04425,0.03308,-0.99353,0.09930,0.0258
1596526068.3592918,B1258322,0.04449,0.03345,-0.99359,0.09845,0.0258
1596526068.363801,B1258327,0.04474,0.03369,-0.99365,0.09766,0.0258
1596526068.368484,B1258332,0.04498,0.03394,-0.99371,0.09686,0.0258
1596526068.373546,B1258337,0.04523,0.03418,-0.99377,0.09601,0.0258
1596526068.379912,B1258342,0.04541,0.03442,-0.99384,0.09515,0.0257
1596526068.38446,B1258347,0.04565,0.03461,-0.99390,0.09436,0.0257
1596526068.388821,B1258352,0.04578,0.03479,-0.99396,0.09351,0.0257
1596526068.39411,B1258357,0.04602,0.03491,-0.99402,0.09265,0.0257
1596526068.3990772,B1258362,0.04614,0.03510,-0.99408,0.09180,0.0257
1596526068.403929,B1258367,0.04633,0.03522,-0.99414,0.09094,0.0257
1596526068.409142,B1258372,0.04645,0.03528,-0.99420,0.09015,0.0256
1596526068.4140959,B1258377,0.04657,0.03534,-0.99426,0.08936,0.0256
1596526068.4193752,B1258383,0.04669,0.03540,-0.99432,0.08887,0.0256
1596526068.426743,B1258388,0.04675,0.03546,-0.99438,0.08838,0.0257
1596526068.4311922,B1258394,0.04681,0.03546,-0.99438,0.08789,0.0257
1596526068.435961,B1258399,0.04687,0.03546,-0.99445,0.08740,0.0257
1596526068.441345,B1258405,0.04700,0.03546,-0.99451,0.08673,0.0257
1596526068.4466481,B1258410,0.04712,0.03546,-0.99457,0.08600,0.0257
1596526068.451661,B1258415,0.04724,0.03540,-0.99463,0.08527,0.0256
1596526068.457723,B1258420,0.04736,0.03534,-0.99469,0.08459,0.0256
1596526068.462379,B1258425,0.04742,0.03534,-0.99469,0.08411,0.0257
1596526068.467324,B1258430,0.04749,0.03534,-0.99475,0.08368,0.0257
1596526068.4733791,B1258436,0.04749,0.03534,-0.99475,0.08325,0.0257
1596526068.478492,B1258441,0.04749,0.03534,-0.99481,0.08289,0.0257
1596526068.483187,B1258446,0.04755,0.03534,-0.99487,0.08203,0.0257
1596526068.488197,B1258451,0.04749,0.03540,-0.99487,0.08167,0.0257
1596526068.493684,B1258456,0.04749,0.03540,-0.99493,0.08136,0.0258
1596526068.498875,B1258461,0.04742,0.03546,-0.99493,0.08093,0.0258
1596526068.503385,B1258466,0.04742,0.03546,-0.99500,0.08063,0.0258
1596526068.508236,B1258471,0.04736,0.03552,-0.99500,0.08032,0.0258
1596526068.5134609,B1258476,0.04730,0.03558,-0.99506,0.08002,0.0258
1596526068.5184808,B1258481,0.04724,0.03564,-0.99506,0.07965,0.0258
1596526068.523741,B1258487,0.04712,0.03571,-0.99512,0.07935,0.0258
1596526068.528699,B1258492,0.04706,0.03577,-0.99512,0.07898,0.0258
1596526068.533342,B1258497,0.04700,0.03589,-0.99512,0.07874,0.0259
1596526068.5384152,B1258502,0.04694,0.03601,-0.99518,0.07843,0.0259
1596526068.544706,B1258507,0.04687,0.03613,-0.99518,0.07813,0.0259
1596526068.548445,B1258512,0.04681,0.03625,-0.99518,0.07782,0.0259
1596526068.555159,B1258517,0.04675,0.03638,-0.99524,0.07751,0.0260
1596526068.558746,B1258522,0.04675,0.03656,-0.99524,0.07721,0.0260
1596526068.5653539,B1258527,0.04675,0.03674,-0.99524,0.07690,0.0260
1596526068.570521,B1258533,0.04681,0.03687,-0.99530,0.07666,0.0260
1596526068.576278,B1258539,0.04694,0.03711,-0.99530,0.07629,0.0260
1596526068.5820959,B1258545,0.04700,0.03729,-0.99530,0.07599,0.0260
1596526068.5883808,B1258550,0.04712,0.03748,-0.99530,0.07562,0.0260
1596526068.592511,B1258555,0.04736,0.03772,-0.99530,0.07526,0.0261
1596526068.601254,B1258561,0.04755,0.03796,-0.99536,0.07495,0.0261
1596526068.602589,B1258566,0.04779,0.03821,-0.99536,0.07452,0.0261
1596526068.607436,B1258571,0.04803,0.03851,-0.99536,0.07416,0.0261
1596526068.6129978,B1258576,0.04840,0.03882,-0.99536,0.07373,0.0261
1596526068.617533,B1258581,0.04871,0.03912,-0.99536,0.07330,0.0261
1596526068.6225832,B1258586,0.04901,0.03955,-0.99536,0.07288,0.0261
1596526068.628337,B1258591,0.04938,0.03992,-0.99536,0.07239,0.0262
1596526068.633145,B1258596,0.04968,0.04028,-0.99536,0.07196,0.0262
1596526068.6400619,B1258601,0.04993,0.04065,-0.99536,0.07153,0.0262
1596526068.643678,B1258607,0.05048,0.04138,-0.99536,0.07062,0.0263
1596526068.648603,B1258612,0.05072,0.04175,-0.99536,0.07013,0.0263
1596526068.6535292,B1258617,0.05090,0.04211,-0.99536,0.06970,0.0263
1596526068.6585422,B1258622,0.05115,0.04248,-0.99536,0.06927,0.0263
1596526068.663709,B1258627,0.05133,0.04291,-0.99536,0.06879,0.0263
1596526068.669315,B1258632,0.05145,0.04327,-0.99542,0.06830,0.0263
1596526068.673393,B1258637,0.05151,0.04364,-0.99542,0.06793,0.0263
1596526068.678876,B1258642,0.05157,0.04401,-0.99542,0.06744,0.0264
1596526068.683871,B1258647,0.05164,0.04437,-0.99542,0.06702,0.0264
1596526068.689512,B1258652,0.05164,0.04468,-0.99542,0.06659,0.0264
1596526068.6936839,B1258657,0.05157,0.04492,-0.99548,0.06622,0.0264
1596526068.6989791,B1258662,0.05151,0.04529,-0.99548,0.06580,0.0264
1596526068.704184,B1258667,0.05145,0.04553,-0.99548,0.06537,0.0264
1596526068.709735,B1258672,0.05133,0.04578,-0.99548,0.06500,0.0264
1596526068.714,B1258677,0.05115,0.04602,-0.99554,0.06464,0.0264
1596526068.7190971,B1258682,0.05090,0.04626,-0.99554,0.06427,0.0265
1596526068.725538,B1258688,0.05072,0.04645,-0.99561,0.06396,0.0265
1596526068.730902,B1258693,0.05048,0.04657,-0.99561,0.06366,0.0265
1596526068.736491,B1258699,0.05017,0.04675,-0.99561,0.06335,0.0265
1596526068.740923,B1258704,0.04987,0.04694,-0.99567,0.06305,0.0266
1596526068.746722,B1258709,0.04962,0.04700,-0.99567,0.06281,0.0266
1596526068.751369,B1258715,0.04926,0.04712,-0.99573,0.06256,0.0266
1596526068.757689,B1258720,0.04895,0.04718,-0.99573,0.06238,0.0266
1596526068.761996,B1258725,0.04858,0.04724,-0.99579,0.06213,0.0266
1596526068.76755,B1258730,0.04822,0.04730,-0.99579,0.06201,0.0266
1596526068.773092,B1258736,0.04785,0.04730,-0.99579,0.06183,0.0266
1596526068.7778828,B1258741,0.04755,0.04730,-0.99585,0.06177,0.0267
1596526068.782732,B1258746,0.04718,0.04730,-0.99585,0.06165,0.0267
1596526068.787325,B1258751,0.04687,0.04724,-0.99591,0.06158,0.0267
1596526068.792487,B1258756,0.04657,0.04712,-0.99591,0.06152,0.0267
1596526068.797793,B1258761,0.04626,0.04694,-0.99591,0.06146,0.0267
1596526068.802751,B1258766,0.04602,0.04669,-0.99597,0.06146,0.0267
1596526068.808492,B1258771,0.04572,0.04633,-0.99597,0.06146,0.0267
1596526068.813401,B1258776,0.04547,0.04590,-0.99603,0.06152,0.0267
1596526068.818509,B1258782,0.04523,0.04535,-0.99603,0.06158,0.0268
1596526068.8252559,B1258787,0.04474,0.04407,-0.99609,0.06177,0.0268
1596526068.8291829,B1258792,0.04449,0.04340,-0.99615,0.06189,0.0269
1596526068.835101,B1258797,0.04431,0.04272,-0.99615,0.06201,0.0269
1596526068.8404129,B1258803,0.04413,0.04205,-0.99622,0.06219,0.0269
1596526068.845458,B1258809,0.04395,0.04132,-0.99622,0.06238,0.0269
1596526068.8531468,B1258814,0.04382,0.04065,-0.99628,0.06262,0.0269
1596526068.8556008,B1258819,0.04370,0.04004,-0.99628,0.06287,0.0269
1596526068.861834,B1258824,0.04364,0.03943,-0.99628,0.06311,0.0269
1596526068.866245,B1258830,0.04358,0.03888,-0.99628,0.06335,0.0269
1596526068.871853,B1258835,0.04352,0.03833,-0.99628,0.06360,0.0270
1596526068.8767931,B1258840,0.04352,0.03778,-0.99628,0.06390,0.0270
1596526068.883473,B1258845,0.04346,0.03723,-0.99628,0.06415,0.0270
1596526068.887845,B1258850,0.04346,0.03680,-0.99628,0.06445,0.0271
1596526068.892673,B1258855,0.04346,0.03632,-0.99628,0.06470,0.0271
1596526068.8977852,B1258861,0.04340,0.03601,-0.99628,0.06494,0.0271
1596526068.903193,B1258866,0.04340,0.03558,-0.99628,0.06525,0.0271
1596526068.907373,B1258871,0.04333,0.03528,-0.99628,0.06549,0.0271
1596526068.91363,B1258876,0.04327,0.03497,-0.99628,0.06580,0.0271
1596526068.919755,B1258881,0.04315,0.03473,-0.99628,0.06604,0.0271
1596526068.922961,B1258886,0.04309,0.03455,-0.99628,0.06628,0.0271
1596526068.9281201,B1258891,0.04297,0.03442,-0.99628,0.06653,0.0272
1596526068.9329422,B1258896,0.04272,0.03430,-0.99628,0.06702,0.0272
1596526068.938664,B1258901,0.04260,0.03430,-0.99628,0.06696,0.0272
1596526068.943821,B1258906,0.04248,0.03430,-0.99628,0.06689,0.0271
1596526068.94865,B1258912,0.04236,0.03442,-0.99628,0.06677,0.0271
1596526068.954175,B1258917,0.04224,0.03448,-0.99628,0.06665,0.0271
1596526068.958611,B1258922,0.04211,0.03461,-0.99628,0.06689,0.0271
1596526068.963679,B1258927,0.04193,0.03467,-0.99628,0.06702,0.0271
1596526068.968991,B1258932,0.04175,0.03479,-0.99628,0.06720,0.0271
1596526068.973321,B1258937,0.04163,0.03485,-0.99628,0.06738,0.0272
1596526068.979498,B1258942,0.04150,0.03497,-0.99622,0.06750,0.0272
1596526068.9836102,B1258947,0.04138,0.03503,-0.99622,0.06763,0.0272
1596526068.989015,B1258952,0.04132,0.03510,-0.99622,0.06769,0.0272
1596526068.993694,B1258957,0.04132,0.03510,-0.99622,0.06775,0.0272
1596526068.9991229,B1258962,0.04132,0.03516,-0.99622,0.06781,0.0272
1596526069.0056949,B1258967,0.04132,0.03516,-0.99622,0.06781,0.0272
1596526069.01175,B1258972,0.04138,0.03510,-0.99622,0.06775,0.0272
1596526069.015197,B1258977,0.04150,0.03503,-0.99622,0.06769,0.0273
1596526069.0207622,B1258983,0.04163,0.03497,-0.99622,0.06757,0.0273
1596526069.025773,B1258989,0.04175,0.03485,-0.99622,0.06744,0.0273
1596526069.0316339,B1258994,0.04193,0.03473,-0.99628,0.06726,0.0273
1596526069.0363038,B1258999,0.04205,0.03461,-0.99628,0.06702,0.0274
1596526069.04152,B1259005,0.04218,0.03442,-0.99628,0.06677,0.0274
1596526069.046885,B1259010,0.04230,0.03430,-0.99628,0.06647,0.0274
1596526069.053269,B1259015,0.04242,0.03412,-0.99634,0.06616,0.0274
1596526069.057356,B1259021,0.04254,0.03394,-0.99634,0.06586,0.0274
1596526069.064082,B1259026,0.04260,0.03375,-0.99640,0.06543,0.0274
1596526069.0677161,B1259031,0.04272,0.03363,-0.99640,0.06500,0.0274
1596526069.072341,B1259036,0.04279,0.03351,-0.99646,0.06458,0.0274
1596526069.0803359,B1259041,0.04285,0.03339,-0.99646,0.06421,0.0275
1596526069.082654,B1259046,0.04291,0.03326,-0.99646,0.06366,0.0275
1596526069.090013,B1259051,0.04297,0.03326,-0.99652,0.06323,0.0275
1596526069.093583,B1259056,0.04309,0.03320,-0.99658,0.06226,0.0275
1596526069.098552,B1259061,0.04315,0.03326,-0.99658,0.06177,0.0275
1596526069.104476,B1259066,0.04321,0.03333,-0.99664,0.06128,0.0275
1596526069.108276,B1259072,0.04327,0.03339,-0.99664,0.06085,0.0275
1596526069.1136808,B1259077,0.04333,0.03345,-0.99664,0.06036,0.0276
1596526069.1183019,B1259082,0.04340,0.03357,-0.99670,0.05988,0.0276
1596526069.1236138,B1259087,0.04346,0.03363,-0.99670,0.05945,0.0276
1596526069.130069,B1259092,0.04346,0.03375,-0.99677,0.05902,0.0277
1596526069.133538,B1259097,0.04346,0.03387,-0.99677,0.05859,0.0277
1596526069.139287,B1259103,0.04340,0.03406,-0.99677,0.05817,0.0277
1596526069.1450272,B1259108,0.04333,0.03418,-0.99683,0.05786,0.0277
1596526069.150889,B1259114,0.04321,0.03436,-0.99683,0.05743,0.0277
1596526069.1555572,B1259119,0.04315,0.03448,-0.99683,0.05713,0.0277
1596526069.161472,B1259125,0.04297,0.03467,-0.99683,0.05682,0.0277
1596526069.166979,B1259130,0.04279,0.03485,-0.99689,0.05652,0.0277
1596526069.172595,B1259135,0.04260,0.03503,-0.99689,0.05627,0.0278
1596526069.176481,B1259140,0.04242,0.03522,-0.99689,0.05609,0.0278
1596526069.181715,B1259145,0.04224,0.03540,-0.99689,0.05585,0.0278
1596526069.187094,B1259151,0.04205,0.03558,-0.99695,0.05566,0.0278
1596526069.192418,B1259156,0.04187,0.03577,-0.99695,0.05554,0.0278
1596526069.197397,B1259161,0.04169,0.03589,-0.99695,0.05542,0.0278
1596526069.203346,B1259166,0.04138,0.03607,-0.99695,0.05530,0.0278
1596526069.207933,B1259171,0.04120,0.03613,-0.99695,0.05530,0.0279
1596526069.213342,B1259176,0.04102,0.03619,-0.99695,0.05530,0.0279
1596526069.218451,B1259181,0.04089,0.03619,-0.99695,0.05530,0.0279
1596526069.222497,B1259186,0.04071,0.03619,-0.99701,0.05530,0.0279
1596526069.228575,B1259191,0.04059,0.03619,-0.99701,0.05542,0.0280
1596526069.233139,B1259196,0.04047,0.03613,-0.99701,0.05548,0.0280
1596526069.237528,B1259201,0.04034,0.03613,-0.99701,0.05560,0.0280
1596526069.2428732,B1259206,0.04022,0.03613,-0.99701,0.05573,0.0280
1596526069.247473,B1259211,0.04010,0.03607,-0.99701,0.05579,0.0280
1596526069.252928,B1259216,0.03998,0.03607,-0.99701,0.05591,0.0280
1596526069.257768,B1259221,0.03986,0.03607,-0.99701,0.05609,0.0280
1596526069.26252,B1259226,0.03979,0.03607,-0.99695,0.05621,0.0280
1596526069.268898,B1259231,0.03973,0.03601,-0.99695,0.05627,0.0280
1596526069.272683,B1259236,0.03967,0.03607,-0.99695,0.05640,0.0281
1596526069.277588,B1259241,0.03961,0.03607,-0.99695,0.05652,0.0281
1596526069.282515,B1259246,0.03955,0.03613,-0.99695,0.05664,0.0281
1596526069.287744,B1259251,0.03955,0.03625,-0.99695,0.05676,0.0281
1596526069.293484,B1259256,0.03949,0.03638,-0.99695,0.05688,0.0282
1596526069.297893,B1259261,0.03949,0.03650,-0.99695,0.05701,0.0282
1596526069.3027258,B1259266,0.03949,0.03668,-0.99689,0.05707,0.0282
1596526069.308715,B1259271,0.03949,0.03687,-0.99689,0.05719,0.0282
1596526069.3128462,B1259276,0.03949,0.03711,-0.99689,0.05725,0.0282
1596526069.318012,B1259282,0.03955,0.03741,-0.99689,0.05737,0.0282
1596526069.3234088,B1259287,0.03955,0.03772,-0.99683,0.05743,0.0282
1596526069.3294568,B1259292,0.03967,0.03815,-0.99683,0.05756,0.0282
1596526069.333314,B1259297,0.03973,0.03851,-0.99683,0.05762,0.0283
1596526069.338836,B1259302,0.03992,0.03906,-0.99677,0.05768,0.0283
1596526069.343882,B1259307,0.04004,0.03955,-0.99677,0.05780,0.0283
1596526069.3483279,B1259312,0.04022,0.04004,-0.99670,0.05786,0.0283
1596526069.353963,B1259317,0.04041,0.04059,-0.99670,0.05792,0.0283
1596526069.358818,B1259322,0.04059,0.04102,-0.99664,0.05798,0.0283
1596526069.36362,B1259327,0.04071,0.04150,-0.99664,0.05804,0.0283
1596526069.368671,B1259332,0.04083,0.04199,-0.99658,0.05811,0.0283
1596526069.3740869,B1259338,0.04089,0.04242,-0.99658,0.05817,0.0284
1596526069.3798568,B1259343,0.04102,0.04291,-0.99652,0.05829,0.0284
1596526069.385888,B1259349,0.04114,0.04352,-0.99652,0.05835,0.0284
1596526069.391484,B1259355,0.04126,0.04413,-0.99646,0.05847,0.0284
1596526069.396835,B1259360,0.04138,0.04474,-0.99640,0.05853,0.0285
1596526069.4014049,B1259365,0.04163,0.04559,-0.99634,0.05865,0.0285
1596526069.4063911,B1259370,0.04187,0.04639,-0.99634,0.05872,0.0285
1596526069.4124959,B1259375,0.04211,0.04724,-0.99628,0.05884,0.0285
1596526069.418436,B1259381,0.04236,0.04797,-0.99622,0.05890,0.0285
1596526069.422273,B1259386,0.04266,0.04889,-0.99615,0.05896,0.0285
1596526069.427059,B1259391,0.04297,0.04968,-0.99609,0.05902,0.0285
1596526069.432301,B1259396,0.04327,0.05042,-0.99603,0.05908,0.0286
1596526069.438508,B1259401,0.04346,0.05096,-0.99597,0.05914,0.0286
1596526069.442139,B1259406,0.04364,0.05164,-0.99597,0.05914,0.0286
1596526069.4477608,B1259411,0.04376,0.05212,-0.99591,0.05920,0.0286
1596526069.45249,B1259416,0.04388,0.05255,-0.99591,0.05920,0.0286
1596526069.458526,B1259421,0.04388,0.05292,-0.99585,0.05920,0.0286
1596526069.462524,B1259426,0.04382,0.05328,-0.99585,0.05920,0.0286
1596526069.469259,B1259431,0.04376,0.05365,-0.99585,0.05920,0.0286
1596526069.473078,B1259437,0.04346,0.05438,-0.99579,0.05920,0.0287
1596526069.477976,B1259442,0.04333,0.05481,-0.99585,0.05884,0.0286
1596526069.483635,B1259447,0.04315,0.05524,-0.99585,0.05847,0.0286
1596526069.4884899,B1259452,0.04297,0.05566,-0.99585,0.05811,0.0286
1596526069.494744,B1259457,0.04279,0.05603,-0.99585,0.05774,0.0286
1596526069.498291,B1259462,0.04260,0.05640,-0.99585,0.05768,0.0286
1596526069.5029912,B1259467,0.04248,0.05670,-0.99585,0.05762,0.0286
1596526069.510051,B1259472,0.04230,0.05688,-0.99585,0.05756,0.0286
1596526069.513772,B1259477,0.04211,0.05701,-0.99585,0.05743,0.0286
1596526069.5184782,B1259482,0.04193,0.05707,-0.99585,0.05737,0.0286
1596526069.523863,B1259487,0.04175,0.05713,-0.99585,0.05725,0.0286
1596526069.529427,B1259492,0.04156,0.05701,-0.99585,0.05713,0.0287
1596526069.534913,B1259498,0.04138,0.05688,-0.99591,0.05707,0.0287
1596526069.53983,B1259503,0.04120,0.05676,-0.99591,0.05658,0.0286
1596526069.54601,B1259509,0.04102,0.05658,-0.99597,0.05615,0.0286
1596526069.551583,B1259514,0.04077,0.05627,-0.99603,0.05573,0.0286
1596526069.556281,B1259520,0.04059,0.05603,-0.99609,0.05530,0.0286
1596526069.562075,B1259525,0.04041,0.05566,-0.99609,0.05518,0.0286
1596526069.567245,B1259530,0.04022,0.05524,-0.99615,0.05499,0.0286
1596526069.572077,B1259536,0.03998,0.05475,-0.99622,0.05487,0.0286
1596526069.5790741,B1259541,0.03979,0.05426,-0.99622,0.05475,0.0286
1596526069.5819032,B1259546,0.03955,0.05371,-0.99628,0.05457,0.0286
1596526069.5869162,B1259551,0.03937,0.05316,-0.99634,0.05444,0.0287
1596526069.592015,B1259556,0.03912,0.05255,-0.99640,0.05426,0.0287
1596526069.597125,B1259561,0.03894,0.05200,-0.99640,0.05414,0.0287
1596526069.602273,B1259566,0.03876,0.05145,-0.99646,0.05396,0.0287
1596526069.607402,B1259571,0.03864,0.05096,-0.99652,0.05383,0.0288
1596526069.613077,B1259576,0.03851,0.05048,-0.99652,0.05365,0.0288
1596526069.6180859,B1259581,0.03839,0.05005,-0.99658,0.05353,0.0288
1596526069.6229918,B1259587,0.03833,0.04968,-0.99664,0.05304,0.0288
1596526069.6295092,B1259592,0.03839,0.04907,-0.99670,0.05206,0.0287
1596526069.6330812,B1259597,0.03845,0.04883,-0.99677,0.05157,0.0286
1596526069.638349,B1259602,0.03851,0.04858,-0.99677,0.05109,0.0286
1596526069.643965,B1259607,0.03870,0.04840,-0.99677,0.05060,0.0286
1596526069.649524,B1259613,0.03882,0.04828,-0.99683,0.05011,0.0286
1596526069.6549902,B1259619,0.03900,0.04816,-0.99683,0.04962,0.0285
1596526069.659949,B1259624,0.03925,0.04810,-0.99689,0.04913,0.0285
1596526069.665545,B1259629,0.03943,0.04803,-0.99689,0.04871,0.0285
1596526069.671222,B1259635,0.03967,0.04797,-0.99689,0.04822,0.0285
1596526069.6766,B1259640,0.03998,0.04797,-0.99689,0.04779,0.0284
1596526069.682091,B1259645,0.04022,0.04797,-0.99689,0.04761,0.0285
1596526069.6866748,B1259650,0.04047,0.04797,-0.99689,0.04749,0.0285
1596526069.6924102,B1259656,0.04077,0.04797,-0.99689,0.04736,0.0285
1596526069.697671,B1259661,0.04102,0.04803,-0.99689,0.04730,0.0285
1596526069.7030761,B1259666,0.04126,0.04810,-0.99689,0.04687,0.0285
1596526069.7072902,B1259671,0.04150,0.04816,-0.99689,0.04651,0.0284
1596526069.7131798,B1259676,0.04175,0.04816,-0.99689,0.04614,0.0284
1596526069.719369,B1259682,0.04199,0.04816,-0.99689,0.04578,0.0283
1596526069.7238011,B1259687,0.04248,0.04797,-0.99689,0.04572,0.0284
1596526069.728907,B1259692,0.04272,0.04785,-0.99689,0.04572,0.0284
1596526069.733909,B1259698,0.04297,0.04773,-0.99689,0.04578,0.0284
1596526069.739403,B1259703,0.04321,0.04761,-0.99689,0.04578,0.0285
1596526069.745335,B1259709,0.04352,0.04742,-0.99689,0.04584,0.0285
1596526069.750008,B1259714,0.04376,0.04730,-0.99689,0.04584,0.0285
1596526069.755446,B1259719,0.04401,0.04712,-0.99689,0.04590,0.0285
1596526069.761877,B1259725,0.04419,0.04694,-0.99689,0.04596,0.0285
1596526069.7662652,B1259730,0.04443,0.04681,-0.99683,0.04602,0.0285
1596526069.7719219,B1259735,0.04462,0.04663,-0.99683,0.04614,0.0285
1596526069.776994,B1259741,0.04474,0.04645,-0.99683,0.04620,0.0285
1596526069.7822561,B1259746,0.04486,0.04626,-0.99683,0.04626,0.0286
1596526069.787105,B1259751,0.04498,0.04608,-0.99683,0.04639,0.0286
1596526069.791935,B1259756,0.04504,0.04590,-0.99683,0.04645,0.0286
1596526069.79691,B1259761,0.04510,0.04572,-0.99683,0.04657,0.0286
1596526069.802165,B1259766,0.04510,0.04553,-0.99683,0.04663,0.0286
1596526069.807049,B1259771,0.04517,0.04535,-0.99683,0.04675,0.0286
1596526069.813162,B1259776,0.04517,0.04517,-0.99689,0.04681,0.0286
1596526069.8175318,B1259781,0.04517,0.04498,-0.99689,0.04694,0.0286
1596526069.822765,B1259786,0.04517,0.04480,-0.99689,0.04706,0.0286
1596526069.8290298,B1259792,0.04517,0.04462,-0.99689,0.04712,0.0287
1596526069.833623,B1259797,0.04510,0.04425,-0.99689,0.04736,0.0287
1596526069.837897,B1259802,0.04510,0.04401,-0.99689,0.04742,0.0287
1596526069.843234,B1259807,0.04504,0.04376,-0.99689,0.04755,0.0288
1596526069.848595,B1259812,0.04498,0.04346,-0.99689,0.04767,0.0288
1596526069.853494,B1259817,0.04492,0.04321,-0.99689,0.04779,0.0288
1596526069.8597991,B1259823,0.04480,0.04291,-0.99695,0.04797,0.0288
1596526069.865304,B1259828,0.04474,0.04260,-0.99695,0.04810,0.0288
1596526069.870126,B1259834,0.04462,0.04224,-0.99695,0.04828,0.0288
1596526069.8751009,B1259839,0.04449,0.04193,-0.99695,0.04840,0.0288
1596526069.880963,B1259844,0.04437,0.04156,-0.99695,0.04852,0.0288
1596526069.885513,B1259849,0.04425,0.04114,-0.99701,0.04871,0.0289
1596526069.890888,B1259855,0.04407,0.04065,-0.99701,0.04889,0.0289
1596526069.8964648,B1259860,0.04388,0.04016,-0.99701,0.04907,0.0289
1596526069.901164,B1259865,0.04370,0.03967,-0.99707,0.04926,0.0289
1596526069.906155,B1259870,0.04346,0.03906,-0.99707,0.04950,0.0289
1596526069.91204,B1259875,0.04321,0.03851,-0.99707,0.04968,0.0289
1596526069.916553,B1259880,0.04303,0.03796,-0.99713,0.04987,0.0289
1596526069.922111,B1259886,0.04279,0.03748,-0.99713,0.05011,0.0289
1596526069.927551,B1259891,0.04260,0.03693,-0.99713,0.05035,0.0290
1596526069.933444,B1259896,0.04242,0.03644,-0.99713,0.05054,0.0290
1596526069.937417,B1259901,0.04224,0.03601,-0.99719,0.05078,0.0290
1596526069.942934,B1259906,0.04193,0.03510,-0.99719,0.05127,0.0290
1596526069.9474401,B1259911,0.04175,0.03461,-0.99719,0.05145,0.0291
1596526069.95271,B1259916,0.04163,0.03418,-0.99719,0.05164,0.0291
1596526069.957591,B1259921,0.04144,0.03369,-0.99725,0.05182,0.0291
1596526069.962633,B1259926,0.04126,0.03320,-0.99725,0.05200,0.0291
1596526069.967514,B1259931,0.04114,0.03284,-0.99725,0.05219,0.0291
1596526069.972645,B1259936,0.04102,0.03247,-0.99725,0.05231,0.0291
1596526069.977723,B1259941,0.04089,0.03210,-0.99725,0.05243,0.0291
1596526069.982769,B1259946,0.04077,0.03186,-0.99725,0.05255,0.0291
1596526069.988951,B1259951,0.04071,0.03162,-0.99725,0.05267,0.0292
1596526069.992556,B1259957,0.04065,0.03149,-0.99725,0.05273,0.0292
1596526069.997597,B1259962,0.04065,0.03137,-0.99725,0.05286,0.0292
1596526070.002393,B1259966,0.04059,0.03131,-0.99725,0.05292,0.0292
1596526070.008169,B1259971,0.04059,0.03131,-0.99725,0.05292,0.0293
1596526070.01349,B1259977,0.04065,0.03137,-0.99725,0.05298,0.0293
1596526070.018389,B1259982,0.04065,0.03149,-0.99725,0.05298,0.0293
1596526070.0229068,B1259987,0.04077,0.03174,-0.99725,0.05298,0.0293
1596526070.0283499,B1259992,0.04089,0.03198,-0.99725,0.05298,0.0293
1596526070.033368,B1259997,0.04102,0.03217,-0.99725,0.05298,0.0293
1596526070.037438,B1260002,0.04120,0.03235,-0.99719,0.05298,0.0293
1596526070.0425742,B1260007,0.04132,0.03247,-0.99719,0.05292,0.0293
1596526070.0486112,B1260012,0.04144,0.03247,-0.99719,0.05292,0.0293
1596526070.0530062,B1260017,0.04156,0.03241,-0.99719,0.05286,0.0294
1596526070.0582342,B1260022,0.04169,0.03229,-0.99719,0.05286,0.0294
1596526070.062911,B1260027,0.04181,0.03210,-0.99719,0.05280,0.0294
1596526070.067929,B1260032,0.04187,0.03192,-0.99719,0.05273,0.0294
1596526070.073486,B1260037,0.04205,0.03180,-0.99719,0.05273,0.0294
1596526070.079189,B1260042,0.04224,0.03174,-0.99719,0.05273,0.0294
1596526070.084739,B1260047,0.04248,0.03168,-0.99719,0.05267,0.0294
1596526070.0880451,B1260052,0.04272,0.03174,-0.99719,0.05267,0.0294
1596526070.093885,B1260058,0.04303,0.03180,-0.99719,0.05261,0.0295
1596526070.100141,B1260063,0.04333,0.03192,-0.99719,0.05261,0.0295
1596526070.105921,B1260069,0.04364,0.03204,-0.99713,0.05255,0.0295
1596526070.109987,B1260074,0.04388,0.03217,-0.99713,0.05249,0.0295
1596526070.115755,B1260080,0.04413,0.03223,-0.99713,0.05243,0.0296
1596526070.121789,B1260085,0.04437,0.03229,-0.99713,0.05231,0.0296
1596526070.126434,B1260090,0.04462,0.03235,-0.99713,0.05219,0.0296
1596526070.132461,B1260095,0.04480,0.03241,-0.99713,0.05212,0.0296
1596526070.136605,B1260101,0.04498,0.03241,-0.99713,0.05200,0.0296
1596526070.1415071,B1260106,0.04517,0.03247,-0.99713,0.05188,0.0296
1596526070.1468349,B1260111,0.04535,0.03253,-0.99707,0.05176,0.0296
1596526070.1514618,B1260116,0.04547,0.03259,-0.99707,0.05164,0.0296
1596526070.157996,B1260121,0.04559,0.03265,-0.99707,0.05151,0.0296
1596526070.1618319,B1260126,0.04572,0.03284,-0.99707,0.05139,0.0297
1596526070.166831,B1260131,0.04590,0.03302,-0.99707,0.05127,0.0297
1596526070.173656,B1260136,0.04602,0.03320,-0.99707,0.05121,0.0297
1596526070.177006,B1260141,0.04614,0.03345,-0.99707,0.05109,0.0297
1596526070.181927,B1260146,0.04620,0.03369,-0.99707,0.05103,0.0297
1596526070.1879082,B1260151,0.04633,0.03387,-0.99707,0.05096,0.0297
1596526070.193862,B1260156,0.04645,0.03406,-0.99707,0.05084,0.0297
1596526070.197351,B1260161,0.04651,0.03406,-0.99707,0.05042,0.0297
1596526070.202742,B1260167,0.04645,0.03387,-0.99707,0.05005,0.0297
1596526070.2073889,B1260172,0.04645,0.03363,-0.99713,0.04968,0.0296
1596526070.212669,B1260177,0.04633,0.03333,-0.99713,0.04932,0.0296
1596526070.217769,B1260182,0.04620,0.03278,-0.99719,0.04938,0.0296
1596526070.2227142,B1260187,0.04608,0.03223,-0.99719,0.04944,0.0296
1596526070.229119,B1260192,0.04590,0.03149,-0.99719,0.04950,0.0297
1596526070.233896,B1260197,0.04572,0.03082,-0.99725,0.04956,0.0297
1596526070.237941,B1260202,0.04547,0.03003,-0.99725,0.04968,0.0297
1596526070.243972,B1260207,0.04529,0.02917,-0.99731,0.04987,0.0297
1596526070.249193,B1260212,0.04510,0.02844,-0.99731,0.05005,0.0297
1596526070.253951,B1260218,0.04492,0.02771,-0.99731,0.05023,0.0297
1596526070.259797,B1260223,0.04474,0.02704,-0.99738,0.05042,0.0297
1596526070.2651572,B1260229,0.04456,0.02631,-0.99738,0.05066,0.0297
1596526070.2705228,B1260234,0.04443,0.02563,-0.99738,0.05090,0.0298
1596526070.277865,B1260240,0.04431,0.02515,-0.99738,0.05109,0.0298
1596526070.280944,B1260245,0.04419,0.02472,-0.99738,0.05139,0.0298
1596526070.2873118,B1260250,0.04407,0.02429,-0.99738,0.05164,0.0298
1596526070.2925792,B1260256,0.04401,0.02399,-0.99738,0.05194,0.0299
1596526070.2982101,B1260261,0.04395,0.02380,-0.99738,0.05219,0.0299
1596526070.3027148,B1260266,0.04382,0.02362,-0.99738,0.05249,0.0299
1596526070.306947,B1260271,0.04370,0.02362,-0.99738,0.05280,0.0299
1596526070.31215,B1260276,0.04352,0.02362,-0.99738,0.05304,0.0299
1596526070.3175092,B1260281,0.04340,0.02374,-0.99738,0.05328,0.0299
1596526070.32284,B1260287,0.04291,0.02417,-0.99731,0.05383,0.0299
1596526070.328458,B1260292,0.04260,0.02448,-0.99731,0.05408,0.0299
1596526070.333123,B1260297,0.04224,0.02478,-0.99731,0.05426,0.0300
1596526070.337787,B1260302,0.04181,0.02521,-0.99731,0.05450,0.0300
1596526070.3431191,B1260307,0.04138,0.02570,-0.99731,0.05469,0.0300
1596526070.349468,B1260312,0.04095,0.02612,-0.99731,0.05487,0.0300
1596526070.353659,B1260317,0.04047,0.02673,-0.99731,0.05499,0.0300
1596526070.35777,B1260322,0.03992,0.02728,-0.99731,0.05518,0.0300
1596526070.364619,B1260328,0.03943,0.02789,-0.99731,0.05530,0.0300
1596526070.3691578,B1260333,0.03894,0.02844,-0.99731,0.05536,0.0300
1596526070.3741891,B1260338,0.03839,0.02911,-0.99731,0.05548,0.0301
1596526070.379914,B1260344,0.03790,0.02972,-0.99731,0.05554,0.0301
1596526070.385122,B1260349,0.03741,0.03033,-0.99731,0.05560,0.0301
1596526070.391742,B1260355,0.03705,0.03088,-0.99731,0.05566,0.0301
1596526070.395838,B1260360,0.03662,0.03149,-0.99725,0.05573,0.0302
1596526070.4013498,B1260365,0.03619,0.03204,-0.99725,0.05573,0.0302
1596526070.4065,B1260370,0.03589,0.03259,-0.99725,0.05579,0.0302
1596526070.411364,B1260375,0.03552,0.03320,-0.99725,0.05579,0.0302
1596526070.4167628,B1260380,0.03522,0.03369,-0.99725,0.05579,0.0302
1596526070.4216561,B1260385,0.03491,0.03424,-0.99725,0.05579,0.0302
1596526070.426502,B1260391,0.03467,0.03479,-0.99725,0.05579,0.0302
1596526070.431426,B1260396,0.03442,0.03522,-0.99725,0.05573,0.0302
1596526070.4364579,B1260401,0.03424,0.03564,-0.99719,0.05573,0.0303
1596526070.4425,B1260406,0.03406,0.03607,-0.99719,0.05566,0.0303
1596526070.446615,B1260411,0.03387,0.03644,-0.99719,0.05566,0.0303
1596526070.453878,B1260416,0.03369,0.03680,-0.99719,0.05560,0.0303
1596526070.456794,B1260421,0.03357,0.03711,-0.99719,0.05560,0.0303
1596526070.462634,B1260426,0.03333,0.03766,-0.99719,0.05554,0.0304
1596526070.467372,B1260431,0.03326,0.03784,-0.99719,0.05548,0.0304
1596526070.472029,B1260436,0.03320,0.03796,-0.99719,0.05548,0.0304
1596526070.477571,B1260441,0.03320,0.03815,-0.99719,0.05548,0.0304
1596526070.482017,B1260446,0.03320,0.03827,-0.99719,0.05548,0.0304
1596526070.487547,B1260451,0.03320,0.03833,-0.99719,0.05548,0.0304
1596526070.492207,B1260456,0.03326,0.03839,-0.99719,0.05554,0.0304
1596526070.4975202,B1260461,0.03339,0.03845,-0.99719,0.05511,0.0304
1596526070.5023649,B1260467,0.03357,0.03845,-0.99719,0.05475,0.0304
1596526070.508081,B1260472,0.03369,0.03845,-0.99719,0.05432,0.0303
1596526070.5124302,B1260477,0.03387,0.03845,-0.99725,0.05396,0.0302
1596526070.517772,B1260482,0.03406,0.03839,-0.99719,0.05408,0.0302
1596526070.5224488,B1260487,0.03430,0.03833,-0.99719,0.05414,0.0303
1596526070.528516,B1260492,0.03448,0.03827,-0.99719,0.05420,0.0303
1596526070.533351,B1260497,0.03473,0.03815,-0.99719,0.05426,0.0303
1596526070.537985,B1260502,0.03497,0.03809,-0.99719,0.05438,0.0303
1596526070.5446,B1260507,0.03528,0.03802,-0.99719,0.05444,0.0304
1596526070.549244,B1260513,0.03552,0.03796,-0.99713,0.05450,0.0304
1596526070.553916,B1260518,0.03583,0.03790,-0.99713,0.05457,0.0304
1596526070.559598,B1260524,0.03619,0.03784,-0.99713,0.05469,0.0304
1596526070.5654259,B1260529,0.03650,0.03772,-0.99713,0.05469,0.0304
1596526070.5705779,B1260535,0.03680,0.03760,-0.99713,0.05475,0.0304
1596526070.57686,B1260540,0.03717,0.03735,-0.99713,0.05475,0.0304
1596526070.581606,B1260545,0.03754,0.03711,-0.99713,0.05481,0.0304
1596526070.586293,B1260551,0.03784,0.03687,-0.99707,0.05481,0.0304
1596526070.5926049,B1260556,0.03827,0.03656,-0.99707,0.05475,0.0305
1596526070.597623,B1260561,0.03857,0.03632,-0.99707,0.05475,0.0305
1596526070.6016269,B1260566,0.03894,0.03595,-0.99713,0.05426,0.0304
1596526070.606834,B1260571,0.03937,0.03558,-0.99713,0.05383,0.0304
1596526070.611655,B1260576,0.03967,0.03522,-0.99719,0.05334,0.0304
1596526070.616866,B1260581,0.03998,0.03485,-0.99719,0.05286,0.0303
1596526070.6220002,B1260586,0.04022,0.03448,-0.99719,0.05273,0.0303
1596526070.627866,B1260591,0.04053,0.03412,-0.99719,0.05261,0.0303
1596526070.632194,B1260597,0.04071,0.03369,-0.99719,0.05249,0.0304
1596526070.637703,B1260602,0.04102,0.03302,-0.99725,0.05182,0.0303
1596526070.6428611,B1260607,0.04120,0.03265,-0.99731,0.05121,0.0302
1596526070.648614,B1260612,0.04138,0.03229,-0.99731,0.05066,0.0302
1596526070.653548,B1260617,0.04150,0.03198,-0.99738,0.05011,0.0302
1596526070.6574779,B1260622,0.04169,0.03174,-0.99738,0.04956,0.0301
1596526070.662818,B1260627,0.04181,0.03156,-0.99744,0.04901,0.0301
1596526070.667504,B1260632,0.04205,0.03143,-0.99744,0.04840,0.0300
1596526070.67452,B1260637,0.04224,0.03137,-0.99744,0.04785,0.0300
1596526070.6778932,B1260642,0.04254,0.03149,-0.99744,0.04767,0.0300
1596526070.682493,B1260647,0.04291,0.03168,-0.99744,0.04755,0.0300
1596526070.6874619,B1260652,0.04327,0.03192,-0.99744,0.04736,0.0300
1596526070.692595,B1260657,0.04364,0.03223,-0.99744,0.04718,0.0300
1596526070.697473,B1260662,0.04407,0.03265,-0.99738,0.04700,0.0300
1596526070.702401,B1260667,0.04449,0.03302,-0.99738,0.04681,0.0301
1596526070.7076511,B1260672,0.04486,0.03333,-0.99738,0.04663,0.0301
1596526070.7126138,B1260677,0.04523,0.03363,-0.99731,0.04639,0.0301
1596526070.7177489,B1260682,0.04553,0.03387,-0.99731,0.04614,0.0301
1596526070.724624,B1260688,0.04584,0.03412,-0.99731,0.04590,0.0302
1596526070.7285042,B1260693,0.04608,0.03430,-0.99731,0.04565,0.0302
1596526070.7355142,B1260698,0.04633,0.03455,-0.99731,0.04541,0.0302
1596526070.739325,B1260704,0.04657,0.03485,-0.99731,0.04510,0.0302
1596526070.745292,B1260709,0.04681,0.03510,-0.99725,0.04480,0.0302
1596526070.750944,B1260715,0.04700,0.03534,-0.99725,0.04456,0.0302
1596526070.7562308,B1260720,0.04724,0.03558,-0.99725,0.04425,0.0302
1596526070.761653,B1260725,0.04742,0.03583,-0.99725,0.04395,0.0302
1596526070.7661812,B1260731,0.04761,0.03607,-0.99725,0.04364,0.0302
1596526070.77206,B1260736,0.04779,0.03625,-0.99725,0.04327,0.0303
1596526070.777388,B1260741,0.04797,0.03644,-0.99725,0.04291,0.0303
1596526070.782378,B1260746,0.04816,0.03656,-0.99725,0.04254,0.0303
1596526070.786346,B1260751,0.04828,0.03662,-0.99725,0.04218,0.0303
1596526070.7913868,B1260756,0.04834,0.03668,-0.99725,0.04181,0.0304
1596526070.796533,B1260761,0.04846,0.03668,-0.99731,0.04144,0.0304
1596526070.801493,B1260766,0.04852,0.03662,-0.99731,0.04071,0.0303
1596526070.806509,B1260771,0.04858,0.03662,-0.99738,0.03992,0.0303
1596526070.812028,B1260776,0.04865,0.03656,-0.99738,0.03918,0.0302
1596526070.8171031,B1260782,0.04871,0.03650,-0.99738,0.03845,0.0302
1596526070.82214,B1260787,0.04883,0.03632,-0.99750,0.03687,0.0301
1596526070.8289769,B1260792,0.04877,0.03613,-0.99750,0.03607,0.0300
1596526070.833261,B1260797,0.04877,0.03589,-0.99756,0.03534,0.0300
1596526070.8375208,B1260802,0.04865,0.03552,-0.99756,0.03448,0.0300
1596526070.842604,B1260807,0.04852,0.03522,-0.99762,0.03412,0.0300
1596526070.847332,B1260812,0.04834,0.03485,-0.99768,0.03375,0.0300
1596526070.853198,B1260817,0.04822,0.03442,-0.99768,0.03345,0.0300
1596526070.857538,B1260822,0.04797,0.03394,-0.99774,0.03308,0.0300
1596526070.862697,B1260827,0.04773,0.03345,-0.99774,0.03278,0.0300
1596526070.867527,B1260832,0.04749,0.03284,-0.99780,0.03247,0.0300
1596526070.8728619,B1260837,0.04724,0.03229,-0.99786,0.03223,0.0301
1596526070.878565,B1260842,0.04687,0.03162,-0.99786,0.03192,0.0301
1596526070.882764,B1260847,0.04651,0.03094,-0.99792,0.03168,0.0301
1596526070.888541,B1260852,0.04614,0.03027,-0.99799,0.03137,0.0301
1596526070.892745,B1260857,0.04572,0.02960,-0.99805,0.03113,0.0302
1596526070.8981051,B1260862,0.04523,0.02899,-0.99805,0.03094,0.0302
1596526070.9037702,B1260868,0.04480,0.02850,-0.99811,0.03070,0.0302
1596526070.9100008,B1260873,0.04437,0.02814,-0.99817,0.03052,0.0302
1596526070.9145138,B1260879,0.04388,0.02789,-0.99817,0.03027,0.0302
1596526070.919635,B1260884,0.04340,0.02771,-0.99823,0.03009,0.0302
1596526070.9248939,B1260889,0.04297,0.02771,-0.99823,0.02997,0.0302
1596526070.930399,B1260895,0.04254,0.02783,-0.99829,0.02985,0.0302
1596526070.93595,B1260900,0.04211,0.02814,-0.99829,0.02972,0.0303
1596526070.941511,B1260905,0.04169,0.02850,-0.99829,0.02960,0.0303
1596526070.946205,B1260911,0.04126,0.02893,-0.99829,0.02954,0.0303
1596526070.951039,B1260916,0.04083,0.02954,-0.99829,0.02948,0.0303
1596526070.957089,B1260921,0.04047,0.03009,-0.99829,0.02942,0.0303
1596526070.962006,B1260926,0.04004,0.03076,-0.99829,0.02942,0.0304
1596526070.967042,B1260931,0.03961,0.03149,-0.99829,0.02942,0.0304
1596526070.972835,B1260936,0.03931,0.03210,-0.99829,0.02942,0.0304
1596526070.977313,B1260941,0.03894,0.03284,-0.99829,0.02942,0.0304
1596526070.982283,B1260946,0.03821,0.03418,-0.99823,0.02954,0.0304
1596526070.986971,B1260951,0.03790,0.03485,-0.99823,0.02966,0.0304
1596526070.9923,B1260957,0.03760,0.03546,-0.99823,0.02972,0.0304
1596526070.998152,B1260962,0.03735,0.03601,-0.99823,0.02985,0.0305
1596526071.003106,B1260967,0.03705,0.03662,-0.99817,0.03003,0.0305
1596526071.0071812,B1260972,0.03687,0.03711,-0.99817,0.03015,0.0305
1596526071.013033,B1260977,0.03668,0.03754,-0.99817,0.03033,0.0305
1596526071.0184278,B1260982,0.03656,0.03796,-0.99817,0.03058,0.0305
1596526071.022445,B1260987,0.03650,0.03827,-0.99811,0.03076,0.0305
1596526071.027346,B1260992,0.03644,0.03857,-0.99811,0.03101,0.0305
1596526071.0336199,B1260997,0.03644,0.03882,-0.99811,0.03125,0.0305
1596526071.037834,B1261002,0.03650,0.03906,-0.99811,0.03119,0.0305
1596526071.042885,B1261007,0.03656,0.03925,-0.99811,0.03107,0.0305
1596526071.047492,B1261012,0.03668,0.03937,-0.99805,0.03101,0.0304
1596526071.052856,B1261017,0.03680,0.03949,-0.99805,0.03094,0.0304
1596526071.0578618,B1261022,0.03699,0.03967,-0.99805,0.03131,0.0304
1596526071.0635881,B1261027,0.03723,0.03979,-0.99799,0.03168,0.0304
1596526071.067735,B1261032,0.03741,0.03986,-0.99799,0.03204,0.0304
1596526071.072573,B1261037,0.03772,0.03998,-0.99799,0.03241,0.0305
1596526071.079914,B1261042,0.03802,0.04010,-0.99792,0.03284,0.0305
1596526071.084052,B1261048,0.03839,0.04016,-0.99792,0.03320,0.0305
1596526071.089962,B1261053,0.03870,0.04022,-0.99786,0.03357,0.0305
1596526071.094033,B1261058,0.03912,0.04028,-0.99786,0.03400,0.0305
1596526071.099329,B1261064,0.03955,0.04028,-0.99780,0.03442,0.0305
1596526071.1049979,B1261069,0.03998,0.04028,-0.99780,0.03479,0.0305
1596526071.111551,B1261075,0.04041,0.04028,-0.99774,0.03516,0.0305
1596526071.117198,B1261080,0.04083,0.04028,-0.99774,0.03558,0.0306
1596526071.121666,B1261085,0.04138,0.04028,-0.99768,0.03595,0.0306
1596526071.125968,B1261091,0.04187,0.04028,-0.99768,0.03632,0.0306
1596526071.130976,B1261096,0.04236,0.04022,-0.99762,0.03668,0.0306
1596526071.1375701,B1261101,0.04279,0.04022,-0.99762,0.03699,0.0306
1596526071.141474,B1261106,0.04333,0.04022,-0.99756,0.03687,0.0306
1596526071.149069,B1261111,0.04382,0.04016,-0.99756,0.03674,0.0305
1596526071.1526,B1261116,0.04431,0.04022,-0.99756,0.03656,0.0305
1596526071.157658,B1261121,0.04480,0.04022,-0.99750,0.03644,0.0305
1596526071.1627982,B1261127,0.04572,0.04041,-0.99744,0.03680,0.0305
1596526071.166976,B1261132,0.04614,0.04047,-0.99744,0.03699,0.0305
1596526071.173194,B1261137,0.04657,0.04047,-0.99738,0.03711,0.0305
1596526071.17716,B1261142,0.04694,0.04047,-0.99738,0.03687,0.0305
1596526071.1827,B1261147,0.04730,0.04047,-0.99738,0.03656,0.0304
1596526071.1873448,B1261152,0.04767,0.04041,-0.99738,0.03632,0.0304
1596526071.192249,B1261157,0.04797,0.04034,-0.99738,0.03601,0.0304
1596526071.19739,B1261162,0.04834,0.04028,-0.99738,0.03571,0.0303
1596526071.202846,B1261167,0.04865,0.04028,-0.99738,0.03528,0.0303
1596526071.207735,B1261172,0.04895,0.04022,-0.99738,0.03491,0.0302
1596526071.2136,B1261177,0.04926,0.04022,-0.99738,0.03448,0.0302
1596526071.21764,B1261182,0.04956,0.04016,-0.99738,0.03455,0.0302
1596526071.222558,B1261187,0.04980,0.04010,-0.99738,0.03455,0.0302
1596526071.228365,B1261192,0.04999,0.03992,-0.99738,0.03448,0.0302
1596526071.232843,B1261197,0.05017,0.03979,-0.99738,0.03448,0.0302
1596526071.238556,B1261203,0.05029,0.03955,-0.99738,0.03406,0.0302
1596526071.243998,B1261208,0.05035,0.03937,-0.99738,0.03369,0.0302
1596526071.249753,B1261214,0.05042,0.03912,-0.99744,0.03326,0.0301
1596526071.256327,B1261220,0.05042,0.03888,-0.99744,0.03278,0.0300
1596526071.260105,B1261225,0.05042,0.03870,-0.99744,0.03265,0.0301
1596526071.265803,B1261230,0.05029,0.03851,-0.99744,0.03253,0.0301
1596526071.270844,B1261235,0.05023,0.03833,-0.99750,0.03241,0.0301
1596526071.2758589,B1261240,0.05005,0.03809,-0.99750,0.03223,0.0301
1596526071.281568,B1261245,0.04987,0.03790,-0.99756,0.03162,0.0301
1596526071.287349,B1261250,0.04968,0.03778,-0.99756,0.03101,0.0300
1596526071.291081,B1261256,0.04950,0.03772,-0.99762,0.03040,0.0300
1596526071.296237,B1261261,0.04932,0.03772,-0.99762,0.02979,0.0300
1596526071.301481,B1261266,0.04913,0.03778,-0.99768,0.02917,0.0299
1596526071.3060322,B1261271,0.04901,0.03790,-0.99768,0.02863,0.0299
1596526071.310961,B1261276,0.04883,0.03802,-0.99768,0.02795,0.0299
1596526071.317208,B1261281,0.04871,0.03809,-0.99774,0.02740,0.0298
1596526071.32227,B1261286,0.04846,0.03809,-0.99774,0.02716,0.0298
1596526071.326001,B1261291,0.04828,0.03809,-0.99774,0.02692,0.0299
1596526071.330948,B1261296,0.04803,0.03796,-0.99774,0.02667,0.0299
1596526071.33757,B1261301,0.04785,0.03790,-0.99780,0.02643,0.0299
1596526071.341141,B1261306,0.04761,0.03778,-0.99780,0.02625,0.0299
1596526071.346263,B1261311,0.04742,0.03772,-0.99780,0.02600,0.0299
1596526071.351209,B1261316,0.04724,0.03778,-0.99786,0.02582,0.0299
1596526071.35647,B1261321,0.04712,0.03796,-0.99786,0.02563,0.0299
1596526071.362001,B1261326,0.04694,0.03851,-0.99786,0.02460,0.0299
1596526071.366477,B1261331,0.04694,0.03888,-0.99786,0.02411,0.0298
1596526071.3714619,B1261336,0.04687,0.03931,-0.99786,0.02362,0.0298
1596526071.376517,B1261341,0.04687,0.03979,-0.99786,0.02319,0.0297
1596526071.38347,B1261346,0.04681,0.04028,-0.99780,0.02307,0.0297
1596526071.3864288,B1261351,0.04675,0.04077,-0.99780,0.02295,0.0298
1596526071.3920052,B1261356,0.04669,0.04126,-0.99780,0.02283,0.0298
1596526071.396489,B1261361,0.04669,0.04175,-0.99780,0.02234,0.0297
1596526071.401746,B1261366,0.04669,0.04218,-0.99780,0.02191,0.0297
1596526071.4077199,B1261371,0.04675,0.04254,-0.99774,0.02148,0.0297
1596526071.413273,B1261377,0.04675,0.04285,-0.99774,0.02106,0.0296
1596526071.417563,B1261382,0.04681,0.04315,-0.99774,0.02100,0.0296
1596526071.424961,B1261387,0.04687,0.04346,-0.99774,0.02094,0.0297
1596526071.427964,B1261392,0.04694,0.04364,-0.99774,0.02094,0.0297
1596526071.433296,B1261397,0.04706,0.04382,-0.99774,0.02094,0.0297
1596526071.436905,B1261402,0.04712,0.04395,-0.99768,0.02100,0.0297
1596526071.443834,B1261407,0.04724,0.04401,-0.99768,0.02100,0.0297
1596526071.447934,B1261413,0.04736,0.04395,-0.99768,0.02106,0.0297
1596526071.453534,B1261418,0.04749,0.04382,-0.99768,0.02118,0.0297
1596526071.458828,B1261424,0.04767,0.04358,-0.99768,0.02124,0.0297
1596526071.465067,B1261429,0.04773,0.04315,-0.99768,0.02136,0.0298
1596526071.470284,B1261435,0.04785,0.04272,-0.99768,0.02148,0.0298
1596526071.475322,B1261440,0.04791,0.04211,-0.99774,0.02167,0.0298
1596526071.4816709,B1261445,0.04803,0.04126,-0.99774,0.02148,0.0297
1596526071.486034,B1261451,0.04816,0.04041,-0.99780,0.02124,0.0297
1596526071.491306,B1261456,0.04828,0.03937,-0.99786,0.02112,0.0297
1596526071.495904,B1261461,0.04846,0.03845,-0.99786,0.02087,0.0296
1596526071.501475,B1261466,0.04858,0.03729,-0.99792,0.02069,0.0296
1596526071.5067232,B1261471,0.04877,0.03619,-0.99792,0.02051,0.0296
1596526071.511461,B1261476,0.04895,0.03522,-0.99799,0.02026,0.0295
1596526071.516971,B1261481,0.04919,0.03424,-0.99799,0.02008,0.0294
1596526071.522254,B1261487,0.04962,0.03259,-0.99805,0.01978,0.0294
1596526071.528149,B1261492,0.04987,0.03192,-0.99805,0.01965,0.0293
1596526071.532809,B1261497,0.05011,0.03137,-0.99805,0.01953,0.0293
1596526071.538815,B1261503,0.05035,0.03094,-0.99805,0.01941,0.0293
1596526071.5451782,B1261509,0.05060,0.03058,-0.99805,0.01935,0.0292
1596526071.549165,B1261514,0.05084,0.03040,-0.99805,0.01929,0.0292
1596526071.554445,B1261519,0.05103,0.03027,-0.99805,0.01917,0.0291
1596526071.559936,B1261525,0.05121,0.03033,-0.99805,0.01910,0.0291
1596526071.56723,B1261530,0.05145,0.03052,-0.99805,0.01904,0.0291
1596526071.57123,B1261535,0.05164,0.03076,-0.99799,0.01892,0.0291
1596526071.577155,B1261541,0.05176,0.03107,-0.99799,0.01886,0.0290
1596526071.580894,B1261546,0.05188,0.03149,-0.99799,0.01874,0.0290
1596526071.585911,B1261551,0.05194,0.03192,-0.99799,0.01868,0.0289
1596526071.590911,B1261556,0.05200,0.03235,-0.99792,0.01855,0.0289
1596526071.5963352,B1261561,0.05200,0.03278,-0.99792,0.01843,0.0289
1596526071.601505,B1261566,0.05194,0.03333,-0.99792,0.01868,0.0289
1596526071.6061811,B1261571,0.05188,0.03387,-0.99792,0.01886,0.0289
1596526071.6114419,B1261576,0.05176,0.03442,-0.99786,0.01904,0.0289
1596526071.6160371,B1261581,0.05157,0.03503,-0.99786,0.01923,0.0289
1596526071.620965,B1261586,0.05145,0.03571,-0.99786,0.01947,0.0289
1596526071.626347,B1261591,0.05133,0.03632,-0.99780,0.01965,0.0290
1596526071.631936,B1261596,0.05103,0.03766,-0.99780,0.01996,0.0290
1596526071.6371331,B1261601,0.05090,0.03845,-0.99774,0.02020,0.0290
1596526071.641769,B1261606,0.05072,0.03912,-0.99774,0.02032,0.0291
1596526071.6467588,B1261611,0.05060,0.03992,-0.99768,0.02057,0.0291
1596526071.652915,B1261617,0.05048,0.04071,-0.99768,0.02069,0.0291
1596526071.6576269,B1261622,0.05029,0.04150,-0.99768,0.02051,0.0290
1596526071.6620271,B1261627,0.05017,0.04224,-0.99762,0.02032,0.0290
1596526071.6673589,B1261632,0.04999,0.04309,-0.99762,0.02008,0.0289
1596526071.6725252,B1261637,0.04980,0.04388,-0.99762,0.01990,0.0289
1596526071.676945,B1261642,0.04956,0.04480,-0.99756,0.01971,0.0289
1596526071.682039,B1261647,0.04932,0.04565,-0.99756,0.01953,0.0288
1596526071.6868968,B1261652,0.04907,0.04639,-0.99756,0.01935,0.0288
1596526071.692142,B1261657,0.04877,0.04718,-0.99750,0.01917,0.0288
1596526071.6970298,B1261662,0.04846,0.04785,-0.99750,0.01892,0.0288
1596526071.7020092,B1261667,0.04810,0.04858,-0.99750,0.01868,0.0287
1596526071.7069728,B1261672,0.04767,0.04919,-0.99750,0.01843,0.0287
1596526071.713109,B1261678,0.04730,0.04968,-0.99750,0.01813,0.0286
1596526071.718373,B1261683,0.04687,0.05023,-0.99750,0.01776,0.0286
1596526071.724023,B1261689,0.04645,0.05072,-0.99750,0.01746,0.0286
1596526071.729679,B1261694,0.04596,0.05115,-0.99750,0.01709,0.0285
1596526071.734499,B1261699,0.04559,0.05151,-0.99750,0.01666,0.0285
1596526071.739907,B1261705,0.04517,0.05188,-0.99750,0.01624,0.0285
1596526071.745298,B1261710,0.04474,0.05225,-0.99750,0.01581,0.0284
1596526071.750507,B1261715,0.04431,0.05261,-0.99750,0.01538,0.0283
1596526071.757565,B1261721,0.04395,0.05298,-0.99750,0.01495,0.0283
1596526071.7612648,B1261726,0.04358,0.05341,-0.99750,0.01453,0.0283
1596526071.766016,B1261731,0.04327,0.05377,-0.99750,0.01404,0.0282
1596526071.770931,B1261736,0.04303,0.05408,-0.99750,0.01361,0.0282
1596526071.7765892,B1261741,0.04279,0.05444,-0.99750,0.01312,0.0282
1596526071.781121,B1261746,0.04260,0.05481,-0.99750,0.01263,0.0282
1596526071.78643,B1261751,0.04242,0.05518,-0.99750,0.01215,0.0281
1596526071.791796,B1261756,0.04230,0.05548,-0.99750,0.01160,0.0281
1596526071.797219,B1261761,0.04211,0.05621,-0.99750,0.01056,0.0280
1596526071.8014028,B1261766,0.04211,0.05658,-0.99744,0.01007,0.0280
1596526071.8082361,B1261772,0.04211,0.05695,-0.99744,0.00958,0.0279
1596526071.8118458,B1261777,0.04224,0.05737,-0.99744,0.00903,0.0279
1596526071.817388,B1261782,0.04236,0.05780,-0.99738,0.00848,0.0278
1596526071.821919,B1261787,0.04248,0.05817,-0.99738,0.00793,0.0278
1596526071.8271449,B1261792,0.04266,0.05847,-0.99738,0.00745,0.0278
1596526071.832097,B1261797,0.04291,0.05878,-0.99731,0.00696,0.0277
1596526071.838391,B1261803,0.04315,0.05902,-0.99731,0.00641,0.0277
1596526071.843494,B1261808,0.04340,0.05920,-0.99731,0.00592,0.0277
1596526071.849002,B1261814,0.04370,0.05933,-0.99725,0.00537,0.0276
1596526071.854217,B1261819,0.04395,0.05939,-0.99725,0.00488,0.0276
1596526071.8596811,B1261825,0.04419,0.05933,-0.99725,0.00427,0.0275
1596526071.864481,B1261830,0.04443,0.05914,-0.99725,0.00372,0.0275
1596526071.870503,B1261835,0.04468,0.05890,-0.99725,0.00317,0.0275
1596526071.874942,B1261840,0.04486,0.05853,-0.99725,0.00256,0.0274
1596526071.881288,B1261845,0.04504,0.05811,-0.99731,0.00201,0.0274
1596526071.88555,B1261851,0.04523,0.05762,-0.99731,0.00140,0.0274
1596526071.891404,B1261856,0.04541,0.05713,-0.99731,0.00079,0.0273
1596526071.8970501,B1261861,0.04553,0.05658,-0.99738,0.00024,0.0273
1596526071.901471,B1261866,-0.04572,-0.05609,0.99738,0.00031,0.0272
1596526071.906136,B1261871,-0.04584,-0.05554,0.99738,0.00092,0.0272
1596526071.911327,B1261876,-0.04596,-0.05505,0.99744,0.00153,0.0272
1596526071.916439,B1261881,-0.04633,-0.05426,0.99744,0.00269,0.0271
1596526071.921427,B1261887,-0.04657,-0.05396,0.99744,0.00323,0.0271
1596526071.926941,B1261892,-0.04681,-0.05365,0.99744,0.00378,0.0271
1596526071.931851,B1261897,-0.04700,-0.05347,0.99744,0.00433,0.0270
1596526071.9371011,B1261902,-0.04730,-0.05328,0.99744,0.00488,0.0270
1596526071.9425979,B1261907,-0.04755,-0.05310,0.99744,0.00543,0.0269
1596526071.948052,B1261912,-0.04785,-0.05298,0.99744,0.00598,0.0269
1596526071.9525492,B1261917,-0.04816,-0.05292,0.99744,0.00653,0.0269
1596526071.9590359,B1261923,-0.04846,-0.05280,0.99738,0.00714,0.0269
1596526071.963379,B1261928,-0.04877,-0.05280,0.99738,0.00775,0.0268
1596526071.970144,B1261934,-0.04907,-0.05280,0.99738,0.00830,0.0268
1596526071.974436,B1261940,-0.04938,-0.05280,0.99738,0.00891,0.0267
1596526071.979865,B1261945,-0.04962,-0.05280,0.99731,0.00952,0.0267
1596526071.985395,B1261950,-0.04993,-0.05280,0.99731,0.01013,0.0267
1596526071.9900422,B1261955,-0.05017,-0.05280,0.99731,0.01074,0.0267
1596526071.9949598,B1261960,-0.05035,-0.05267,0.99725,0.01135,0.0266
1596526072.0007098,B1261965,-0.05054,-0.05261,0.99725,0.01202,0.0266
1596526072.005537,B1261970,-0.05072,-0.05249,0.99725,0.01263,0.0266
1596526072.011643,B1261976,-0.05090,-0.05237,0.99725,0.01331,0.0266
1596526072.016382,B1261981,-0.05103,-0.05219,0.99725,0.01398,0.0265
1596526072.020798,B1261986,-0.05109,-0.05194,0.99725,0.01459,0.0265
1596526072.02589,B1261991,-0.05115,-0.05164,0.99725,0.01520,0.0264
1596526072.0317671,B1261996,-0.05115,-0.05115,0.99725,0.01581,0.0264
1596526072.036426,B1262001,-0.05109,-0.05072,0.99725,0.01642,0.0264
1596526072.041379,B1262006,-0.05103,-0.05011,0.99731,0.01697,0.0264
1596526072.046156,B1262011,-0.05090,-0.04944,0.99731,0.01758,0.0264
1596526072.0512981,B1262016,-0.05078,-0.04889,0.99738,0.01807,0.0264
1596526072.0575008,B1262022,-0.05066,-0.04822,0.99738,0.01862,0.0263
1596526072.061915,B1262027,-0.05042,-0.04694,0.99744,0.01959,0.0263
1596526072.0669482,B1262032,-0.05035,-0.04626,0.99744,0.02008,0.0263
1596526072.0731761,B1262038,-0.05023,-0.04553,0.99750,0.02051,0.0263
1596526072.078341,B1262043,-0.05011,-0.04474,0.99750,0.02100,0.0263
1596526072.083989,B1262049,-0.04993,-0.04376,0.99756,0.02148,0.0262
1596526072.0903912,B1262055,-0.04974,-0.04272,0.99762,0.02191,0.0262
1596526072.095237,B1262060,-0.04956,-0.04175,0.99762,0.02234,0.0262
1596526072.100287,B1262065,-0.04926,-0.04053,0.99768,0.02283,0.0261
1596526072.105763,B1262071,-0.04895,-0.03937,0.99774,0.02332,0.0261
1596526072.110471,B1262076,-0.04865,-0.03827,0.99780,0.02380,0.0261
1596526072.1156979,B1262081,-0.04828,-0.03711,0.99786,0.02429,0.0261
1596526072.120838,B1262086,-0.04779,-0.03583,0.99792,0.02472,0.0261
1596526072.125898,B1262091,-0.04730,-0.03467,0.99799,0.02521,0.0261
1596526072.1309812,B1262096,-0.04681,-0.03357,0.99799,0.02563,0.0260
1596526072.1360278,B1262101,-0.04633,-0.03259,0.99805,0.02606,0.0260
1596526072.141323,B1262106,-0.04572,-0.03143,0.99811,0.02649,0.0260
1596526072.1467211,B1262112,-0.04462,-0.02954,0.99817,0.02728,0.0260
1596526072.151613,B1262117,-0.04401,-0.02869,0.99823,0.02771,0.0260
1596526072.1573,B1262122,-0.04346,-0.02789,0.99829,0.02808,0.0259
1596526072.161881,B1262127,-0.04303,-0.02728,0.99829,0.02844,0.0259
1596526072.1674812,B1262132,-0.04260,-0.02686,0.99829,0.02887,0.0258
1596526072.17309,B1262137,-0.04230,-0.02655,0.99835,0.02924,0.0258
1596526072.1772401,B1262142,-0.04199,-0.02637,0.99835,0.02960,0.0258
1596526072.182745,B1262147,-0.04187,-0.02637,0.99835,0.02997,0.0258
1596526072.1870348,B1262152,-0.04175,-0.02649,0.99829,0.03033,0.0258
1596526072.192737,B1262157,-0.04169,-0.02673,0.99829,0.03070,0.0257
1596526072.198133,B1262163,-0.04175,-0.02710,0.99829,0.03107,0.0257
1596526072.204478,B1262169,-0.04181,-0.02759,0.99823,0.03137,0.0257
1596526072.2095082,B1262174,-0.04193,-0.02814,0.99823,0.03174,0.0257
1596526072.2139251,B1262179,-0.04205,-0.02875,0.99817,0.03210,0.0257
1596526072.220659,B1262185,-0.04218,-0.02948,0.99817,0.03241,0.0257
1596526072.22494,B1262190,-0.04236,-0.03027,0.99811,0.03278,0.0256
1596526072.2304142,B1262195,-0.04248,-0.03107,0.99805,0.03308,0.0256
1596526072.236715,B1262201,-0.04266,-0.03186,0.99805,0.03339,0.0256
1596526072.241256,B1262206,-0.04279,-0.03278,0.99799,0.03369,0.0255
1596526072.246151,B1262211,-0.04297,-0.03363,0.99792,0.03394,0.0255
1596526072.250849,B1262216,-0.04315,-0.03448,0.99786,0.03418,0.0255
1596526072.2572029,B1262221,-0.04333,-0.03528,0.99786,0.03442,0.0255
1596526072.261421,B1262226,-0.04376,-0.03699,0.99774,0.03485,0.0255
1596526072.266498,B1262231,-0.04401,-0.03778,0.99768,0.03503,0.0254
1596526072.271725,B1262236,-0.04425,-0.03845,0.99768,0.03516,0.0254
1596526072.27716,B1262242,-0.04456,-0.03925,0.99762,0.03528,0.0254
1596526072.2815309,B1262247,-0.04486,-0.03986,0.99756,0.03534,0.0254
1596526072.2864351,B1262252,-0.04523,-0.04041,0.99756,0.03540,0.0253
1596526072.291413,B1262257,-0.04553,-0.04083,0.99750,0.03546,0.0253
1596526072.296754,B1262262,-0.04596,-0.04132,0.99744,0.03552,0.0253
1596526072.301603,B1262267,-0.04633,-0.04175,0.99744,0.03552,0.0253
1596526072.307595,B1262272,-0.04675,-0.04211,0.99738,0.03552,0.0253
1596526072.313615,B1262277,-0.04706,-0.04248,0.99738,0.03552,0.0252
1596526072.317578,B1262282,-0.04749,-0.04285,0.99731,0.03540,0.0252
1596526072.3227808,B1262288,-0.04785,-0.04315,0.99731,0.03528,0.0252
1596526072.329605,B1262294,-0.04822,-0.04352,0.99725,0.03516,0.0252
1596526072.333994,B1262299,-0.04852,-0.04382,0.99725,0.03503,0.0252
1596526072.339232,B1262304,-0.04889,-0.04419,0.99719,0.03485,0.0252
1596526072.344034,B1262309,-0.04913,-0.04456,0.99719,0.03467,0.0251
1596526072.3496242,B1262315,-0.04938,-0.04492,0.99719,0.03448,0.0251
1596526072.356941,B1262320,-0.04968,-0.04529,0.99713,0.03430,0.0251
1596526072.360522,B1262326,-0.04993,-0.04572,0.99713,0.03406,0.0250
1596526072.365691,B1262331,-0.05017,-0.04602,0.99713,0.03387,0.0250
1596526072.370541,B1262336,-0.05035,-0.04639,0.99707,0.03369,0.0250
1596526072.376645,B1262341,-0.05054,-0.04669,0.99707,0.03345,0.0250
1596526072.3810189,B1262346,-0.05066,-0.04700,0.99707,0.03326,0.0250
1596526072.3859892,B1262351,-0.05090,-0.04755,0.99701,0.03284,0.0249
1596526072.391337,B1262356,-0.05096,-0.04779,0.99701,0.03265,0.0249
1596526072.396262,B1262361,-0.05103,-0.04803,0.99701,0.03235,0.0249
1596526072.401236,B1262366,-0.05103,-0.04822,0.99701,0.03210,0.0249
1596526072.406125,B1262371,-0.05103,-0.04840,0.99701,0.03192,0.0249
1596526072.411262,B1262377,-0.05103,-0.04858,0.99701,0.03174,0.0249
1596526072.417517,B1262382,-0.05096,-0.04871,0.99701,0.03162,0.0248
1596526072.4226649,B1262387,-0.05084,-0.04877,0.99701,0.03143,0.0248
1596526072.426381,B1262392,-0.05072,-0.04877,0.99701,0.03131,0.0247
1596526072.433163,B1262397,-0.05060,-0.04871,0.99707,0.03119,0.0247
1596526072.4371479,B1262402,-0.05042,-0.04865,0.99707,0.03107,0.0247
1596526072.442424,B1262407,-0.05017,-0.04846,0.99707,0.03094,0.0247
1596526072.44736,B1262413,-0.04987,-0.04828,0.99713,0.03088,0.0247
1596526072.453249,B1262418,-0.04962,-0.04810,0.99713,0.03076,0.0246
1596526072.4586198,B1262424,-0.04932,-0.04779,0.99719,0.03064,0.0246
1596526072.4645,B1262430,-0.04901,-0.04749,0.99719,0.03058,0.0246
1596526072.470033,B1262435,-0.04871,-0.04724,0.99725,0.03052,0.0246
1596526072.474915,B1262440,-0.04840,-0.04687,0.99725,0.03052,0.0246
1596526072.480632,B1262445,-0.04803,-0.04645,0.99731,0.03040,0.0245
1596526072.485319,B1262450,-0.04767,-0.04602,0.99731,0.03040,0.0245
1596526072.4902148,B1262456,-0.04736,-0.04553,0.99738,0.03033,0.0245
1596526072.495769,B1262461,-0.04706,-0.04510,0.99744,0.03040,0.0244
1596526072.501409,B1262466,-0.04675,-0.04456,0.99744,0.03040,0.0244
1596526072.506006,B1262471,-0.04645,-0.04401,0.99750,0.03046,0.0244
1596526072.510464,B1262476,-0.04614,-0.04346,0.99750,0.03052,0.0244
1596526072.516963,B1262481,-0.04584,-0.04285,0.99756,0.03064,0.0244
1596526072.520407,B1262486,-0.04553,-0.04224,0.99762,0.03076,0.0243
1596526072.5266292,B1262491,-0.04523,-0.04163,0.99762,0.03094,0.0243
1596526072.531117,B1262496,-0.04474,-0.04065,0.99768,0.03125,0.0242
1596526072.5360231,B1262501,-0.04443,-0.04022,0.99768,0.03149,0.0242
1596526072.54144,B1262507,-0.04425,-0.03986,0.99774,0.03168,0.0242
1596526072.546318,B1262512,-0.04401,-0.03961,0.99774,0.03192,0.0242
1596526072.5523741,B1262517,-0.04382,-0.03937,0.99774,0.03217,0.0242
1596526072.557506,B1262522,-0.04364,-0.03918,0.99774,0.03241,0.0241
1596526072.561533,B1262527,-0.04346,-0.03906,0.99774,0.03265,0.0241
1596526072.566545,B1262532,-0.04321,-0.03888,0.99774,0.03296,0.0241
1596526072.571774,B1262537,-0.04303,-0.03870,0.99774,0.03326,0.0241
1596526072.5796869,B1262542,-0.04272,-0.03851,0.99780,0.03357,0.0241
1596526072.582101,B1262547,-0.04248,-0.03839,0.99780,0.03394,0.0241
1596526072.587937,B1262552,-0.04230,-0.03833,0.99780,0.03430,0.0240
1596526072.592779,B1262558,-0.04211,-0.03827,0.99780,0.03461,0.0240
1596526072.597909,B1262564,-0.04193,-0.03839,0.99780,0.03497,0.0240
1596526072.603422,B1262569,-0.04169,-0.03857,0.99774,0.03528,0.0239
1596526072.6094248,B1262574,-0.04156,-0.03882,0.99774,0.03564,0.0239
1596526072.614646,B1262580,-0.04144,-0.03906,0.99774,0.03595,0.0239
1596526072.620197,B1262585,-0.04132,-0.03949,0.99768,0.03625,0.0239
1596526072.6249878,B1262591,-0.04120,-0.03998,0.99768,0.03662,0.0239
1596526072.630901,B1262596,-0.04114,-0.04053,0.99762,0.03699,0.0239
1596526072.635689,B1262601,-0.04102,-0.04108,0.99762,0.03735,0.0238
1596526072.640943,B1262606,-0.04095,-0.04175,0.99756,0.03766,0.0238
1596526072.6457238,B1262611,-0.04095,-0.04230,0.99756,0.03802,0.0238
1596526072.651198,B1262616,-0.04089,-0.04291,0.99750,0.03833,0.0238
1596526072.655915,B1262621,-0.04095,-0.04346,0.99750,0.03864,0.0238
1596526072.66096,B1262626,-0.04095,-0.04419,0.99744,0.03888,0.0238
1596526072.666367,B1262632,-0.04108,-0.04480,0.99738,0.03918,0.0238
1596526072.671946,B1262637,-0.04144,-0.04608,0.99731,0.03967,0.0237
1596526072.677326,B1262642,-0.04175,-0.04675,0.99725,0.03998,0.0237
1596526072.683048,B1262647,-0.04205,-0.04736,0.99719,0.04016,0.0236
1596526072.6868322,B1262652,-0.04242,-0.04791,0.99713,0.04041,0.0236
1596526072.692576,B1262657,-0.04279,-0.04840,0.99707,0.04059,0.0236
1596526072.6978061,B1262663,-0.04321,-0.04883,0.99701,0.04083,0.0236
1596526072.702901,B1262668,-0.04358,-0.04919,0.99701,0.04108,0.0236
1596526072.709175,B1262674,-0.04395,-0.04944,0.99695,0.04126,0.0236
1596526072.714272,B1262680,-0.04431,-0.04950,0.99695,0.04150,0.0235
1596526072.720869,B1262685,-0.04462,-0.04950,0.99689,0.04169,0.0235
1596526072.7252722,B1262690,-0.04492,-0.04938,0.99689,0.04193,0.0235
1596526072.730421,B1262696,-0.04517,-0.04907,0.99689,0.04218,0.0235
1596526072.7354848,B1262701,-0.04541,-0.04877,0.99689,0.04242,0.0235
1596526072.740944,B1262706,-0.04565,-0.04834,0.99689,0.04266,0.0235
1596526072.7460868,B1262711,-0.04602,-0.04742,0.99689,0.04315,0.0234
1596526072.75183,B1262717,-0.04620,-0.04706,0.99689,0.04346,0.0234
1596526072.7560582,B1262722,-0.04639,-0.04663,0.99689,0.04370,0.0234
1596526072.762337,B1262727,-0.04663,-0.04633,0.99689,0.04401,0.0233
1596526072.766575,B1262732,-0.04681,-0.04608,0.99689,0.04425,0.0233
1596526072.771809,B1262737,-0.04700,-0.04602,0.99683,0.04456,0.0233
1596526072.777109,B1262742,-0.04724,-0.04602,0.99683,0.04486,0.0233
1596526072.781734,B1262747,-0.04742,-0.04620,0.99677,0.04517,0.0233
1596526072.7864692,B1262752,-0.04761,-0.04651,0.99677,0.04553,0.0233
1596526072.7923489,B1262758,-0.04779,-0.04694,0.99670,0.04584,0.0233
1596526072.797812,B1262763,-0.04797,-0.04742,0.99664,0.04614,0.0232
1596526072.80307,B1262768,-0.04810,-0.04816,0.99658,0.04651,0.0232
1596526072.8083708,B1262774,-0.04816,-0.04883,0.99652,0.04687,0.0232
1596526072.814239,B1262779,-0.04822,-0.04962,0.99646,0.04724,0.0232
1596526072.8195672,B1262785,-0.04816,-0.05035,0.99646,0.04761,0.0231
1596526072.8250508,B1262790,-0.04810,-0.05115,0.99640,0.04797,0.0231
1596526072.830793,B1262795,-0.04797,-0.05194,0.99634,0.04834,0.0231
1596526072.835066,B1262801,-0.04779,-0.05267,0.99628,0.04871,0.0231
1596526072.840523,B1262806,-0.04755,-0.05347,0.99622,0.04907,0.0231
1596526072.845278,B1262811,-0.04724,-0.05420,0.99615,0.04944,0.0231
1596526072.850861,B1262816,-0.04687,-0.05493,0.99615,0.04980,0.0231
1596526072.855516,B1262821,-0.04657,-0.05554,0.99609,0.05017,0.0231
1596526072.861395,B1262826,-0.04614,-0.05627,0.99609,0.05054,0.0230
1596526072.865561,B1262831,-0.04572,-0.05688,0.99603,0.05084,0.0230
1596526072.873295,B1262836,-0.04529,-0.05743,0.99603,0.05115,0.0230
1596526072.875487,B1262841,-0.04480,-0.05792,0.99597,0.05145,0.0230
1596526072.880953,B1262846,-0.04431,-0.05847,0.99597,0.05182,0.0230
1596526072.885896,B1262852,-0.04382,-0.05890,0.99591,0.05206,0.0230
1596526072.891667,B1262857,-0.04291,-0.05957,0.99591,0.05267,0.0230
1596526072.895963,B1262862,-0.04242,-0.05988,0.99591,0.05292,0.0229
1596526072.901487,B1262867,-0.04193,-0.06012,0.99591,0.05316,0.0229
1596526072.907058,B1262872,-0.04144,-0.06030,0.99591,0.05341,0.0229
1596526072.9114308,B1262877,-0.04102,-0.06042,0.99591,0.05359,0.0229
1596526072.9175968,B1262883,-0.04053,-0.06055,0.99591,0.05383,0.0228
1596526072.923,B1262888,-0.04010,-0.06061,0.99591,0.05402,0.0228
1596526072.92875,B1262894,-0.03967,-0.06067,0.99591,0.05414,0.0228
1596526072.933723,B1262899,-0.03931,-0.06067,0.99591,0.05432,0.0228
1596526072.939592,B1262905,-0.03894,-0.06067,0.99591,0.05444,0.0228
1596526072.945261,B1262910,-0.03857,-0.06067,0.99591,0.05457,0.0228
1596526072.949274,B1262915,-0.03827,-0.06067,0.99591,0.05469,0.0228
1596526072.955104,B1262920,-0.03796,-0.06067,0.99591,0.05475,0.0228
1596526072.959635,B1262925,-0.03772,-0.06061,0.99591,0.05481,0.0227
1596526072.965347,B1262931,-0.03748,-0.06061,0.99597,0.05487,0.0227
1596526072.9704719,B1262936,-0.03729,-0.06061,0.99597,0.05493,0.0227
1596526072.975564,B1262941,-0.03711,-0.06061,0.99597,0.05499,0.0227
1596526072.9810922,B1262946,-0.03680,-0.06061,0.99597,0.05505,0.0227
1596526072.986502,B1262951,-0.03668,-0.06061,0.99597,0.05505,0.0227
1596526072.991075,B1262956,-0.03662,-0.06061,0.99597,0.05511,0.0227
1596526072.997118,B1262962,-0.03656,-0.06061,0.99597,0.05511,0.0227
1596526073.001122,B1262967,-0.03650,-0.06061,0.99597,0.05511,0.0226
1596526073.006523,B1262972,-0.03644,-0.06067,0.99597,0.05518,0.0226
1596526073.011262,B1262977,-0.03644,-0.06067,0.99597,0.05518,0.0226
1596526073.016535,B1262982,-0.03650,-0.06073,0.99597,0.05518,0.0226
1596526073.02174,B1262987,-0.03656,-0.06079,0.99597,0.05518,0.0225
1596526073.027748,B1262992,-0.03668,-0.06091,0.99591,0.05524,0.0225
1596526073.031749,B1262997,-0.03680,-0.06104,0.99591,0.05524,0.0225
1596526073.037459,B1263002,-0.03705,-0.06116,0.99591,0.05524,0.0225
1596526073.0424151,B1263008,-0.03729,-0.06128,0.99591,0.05524,0.0225
1596526073.049471,B1263014,-0.03754,-0.06140,0.99585,0.05530,0.0225
1596526073.053571,B1263019,-0.03784,-0.06152,0.99585,0.05530,0.0225
1596526073.0600388,B1263024,-0.03821,-0.06158,0.99585,0.05536,0.0225
1596526073.0650911,B1263029,-0.03857,-0.06158,0.99579,0.05536,0.0225
1596526073.0694988,B1263035,-0.03894,-0.06152,0.99579,0.05542,0.0224
1596526073.07458,B1263040,-0.03931,-0.06140,0.99579,0.05548,0.0224
1596526073.0794802,B1263045,-0.03973,-0.06122,0.99579,0.05554,0.0224
1596526073.085365,B1263051,-0.04010,-0.06097,0.99579,0.05560,0.0224
1596526073.090236,B1263056,-0.04047,-0.06061,0.99579,0.05566,0.0224
1596526073.095252,B1263061,-0.04083,-0.06024,0.99579,0.05573,0.0224
1596526073.100945,B1263066,-0.04114,-0.05975,0.99579,0.05579,0.0224
1596526073.105076,B1263071,-0.04144,-0.05920,0.99585,0.05585,0.0224
1596526073.110272,B1263076,-0.04175,-0.05853,0.99585,0.05591,0.0224
1596526073.117267,B1263081,-0.04199,-0.05792,0.99585,0.05597,0.0224
1596526073.120518,B1263086,-0.04224,-0.05707,0.99591,0.05597,0.0223
1596526073.12589,B1263091,-0.04248,-0.05627,0.99597,0.05597,0.0223
1596526073.1304698,B1263096,-0.04272,-0.05548,0.99597,0.05597,0.0223
1596526073.135844,B1263102,-0.04291,-0.05457,0.99603,0.05591,0.0223
1596526073.141102,B1263107,-0.04333,-0.05267,0.99609,0.05579,0.0223
1596526073.146343,B1263112,-0.04358,-0.05176,0.99615,0.05573,0.0222
1596526073.1519392,B1263118,-0.04382,-0.05096,0.99622,0.05560,0.0222
1596526073.158083,B1263124,-0.04413,-0.05011,0.99622,0.05548,0.0222
1596526073.163279,B1263129,-0.04443,-0.04932,0.99628,0.05536,0.0222
1596526073.169936,B1263135,-0.04474,-0.04858,0.99628,0.05524,0.0222
1596526073.1745121,B1263140,-0.04504,-0.04797,0.99628,0.05511,0.0222
1596526073.179468,B1263145,-0.04541,-0.04730,0.99634,0.05499,0.0222
1596526073.184462,B1263150,-0.04572,-0.04675,0.99634,0.05487,0.0222
1596526073.190552,B1263156,-0.04608,-0.04633,0.99634,0.05481,0.0222
1596526073.1952481,B1263161,-0.04633,-0.04596,0.99634,0.05475,0.0222
1596526073.2002509,B1263166,-0.04669,-0.04565,0.99634,0.05469,0.0222
1596526073.2051442,B1263171,-0.04700,-0.04547,0.99634,0.05463,0.0221
1596526073.2106612,B1263176,-0.04736,-0.04541,0.99634,0.05457,0.0221
1596526073.216948,B1263181,-0.04761,-0.04541,0.99634,0.05457,0.0221
1596526073.220418,B1263186,-0.04791,-0.04541,0.99634,0.05450,0.0221
1596526073.2260768,B1263192,-0.04816,-0.04541,0.99634,0.05450,0.0221
1596526073.2310688,B1263197,-0.04852,-0.04553,0.99628,0.05457,0.0220
1596526073.235945,B1263202,-0.04865,-0.04565,0.99628,0.05463,0.0220
1596526073.240981,B1263207,-0.04871,-0.04578,0.99628,0.05469,0.0220
1596526073.2466078,B1263212,-0.04877,-0.04596,0.99628,0.05475,0.0220
1596526073.25183,B1263217,-0.04883,-0.04614,0.99622,0.05487,0.0220
1596526073.257139,B1263222,-0.04889,-0.04633,0.99622,0.05493,0.0220
1596526073.262094,B1263227,-0.04889,-0.04645,0.99622,0.05499,0.0220
1596526073.2665758,B1263232,-0.04889,-0.04657,0.99622,0.05505,0.0220
1596526073.271403,B1263237,-0.04883,-0.04669,0.99622,0.05511,0.0220
1596526073.2775612,B1263243,-0.04877,-0.04675,0.99622,0.05524,0.0220
1596526073.28267,B1263249,-0.04871,-0.04681,0.99615,0.05530,0.0219
1596526073.289663,B1263254,-0.04865,-0.04687,0.99615,0.05536,0.0219
1596526073.293082,B1263259,-0.04865,-0.04694,0.99615,0.05536,0.0219
1596526073.2996202,B1263265,-0.04865,-0.04700,0.99615,0.05542,0.0219
1596526073.3040981,B1263270,-0.04871,-0.04706,0.99615,0.05548,0.0219
1596526073.309998,B1263275,-0.04883,-0.04700,0.99615,0.05548,0.0219
1596526073.3147871,B1263280,-0.04889,-0.04681,0.99615,0.05548,0.0219
1596526073.3199549,B1263286,-0.04895,-0.04645,0.99615,0.05554,0.0219
1596526073.325412,B1263291,-0.04901,-0.04590,0.99622,0.05560,0.0219
1596526073.330097,B1263296,-0.04907,-0.04523,0.99622,0.05566,0.0219
1596526073.3353019,B1263301,-0.04907,-0.04437,0.99628,0.05573,0.0219
1596526073.341368,B1263306,-0.04901,-0.04224,0.99634,0.05597,0.0218
1596526073.346185,B1263311,-0.04901,-0.04102,0.99640,0.05609,0.0218
1596526073.351618,B1263316,-0.04895,-0.03979,0.99640,0.05621,0.0218
1596526073.355531,B1263321,-0.04889,-0.03839,0.99646,0.05640,0.0218
1596526073.36055,B1263326,-0.04883,-0.03717,0.99652,0.05658,0.0218
1596526073.365574,B1263331,-0.04877,-0.03589,0.99652,0.05676,0.0218
1596526073.370643,B1263337,-0.04871,-0.03479,0.99658,0.05695,0.0218
1596526073.375768,B1263342,-0.04865,-0.03357,0.99664,0.05719,0.0218
1596526073.380995,B1263347,-0.04865,-0.03253,0.99664,0.05743,0.0218
1596526073.386087,B1263352,-0.04865,-0.03162,0.99664,0.05768,0.0217
1596526073.391615,B1263357,-0.04871,-0.03101,0.99664,0.05798,0.0217
1596526073.3967202,B1263362,-0.04883,-0.03040,0.99664,0.05829,0.0217
1596526073.401717,B1263367,-0.04901,-0.03003,0.99664,0.05865,0.0217
1596526073.406378,B1263372,-0.04919,-0.02991,0.99658,0.05902,0.0217
1596526073.411464,B1263377,-0.04950,-0.02991,0.99658,0.05945,0.0217
1596526073.417068,B1263383,-0.04980,-0.03015,0.99652,0.05988,0.0217
1596526073.422085,B1263388,-0.05011,-0.03052,0.99646,0.06030,0.0217
1596526073.427457,B1263394,-0.05042,-0.03101,0.99640,0.06079,0.0217
1596526073.433262,B1263399,-0.05084,-0.03174,0.99634,0.06134,0.0217
1596526073.438494,B1263404,-0.05121,-0.03253,0.99622,0.06183,0.0217
1596526073.443728,B1263410,-0.05164,-0.03339,0.99615,0.06238,0.0217
1596526073.4495392,B1263415,-0.05200,-0.03436,0.99609,0.06293,0.0217
1596526073.454514,B1263420,-0.05243,-0.03540,0.99597,0.06354,0.0217
1596526073.460572,B1263426,-0.05286,-0.03662,0.99585,0.06415,0.0216
1596526073.465052,B1263431,-0.05322,-0.03766,0.99579,0.06470,0.0216
1596526073.470029,B1263436,-0.05365,-0.03900,0.99567,0.06537,0.0216
1596526073.474905,B1263441,-0.05396,-0.04010,0.99554,0.06586,0.0216
1596526073.480103,B1263446,-0.05432,-0.04144,0.99542,0.06653,0.0216
1596526073.485823,B1263451,-0.05469,-0.04279,0.99530,0.06714,0.0216
1596526073.491563,B1263456,-0.05493,-0.04395,0.99524,0.06769,0.0216
1596526073.4963572,B1263462,-0.05518,-0.04510,0.99512,0.06824,0.0216
1596526073.5013702,B1263467,-0.05566,-0.04749,0.99493,0.06934,0.0216
1596526073.5059142,B1263472,-0.05585,-0.04858,0.99481,0.06989,0.0216
1596526073.511755,B1263478,-0.05597,-0.04962,0.99469,0.07037,0.0216
1596526073.5175428,B1263484,-0.05609,-0.05060,0.99463,0.07092,0.0216
1596526073.523259,B1263489,-0.05621,-0.05164,0.99451,0.07141,0.0216
1596526073.529451,B1263494,-0.05634,-0.05255,0.99445,0.07190,0.0216
1596526073.5341282,B1263500,-0.05640,-0.05334,0.99432,0.07239,0.0216
1596526073.53914,B1263505,-0.05640,-0.05420,0.99426,0.07281,0.0216
1596526073.5447161,B1263510,-0.05646,-0.05505,0.99420,0.07330,0.0216
1596526073.549717,B1263516,-0.05646,-0.05579,0.99414,0.07373,0.0216
1596526073.5548108,B1263521,-0.05646,-0.05640,0.99402,0.07416,0.0216
1596526073.561559,B1263526,-0.05646,-0.05713,0.99396,0.07458,0.0215
1596526073.5651572,B1263531,-0.05640,-0.05780,0.99390,0.07501,0.0215
1596526073.570373,B1263536,-0.05640,-0.05847,0.99384,0.07538,0.0215
1596526073.5751932,B1263541,-0.05634,-0.05908,0.99377,0.07574,0.0215
1596526073.580456,B1263546,-0.05627,-0.05975,0.99371,0.07617,0.0215
1596526073.585718,B1263552,-0.05627,-0.06036,0.99365,0.07654,0.0215
1596526073.590958,B1263557,-0.05621,-0.06152,0.99353,0.07715,0.0215
1596526073.5960152,B1263562,-0.05615,-0.06213,0.99347,0.07751,0.0214
1596526073.60156,B1263568,-0.05609,-0.06274,0.99341,0.07782,0.0214
1596526073.608051,B1263573,-0.05603,-0.06323,0.99335,0.07806,0.0214
1596526073.612963,B1263579,-0.05597,-0.06378,0.99329,0.07837,0.0214
1596526073.617944,B1263584,-0.05585,-0.06433,0.99323,0.07867,0.0214
1596526073.623897,B1263590,-0.05573,-0.06488,0.99323,0.07898,0.0214
1596526073.629129,B1263595,-0.05560,-0.06531,0.99316,0.07922,0.0214
1596526073.6346009,B1263600,-0.05548,-0.06573,0.99310,0.07953,0.0214
1596526073.6391811,B1263605,-0.05536,-0.06622,0.99304,0.07977,0.0214
1596526073.6449652,B1263610,-0.05524,-0.06665,0.99304,0.08002,0.0214
1596526073.651119,B1263616,-0.05511,-0.06702,0.99298,0.08020,0.0214
1596526073.655125,B1263621,-0.05505,-0.06738,0.99298,0.08051,0.0214
1596526073.661526,B1263626,-0.05493,-0.06769,0.99292,0.08081,0.0214
1596526073.665505,B1263632,-0.05469,-0.06793,0.99286,0.08136,0.0214
1596526073.67044,B1263637,-0.05463,-0.06799,0.99286,0.08160,0.0214
1596526073.6763039,B1263642,-0.05450,-0.06793,0.99286,0.08191,0.0214
1596526073.680887,B1263647,-0.05438,-0.06781,0.99280,0.08215,0.0214
1596526073.686303,B1263652,-0.05432,-0.06763,0.99280,0.08240,0.0214
1596526073.691211,B1263657,-0.05426,-0.06744,0.99280,0.08264,0.0214
1596526073.696979,B1263662,-0.05420,-0.06720,0.99280,0.08289,0.0214
1596526073.7008798,B1263667,-0.05414,-0.06689,0.99280,0.08313,0.0214
1596526073.706516,B1263672,-0.05414,-0.06659,0.99280,0.08331,0.0214
1596526073.711024,B1263677,-0.05408,-0.06622,0.99286,0.08356,0.0214
1596526073.716157,B1263682,-0.05414,-0.06580,0.99286,0.08374,0.0213
1596526073.722181,B1263687,-0.05414,-0.06537,0.99286,0.08392,0.0213
1596526073.7262661,B1263692,-0.05414,-0.06494,0.99286,0.08411,0.0213
1596526073.731348,B1263698,-0.05420,-0.06451,0.99286,0.08429,0.0213
1596526073.7374148,B1263703,-0.05426,-0.06403,0.99286,0.08447,0.0213
1596526073.7432609,B1263708,-0.05432,-0.06354,0.99292,0.08466,0.0213
1596526073.747526,B1263714,-0.05432,-0.06311,0.99292,0.08478,0.0213
1596526073.753164,B1263719,-0.05438,-0.06268,0.99292,0.08490,0.0213
1596526073.758582,B1263725,-0.05444,-0.06219,0.99292,0.08508,0.0213
1596526073.764174,B1263730,-0.05450,-0.06177,0.99298,0.08521,0.0213
1596526073.769425,B1263735,-0.05457,-0.06134,0.99298,0.08533,0.0213
1596526073.774244,B1263740,-0.05463,-0.06091,0.99298,0.08545,0.0213
1596526073.779291,B1263745,-0.05469,-0.06055,0.99298,0.08551,0.0213
1596526073.784491,B1263751,-0.05475,-0.06018,0.99298,0.08557,0.0213
1596526073.790145,B1263756,-0.05481,-0.05988,0.99304,0.08563,0.0213
1596526073.795102,B1263761,-0.05487,-0.05951,0.99304,0.08569,0.0213
1596526073.7999418,B1263766,-0.05493,-0.05908,0.99304,0.08575,0.0213
1596526073.805272,B1263771,-0.05499,-0.05872,0.99304,0.08575,0.0213
1596526073.810723,B1263776,-0.05499,-0.05835,0.99310,0.08582,0.0212
1596526073.815873,B1263781,-0.05505,-0.05798,0.99310,0.08582,0.0212
1596526073.821214,B1263787,-0.05505,-0.05762,0.99310,0.08582,0.0212
1596526073.825431,B1263792,-0.05518,-0.05707,0.99316,0.08575,0.0212
1596526073.8305652,B1263797,-0.05530,-0.05688,0.99316,0.08569,0.0212
1596526073.836939,B1263802,-0.05536,-0.05670,0.99316,0.08563,0.0212
1596526073.841304,B1263807,-0.05542,-0.05652,0.99316,0.08563,0.0212
1596526073.8458219,B1263812,-0.05554,-0.05640,0.99316,0.08557,0.0212
1596526073.851192,B1263817,-0.05560,-0.05634,0.99316,0.08551,0.0211
1596526073.856024,B1263822,-0.05566,-0.05627,0.99316,0.08545,0.0211
1596526073.861675,B1263827,-0.05579,-0.05627,0.99316,0.08539,0.0211
1596526073.866237,B1263832,-0.05591,-0.05634,0.99316,0.08527,0.0211
1596526073.872278,B1263838,-0.05603,-0.05646,0.99316,0.08521,0.0211
1596526073.8775659,B1263844,-0.05621,-0.05658,0.99316,0.08514,0.0211
1596526073.883428,B1263849,-0.05640,-0.05682,0.99316,0.08502,0.0211
1596526073.8889458,B1263854,-0.05658,-0.05701,0.99316,0.08490,0.0211
1596526073.893655,B1263860,-0.05676,-0.05725,0.99310,0.08484,0.0211
1596526073.8999941,B1263865,-0.05701,-0.05743,0.99310,0.08472,0.0211
1596526073.904958,B1263871,-0.05725,-0.05768,0.99310,0.08459,0.0211
1596526073.91085,B1263876,-0.05750,-0.05792,0.99304,0.08453,0.0211
1596526073.9152021,B1263881,-0.05774,-0.05817,0.99304,0.08441,0.0211
1596526073.919567,B1263886,-0.05804,-0.05835,0.99304,0.08429,0.0211
1596526073.9245272,B1263891,-0.05829,-0.05853,0.99304,0.08423,0.0211
1596526073.929684,B1263896,-0.05859,-0.05872,0.99298,0.08411,0.0211
1596526073.936349,B1263901,-0.05884,-0.05884,0.99298,0.08405,0.0211
1596526073.940005,B1263906,-0.05908,-0.05890,0.99298,0.08392,0.0211
1596526073.945386,B1263911,-0.05933,-0.05896,0.99298,0.08380,0.0210
1596526073.949901,B1263916,-0.05957,-0.05890,0.99298,0.08374,0.0210
1596526073.95503,B1263921,-0.05975,-0.05884,0.99298,0.08368,0.0210
1596526073.960924,B1263926,-0.05994,-0.05865,0.99298,0.08362,0.0210
1596526073.965333,B1263932,-0.06012,-0.05841,0.99298,0.08356,0.0210
1596526073.970432,B1263937,-0.06036,-0.05774,0.99298,0.08356,0.0210
1596526073.976455,B1263942,-0.06042,-0.05737,0.99304,0.08356,0.0210
1596526073.980534,B1263947,-0.06055,-0.05688,0.99304,0.08362,0.0210
1596526073.9855611,B1263952,-0.06061,-0.05646,0.99304,0.08374,0.0210
1596526073.991013,B1263957,-0.06067,-0.05609,0.99304,0.08380,0.0210
1596526073.996502,B1263962,-0.06073,-0.05573,0.99304,0.08392,0.0210
1596526074.000889,B1263967,-0.06079,-0.05548,0.99304,0.08405,0.0210
1596526074.006104,B1263972,-0.06091,-0.05524,0.99304,0.08417,0.0210
1596526074.010945,B1263977,-0.06097,-0.05505,0.99304,0.08435,0.0210
1596526074.015977,B1263982,-0.06110,-0.05499,0.99304,0.08453,0.0210
1596526074.021318,B1263987,-0.06122,-0.05505,0.99298,0.08472,0.0210
1596526074.026546,B1263993,-0.06128,-0.05511,0.99298,0.08490,0.0210
1596526074.032007,B1263998,-0.06140,-0.05536,0.99292,0.08508,0.0210
1596526074.0385568,B1264004,-0.06146,-0.05560,0.99292,0.08533,0.0210
1596526074.042954,B1264009,-0.06152,-0.05597,0.99286,0.08551,0.0209
1596526074.048745,B1264014,-0.06158,-0.05646,0.99280,0.08575,0.0209
1596526074.055897,B1264020,-0.06158,-0.05688,0.99274,0.08600,0.0209
1596526074.059304,B1264025,-0.06158,-0.05743,0.99274,0.08624,0.0209
1596526074.066035,B1264031,-0.06152,-0.05804,0.99268,0.08649,0.0209
1596526074.0703921,B1264036,-0.06140,-0.05865,0.99261,0.08679,0.0209
1596526074.0749419,B1264041,-0.06122,-0.05927,0.99255,0.08704,0.0209
1596526074.080995,B1264046,-0.06104,-0.05994,0.99249,0.08728,0.0209
1596526074.0851462,B1264051,-0.06079,-0.06055,0.99243,0.08752,0.0209
1596526074.090081,B1264056,-0.06049,-0.06116,0.99243,0.08783,0.0209
1596526074.095621,B1264062,-0.06024,-0.06171,0.99237,0.08807,0.0209
1596526074.100443,B1264067,-0.05945,-0.06293,0.99231,0.08862,0.0209
1596526074.105552,B1264072,-0.05902,-0.06354,0.99225,0.08893,0.0209
1596526074.111669,B1264077,-0.05865,-0.06403,0.99225,0.08917,0.0208
1596526074.115828,B1264082,-0.05823,-0.06458,0.99219,0.08942,0.0208
1596526074.120773,B1264087,-0.05780,-0.06506,0.99219,0.08972,0.0208
1596526074.126011,B1264092,-0.05737,-0.06555,0.99213,0.08997,0.0208
1596526074.1305568,B1264097,-0.05695,-0.06598,0.99213,0.09021,0.0208
1596526074.135494,B1264102,-0.05652,-0.06635,0.99207,0.09045,0.0208
1596526074.141376,B1264107,-0.05609,-0.06671,0.99207,0.09064,0.0208
1596526074.146163,B1264112,-0.05573,-0.06702,0.99207,0.09088,0.0208
1596526074.151135,B1264117,-0.05530,-0.06726,0.99200,0.09106,0.0208
1596526074.1565251,B1264122,-0.05487,-0.06744,0.99200,0.09131,0.0208
1596526074.161113,B1264127,-0.05450,-0.06757,0.99200,0.09149,0.0208
1596526074.166096,B1264133,-0.05408,-0.06769,0.99200,0.09167,0.0208
1596526074.171015,B1264138,-0.05371,-0.06775,0.99200,0.09180,0.0208
1596526074.177278,B1264143,-0.05328,-0.06781,0.99200,0.09192,0.0208
1596526074.1821911,B1264149,-0.05298,-0.06781,0.99200,0.09204,0.0208
1596526074.1880908,B1264154,-0.05255,-0.06781,0.99207,0.09210,0.0208
1596526074.192874,B1264159,-0.05225,-0.06775,0.99207,0.09222,0.0208
1596526074.198889,B1264165,-0.05194,-0.06775,0.99207,0.09229,0.0208
1596526074.205537,B1264170,-0.05164,-0.06769,0.99207,0.09229,0.0208
1596526074.20928,B1264176,-0.05133,-0.06763,0.99213,0.09235,0.0208
1596526074.2147589,B1264181,-0.05103,-0.06750,0.99213,0.09241,0.0208
1596526074.219383,B1264186,-0.05078,-0.06738,0.99213,0.09241,0.0208
1596526074.2250931,B1264191,-0.05054,-0.06726,0.99219,0.09241,0.0208
1596526074.229384,B1264196,-0.05035,-0.06714,0.99219,0.09241,0.0208
1596526074.2351239,B1264201,-0.05017,-0.06702,0.99219,0.09241,0.0208
1596526074.239949,B1264206,-0.04987,-0.06671,0.99225,0.09235,0.0207
1596526074.245674,B1264212,-0.04980,-0.06653,0.99225,0.09229,0.0207
1596526074.2501812,B1264217,-0.04968,-0.06641,0.99225,0.09229,0.0207
1596526074.256106,B1264222,-0.04968,-0.06628,0.99231,0.09222,0.0207
1596526074.260392,B1264227,-0.04962,-0.06616,0.99231,0.09216,0.0207
1596526074.265325,B1264232,-0.04962,-0.06604,0.99231,0.09204,0.0207
1596526074.270553,B1264237,-0.04968,-0.06598,0.99231,0.09198,0.0207
1596526074.275626,B1264242,-0.04974,-0.06586,0.99237,0.09186,0.0207
1596526074.281118,B1264247,-0.04980,-0.06586,0.99237,0.09180,0.0207
1596526074.2868109,B1264252,-0.04999,-0.06580,0.99237,0.09167,0.0207
1596526074.2908201,B1264257,-0.05011,-0.06580,0.99237,0.09161,0.0207
1596526074.2955751,B1264262,-0.05029,-0.06580,0.99237,0.09143,0.0207
1596526074.300609,B1264267,-0.05048,-0.06580,0.99237,0.09131,0.0207
1596526074.305939,B1264272,-0.05066,-0.06573,0.99237,0.09125,0.0206
1596526074.310669,B1264277,-0.05084,-0.06573,0.99237,0.09113,0.0206
1596526074.316087,B1264282,-0.05103,-0.06567,0.99237,0.09094,0.0206
1596526074.3216279,B1264288,-0.05121,-0.06555,0.99237,0.09082,0.0206
1596526074.327269,B1264294,-0.05139,-0.06549,0.99237,0.09070,0.0206
1596526074.333555,B1264299,-0.05157,-0.06537,0.99243,0.09058,0.0206
1596526074.3384361,B1264304,-0.05176,-0.06519,0.99243,0.09039,0.0206
1596526074.3435059,B1264310,-0.05188,-0.06500,0.99243,0.09027,0.0206
1596526074.348643,B1264315,-0.05200,-0.06476,0.99243,0.09015,0.0206
1596526074.356405,B1264321,-0.05212,-0.06451,0.99249,0.09003,0.0206
1596526074.35917,B1264326,-0.05225,-0.06421,0.99249,0.08990,0.0206
