imu_packets,1247
IMUtimestamp,quatI,quatJ,quatK,quatReal,quatRadianAccuracy
1580949724.290524,0.02838,-0.01648,-0.88312,0.46808,0.7854
1580949724.294432,0.02838,-0.01648,-0.88306,0.46808,0.7854
1580949724.300838,0.02838,-0.01648,-0.88306,0.46808,0.7854
1580949724.307324,0.02844,-0.01648,-0.88306,0.46814,0.7854
1580949724.317473,0.02844,-0.01648,-0.88306,0.46814,0.7854
1580949724.317638,0.02844,-0.01648,-0.88306,0.46814,0.7854
1580949724.325942,0.02844,-0.01642,-0.88306,0.46814,0.7854
1580949724.3298628,0.02850,-0.01642,-0.88306,0.46814,0.7854
1580949724.3330119,0.02850,-0.01642,-0.88306,0.46808,0.7854
1580949724.342165,0.02850,-0.01636,-0.88306,0.46808,0.7854
1580949724.344565,0.02850,-0.01630,-0.88312,0.46802,0.7854
1580949724.356897,0.02850,-0.01630,-0.88312,0.46802,0.7854
1580949724.3575082,0.02850,-0.01630,-0.88312,0.46796,0.7854
1580949724.364078,0.02850,-0.01624,-0.88312,0.46796,0.7854
1580949724.3700302,0.02850,-0.01624,-0.88318,0.46796,0.7854
1580949724.375903,0.02850,-0.01624,-0.88318,0.46790,0.7854
1580949724.378549,0.02850,-0.01624,-0.88318,0.46790,0.7854
1580949724.383703,0.02850,-0.01617,-0.88318,0.46783,0.7854
1580949724.400233,0.02850,-0.01611,-0.88324,0.46777,0.7854
1580949724.400511,0.02850,-0.01611,-0.88324,0.46777,0.7854
1580949724.400639,0.02850,-0.01611,-0.88324,0.46771,0.7854
1580949724.416393,0.02856,-0.01611,-0.88330,0.46765,0.7854
1580949724.416636,0.02856,-0.01611,-0.88330,0.46765,0.7854
1580949724.417472,0.02863,-0.01611,-0.88330,0.46765,0.7854
1580949724.428061,0.02863,-0.01605,-0.88336,0.46759,0.7854
1580949724.42977,0.02869,-0.01605,-0.88336,0.46753,0.7854
1580949724.4375749,0.02875,-0.01605,-0.88342,0.46747,0.7854
1580949724.457869,0.02875,-0.01605,-0.88342,0.46741,0.7854
1580949724.457879,0.02875,-0.01605,-0.88342,0.46741,0.7854
1580949724.4578822,0.02881,-0.01605,-0.88348,0.46735,0.7854
1580949724.462006,0.02887,-0.01611,-0.88348,0.46729,0.7854
1580949724.462187,0.02887,-0.01611,-0.88348,0.46722,0.7854
1580949724.4693592,0.02887,-0.01611,-0.88354,0.46722,0.7854
1580949724.4738932,0.02893,-0.01617,-0.88354,0.46716,0.7854
1580949724.486208,0.02899,-0.01617,-0.88361,0.46710,0.7854
1580949724.4883368,0.02899,-0.01624,-0.88361,0.46704,0.7854
1580949724.490122,0.02905,-0.01630,-0.88367,0.46692,0.7854
1580949724.5107572,0.02911,-0.01630,-0.88373,0.46680,0.7854
1580949724.510802,0.02911,-0.01636,-0.88379,0.46674,0.7854
1580949724.510805,0.02917,-0.01642,-0.88379,0.46667,0.7854
1580949724.5165231,0.02917,-0.01648,-0.88385,0.46661,0.7854
1580949724.517956,0.02917,-0.01648,-0.88391,0.46649,0.7854
1580949724.530517,0.02924,-0.01654,-0.88391,0.46643,0.7854
1580949724.534803,0.02924,-0.01666,-0.88403,0.46625,0.7854
1580949724.535035,0.02930,-0.01672,-0.88403,0.46613,0.7854
1580949724.5411048,0.02930,-0.01678,-0.88409,0.46606,0.7854
1580949724.5463738,0.02930,-0.01685,-0.88416,0.46600,0.7854
1580949724.5513449,0.02930,-0.01691,-0.88422,0.46588,0.7854
1580949724.558562,0.02930,-0.01691,-0.88428,0.46576,0.7854
1580949724.56761,0.02924,-0.01691,-0.88434,0.46564,0.7854
1580949724.573004,0.02917,-0.01691,-0.88440,0.46552,0.7854
1580949724.577507,0.02911,-0.01691,-0.88446,0.46545,0.7854
1580949724.578638,0.02899,-0.01691,-0.88458,0.46521,0.7854
1580949724.5911942,0.02887,-0.01691,-0.88464,0.46509,0.7854
1580949724.594372,0.02881,-0.01691,-0.88464,0.46503,0.7854
1580949724.5957818,0.02863,-0.01685,-0.88470,0.46497,0.7854
1580949724.603862,0.02850,-0.01678,-0.88477,0.46490,0.7854
1580949724.6071591,0.02838,-0.01678,-0.88477,0.46484,0.7854
1580949724.616363,0.02826,-0.01672,-0.88477,0.46484,0.7854
1580949724.61973,0.02808,-0.01660,-0.88483,0.46484,0.7854
1580949724.625494,0.02771,-0.01642,-0.88477,0.46484,0.7854
1580949724.6316218,0.02759,-0.01636,-0.88477,0.46490,0.7854
1580949724.641967,0.02740,-0.01624,-0.88477,0.46497,0.7854
1580949724.642005,0.02722,-0.01617,-0.88470,0.46509,0.7854
1580949724.6566179,0.02710,-0.01605,-0.88464,0.46515,0.7854
1580949724.656624,0.02698,-0.01593,-0.88458,0.46527,0.7854
1580949724.669947,0.02679,-0.01581,-0.88452,0.46539,0.7854
1580949724.6699579,0.02673,-0.01569,-0.88446,0.46558,0.7854
1580949724.672499,0.02655,-0.01538,-0.88434,0.46582,0.7854
1580949724.684222,0.02649,-0.01520,-0.88428,0.46594,0.7854
1580949724.688247,0.02643,-0.01501,-0.88422,0.46613,0.7854
1580949724.688381,0.02637,-0.01483,-0.88416,0.46625,0.7854
1580949724.6988149,0.02631,-0.01465,-0.88409,0.46637,0.7854
1580949724.700719,0.02625,-0.01447,-0.88403,0.46643,0.7854
1580949724.724088,0.02618,-0.01422,-0.88397,0.46655,0.7854
1580949724.724117,0.02606,-0.01398,-0.88397,0.46661,0.7854
1580949724.72517,0.02588,-0.01343,-0.88391,0.46674,0.7854
1580949724.7251751,0.02570,-0.01318,-0.88391,0.46680,0.7854
1580949724.725247,0.02557,-0.01288,-0.88391,0.46680,0.7854
1580949724.7325299,0.02533,-0.01251,-0.88397,0.46674,0.7854
1580949724.746665,0.02515,-0.01221,-0.88397,0.46667,0.7854
1580949724.748505,0.02490,-0.01178,-0.88403,0.46655,0.7854
1580949724.7487628,0.02460,-0.01135,-0.88416,0.46643,0.7854
1580949724.7542021,0.02435,-0.01093,-0.88422,0.46631,0.7854
1580949724.762965,0.02399,-0.01031,-0.88434,0.46613,0.7854
1580949724.764596,0.02319,-0.00916,-0.88464,0.46564,0.7854
1580949724.775101,0.02283,-0.00854,-0.88477,0.46539,0.7854
1580949724.78204,0.02240,-0.00775,-0.88495,0.46503,0.7854
1580949724.79114,0.02191,-0.00702,-0.88519,0.46472,0.7854
1580949724.792682,0.02155,-0.00635,-0.88531,0.46442,0.7854
1580949724.7943192,0.02100,-0.00549,-0.88556,0.46399,0.7854
1580949724.807489,0.02051,-0.00470,-0.88574,0.46368,0.7854
1580949724.809545,0.01996,-0.00378,-0.88599,0.46326,0.7854
1580949724.809622,0.01886,-0.00208,-0.88641,0.46252,0.7854
1580949724.818146,0.01831,-0.00116,-0.88660,0.46216,0.7854
1580949724.8222542,0.01770,-0.00012,-0.88684,0.46179,0.7854
1580949724.828249,0.01715,0.00073,-0.88702,0.46143,0.7854
1580949724.8356822,0.01654,0.00171,-0.88721,0.46106,0.7854
1580949724.840152,0.01593,0.00275,-0.88745,0.46063,0.7854
1580949724.845293,0.01526,0.00378,-0.88763,0.46027,0.7854
1580949724.853806,0.01410,0.00574,-0.88800,0.45959,0.7854
1580949724.861444,0.01343,0.00684,-0.88818,0.45923,0.7854
1580949724.8615859,0.01282,0.00781,-0.88831,0.45898,0.7854
1580949724.8678222,0.01215,0.00891,-0.88849,0.45868,0.7854
1580949724.873985,0.01160,0.00977,-0.88861,0.45844,0.7854
1580949724.879155,0.01099,0.01074,-0.88873,0.45819,0.7854
1580949724.887994,0.01038,0.01172,-0.88879,0.45801,0.7854
1580949724.8921118,0.00922,0.01337,-0.88898,0.45764,0.7854
1580949724.894075,0.00861,0.01422,-0.88904,0.45752,0.7854
1580949724.9039218,0.00806,0.01495,-0.88910,0.45740,0.7854
1580949724.907321,0.00757,0.01556,-0.88910,0.45734,0.7854
1580949724.914956,0.00702,0.01624,-0.88916,0.45728,0.7854
1580949724.9249978,0.00647,0.01678,-0.88916,0.45721,0.7854
1580949724.925354,0.00598,0.01721,-0.88916,0.45721,0.7854
1580949724.930379,0.00543,0.01770,-0.88916,0.45721,0.7854
1580949724.937196,0.00500,0.01801,-0.88916,0.45721,0.7854
1580949724.941804,0.00421,0.01843,-0.88910,0.45728,0.7854
1580949724.949282,0.00378,0.01855,-0.88910,0.45734,0.7854
1580949724.955358,0.00354,0.01862,-0.88904,0.45746,0.7854
1580949724.9561532,0.00323,0.01855,-0.88898,0.45752,0.7854
1580949724.972009,0.00299,0.01849,-0.88898,0.45764,0.7854
1580949724.9720151,0.00281,0.01831,-0.88892,0.45776,0.7854
1580949724.97435,0.00262,0.01819,-0.88885,0.45789,0.7854
1580949724.979786,0.00226,0.01782,-0.88867,0.45819,0.7854
1580949724.9889789,0.00208,0.01764,-0.88861,0.45831,0.7854
1580949724.993349,0.00195,0.01752,-0.88855,0.45850,0.7854
1580949724.998763,0.00183,0.01733,-0.88843,0.45868,0.7854
1580949725.0055292,0.00177,0.01727,-0.88837,0.45886,0.7854
1580949725.005826,0.00165,0.01721,-0.88824,0.45905,0.7854
1580949725.013246,0.00165,0.01715,-0.88818,0.45923,0.7854
1580949725.020736,0.00159,0.01709,-0.88806,0.45935,0.7854
1580949725.024391,0.00165,0.01709,-0.88800,0.45959,0.7854
1580949725.030566,0.00171,0.01709,-0.88788,0.45978,0.7854
1580949725.038775,0.00177,0.01715,-0.88776,0.45996,0.7854
1580949725.039186,0.00195,0.01733,-0.88751,0.46039,0.7854
1580949725.0443761,0.00208,0.01746,-0.88739,0.46063,0.7854
1580949725.0559418,0.00220,0.01764,-0.88727,0.46088,0.7854
1580949725.0568671,0.00226,0.01788,-0.88715,0.46112,0.7854
1580949725.064239,0.00238,0.01813,-0.88702,0.46136,0.7854
1580949725.070401,0.00244,0.01843,-0.88690,0.46161,0.7854
1580949725.078175,0.00250,0.01880,-0.88678,0.46185,0.7854
1580949725.078305,0.00250,0.01929,-0.88660,0.46210,0.7854
1580949725.0909498,0.00256,0.01978,-0.88647,0.46234,0.7854
1580949725.0927901,0.00256,0.02069,-0.88623,0.46283,0.7854
1580949725.096571,0.00256,0.02124,-0.88605,0.46307,0.7854
1580949725.1061718,0.00256,0.02173,-0.88593,0.46332,0.7854
1580949725.106269,0.00256,0.02228,-0.88580,0.46356,0.7854
1580949725.1230369,0.00250,0.02277,-0.88562,0.46381,0.7854
1580949725.126482,0.00250,0.02332,-0.88550,0.46405,0.7854
1580949725.1264908,0.00250,0.02380,-0.88538,0.46429,0.7854
1580949725.133662,0.00250,0.02435,-0.88519,0.46454,0.7854
1580949725.1350012,0.00244,0.02527,-0.88495,0.46503,0.7854
1580949725.148868,0.00244,0.02570,-0.88483,0.46521,0.7854
1580949725.150796,0.00244,0.02618,-0.88464,0.46545,0.7854
1580949725.155143,0.00244,0.02655,-0.88452,0.46570,0.7854
1580949725.157653,0.00244,0.02692,-0.88446,0.46588,0.7854
1580949725.170223,0.00238,0.02728,-0.88434,0.46606,0.7854
1580949725.178497,0.00232,0.02771,-0.88422,0.46631,0.7854
1580949725.181987,0.00220,0.02795,-0.88409,0.46643,0.7854
1580949725.1820061,0.00208,0.02832,-0.88397,0.46661,0.7854
1580949725.184126,0.00183,0.02875,-0.88385,0.46692,0.7854
1580949725.199662,0.00177,0.02893,-0.88373,0.46704,0.7854
1580949725.20067,0.00159,0.02905,-0.88367,0.46716,0.7854
1580949725.200712,0.00146,0.02911,-0.88361,0.46729,0.7854
1580949725.2096279,0.00140,0.02905,-0.88361,0.46741,0.7854
1580949725.212151,0.00134,0.02905,-0.88354,0.46747,0.7854
1580949725.2198699,0.00122,0.02893,-0.88348,0.46753,0.7854
1580949725.2386072,0.00122,0.02887,-0.88348,0.46759,0.7854
1580949725.238615,0.00122,0.02869,-0.88348,0.46759,0.7854
1580949725.239799,0.00128,0.02856,-0.88348,0.46759,0.7854
1580949725.243314,0.00134,0.02850,-0.88348,0.46759,0.7854
1580949725.2471318,0.00140,0.02838,-0.88354,0.46753,0.7854
1580949725.261625,0.00146,0.02832,-0.88354,0.46747,0.7854
1580949725.2618601,0.00159,0.02820,-0.88361,0.46741,0.7854
1580949725.262301,0.00177,0.02814,-0.88367,0.46729,0.7854
1580949725.274347,0.00189,0.02802,-0.88373,0.46716,0.7854
1580949725.276048,0.00220,0.02789,-0.88385,0.46686,0.7854
1580949725.2823381,0.00232,0.02783,-0.88397,0.46674,0.7854
1580949725.286182,0.00250,0.02783,-0.88403,0.46655,0.7854
1580949725.303102,0.00262,0.02777,-0.88416,0.46637,0.7854
1580949725.303112,0.00275,0.02777,-0.88422,0.46619,0.7854
1580949725.307543,0.00293,0.02777,-0.88434,0.46600,0.7854
1580949725.31263,0.00305,0.02771,-0.88446,0.46576,0.7854
1580949725.32382,0.00311,0.02771,-0.88458,0.46558,0.7854
1580949725.323828,0.00336,0.02777,-0.88483,0.46515,0.7854
1580949725.327374,0.00348,0.02777,-0.88489,0.46490,0.7854
1580949725.3343182,0.00360,0.02777,-0.88501,0.46466,0.7854
1580949725.335999,0.00372,0.02777,-0.88519,0.46442,0.7854
1580949725.344378,0.00385,0.02783,-0.88531,0.46417,0.7854
1580949725.352391,0.00391,0.02783,-0.88544,0.46393,0.7854
1580949725.35654,0.00403,0.02789,-0.88556,0.46368,0.7854
1580949725.35857,0.00409,0.02789,-0.88568,0.46344,0.7854
1580949725.368868,0.00421,0.02795,-0.88580,0.46320,0.7854
1580949725.371302,0.00433,0.02802,-0.88605,0.46271,0.7854
1580949725.3773901,0.00439,0.02808,-0.88623,0.46240,0.7854
1580949725.387363,0.00446,0.02814,-0.88635,0.46216,0.7854
1580949725.387372,0.00446,0.02820,-0.88647,0.46185,0.7854
1580949725.3948631,0.00446,0.02826,-0.88660,0.46161,0.7854
1580949725.403871,0.00446,0.02832,-0.88678,0.46136,0.7854
1580949725.4061692,0.00439,0.02844,-0.88690,0.46106,0.7854
1580949725.410712,0.00427,0.02856,-0.88721,0.46051,0.7854
1580949725.419203,0.00415,0.02863,-0.88733,0.46021,0.7854
1580949725.419942,0.00409,0.02863,-0.88751,0.45990,0.7854
1580949725.426989,0.00403,0.02863,-0.88763,0.45959,0.7854
1580949725.433392,0.00397,0.02856,-0.88782,0.45935,0.7854
1580949725.436809,0.00385,0.02850,-0.88794,0.45905,0.7854
1580949725.44241,0.00378,0.02838,-0.88812,0.45874,0.7854
1580949725.450054,0.00366,0.02826,-0.88824,0.45844,0.7854
1580949725.460972,0.00360,0.02814,-0.88843,0.45819,0.7854
1580949725.461984,0.00348,0.02795,-0.88855,0.45789,0.7854
1580949725.465899,0.00330,0.02753,-0.88879,0.45740,0.7854
1580949725.471972,0.00317,0.02734,-0.88892,0.45721,0.7854
1580949725.486003,0.00299,0.02710,-0.88904,0.45697,0.7854
1580949725.4888818,0.00281,0.02686,-0.88916,0.45679,0.7854
1580949725.491675,0.00269,0.02661,-0.88922,0.45667,0.7854
1580949725.492353,0.00250,0.02637,-0.88934,0.45648,0.7854
1580949725.497906,0.00232,0.02618,-0.88940,0.45636,0.7854
1580949725.506078,0.00208,0.02594,-0.88947,0.45624,0.7854
1580949725.518591,0.00189,0.02576,-0.88953,0.45618,0.7854
1580949725.520273,0.00146,0.02545,-0.88959,0.45612,0.7854
1580949725.523704,0.00128,0.02533,-0.88959,0.45612,0.7854
1580949725.528461,0.00116,0.02527,-0.88959,0.45612,0.7854
1580949725.5359192,0.00104,0.02515,-0.88959,0.45612,0.7854
1580949725.5371578,0.00092,0.02509,-0.88953,0.45618,0.7854
1580949725.546221,0.00079,0.02502,-0.88953,0.45618,0.7854
1580949725.547083,0.00073,0.02496,-0.88947,0.45630,0.7854
1580949725.553003,0.00061,0.02490,-0.88947,0.45636,0.7854
1580949725.567294,0.00049,0.02490,-0.88934,0.45648,0.7854
1580949725.572066,0.00049,0.02490,-0.88934,0.45660,0.7854
1580949725.572337,0.00049,0.02490,-0.88928,0.45667,0.7854
1580949725.577056,0.00043,0.02490,-0.88922,0.45679,0.7854
1580949725.5903602,0.00049,0.02490,-0.88916,0.45685,0.7854
1580949725.593577,0.00055,0.02490,-0.88916,0.45697,0.7854
1580949725.59536,0.00067,0.02484,-0.88910,0.45703,0.7854
1580949725.615289,0.00079,0.02472,-0.88910,0.45709,0.7854
1580949725.615296,0.00104,0.02466,-0.88904,0.45715,0.7854
1580949725.6167932,0.00153,0.02441,-0.88904,0.45715,0.7854
1580949725.61681,0.00183,0.02423,-0.88904,0.45715,0.7854
1580949725.62042,0.00220,0.02399,-0.88910,0.45715,0.7854
1580949725.630114,0.00262,0.02368,-0.88910,0.45709,0.7854
1580949725.636744,0.00299,0.02344,-0.88916,0.45703,0.7854
1580949725.636914,0.00342,0.02313,-0.88922,0.45691,0.7854
1580949725.643869,0.00378,0.02289,-0.88922,0.45685,0.7854
1580949725.6507862,0.00421,0.02271,-0.88934,0.45673,0.7854
1580949725.653452,0.00470,0.02252,-0.88947,0.45648,0.7854
1580949725.664363,0.00488,0.02252,-0.88953,0.45636,0.7854
1580949725.667472,0.00500,0.02252,-0.88959,0.45618,0.7854
1580949725.672854,0.00513,0.02258,-0.88965,0.45605,0.7854
1580949725.677264,0.00519,0.02264,-0.88971,0.45587,0.7854
1580949725.6844952,0.00531,0.02277,-0.88983,0.45569,0.7854
1580949725.689217,0.00537,0.02289,-0.88989,0.45551,0.7854
1580949725.693543,0.00537,0.02295,-0.89001,0.45538,0.7854
1580949725.698721,0.00543,0.02307,-0.89008,0.45520,0.7854
1580949725.704402,0.00543,0.02319,-0.89014,0.45502,0.7854
1580949725.710966,0.00543,0.02319,-0.89032,0.45471,0.7854
1580949725.716197,0.00549,0.02313,-0.89038,0.45459,0.7854
1580949725.7206578,0.00549,0.02301,-0.89044,0.45447,0.7854
1580949725.730925,0.00562,0.02283,-0.89050,0.45435,0.7854
1580949725.731779,0.00568,0.02258,-0.89056,0.45422,0.7854
1580949725.743069,0.00574,0.02228,-0.89062,0.45410,0.7854
1580949725.7445261,0.00586,0.02197,-0.89069,0.45404,0.7854
1580949725.7551239,0.00610,0.02118,-0.89075,0.45392,0.7854
1580949725.75632,0.00623,0.02069,-0.89081,0.45386,0.7854
1580949725.761466,0.00635,0.02020,-0.89081,0.45386,0.7854
1580949725.7709498,0.00647,0.01971,-0.89087,0.45386,0.7854
1580949725.77168,0.00659,0.01929,-0.89087,0.45386,0.7854
1580949725.782157,0.00677,0.01880,-0.89087,0.45386,0.7854
1580949725.7885902,0.00690,0.01843,-0.89087,0.45386,0.7854
1580949725.789363,0.00720,0.01776,-0.89087,0.45386,0.7854
1580949725.794315,0.00732,0.01752,-0.89087,0.45386,0.7854
1580949725.804632,0.00745,0.01740,-0.89087,0.45386,0.7854
1580949725.8060281,0.00757,0.01733,-0.89087,0.45386,0.7854
1580949725.819198,0.00769,0.01727,-0.89087,0.45386,0.7854
1580949725.8279328,0.00781,0.01733,-0.89093,0.45380,0.7854
1580949725.831862,0.00793,0.01740,-0.89093,0.45374,0.7854
1580949725.831868,0.00812,0.01758,-0.89093,0.45374,0.7854
1580949725.835158,0.00824,0.01776,-0.89093,0.45367,0.7854
1580949725.8403468,0.00854,0.01825,-0.89099,0.45355,0.7854
1580949725.8512099,0.00879,0.01855,-0.89105,0.45343,0.7854
1580949725.852104,0.00897,0.01880,-0.89105,0.45337,0.7854
1580949725.86189,0.00922,0.01910,-0.89111,0.45331,0.7854
1580949725.863383,0.00946,0.01941,-0.89111,0.45325,0.7854
1580949725.867712,0.00970,0.01965,-0.89117,0.45312,0.7854
1580949725.876572,0.01001,0.01996,-0.89124,0.45300,0.7854
1580949725.883147,0.01031,0.02026,-0.89130,0.45288,0.7854
1580949725.885382,0.01062,0.02051,-0.89130,0.45282,0.7854
1580949725.89171,0.01129,0.02094,-0.89142,0.45258,0.7854
1580949725.8996658,0.01166,0.02112,-0.89148,0.45239,0.7854
1580949725.909025,0.01202,0.02130,-0.89154,0.45227,0.7854
1580949725.910898,0.01239,0.02142,-0.89160,0.45221,0.7854
1580949725.911204,0.01276,0.02148,-0.89160,0.45209,0.7854
1580949725.9175959,0.01312,0.02155,-0.89166,0.45203,0.7854
1580949725.9223301,0.01361,0.02155,-0.89166,0.45190,0.7854
1580949725.929434,0.01398,0.02148,-0.89172,0.45184,0.7854
1580949725.9431,0.01440,0.02142,-0.89172,0.45184,0.7854
1580949725.943202,0.01526,0.02118,-0.89172,0.45184,0.7854
1580949725.9476638,0.01556,0.02112,-0.89172,0.45184,0.7854
1580949725.952846,0.01593,0.02094,-0.89172,0.45184,0.7854
1580949725.964596,0.01624,0.02081,-0.89166,0.45190,0.7854
1580949725.9646049,0.01654,0.02069,-0.89166,0.45197,0.7854
1580949725.9679549,0.01685,0.02051,-0.89160,0.45209,0.7854
1580949725.984267,0.01703,0.02039,-0.89154,0.45221,0.7854
1580949725.985884,0.01721,0.02020,-0.89148,0.45233,0.7854
1580949725.985892,0.01758,0.01996,-0.89130,0.45258,0.7854
1580949725.9966211,0.01770,0.01984,-0.89124,0.45276,0.7854
1580949725.999371,0.01782,0.01965,-0.89117,0.45294,0.7854
1580949726.00078,0.01788,0.01953,-0.89105,0.45312,0.7854
1580949726.015736,0.01801,0.01935,-0.89093,0.45331,0.7854
1580949726.015743,0.01807,0.01923,-0.89087,0.45355,0.7854
1580949726.017597,0.01813,0.01904,-0.89075,0.45380,0.7854
1580949726.032769,0.01825,0.01886,-0.89056,0.45404,0.7854
1580949726.032918,0.01837,0.01849,-0.89032,0.45453,0.7854
1580949726.034553,0.01849,0.01831,-0.89020,0.45483,0.7854
1580949726.042274,0.01855,0.01813,-0.89008,0.45514,0.7854
1580949726.05384,0.01868,0.01794,-0.88995,0.45538,0.7854
1580949726.053845,0.01886,0.01782,-0.88977,0.45563,0.7854
1580949726.0648162,0.01898,0.01764,-0.88965,0.45593,0.7854
1580949726.064822,0.01917,0.01746,-0.88947,0.45624,0.7854
1580949726.073372,0.01947,0.01715,-0.88922,0.45679,0.7854
1580949726.078337,0.01965,0.01703,-0.88904,0.45709,0.7854
1580949726.0894961,0.01978,0.01691,-0.88885,0.45746,0.7854
1580949726.089503,0.01996,0.01678,-0.88867,0.45776,0.7854
1580949726.093885,0.02014,0.01666,-0.88855,0.45807,0.7854
1580949726.1088471,0.02026,0.01660,-0.88837,0.45837,0.7854
1580949726.111095,0.02045,0.01648,-0.88818,0.45880,0.7854
1580949726.111105,0.02063,0.01642,-0.88800,0.45911,0.7854
1580949726.116666,0.02094,0.01624,-0.88757,0.45984,0.7854
1580949726.1183429,0.02106,0.01624,-0.88739,0.46021,0.7854
1580949726.132459,0.02118,0.01617,-0.88721,0.46057,0.7854
1580949726.1390111,0.02124,0.01611,-0.88702,0.46094,0.7854
1580949726.1405299,0.02136,0.01611,-0.88684,0.46130,0.7854
1580949726.141969,0.02142,0.01611,-0.88666,0.46161,0.7854
1580949726.154968,0.02155,0.01605,-0.88654,0.46191,0.7854
1580949726.154977,0.02155,0.01605,-0.88635,0.46228,0.7854
1580949726.160701,0.02161,0.01599,-0.88617,0.46265,0.7854
1580949726.161769,0.02161,0.01599,-0.88599,0.46295,0.7854
1580949726.1801221,0.02161,0.01593,-0.88580,0.46332,0.7854
1580949726.1889338,0.02167,0.01575,-0.88544,0.46393,0.7854
1580949726.18894,0.02173,0.01556,-0.88525,0.46429,0.7854
1580949726.189147,0.02179,0.01532,-0.88513,0.46460,0.7854
1580949726.203292,0.02185,0.01508,-0.88501,0.46484,0.7854
1580949726.207406,0.02191,0.01483,-0.88483,0.46515,0.7854
1580949726.207415,0.02203,0.01447,-0.88470,0.46545,0.7854
1580949726.2078989,0.02209,0.01404,-0.88452,0.46576,0.7854
1580949726.215392,0.02216,0.01367,-0.88440,0.46600,0.7854
1580949726.220549,0.02222,0.01324,-0.88422,0.46631,0.7854
1580949726.226156,0.02240,0.01239,-0.88397,0.46680,0.7854
1580949726.2420511,0.02240,0.01196,-0.88391,0.46698,0.7854
1580949726.242058,0.02246,0.01147,-0.88379,0.46716,0.7854
1580949726.244128,0.02246,0.01105,-0.88373,0.46735,0.7854
1580949726.250533,0.02246,0.01068,-0.88367,0.46753,0.7854
1580949726.26207,0.02246,0.01025,-0.88354,0.46765,0.7854
1580949726.262227,0.02240,0.00970,-0.88348,0.46777,0.7854
1580949726.2700958,0.02228,0.00922,-0.88348,0.46790,0.7854
1580949726.270102,0.02203,0.00818,-0.88336,0.46808,0.7854
1580949726.291153,0.02179,0.00769,-0.88330,0.46820,0.7854
1580949726.291161,0.02148,0.00726,-0.88330,0.46826,0.7854
1580949726.291164,0.02118,0.00690,-0.88324,0.46838,0.7854
1580949726.291167,0.02069,0.00659,-0.88318,0.46851,0.7854
1580949726.2990038,0.02020,0.00635,-0.88312,0.46863,0.7854
1580949726.305001,0.01965,0.00604,-0.88306,0.46881,0.7854
1580949726.307136,0.01917,0.00568,-0.88300,0.46893,0.7854
1580949726.3178601,0.01880,0.00525,-0.88293,0.46906,0.7854
1580949726.318859,0.01825,0.00427,-0.88281,0.46930,0.7854
1580949726.329126,0.01807,0.00366,-0.88275,0.46942,0.7854
1580949726.334343,0.01794,0.00317,-0.88275,0.46948,0.7854
1580949726.33568,0.01782,0.00256,-0.88269,0.46954,0.7854
1580949726.344265,0.01770,0.00189,-0.88269,0.46960,0.7854
1580949726.346994,0.01758,0.00134,-0.88269,0.46967,0.7854
1580949726.351958,0.01752,0.00061,-0.88269,0.46967,0.7854
1580949726.372279,0.01746,0.00000,-0.88263,0.46973,0.7854
1580949726.3722858,0.01746,-0.00146,-0.88263,0.46973,0.7854
1580949726.372289,0.01758,-0.00214,-0.88263,0.46973,0.7854
1580949726.374621,0.01770,-0.00281,-0.88263,0.46973,0.7854
1580949726.384812,0.01794,-0.00354,-0.88263,0.46973,0.7854
1580949726.390816,0.01813,-0.00409,-0.88263,0.46973,0.7854
1580949726.3970299,0.01843,-0.00464,-0.88263,0.46973,0.7854
1580949726.3976781,0.01874,-0.00525,-0.88263,0.46973,0.7854
1580949726.406753,0.01904,-0.00574,-0.88263,0.46967,0.7854
1580949726.4140108,0.01978,-0.00659,-0.88257,0.46967,0.7854
1580949726.415025,0.02026,-0.00702,-0.88257,0.46967,0.7854
1580949726.4200041,0.02069,-0.00739,-0.88257,0.46967,0.7854
1580949726.429246,0.02112,-0.00763,-0.88257,0.46973,0.7854
1580949726.4345899,0.02148,-0.00781,-0.88251,0.46973,0.7854
1580949726.436526,0.02191,-0.00787,-0.88251,0.46973,0.7854
1580949726.443368,0.02222,-0.00775,-0.88245,0.46979,0.7854
1580949726.4502962,0.02252,-0.00751,-0.88245,0.46979,0.7854
1580949726.452959,0.02277,-0.00647,-0.88245,0.46979,0.7854
1580949726.46464,0.02283,-0.00568,-0.88245,0.46985,0.7854
1580949726.4673011,0.02277,-0.00482,-0.88245,0.46985,0.7854
1580949726.4705548,0.02264,-0.00366,-0.88245,0.46991,0.7854
1580949726.475723,0.02240,-0.00238,-0.88245,0.46991,0.7854
1580949726.4816482,0.02216,-0.00122,-0.88239,0.46997,0.7854
1580949726.490467,0.02179,0.00031,-0.88239,0.47009,0.7854
1580949726.4984908,0.02148,0.00159,-0.88232,0.47015,0.7854
1580949726.5016692,0.02106,0.00311,-0.88226,0.47028,0.7854
1580949726.50404,0.02026,0.00574,-0.88208,0.47064,0.7854
1580949726.5114062,0.01996,0.00684,-0.88202,0.47076,0.7854
1580949726.5230532,0.01971,0.00793,-0.88190,0.47101,0.7854
1580949726.5233102,0.01947,0.00885,-0.88171,0.47125,0.7854
1580949726.533494,0.01929,0.00952,-0.88159,0.47150,0.7854
1580949726.5334988,0.01917,0.01007,-0.88147,0.47174,0.7854
1580949726.5382001,0.01904,0.01044,-0.88129,0.47205,0.7854
1580949726.545055,0.01898,0.01068,-0.88110,0.47241,0.7854
1580949726.554774,0.01904,0.01074,-0.88074,0.47308,0.7854
1580949726.557065,0.01904,0.01062,-0.88055,0.47339,0.7854
1580949726.56032,0.01910,0.01038,-0.88037,0.47382,0.7854
1580949726.579096,0.01917,0.01013,-0.88013,0.47418,0.7854
1580949726.579103,0.01923,0.00989,-0.88000,0.47455,0.7854
1580949726.582336,0.01929,0.00958,-0.87976,0.47491,0.7854
1580949726.591779,0.01929,0.00928,-0.87958,0.47534,0.7854
1580949726.591787,0.01935,0.00861,-0.87915,0.47601,0.7854
1580949726.598342,0.01935,0.00824,-0.87897,0.47644,0.7854
1580949726.6000588,0.01929,0.00793,-0.87878,0.47681,0.7854
1580949726.607999,0.01923,0.00763,-0.87854,0.47717,0.7854
1580949726.614072,0.01917,0.00739,-0.87842,0.47748,0.7854
1580949726.626196,0.01910,0.00714,-0.87823,0.47784,0.7854
1580949726.62637,0.01898,0.00696,-0.87805,0.47821,0.7854
1580949726.6280162,0.01880,0.00684,-0.87787,0.47845,0.7854
1580949726.636735,0.01862,0.00671,-0.87769,0.47876,0.7854
1580949726.6390011,0.01825,0.00677,-0.87738,0.47937,0.7854
1580949726.644924,0.01801,0.00696,-0.87726,0.47961,0.7854
1580949726.649921,0.01782,0.00708,-0.87714,0.47980,0.7854
1580949726.659822,0.01764,0.00732,-0.87701,0.48004,0.7854
1580949726.661994,0.01740,0.00763,-0.87689,0.48029,0.7854
1580949726.667459,0.01709,0.00793,-0.87683,0.48047,0.7854
1580949726.677679,0.01685,0.00830,-0.87671,0.48065,0.7854
1580949726.677686,0.01648,0.00873,-0.87659,0.48083,0.7854
1580949726.687401,0.01617,0.00916,-0.87653,0.48102,0.7854
1580949726.699177,0.01581,0.00958,-0.87640,0.48120,0.7854
1580949726.700087,0.01508,0.01050,-0.87622,0.48157,0.7854
1580949726.700097,0.01471,0.01093,-0.87616,0.48169,0.7854
1580949726.7054,0.01440,0.01135,-0.87604,0.48187,0.7854
1580949726.712118,0.01410,0.01172,-0.87598,0.48199,0.7854
1580949726.715713,0.01385,0.01215,-0.87592,0.48206,0.7854
1580949726.7267442,0.01367,0.01257,-0.87592,0.48218,0.7854
1580949726.726749,0.01349,0.01300,-0.87585,0.48218,0.7854
1580949726.733023,0.01337,0.01331,-0.87585,0.48218,0.7854
1580949726.746529,0.01331,0.01373,-0.87585,0.48218,0.7854
1580949726.7513092,0.01324,0.01440,-0.87592,0.48212,0.7854
1580949726.7578409,0.01318,0.01471,-0.87592,0.48206,0.7854
1580949726.760287,0.01318,0.01501,-0.87598,0.48199,0.7854
1580949726.766859,0.01318,0.01532,-0.87598,0.48187,0.7854
1580949726.769846,0.01312,0.01563,-0.87604,0.48181,0.7854
1580949726.7765272,0.01312,0.01587,-0.87610,0.48169,0.7854
1580949726.782061,0.01312,0.01611,-0.87616,0.48157,0.7854
1580949726.793313,0.01312,0.01642,-0.87628,0.48138,0.7854
1580949726.793355,0.01312,0.01654,-0.87634,0.48126,0.7854
1580949726.796542,0.01312,0.01660,-0.87640,0.48114,0.7854
1580949726.8011332,0.01318,0.01654,-0.87646,0.48102,0.7854
1580949726.8112798,0.01324,0.01648,-0.87653,0.48090,0.7854
1580949726.811881,0.01337,0.01630,-0.87659,0.48077,0.7854
1580949726.818166,0.01349,0.01599,-0.87665,0.48065,0.7854
1580949726.831241,0.01373,0.01556,-0.87671,0.48059,0.7854
1580949726.8313332,0.01422,0.01453,-0.87683,0.48041,0.7854
1580949726.8373601,0.01459,0.01385,-0.87683,0.48035,0.7854
1580949726.840363,0.01489,0.01324,-0.87689,0.48029,0.7854
1580949726.853646,0.01532,0.01257,-0.87695,0.48022,0.7854
1580949726.8608189,0.01563,0.01215,-0.87695,0.48010,0.7854
1580949726.86088,0.01593,0.01172,-0.87701,0.47998,0.7854
1580949726.862859,0.01617,0.01147,-0.87708,0.47992,0.7854
1580949726.8687758,0.01636,0.01129,-0.87720,0.47980,0.7854
1580949726.87567,0.01660,0.01129,-0.87732,0.47949,0.7854
1580949726.888177,0.01672,0.01141,-0.87738,0.47937,0.7854
1580949726.888769,0.01691,0.01141,-0.87744,0.47925,0.7854
1580949726.891457,0.01721,0.01135,-0.87750,0.47913,0.7854
1580949726.8988469,0.01764,0.01117,-0.87756,0.47906,0.7854
1580949726.9081228,0.01813,0.01086,-0.87762,0.47894,0.7854
1580949726.915989,0.01868,0.01056,-0.87762,0.47882,0.7854
1580949726.9209301,0.01947,0.01001,-0.87769,0.47870,0.7854
1580949726.9239419,0.01984,0.00977,-0.87775,0.47864,0.7854
1580949726.924895,0.02008,0.00958,-0.87775,0.47858,0.7854
1580949726.93372,0.02026,0.00952,-0.87775,0.47858,0.7854
1580949726.938564,0.02039,0.00946,-0.87775,0.47858,0.7854
1580949726.9408672,0.02045,0.00946,-0.87775,0.47858,0.7854
1580949726.951034,0.02045,0.00952,-0.87775,0.47858,0.7854
1580949726.96111,0.02039,0.00964,-0.87775,0.47858,0.7854
1580949726.961789,0.02020,0.00989,-0.87775,0.47858,0.7854
1580949726.965421,0.01978,0.01031,-0.87775,0.47858,0.7854
1580949726.968829,0.01947,0.01056,-0.87781,0.47858,0.7854
1580949726.974463,0.01910,0.01080,-0.87781,0.47852,0.7854
1580949726.9792871,0.01874,0.01099,-0.87781,0.47858,0.7854
1580949726.9944692,0.01837,0.01123,-0.87781,0.47858,0.7854
1580949726.994528,0.01801,0.01135,-0.87775,0.47864,0.7854
1580949727.006197,0.01758,0.01141,-0.87775,0.47864,0.7854
1580949727.0062919,0.01709,0.01147,-0.87775,0.47870,0.7854
1580949727.0162702,0.01666,0.01147,-0.87769,0.47882,0.7854
1580949727.018778,0.01624,0.01147,-0.87762,0.47888,0.7854
1580949727.0274382,0.01532,0.01147,-0.87756,0.47913,0.7854
1580949727.029734,0.01483,0.01154,-0.87750,0.47925,0.7854
1580949727.0305018,0.01447,0.01160,-0.87744,0.47937,0.7854
1580949727.037293,0.01392,0.01178,-0.87738,0.47949,0.7854
1580949727.0406091,0.01343,0.01202,-0.87726,0.47961,0.7854
1580949727.046022,0.01306,0.01227,-0.87726,0.47974,0.7854
1580949727.059484,0.01257,0.01263,-0.87720,0.47986,0.7854
1580949727.06191,0.01221,0.01300,-0.87714,0.47998,0.7854
1580949727.070699,0.01172,0.01343,-0.87708,0.48004,0.7854
1580949727.074629,0.01105,0.01428,-0.87695,0.48029,0.7854
1580949727.079639,0.01068,0.01465,-0.87689,0.48035,0.7854
1580949727.086507,0.01038,0.01508,-0.87683,0.48047,0.7854
1580949727.087351,0.01013,0.01532,-0.87671,0.48059,0.7854
1580949727.0919812,0.00989,0.01556,-0.87665,0.48077,0.7854
1580949727.09694,0.00970,0.01575,-0.87659,0.48096,0.7854
1580949727.106791,0.00952,0.01587,-0.87646,0.48108,0.7854
1580949727.11482,0.00928,0.01599,-0.87628,0.48145,0.7854
1580949727.116222,0.00922,0.01599,-0.87616,0.48163,0.7854
1580949727.124373,0.00916,0.01599,-0.87604,0.48187,0.7854
1580949727.1275342,0.00909,0.01593,-0.87592,0.48206,0.7854
1580949727.1378481,0.00903,0.01587,-0.87585,0.48230,0.7854
1580949727.137859,0.00903,0.01581,-0.87567,0.48254,0.7854
1580949727.158268,0.00903,0.01569,-0.87555,0.48279,0.7854
1580949727.158277,0.00903,0.01563,-0.87543,0.48303,0.7854
1580949727.158282,0.00897,0.01550,-0.87512,0.48358,0.7854
1580949727.160832,0.00897,0.01544,-0.87494,0.48389,0.7854
1580949727.168778,0.00891,0.01544,-0.87482,0.48413,0.7854
1580949727.17348,0.00885,0.01538,-0.87463,0.48444,0.7854
1580949727.18101,0.00885,0.01538,-0.87451,0.48468,0.7854
1580949727.1832829,0.00879,0.01538,-0.87439,0.48492,0.7854
1580949727.1907158,0.00873,0.01532,-0.87427,0.48517,0.7854
1580949727.198093,0.00867,0.01532,-0.87415,0.48541,0.7854
1580949727.203839,0.00854,0.01526,-0.87390,0.48584,0.7854
1580949727.2050729,0.00848,0.01526,-0.87378,0.48602,0.7854
1580949727.20928,0.00842,0.01526,-0.87366,0.48621,0.7854
1580949727.2174878,0.00836,0.01526,-0.87360,0.48639,0.7854
1580949727.22068,0.00830,0.01532,-0.87347,0.48651,0.7854
1580949727.2261388,0.00824,0.01538,-0.87341,0.48669,0.7854
1580949727.232548,0.00824,0.01550,-0.87335,0.48682,0.7854
1580949727.2422268,0.00818,0.01563,-0.87329,0.48694,0.7854
1580949727.248799,0.00818,0.01587,-0.87317,0.48706,0.7854
1580949727.2507882,0.00818,0.01605,-0.87317,0.48712,0.7854
1580949727.257796,0.00824,0.01617,-0.87311,0.48712,0.7854
1580949727.2609951,0.00836,0.01630,-0.87311,0.48718,0.7854
1580949727.269065,0.00842,0.01642,-0.87311,0.48712,0.7854
1580949727.273049,0.00854,0.01648,-0.87317,0.48712,0.7854
1580949727.2833788,0.00867,0.01654,-0.87317,0.48706,0.7854
1580949727.2833862,0.00879,0.01660,-0.87317,0.48700,0.7854
1580949727.28958,0.00891,0.01654,-0.87323,0.48694,0.7854
1580949727.2951949,0.00909,0.01648,-0.87323,0.48688,0.7854
1580949727.3051698,0.00940,0.01624,-0.87329,0.48682,0.7854
1580949727.311095,0.00952,0.01605,-0.87335,0.48676,0.7854
1580949727.312951,0.00970,0.01587,-0.87335,0.48669,0.7854
1580949727.3199081,0.00983,0.01569,-0.87341,0.48663,0.7854
1580949727.331051,0.01001,0.01544,-0.87347,0.48657,0.7854
1580949727.33106,0.01013,0.01520,-0.87347,0.48651,0.7854
1580949727.334919,0.01031,0.01477,-0.87354,0.48639,0.7854
1580949727.351786,0.01044,0.01453,-0.87360,0.48633,0.7854
1580949727.351796,0.01050,0.01422,-0.87360,0.48633,0.7854
1580949727.3548381,0.01050,0.01404,-0.87360,0.48633,0.7854
1580949727.356292,0.01056,0.01379,-0.87360,0.48633,0.7854
1580949727.367994,0.01056,0.01355,-0.87360,0.48633,0.7854
1580949727.3698812,0.01050,0.01337,-0.87360,0.48639,0.7854
1580949727.3755178,0.01044,0.01312,-0.87354,0.48645,0.7854
1580949727.3818948,0.01038,0.01288,-0.87347,0.48657,0.7854
1580949727.386902,0.01031,0.01263,-0.87341,0.48669,0.7854
1580949727.3969731,0.01025,0.01233,-0.87335,0.48688,0.7854
1580949727.397129,0.01007,0.01172,-0.87311,0.48724,0.7854
1580949727.3983629,0.01001,0.01135,-0.87299,0.48749,0.7854
1580949727.413294,0.00995,0.01099,-0.87286,0.48767,0.7854
1580949727.4166248,0.00995,0.01056,-0.87274,0.48792,0.7854
1580949727.4180071,0.00989,0.01013,-0.87262,0.48822,0.7854
1580949727.4210172,0.00983,0.00964,-0.87250,0.48846,0.7854
1580949727.430919,0.00970,0.00922,-0.87231,0.48877,0.7854
1580949727.436139,0.00958,0.00879,-0.87213,0.48907,0.7854
1580949727.440448,0.00940,0.00836,-0.87195,0.48938,0.7854
1580949727.4429572,0.00885,0.00769,-0.87164,0.49005,0.7854
1580949727.4488902,0.00854,0.00739,-0.87146,0.49036,0.7854
1580949727.463836,0.00806,0.00708,-0.87122,0.49078,0.7854
1580949727.468524,0.00745,0.00684,-0.87103,0.49115,0.7854
1580949727.479712,0.00684,0.00671,-0.87079,0.49158,0.7854
1580949727.482971,0.00604,0.00659,-0.87054,0.49200,0.7854
1580949727.482976,0.00513,0.00653,-0.87024,0.49255,0.7854
1580949727.48603,0.00421,0.00647,-0.86993,0.49310,0.7854
1580949727.4936152,0.00250,0.00629,-0.86932,0.49426,0.7854
1580949727.49488,0.00171,0.00616,-0.86896,0.49487,0.7854
1580949727.504798,0.00110,0.00604,-0.86865,0.49542,0.7854
1580949727.519806,0.00049,0.00586,-0.86829,0.49603,0.7854
1580949727.521153,0.00006,0.00580,-0.86804,0.49646,0.7854
1580949727.521158,-0.00037,0.00568,-0.86774,0.49701,0.7854
1580949727.5240152,-0.00079,0.00549,-0.86743,0.49750,0.7854
1580949727.5300548,-0.00116,0.00531,-0.86719,0.49792,0.7854
1580949727.5450912,-0.00140,0.00513,-0.86700,0.49829,0.7854
1580949727.545098,-0.00195,0.00464,-0.86658,0.49908,0.7854
1580949727.5485618,-0.00214,0.00427,-0.86633,0.49951,0.7854
1580949727.551113,-0.00232,0.00391,-0.86609,0.49982,0.7854
1580949727.564825,-0.00238,0.00342,-0.86584,0.50024,0.7854
1580949727.564831,-0.00238,0.00293,-0.86560,0.50067,0.7854
1580949727.576593,-0.00232,0.00238,-0.86542,0.50104,0.7854
1580949727.5766022,-0.00220,0.00177,-0.86517,0.50146,0.7854
1580949727.5767481,-0.00201,0.00110,-0.86493,0.50195,0.7854
1580949727.584955,-0.00183,0.00037,-0.86462,0.50238,0.7854
1580949727.593246,-0.00140,-0.00085,-0.86414,0.50330,0.7854
1580949727.595639,-0.00116,-0.00140,-0.86383,0.50378,0.7854
1580949727.6004422,-0.00085,-0.00195,-0.86353,0.50433,0.7854
1580949727.610115,-0.00061,-0.00232,-0.86328,0.50476,0.7854
1580949727.623577,-0.00031,-0.00262,-0.86298,0.50525,0.7854
1580949727.625914,0.00000,-0.00281,-0.86267,0.50574,0.7854
1580949727.625921,0.00024,-0.00287,-0.86243,0.50623,0.7854
1580949727.629011,0.00061,-0.00244,-0.86194,0.50702,0.7854
1580949727.640961,0.00073,-0.00195,-0.86169,0.50745,0.7854
1580949727.6476831,0.00079,-0.00128,-0.86151,0.50775,0.7854
1580949727.651998,0.00079,-0.00043,-0.86133,0.50806,0.7854
1580949727.65245,0.00067,0.00043,-0.86121,0.50830,0.7854
1580949727.658199,0.00049,0.00159,-0.86102,0.50854,0.7854
1580949727.6683881,0.00031,0.00287,-0.86090,0.50873,0.7854
1580949727.6715572,0.00000,0.00403,-0.86084,0.50891,0.7854
1580949727.6759,-0.00061,0.00684,-0.86066,0.50916,0.7854
1580949727.679305,-0.00098,0.00812,-0.86060,0.50928,0.7854
1580949727.6955578,-0.00122,0.00928,-0.86053,0.50934,0.7854
1580949727.697869,-0.00153,0.01044,-0.86047,0.50940,0.7854
1580949727.69788,-0.00177,0.01147,-0.86041,0.50946,0.7854
1580949727.71186,-0.00195,0.01239,-0.86041,0.50946,0.7854
1580949727.713067,-0.00214,0.01324,-0.86035,0.50952,0.7854
1580949727.7130728,-0.00226,0.01385,-0.86035,0.50952,0.7854
1580949727.719149,-0.00238,0.01440,-0.86035,0.50952,0.7854
1580949727.724558,-0.00250,0.01495,-0.86029,0.50952,0.7854
1580949727.7341099,-0.00250,0.01508,-0.86029,0.50952,0.7854
1580949727.734411,-0.00250,0.01501,-0.86029,0.50952,0.7854
1580949727.746762,-0.00244,0.01489,-0.86035,0.50946,0.7854
1580949727.752706,-0.00244,0.01477,-0.86035,0.50946,0.7854
1580949727.75556,-0.00238,0.01453,-0.86041,0.50940,0.7854
1580949727.7565079,-0.00238,0.01422,-0.86047,0.50928,0.7854
1580949727.762439,-0.00232,0.01392,-0.86053,0.50916,0.7854
1580949727.771082,-0.00232,0.01331,-0.86066,0.50897,0.7854
1580949727.774517,-0.00238,0.01294,-0.86078,0.50885,0.7854
1580949727.780285,-0.00238,0.01263,-0.86084,0.50873,0.7854
1580949727.8031292,-0.00244,0.01233,-0.86090,0.50861,0.7854
1580949727.803139,-0.00256,0.01208,-0.86102,0.50842,0.7854
1580949727.807389,-0.00262,0.01178,-0.86108,0.50830,0.7854
1580949727.807434,-0.00275,0.01160,-0.86121,0.50818,0.7854
1580949727.814226,-0.00299,0.01129,-0.86139,0.50787,0.7854
1580949727.814913,-0.00311,0.01123,-0.86151,0.50763,0.7854
1580949727.825226,-0.00323,0.01117,-0.86157,0.50745,0.7854
1580949727.82607,-0.00342,0.01123,-0.86169,0.50726,0.7854
1580949727.8323998,-0.00360,0.01129,-0.86182,0.50714,0.7854
1580949727.835853,-0.00378,0.01141,-0.86194,0.50690,0.7854
1580949727.8450592,-0.00397,0.01160,-0.86206,0.50671,0.7854
1580949727.846394,-0.00409,0.01178,-0.86212,0.50653,0.7854
1580949727.857551,-0.00427,0.01196,-0.86224,0.50635,0.7854
1580949727.858358,-0.00446,0.01233,-0.86249,0.50592,0.7854
1580949727.862988,-0.00458,0.01251,-0.86255,0.50574,0.7854
1580949727.874966,-0.00458,0.01270,-0.86267,0.50562,0.7854
1580949727.8763971,-0.00464,0.01288,-0.86279,0.50537,0.7854
1580949727.882154,-0.00464,0.01306,-0.86285,0.50525,0.7854
1580949727.896502,-0.00464,0.01318,-0.86298,0.50500,0.7854
1580949727.89771,-0.00458,0.01337,-0.86310,0.50482,0.7854
1580949727.897716,-0.00452,0.01349,-0.86322,0.50458,0.7854
1580949727.901346,-0.00446,0.01355,-0.86334,0.50439,0.7854
1580949727.9073112,-0.00439,0.01367,-0.86353,0.50415,0.7854
1580949727.91267,-0.00427,0.01379,-0.86377,0.50366,0.7854
1580949727.923858,-0.00421,0.01385,-0.86395,0.50336,0.7854
1580949727.930027,-0.00421,0.01392,-0.86407,0.50311,0.7854
1580949727.93068,-0.00421,0.01392,-0.86426,0.50287,0.7854
1580949727.94049,-0.00421,0.01392,-0.86438,0.50256,0.7854
1580949727.94683,-0.00427,0.01392,-0.86456,0.50226,0.7854
1580949727.947743,-0.00433,0.01392,-0.86475,0.50195,0.7854
1580949727.953931,-0.00446,0.01379,-0.86511,0.50134,0.7854
1580949727.960087,-0.00458,0.01367,-0.86530,0.50104,0.7854
1580949727.973948,-0.00470,0.01361,-0.86548,0.50073,0.7854
1580949727.9762518,-0.00488,0.01355,-0.86566,0.50043,0.7854
1580949727.98454,-0.00500,0.01343,-0.86584,0.50012,0.7854
1580949727.987948,-0.00519,0.01331,-0.86603,0.49976,0.7854
1580949727.98801,-0.00537,0.01312,-0.86621,0.49945,0.7854
1580949727.999755,-0.00555,0.01294,-0.86633,0.49921,0.7854
1580949728.0021172,-0.00580,0.01239,-0.86664,0.49872,0.7854
1580949728.013814,-0.00592,0.01215,-0.86676,0.49854,0.7854
1580949728.017876,-0.00598,0.01190,-0.86688,0.49835,0.7854
1580949728.026591,-0.00604,0.01166,-0.86694,0.49823,0.7854
1580949728.028718,-0.00610,0.01135,-0.86707,0.49805,0.7854
1580949728.0287218,-0.00616,0.01117,-0.86713,0.49792,0.7854
1580949728.038464,-0.00623,0.01080,-0.86725,0.49768,0.7854
1580949728.043726,-0.00623,0.01068,-0.86731,0.49762,0.7854
1580949728.0485408,-0.00629,0.01056,-0.86737,0.49756,0.7854
1580949728.0514612,-0.00629,0.01050,-0.86737,0.49750,0.7854
1580949728.0547369,-0.00635,0.01050,-0.86737,0.49750,0.7854
1580949728.066628,-0.00641,0.01056,-0.86737,0.49750,0.7854
1580949728.0692291,-0.00647,0.01068,-0.86737,0.49750,0.7854
1580949728.076184,-0.00659,0.01074,-0.86737,0.49750,0.7854
1580949728.079326,-0.00659,0.01086,-0.86737,0.49756,0.7854
1580949728.08404,-0.00641,0.01080,-0.86725,0.49768,0.7854
1580949728.088301,-0.00616,0.01062,-0.86719,0.49780,0.7854
1580949728.094178,-0.00586,0.01044,-0.86713,0.49786,0.7854
1580949728.101666,-0.00543,0.01019,-0.86713,0.49799,0.7854
1580949728.10686,-0.00513,0.01001,-0.86707,0.49811,0.7854
1580949728.1202319,-0.00476,0.00983,-0.86700,0.49823,0.7854
1580949728.1202428,-0.00439,0.00964,-0.86694,0.49835,0.7854
1580949728.121631,-0.00397,0.00946,-0.86682,0.49847,0.7854
1580949728.135561,-0.00360,0.00928,-0.86676,0.49860,0.7854
1580949728.135573,-0.00293,0.00885,-0.86658,0.49896,0.7854
1580949728.1402829,-0.00269,0.00867,-0.86646,0.49915,0.7854
1580949728.151547,-0.00250,0.00848,-0.86633,0.49933,0.7854
1580949728.152446,-0.00244,0.00830,-0.86621,0.49957,0.7854
1580949728.161396,-0.00238,0.00812,-0.86609,0.49982,0.7854
1580949728.1655302,-0.00238,0.00793,-0.86591,0.50012,0.7854
1580949728.1785622,-0.00244,0.00769,-0.86572,0.50043,0.7854
1580949728.178568,-0.00244,0.00739,-0.86554,0.50073,0.7854
1580949728.178571,-0.00262,0.00684,-0.86517,0.50140,0.7854
1580949728.186838,-0.00275,0.00653,-0.86505,0.50171,0.7854
1580949728.19564,-0.00293,0.00623,-0.86481,0.50201,0.7854
1580949728.202066,-0.00311,0.00598,-0.86462,0.50238,0.7854
1580949728.203095,-0.00336,0.00568,-0.86444,0.50275,0.7854
1580949728.23156,-0.00366,0.00537,-0.86420,0.50311,0.7854
1580949728.2315679,-0.00415,0.00488,-0.86377,0.50385,0.7854
1580949728.2366452,-0.00439,0.00470,-0.86359,0.50415,0.7854
1580949728.236654,-0.00470,0.00458,-0.86340,0.50452,0.7854
1580949728.2366579,-0.00494,0.00458,-0.86322,0.50476,0.7854
1580949728.241877,-0.00531,0.00470,-0.86304,0.50507,0.7854
1580949728.246806,-0.00555,0.00488,-0.86292,0.50531,0.7854
1580949728.248996,-0.00586,0.00525,-0.86279,0.50549,0.7854
1580949728.252935,-0.00623,0.00568,-0.86273,0.50562,0.7854
1580949728.263689,-0.00653,0.00629,-0.86267,0.50568,0.7854
1580949728.266041,-0.00690,0.00696,-0.86261,0.50574,0.7854
1580949728.267999,-0.00720,0.00763,-0.86261,0.50580,0.7854
1580949728.278641,-0.00775,0.00897,-0.86261,0.50568,0.7854
1580949728.280685,-0.00800,0.00977,-0.86267,0.50562,0.7854
1580949728.291094,-0.00812,0.01044,-0.86267,0.50555,0.7854
1580949728.2912982,-0.00824,0.01099,-0.86273,0.50549,0.7854
1580949728.2976398,-0.00830,0.01154,-0.86279,0.50537,0.7854
1580949728.3016121,-0.00836,0.01208,-0.86285,0.50525,0.7854
1580949728.312151,-0.00830,0.01251,-0.86292,0.50507,0.7854
1580949728.313249,-0.00806,0.01312,-0.86310,0.50482,0.7854
1580949728.318388,-0.00781,0.01331,-0.86316,0.50470,0.7854
1580949728.324306,-0.00757,0.01343,-0.86322,0.50458,0.7854
1580949728.330297,-0.00732,0.01349,-0.86328,0.50446,0.7854
1580949728.34208,-0.00702,0.01349,-0.86340,0.50433,0.7854
1580949728.3486981,-0.00659,0.01343,-0.86346,0.50421,0.7854
1580949728.356482,-0.00623,0.01337,-0.86353,0.50409,0.7854
1580949728.357708,-0.00537,0.01312,-0.86365,0.50391,0.7854
1580949728.365556,-0.00488,0.01294,-0.86371,0.50378,0.7854
1580949728.365697,-0.00446,0.01282,-0.86377,0.50372,0.7854
1580949728.3709922,-0.00397,0.01263,-0.86383,0.50360,0.7854
1580949728.376693,-0.00348,0.01245,-0.86389,0.50354,0.7854
1580949728.382569,-0.00305,0.01233,-0.86395,0.50348,0.7854
1580949728.390871,-0.00256,0.01208,-0.86395,0.50336,0.7854
1580949728.401875,-0.00220,0.01196,-0.86401,0.50330,0.7854
1580949728.406973,-0.00171,0.01172,-0.86407,0.50323,0.7854
1580949728.4111412,-0.00092,0.01141,-0.86414,0.50311,0.7854
1580949728.420088,-0.00055,0.01123,-0.86414,0.50311,0.7854
1580949728.422697,-0.00012,0.01111,-0.86420,0.50305,0.7854
1580949728.422705,0.00024,0.01099,-0.86420,0.50299,0.7854
1580949728.434381,0.00055,0.01086,-0.86426,0.50299,0.7854
1580949728.4407942,0.00085,0.01074,-0.86426,0.50293,0.7854
1580949728.442723,0.00116,0.01068,-0.86426,0.50293,0.7854
1580949728.4458518,0.00146,0.01062,-0.86426,0.50287,0.7854
1580949728.450109,0.00171,0.01056,-0.86432,0.50287,0.7854
1580949728.455629,0.00220,0.01050,-0.86432,0.50281,0.7854
1580949728.4636009,0.00244,0.01044,-0.86432,0.50281,0.7854
1580949728.470651,0.00269,0.01044,-0.86432,0.50281,0.7854
1580949728.471021,0.00293,0.01044,-0.86432,0.50281,0.7854
1580949728.4769258,0.00317,0.01038,-0.86438,0.50275,0.7854
1580949728.489253,0.00342,0.01038,-0.86438,0.50275,0.7854
1580949728.4892612,0.00366,0.01031,-0.86438,0.50275,0.7854
1580949728.494533,0.00385,0.01019,-0.86438,0.50275,0.7854
1580949728.498611,0.00427,0.00995,-0.86432,0.50287,0.7854
1580949728.502368,0.00446,0.00983,-0.86426,0.50293,0.7854
1580949728.5082638,0.00458,0.00964,-0.86420,0.50299,0.7854
1580949728.514369,0.00470,0.00940,-0.86414,0.50317,0.7854
1580949728.530215,0.00482,0.00916,-0.86407,0.50330,0.7854
1580949728.533655,0.00494,0.00891,-0.86395,0.50348,0.7854
1580949728.5344992,0.00507,0.00867,-0.86383,0.50366,0.7854
1580949728.5424042,0.00513,0.00842,-0.86371,0.50391,0.7854
1580949728.5444071,0.00519,0.00806,-0.86346,0.50433,0.7854
1580949728.551061,0.00519,0.00787,-0.86334,0.50458,0.7854
1580949728.556857,0.00513,0.00763,-0.86316,0.50482,0.7854
1580949728.566473,0.00500,0.00751,-0.86304,0.50513,0.7854
1580949728.566654,0.00482,0.00732,-0.86279,0.50543,0.7854
1580949728.57265,0.00464,0.00714,-0.86267,0.50574,0.7854
1580949728.5826619,0.00439,0.00696,-0.86243,0.50610,0.7854
1580949728.5850549,0.00409,0.00671,-0.86224,0.50641,0.7854
1580949728.5980659,0.00378,0.00641,-0.86200,0.50684,0.7854
1580949728.602428,0.00311,0.00574,-0.86157,0.50763,0.7854
1580949728.607946,0.00269,0.00525,-0.86127,0.50806,0.7854
1580949728.608694,0.00232,0.00476,-0.86108,0.50848,0.7854
1580949728.624419,0.00195,0.00427,-0.86084,0.50885,0.7854
1580949728.625878,0.00153,0.00372,-0.86060,0.50934,0.7854
1580949728.625891,0.00104,0.00311,-0.86029,0.50977,0.7854
1580949728.635137,0.00061,0.00256,-0.86005,0.51013,0.7854
1580949728.638048,0.00012,0.00214,-0.85986,0.51050,0.7854
1580949728.642206,-0.00104,0.00146,-0.85944,0.51117,0.7854
1580949728.6515222,-0.00171,0.00128,-0.85931,0.51147,0.7854
1580949728.651528,-0.00244,0.00128,-0.85913,0.51178,0.7854
1580949728.662401,-0.00336,0.00134,-0.85895,0.51202,0.7854
1580949728.662527,-0.00433,0.00140,-0.85876,0.51233,0.7854
1580949728.665895,-0.00537,0.00153,-0.85858,0.51263,0.7854
1580949728.6778429,-0.00623,0.00165,-0.85846,0.51288,0.7854
1580949728.68464,-0.00708,0.00171,-0.85828,0.51312,0.7854
1580949728.686751,-0.00848,0.00171,-0.85803,0.51355,0.7854
1580949728.694473,-0.00903,0.00165,-0.85791,0.51367,0.7854
1580949728.6945438,-0.00958,0.00153,-0.85785,0.51385,0.7854
1580949728.702212,-0.01001,0.00134,-0.85779,0.51392,0.7854
1580949728.705179,-0.01038,0.00116,-0.85773,0.51398,0.7854
1580949728.710607,-0.01074,0.00092,-0.85773,0.51398,0.7854
1580949728.722077,-0.01117,0.00055,-0.85773,0.51398,0.7854
1580949728.7284858,-0.01154,0.00024,-0.85773,0.51398,0.7854
1580949728.732398,-0.01227,-0.00055,-0.85767,0.51404,0.7854
1580949728.736504,-0.01263,-0.00104,-0.85767,0.51410,0.7854
1580949728.740582,-0.01282,-0.00159,-0.85760,0.51416,0.7854
1580949728.751059,-0.01294,-0.00226,-0.85754,0.51428,0.7854
1580949728.755278,-0.01294,-0.00281,-0.85742,0.51440,0.7854
1580949728.762371,-0.01282,-0.00354,-0.85736,0.51453,0.7854
1580949728.7643578,-0.01270,-0.00409,-0.85730,0.51465,0.7854
1580949728.774281,-0.01239,-0.00476,-0.85718,0.51483,0.7854
1580949728.7750258,-0.01178,-0.00574,-0.85699,0.51520,0.7854
1580949728.7828648,-0.01135,-0.00616,-0.85687,0.51538,0.7854
1580949728.7913039,-0.01093,-0.00653,-0.85675,0.51556,0.7854
1580949728.79853,-0.01050,-0.00684,-0.85663,0.51575,0.7854
1580949728.804139,-0.01013,-0.00696,-0.85651,0.51599,0.7854
1580949728.8165278,-0.00970,-0.00702,-0.85638,0.51617,0.7854
1580949728.817817,-0.00928,-0.00684,-0.85626,0.51642,0.7854
1580949728.817827,-0.00903,-0.00653,-0.85620,0.51654,0.7854
1580949728.818075,-0.00873,-0.00598,-0.85608,0.51678,0.7854
1580949728.8263848,-0.00836,-0.00446,-0.85590,0.51709,0.7854
1580949728.8306031,-0.00830,-0.00354,-0.85583,0.51721,0.7854
1580949728.833715,-0.00818,-0.00238,-0.85577,0.51733,0.7854
1580949728.842012,-0.00818,-0.00122,-0.85565,0.51746,0.7854
1580949728.8467789,-0.00818,-0.00012,-0.85559,0.51758,0.7854
1580949728.864042,-0.00818,0.00104,-0.85553,0.51770,0.7854
1580949728.864049,-0.00824,0.00232,-0.85547,0.51782,0.7854
1580949728.864158,-0.00830,0.00348,-0.85541,0.51794,0.7854
1580949728.871864,-0.00842,0.00549,-0.85522,0.51819,0.7854
1580949728.8768241,-0.00848,0.00635,-0.85510,0.51831,0.7854
1580949728.885159,-0.00848,0.00708,-0.85504,0.51843,0.7854
1580949728.887483,-0.00848,0.00769,-0.85492,0.51862,0.7854
1580949728.8943691,-0.00842,0.00800,-0.85486,0.51874,0.7854
1580949728.90348,-0.00836,0.00824,-0.85480,0.51886,0.7854
1580949728.903889,-0.00818,0.00836,-0.85468,0.51904,0.7854
1580949728.908927,-0.00800,0.00836,-0.85461,0.51917,0.7854
1580949728.916495,-0.00757,0.00800,-0.85443,0.51941,0.7854
1580949728.92321,-0.00732,0.00769,-0.85437,0.51953,0.7854
1580949728.931084,-0.00708,0.00732,-0.85431,0.51965,0.7854
1580949728.933341,-0.00684,0.00702,-0.85425,0.51971,0.7854
1580949728.939638,-0.00665,0.00665,-0.85425,0.51978,0.7854
1580949728.9520798,-0.00647,0.00629,-0.85419,0.51990,0.7854
1580949728.952091,-0.00635,0.00598,-0.85419,0.51996,0.7854
1580949728.958548,-0.00616,0.00549,-0.85413,0.52002,0.7854
1580949728.962802,-0.00610,0.00525,-0.85413,0.52002,0.7854
1580949728.970864,-0.00604,0.00507,-0.85413,0.52002,0.7854
1580949728.9722931,-0.00604,0.00488,-0.85413,0.52002,0.7854
1580949728.97673,-0.00598,0.00470,-0.85413,0.52002,0.7854
1580949728.9899871,-0.00598,0.00452,-0.85413,0.51996,0.7854
1580949729.001108,-0.00604,0.00439,-0.85419,0.51996,0.7854
1580949729.0053031,-0.00616,0.00427,-0.85425,0.51984,0.7854
1580949729.0053089,-0.00629,0.00427,-0.85425,0.51978,0.7854
1580949729.005423,-0.00641,0.00427,-0.85431,0.51971,0.7854
1580949729.0188081,-0.00653,0.00433,-0.85431,0.51965,0.7854
1580949729.0188138,-0.00671,0.00439,-0.85437,0.51959,0.7854
1580949729.020131,-0.00690,0.00452,-0.85443,0.51953,0.7854
1580949729.0334358,-0.00708,0.00470,-0.85449,0.51941,0.7854
1580949729.038534,-0.00726,0.00482,-0.85449,0.51935,0.7854
1580949729.038666,-0.00745,0.00507,-0.85455,0.51929,0.7854
1580949729.048896,-0.00781,0.00549,-0.85468,0.51904,0.7854
1580949729.0524118,-0.00800,0.00574,-0.85474,0.51892,0.7854
1580949729.0602062,-0.00818,0.00604,-0.85480,0.51886,0.7854
1580949729.0635982,-0.00836,0.00635,-0.85486,0.51874,0.7854
1580949729.064802,-0.00854,0.00665,-0.85498,0.51855,0.7854
1580949729.0705779,-0.00867,0.00696,-0.85504,0.51849,0.7854
1580949729.07632,-0.00879,0.00726,-0.85510,0.51831,0.7854
1580949729.082674,-0.00891,0.00757,-0.85516,0.51819,0.7854
1580949729.096949,-0.00909,0.00806,-0.85535,0.51794,0.7854
1580949729.096956,-0.00916,0.00830,-0.85541,0.51782,0.7854
1580949729.102724,-0.00916,0.00848,-0.85547,0.51764,0.7854
1580949729.107763,-0.00922,0.00867,-0.85559,0.51752,0.7854
1580949729.1123478,-0.00922,0.00879,-0.85565,0.51733,0.7854
1580949729.1256409,-0.00922,0.00891,-0.85577,0.51721,0.7854
1580949729.129554,-0.00922,0.00903,-0.85590,0.51703,0.7854
1580949729.136117,-0.00916,0.00909,-0.85596,0.51685,0.7854
1580949729.137511,-0.00903,0.00922,-0.85620,0.51648,0.7854
1580949729.145428,-0.00891,0.00928,-0.85632,0.51630,0.7854
1580949729.1554859,-0.00879,0.00934,-0.85645,0.51605,0.7854
1580949729.160387,-0.00867,0.00940,-0.85657,0.51587,0.7854
1580949729.166665,-0.00848,0.00946,-0.85675,0.51556,0.7854
1580949729.1693928,-0.00830,0.00952,-0.85687,0.51538,0.7854
1580949729.172174,-0.00793,0.00952,-0.85718,0.51489,0.7854
1580949729.189596,-0.00769,0.00946,-0.85730,0.51465,0.7854
1580949729.189603,-0.00739,0.00940,-0.85748,0.51440,0.7854
1580949729.18986,-0.00708,0.00928,-0.85760,0.51422,0.7854
1580949729.190309,-0.00677,0.00916,-0.85773,0.51398,0.7854
1580949729.2045062,-0.00641,0.00897,-0.85785,0.51379,0.7854
1580949729.2059588,-0.00604,0.00885,-0.85797,0.51355,0.7854
1580949729.212696,-0.00568,0.00879,-0.85809,0.51337,0.7854
1580949729.217574,-0.00537,0.00879,-0.85828,0.51312,0.7854
1580949729.218019,-0.00494,0.00922,-0.85852,0.51263,0.7854
1580949729.229321,-0.00488,0.00964,-0.85864,0.51239,0.7854
1580949729.229859,-0.00476,0.01013,-0.85883,0.51215,0.7854
1580949729.2409768,-0.00470,0.01068,-0.85895,0.51190,0.7854
1580949729.240984,-0.00446,0.01111,-0.85913,0.51166,0.7854
1580949729.2460952,-0.00409,0.01160,-0.85931,0.51135,0.7854
1580949729.255409,-0.00366,0.01184,-0.85944,0.51111,0.7854
1580949729.260548,-0.00250,0.01215,-0.85980,0.51050,0.7854
1580949729.262626,-0.00183,0.01227,-0.85999,0.51013,0.7854
1580949729.277083,-0.00134,0.01239,-0.86017,0.50989,0.7854
1580949729.27851,-0.00085,0.01251,-0.86035,0.50952,0.7854
1580949729.280096,-0.00055,0.01257,-0.86053,0.50928,0.7854
1580949729.290582,-0.00018,0.01270,-0.86066,0.50897,0.7854
1580949729.291324,0.00006,0.01276,-0.86084,0.50873,0.7854
1580949729.29564,0.00031,0.01276,-0.86096,0.50848,0.7854
1580949729.304563,0.00043,0.01276,-0.86115,0.50824,0.7854
1580949729.3130848,0.00037,0.01282,-0.86133,0.50787,0.7854
1580949729.317559,0.00018,0.01282,-0.86139,0.50775,0.7854
1580949729.325197,-0.00012,0.01276,-0.86151,0.50763,0.7854
1580949729.334506,-0.00049,0.01276,-0.86151,0.50751,0.7854
1580949729.3400068,-0.00092,0.01270,-0.86157,0.50745,0.7854
1580949729.347053,-0.00146,0.01263,-0.86157,0.50745,0.7854
1580949729.3496928,-0.00195,0.01251,-0.86163,0.50745,0.7854
1580949729.349699,-0.00299,0.01227,-0.86157,0.50745,0.7854
1580949729.354969,-0.00366,0.01208,-0.86157,0.50751,0.7854
1580949729.370023,-0.00421,0.01190,-0.86151,0.50757,0.7854
1580949729.3700328,-0.00476,0.01178,-0.86145,0.50769,0.7854
1580949729.3738198,-0.00525,0.01160,-0.86139,0.50775,0.7854
1580949729.382077,-0.00574,0.01141,-0.86133,0.50787,0.7854
1580949729.3930612,-0.00629,0.01123,-0.86121,0.50806,0.7854
1580949729.39331,-0.00671,0.01117,-0.86115,0.50818,0.7854
1580949729.393315,-0.00757,0.01117,-0.86102,0.50842,0.7854
1580949729.4096441,-0.00793,0.01141,-0.86090,0.50854,0.7854
1580949729.409693,-0.00824,0.01172,-0.86090,0.50861,0.7854
1580949729.409697,-0.00854,0.01215,-0.86084,0.50867,0.7854
1580949729.4222631,-0.00879,0.01270,-0.86078,0.50873,0.7854
1580949729.422475,-0.00903,0.01337,-0.86078,0.50873,0.7854
1580949729.42859,-0.00922,0.01410,-0.86078,0.50873,0.7854
1580949729.4376771,-0.00934,0.01477,-0.86078,0.50867,0.7854
1580949729.442997,-0.00940,0.01556,-0.86078,0.50861,0.7854
1580949729.443147,-0.00940,0.01697,-0.86084,0.50848,0.7854
1580949729.449614,-0.00928,0.01752,-0.86084,0.50848,0.7854
1580949729.453902,-0.00916,0.01813,-0.86090,0.50842,0.7854
1580949729.460643,-0.00897,0.01868,-0.86090,0.50836,0.7854
1580949729.465608,-0.00873,0.01910,-0.86090,0.50830,0.7854
1580949729.473948,-0.00848,0.01947,-0.86096,0.50824,0.7854
1580949729.478039,-0.00818,0.01984,-0.86096,0.50818,0.7854
1580949729.484639,-0.00745,0.02032,-0.86102,0.50806,0.7854
1580949729.4890518,-0.00714,0.02045,-0.86108,0.50806,0.7854
1580949729.4951968,-0.00671,0.02057,-0.86108,0.50800,0.7854
1580949729.502599,-0.00629,0.02069,-0.86108,0.50793,0.7854
1580949729.511285,-0.00592,0.02069,-0.86115,0.50793,0.7854
1580949729.511297,-0.00543,0.02069,-0.86115,0.50787,0.7854
1580949729.516823,-0.00494,0.02069,-0.86121,0.50781,0.7854
1580949729.5235431,-0.00452,0.02069,-0.86121,0.50781,0.7854
1580949729.527781,-0.00409,0.02069,-0.86127,0.50775,0.7854
1580949729.535286,-0.00323,0.02063,-0.86133,0.50763,0.7854
1580949729.545645,-0.00281,0.02057,-0.86133,0.50763,0.7854
1580949729.54845,-0.00238,0.02051,-0.86139,0.50757,0.7854
1580949729.556216,-0.00201,0.02051,-0.86139,0.50751,0.7854
1580949729.559171,-0.00159,0.02051,-0.86145,0.50745,0.7854
1580949729.5629811,-0.00128,0.02051,-0.86151,0.50732,0.7854
1580949729.5729978,-0.00061,0.02069,-0.86163,0.50714,0.7854
1580949729.573303,-0.00031,0.02081,-0.86169,0.50702,0.7854
1580949729.581536,-0.00006,0.02100,-0.86176,0.50690,0.7854
1580949729.584793,0.00018,0.02118,-0.86182,0.50684,0.7854
1580949729.594166,0.00031,0.02136,-0.86188,0.50671,0.7854
1580949729.596798,0.00049,0.02161,-0.86194,0.50659,0.7854
1580949729.604688,0.00061,0.02185,-0.86194,0.50647,0.7854
1580949729.608031,0.00079,0.02240,-0.86206,0.50635,0.7854
1580949729.6165729,0.00085,0.02271,-0.86206,0.50623,0.7854
1580949729.619402,0.00092,0.02295,-0.86212,0.50616,0.7854
1580949729.625979,0.00104,0.02319,-0.86212,0.50610,0.7854
1580949729.631076,0.00110,0.02344,-0.86218,0.50604,0.7854
1580949729.6391969,0.00122,0.02368,-0.86218,0.50598,0.7854
1580949729.647267,0.00134,0.02393,-0.86224,0.50592,0.7854
1580949729.650919,0.00153,0.02411,-0.86224,0.50586,0.7854
1580949729.6548858,0.00171,0.02423,-0.86230,0.50580,0.7854
1580949729.6599,0.00226,0.02441,-0.86237,0.50568,0.7854
1580949729.663285,0.00250,0.02441,-0.86243,0.50562,0.7854
1580949729.682972,0.00275,0.02441,-0.86249,0.50555,0.7854
1580949729.686997,0.00299,0.02441,-0.86249,0.50549,0.7854
1580949729.687005,0.00323,0.02435,-0.86255,0.50543,0.7854
1580949729.690283,0.00348,0.02429,-0.86255,0.50537,0.7854
1580949729.6943219,0.00360,0.02423,-0.86255,0.50531,0.7854
1580949729.7006888,0.00385,0.02411,-0.86261,0.50531,0.7854
1580949729.702701,0.00397,0.02411,-0.86261,0.50531,0.7854
1580949729.71232,0.00397,0.02411,-0.86261,0.50531,0.7854
1580949729.716257,0.00397,0.02417,-0.86261,0.50531,0.7854
1580949729.7197068,0.00397,0.02423,-0.86261,0.50531,0.7854
1580949729.734796,0.00397,0.02429,-0.86255,0.50531,0.7854
1580949729.738254,0.00397,0.02435,-0.86255,0.50537,0.7854
1580949729.739406,0.00391,0.02441,-0.86255,0.50543,0.7854
1580949729.7473621,0.00391,0.02448,-0.86249,0.50549,0.7854
1580949729.747521,0.00397,0.02448,-0.86243,0.50562,0.7854
1580949729.7530859,0.00403,0.02441,-0.86237,0.50568,0.7854
1580949729.758858,0.00403,0.02435,-0.86230,0.50574,0.7854
1580949729.764628,0.00409,0.02423,-0.86230,0.50586,0.7854
1580949729.777546,0.00415,0.02405,-0.86224,0.50592,0.7854
1580949729.7881432,0.00421,0.02386,-0.86218,0.50604,0.7854
1580949729.7912278,0.00427,0.02362,-0.86212,0.50616,0.7854
1580949729.7912378,0.00427,0.02307,-0.86200,0.50641,0.7854
1580949729.806256,0.00421,0.02277,-0.86188,0.50659,0.7854
1580949729.806265,0.00409,0.02252,-0.86182,0.50671,0.7854
1580949729.80878,0.00391,0.02222,-0.86169,0.50690,0.7854
1580949729.814934,0.00366,0.02203,-0.86163,0.50708,0.7854
1580949729.8252108,0.00330,0.02191,-0.86151,0.50732,0.7854
1580949729.832474,0.00281,0.02185,-0.86133,0.50757,0.7854
1580949729.839651,0.00226,0.02185,-0.86121,0.50781,0.7854
1580949729.839665,0.00122,0.02185,-0.86084,0.50836,0.7854
1580949729.840624,0.00067,0.02179,-0.86066,0.50873,0.7854
1580949729.849122,0.00024,0.02167,-0.86047,0.50909,0.7854
1580949729.8498728,-0.00006,0.02155,-0.86029,0.50940,0.7854
1580949729.8591318,-0.00031,0.02136,-0.86005,0.50977,0.7854
1580949729.8600771,-0.00049,0.02112,-0.85986,0.51007,0.7854
1580949729.87469,-0.00061,0.02087,-0.85968,0.51044,0.7854
1580949729.879311,-0.00073,0.02069,-0.85950,0.51074,0.7854
1580949729.883094,-0.00079,0.02039,-0.85931,0.51105,0.7854
1580949729.883195,-0.00085,0.01990,-0.85901,0.51160,0.7854
1580949729.89005,-0.00092,0.01965,-0.85883,0.51184,0.7854
1580949729.9031649,-0.00104,0.01935,-0.85864,0.51221,0.7854
1580949729.9031732,-0.00116,0.01904,-0.85846,0.51251,0.7854
1580949729.904588,-0.00128,0.01874,-0.85828,0.51282,0.7854
1580949729.9122891,-0.00140,0.01837,-0.85809,0.51318,0.7854
1580949729.916637,-0.00140,0.01794,-0.85785,0.51361,0.7854
1580949729.924974,-0.00140,0.01740,-0.85760,0.51404,0.7854
1580949729.926375,-0.00128,0.01617,-0.85706,0.51495,0.7854
1580949729.9394948,-0.00116,0.01550,-0.85675,0.51544,0.7854
1580949729.947667,-0.00098,0.01477,-0.85645,0.51599,0.7854
1580949729.9508522,-0.00079,0.01398,-0.85614,0.51654,0.7854
1580949729.9509828,-0.00061,0.01324,-0.85583,0.51709,0.7854
1580949729.956307,-0.00037,0.01245,-0.85547,0.51770,0.7854
1580949729.960784,-0.00012,0.01172,-0.85510,0.51831,0.7854
1580949729.968147,0.00012,0.01093,-0.85474,0.51892,0.7854
1580949729.9723918,0.00037,0.01025,-0.85437,0.51953,0.7854
1580949729.981639,0.00067,0.00958,-0.85394,0.52026,0.7854
1580949729.984829,0.00104,0.00861,-0.85321,0.52155,0.7854
1580949729.996001,0.00116,0.00836,-0.85284,0.52216,0.7854
1580949729.9960089,0.00122,0.00830,-0.85248,0.52271,0.7854
1580949730.000706,0.00116,0.00848,-0.85205,0.52338,0.7854
1580949730.0080159,0.00104,0.00879,-0.85168,0.52393,0.7854
1580949730.009747,0.00079,0.00928,-0.85132,0.52460,0.7854
1580949730.016462,0.00049,0.00983,-0.85089,0.52521,0.7854
1580949730.0238369,0.00012,0.01062,-0.85046,0.52588,0.7854
1580949730.0419981,-0.00031,0.01147,-0.85010,0.52655,0.7854
1580949730.042007,-0.00122,0.01318,-0.84924,0.52783,0.7854
1580949730.042911,-0.00171,0.01410,-0.84882,0.52850,0.7854
1580949730.0430138,-0.00226,0.01508,-0.84839,0.52911,0.7854
1580949730.049654,-0.00275,0.01587,-0.84802,0.52972,0.7854
1580949730.055577,-0.00323,0.01672,-0.84760,0.53033,0.7854
1580949730.0608268,-0.00372,0.01746,-0.84723,0.53094,0.7854
1580949730.069005,-0.00421,0.01819,-0.84674,0.53168,0.7854
1580949730.078291,-0.00458,0.01874,-0.84637,0.53223,0.7854
1580949730.079425,-0.00494,0.01923,-0.84595,0.53290,0.7854
1580949730.089618,-0.00549,0.01990,-0.84521,0.53406,0.7854
1580949730.092871,-0.00574,0.02008,-0.84479,0.53467,0.7854
1580949730.0982752,-0.00586,0.02020,-0.84442,0.53528,0.7854
1580949730.107815,-0.00598,0.02026,-0.84406,0.53583,0.7854
1580949730.107842,-0.00598,0.02020,-0.84375,0.53632,0.7854
1580949730.1115599,-0.00592,0.02014,-0.84344,0.53680,0.7854
1580949730.118057,-0.00586,0.01996,-0.84314,0.53735,0.7854
1580949730.124674,-0.00574,0.01984,-0.84283,0.53778,0.7854
1580949730.131532,-0.00543,0.01947,-0.84235,0.53857,0.7854
1580949730.142215,-0.00525,0.01923,-0.84210,0.53900,0.7854
1580949730.143129,-0.00513,0.01904,-0.84192,0.53931,0.7854
1580949730.152587,-0.00500,0.01880,-0.84167,0.53961,0.7854
1580949730.152813,-0.00494,0.01862,-0.84155,0.53986,0.7854
1580949730.1555789,-0.00476,0.01825,-0.84131,0.54028,0.7854
1580949730.1633449,-0.00476,0.01807,-0.84119,0.54041,0.7854
1580949730.172223,-0.00470,0.01794,-0.84113,0.54053,0.7854
1580949730.173475,-0.00470,0.01782,-0.84106,0.54065,0.7854
1580949730.181056,-0.00470,0.01776,-0.84100,0.54071,0.7854
1580949730.186312,-0.00470,0.01764,-0.84100,0.54071,0.7854
1580949730.192425,-0.00464,0.01758,-0.84100,0.54071,0.7854
1580949730.1927779,-0.00464,0.01746,-0.84106,0.54065,0.7854
1580949730.203456,-0.00458,0.01740,-0.84106,0.54059,0.7854
1580949730.2080798,-0.00458,0.01733,-0.84119,0.54047,0.7854
1580949730.220789,-0.00452,0.01733,-0.84125,0.54041,0.7854
1580949730.223294,-0.00446,0.01727,-0.84137,0.54022,0.7854
1580949730.2233028,-0.00439,0.01721,-0.84149,0.53998,0.7854
1580949730.228959,-0.00433,0.01715,-0.84161,0.53979,0.7854
1580949730.234136,-0.00427,0.01709,-0.84198,0.53925,0.7854
1580949730.240453,-0.00421,0.01703,-0.84216,0.53894,0.7854
1580949730.2490509,-0.00421,0.01703,-0.84241,0.53857,0.7854
1580949730.253189,-0.00421,0.01697,-0.84265,0.53821,0.7854
1580949730.260486,-0.00415,0.01697,-0.84283,0.53784,0.7854
1580949730.26139,-0.00415,0.01691,-0.84314,0.53741,0.7854
1580949730.271873,-0.00409,0.01685,-0.84338,0.53705,0.7854
1580949730.2770529,-0.00403,0.01672,-0.84369,0.53656,0.7854
1580949730.277472,-0.00391,0.01648,-0.84430,0.53564,0.7854
1580949730.2847779,-0.00385,0.01636,-0.84460,0.53516,0.7854
1580949730.2899709,-0.00385,0.01630,-0.84491,0.53467,0.7854
1580949730.299365,-0.00391,0.01617,-0.84521,0.53418,0.7854
1580949730.300329,-0.00397,0.01611,-0.84552,0.53369,0.7854
1580949730.304467,-0.00403,0.01605,-0.84589,0.53314,0.7854
1580949730.3112059,-0.00415,0.01599,-0.84619,0.53259,0.7854
1580949730.320437,-0.00427,0.01599,-0.84656,0.53198,0.7854
1580949730.3246038,-0.00439,0.01593,-0.84692,0.53149,0.7854
1580949730.332863,-0.00446,0.01593,-0.84729,0.53088,0.7854
1580949730.3343081,-0.00458,0.01605,-0.84802,0.52966,0.7854
1580949730.340578,-0.00470,0.01611,-0.84845,0.52905,0.7854
1580949730.3433468,-0.00476,0.01624,-0.84882,0.52844,0.7854
1580949730.35008,-0.00482,0.01630,-0.84918,0.52789,0.7854
1580949730.360203,-0.00488,0.01636,-0.84955,0.52728,0.7854
1580949730.360637,-0.00488,0.01642,-0.84991,0.52667,0.7854
1580949730.3719099,-0.00488,0.01648,-0.85028,0.52606,0.7854
1580949730.375178,-0.00482,0.01648,-0.85059,0.52551,0.7854
1580949730.37658,-0.00458,0.01642,-0.85138,0.52429,0.7854
1580949730.383855,-0.00446,0.01642,-0.85168,0.52374,0.7854
1580949730.389369,-0.00427,0.01648,-0.85205,0.52319,0.7854
1580949730.396502,-0.00409,0.01654,-0.85242,0.52258,0.7854
1580949730.403164,-0.00397,0.01672,-0.85278,0.52203,0.7854
1580949730.407424,-0.00391,0.01691,-0.85309,0.52148,0.7854
1580949730.411811,-0.00391,0.01721,-0.85345,0.52087,0.7854
1580949730.420332,-0.00391,0.01758,-0.85382,0.52026,0.7854
1580949730.423454,-0.00391,0.01788,-0.85413,0.51978,0.7854
1580949730.4291148,-0.00385,0.01843,-0.85474,0.51874,0.7854
1580949730.43761,-0.00378,0.01868,-0.85504,0.51825,0.7854
1580949730.442029,-0.00360,0.01880,-0.85529,0.51776,0.7854
1580949730.444095,-0.00342,0.01892,-0.85559,0.51727,0.7854
1580949730.453574,-0.00330,0.01892,-0.85583,0.51691,0.7854
1580949730.460366,-0.00311,0.01904,-0.85614,0.51642,0.7854
1580949730.462933,-0.00299,0.01910,-0.85645,0.51593,0.7854
1580949730.467239,-0.00293,0.01923,-0.85669,0.51544,0.7854
1580949730.475355,-0.00287,0.01947,-0.85718,0.51465,0.7854
1580949730.478014,-0.00281,0.01953,-0.85736,0.51428,0.7854
1580949730.487218,-0.00275,0.01971,-0.85760,0.51392,0.7854
1580949730.50335,-0.00269,0.01978,-0.85779,0.51355,0.7854
1580949730.503358,-0.00262,0.01996,-0.85803,0.51324,0.7854
1580949730.505261,-0.00262,0.02014,-0.85822,0.51288,0.7854
1580949730.512588,-0.00262,0.02032,-0.85840,0.51257,0.7854
1580949730.513194,-0.00269,0.02057,-0.85852,0.51233,0.7854
1580949730.517096,-0.00281,0.02100,-0.85876,0.51190,0.7854
1580949730.5229042,-0.00287,0.02118,-0.85889,0.51172,0.7854
1580949730.5287402,-0.00293,0.02124,-0.85895,0.51160,0.7854
1580949730.5395882,-0.00299,0.02130,-0.85901,0.51154,0.7854
1580949730.541961,-0.00305,0.02124,-0.85901,0.51147,0.7854
1580949730.548824,-0.00317,0.02118,-0.85907,0.51147,0.7854
1580949730.55543,-0.00330,0.02106,-0.85907,0.51147,0.7854
1580949730.562291,-0.00348,0.02081,-0.85901,0.51154,0.7854
1580949730.56361,-0.00385,0.02020,-0.85889,0.51172,0.7854
1580949730.5734138,-0.00403,0.01990,-0.85883,0.51190,0.7854
1580949730.5763562,-0.00421,0.01953,-0.85870,0.51208,0.7854
1580949730.583085,-0.00446,0.01917,-0.85858,0.51227,0.7854
1580949730.589015,-0.00464,0.01892,-0.85852,0.51245,0.7854
1580949730.603229,-0.00488,0.01868,-0.85834,0.51270,0.7854
1580949730.6032362,-0.00513,0.01849,-0.85822,0.51294,0.7854
1580949730.6032388,-0.00543,0.01843,-0.85803,0.51318,0.7854
1580949730.616746,-0.00610,0.01868,-0.85779,0.51361,0.7854
1580949730.6189,-0.00641,0.01898,-0.85767,0.51385,0.7854
1580949730.618954,-0.00677,0.01935,-0.85748,0.51404,0.7854
1580949730.625249,-0.00708,0.01978,-0.85736,0.51422,0.7854
1580949730.635364,-0.00732,0.02026,-0.85730,0.51440,0.7854
1580949730.640621,-0.00763,0.02075,-0.85712,0.51459,0.7854
1580949730.649389,-0.00781,0.02124,-0.85706,0.51477,0.7854
1580949730.649394,-0.00818,0.02222,-0.85681,0.51508,0.7854
1580949730.6530108,-0.00830,0.02264,-0.85669,0.51520,0.7854
1580949730.658659,-0.00836,0.02301,-0.85663,0.51538,0.7854
1580949730.67472,-0.00836,0.02338,-0.85651,0.51556,0.7854
1580949730.676091,-0.00830,0.02362,-0.85638,0.51569,0.7854
1580949730.676099,-0.00824,0.02386,-0.85632,0.51587,0.7854
1580949730.684353,-0.00812,0.02405,-0.85620,0.51599,0.7854
1580949730.696178,-0.00800,0.02423,-0.85608,0.51617,0.7854
1580949730.696183,-0.00787,0.02441,-0.85602,0.51636,0.7854
1580949730.701539,-0.00757,0.02466,-0.85583,0.51666,0.7854
1580949730.7030778,-0.00732,0.02472,-0.85571,0.51678,0.7854
1580949730.714873,-0.00714,0.02484,-0.85559,0.51697,0.7854
1580949730.7170482,-0.00690,0.02496,-0.85547,0.51715,0.7854
1580949730.719157,-0.00665,0.02502,-0.85541,0.51733,0.7854
1580949730.734911,-0.00647,0.02509,-0.85529,0.51752,0.7854
1580949730.7349188,-0.00616,0.02521,-0.85516,0.51770,0.7854
1580949730.738049,-0.00586,0.02527,-0.85504,0.51794,0.7854
1580949730.746281,-0.00562,0.02533,-0.85492,0.51819,0.7854
1580949730.752293,-0.00500,0.02539,-0.85461,0.51862,0.7854
1580949730.754849,-0.00470,0.02539,-0.85449,0.51886,0.7854
1580949730.758216,-0.00446,0.02539,-0.85431,0.51910,0.7854
1580949730.7712262,-0.00415,0.02539,-0.85419,0.51935,0.7854
1580949730.774723,-0.00391,0.02545,-0.85406,0.51953,0.7854
1580949730.775278,-0.00360,0.02545,-0.85394,0.51971,0.7854
1580949730.786866,-0.00336,0.02545,-0.85382,0.51996,0.7854
1580949730.786871,-0.00293,0.02557,-0.85358,0.52032,0.7854
1580949730.79121,-0.00275,0.02557,-0.85345,0.52051,0.7854
1580949730.7965739,-0.00262,0.02570,-0.85333,0.52069,0.7854
1580949730.8122802,-0.00250,0.02576,-0.85321,0.52087,0.7854
1580949730.81233,-0.00238,0.02588,-0.85315,0.52100,0.7854
1580949730.814494,-0.00232,0.02600,-0.85303,0.52118,0.7854
1580949730.821572,-0.00226,0.02612,-0.85297,0.52130,0.7854
1580949730.827502,-0.00220,0.02625,-0.85291,0.52142,0.7854
1580949730.8437572,-0.00208,0.02637,-0.85284,0.52148,0.7854
1580949730.85027,-0.00201,0.02649,-0.85278,0.52155,0.7854
1580949730.850276,-0.00183,0.02661,-0.85272,0.52167,0.7854
1580949730.855488,-0.00177,0.02667,-0.85272,0.52167,0.7854
1580949730.85845,-0.00165,0.02667,-0.85272,0.52167,0.7854
1580949730.8613892,-0.00153,0.02661,-0.85272,0.52161,0.7854
1580949730.867199,-0.00146,0.02661,-0.85278,0.52161,0.7854
1580949730.8738828,-0.00134,0.02649,-0.85278,0.52155,0.7854
1580949730.8757582,-0.00122,0.02643,-0.85284,0.52148,0.7854
1580949730.9022982,-0.00116,0.02631,-0.85291,0.52142,0.7854
1580949730.902315,-0.00110,0.02618,-0.85297,0.52136,0.7854
1580949730.9023201,-0.00104,0.02606,-0.85303,0.52118,0.7854
1580949730.907286,-0.00104,0.02600,-0.85309,0.52118,0.7854
1580949730.913745,-0.00104,0.02594,-0.85309,0.52112,0.7854
1580949730.915426,-0.00104,0.02588,-0.85315,0.52106,0.7854
1580949730.9155998,-0.00104,0.02588,-0.85315,0.52106,0.7854
1580949730.9195032,-0.00104,0.02582,-0.85315,0.52106,0.7854
1580949730.9249542,-0.00104,0.02582,-0.85315,0.52106,0.7854
1580949730.93102,-0.00104,0.02576,-0.85315,0.52106,0.7854
1580949730.936524,-0.00098,0.02576,-0.85315,0.52106,0.7854
1580949730.9515572,-0.00085,0.02563,-0.85309,0.52118,0.7854
1580949730.953074,-0.00073,0.02551,-0.85303,0.52124,0.7854
1580949730.953929,-0.00061,0.02539,-0.85303,0.52130,0.7854
1580949730.9629629,-0.00049,0.02521,-0.85297,0.52136,0.7854
1580949730.9715729,-0.00031,0.02502,-0.85291,0.52148,0.7854
1580949730.972366,-0.00012,0.02478,-0.85284,0.52161,0.7854
1580949730.976706,0.00000,0.02448,-0.85278,0.52173,0.7854
1580949730.988658,0.00018,0.02423,-0.85272,0.52185,0.7854
1580949730.988665,0.00043,0.02356,-0.85254,0.52216,0.7854
1580949731.004843,0.00049,0.02319,-0.85242,0.52228,0.7854
1580949731.0048902,0.00049,0.02289,-0.85236,0.52246,0.7854
1580949731.0048928,0.00049,0.02246,-0.85223,0.52271,0.7854
1580949731.017913,0.00037,0.02216,-0.85211,0.52289,0.7854
1580949731.01792,0.00024,0.02179,-0.85199,0.52307,0.7854
1580949731.029543,0.00000,0.02142,-0.85187,0.52338,0.7854
1580949731.030367,-0.00024,0.02112,-0.85168,0.52356,0.7854
1580949731.043212,-0.00067,0.02094,-0.85156,0.52386,0.7854
1580949731.04322,-0.00171,0.02069,-0.85120,0.52441,0.7854
1580949731.043842,-0.00232,0.02063,-0.85101,0.52472,0.7854
1580949731.052644,-0.00287,0.02063,-0.85083,0.52502,0.7854
1580949731.060394,-0.00342,0.02063,-0.85065,0.52533,0.7854
1580949731.0604742,-0.00391,0.02069,-0.85040,0.52570,0.7854
1580949731.0749319,-0.00427,0.02075,-0.85028,0.52594,0.7854
1580949731.0758212,-0.00476,0.02081,-0.84998,0.52637,0.7854
1580949731.0803452,-0.00494,0.02087,-0.84991,0.52649,0.7854
1580949731.093353,-0.00513,0.02094,-0.84985,0.52661,0.7854
1580949731.0933828,-0.00519,0.02087,-0.84979,0.52667,0.7854
1580949731.099315,-0.00525,0.02081,-0.84979,0.52673,0.7854
1580949731.100845,-0.00531,0.02069,-0.84979,0.52673,0.7854
1580949731.1137679,-0.00531,0.02045,-0.84973,0.52673,0.7854
1580949731.113795,-0.00531,0.02020,-0.84973,0.52679,0.7854
1580949731.118169,-0.00525,0.01984,-0.84973,0.52679,0.7854
1580949731.125553,-0.00494,0.01892,-0.84967,0.52698,0.7854
1580949731.13095,-0.00470,0.01825,-0.84961,0.52704,0.7854
1580949731.142119,-0.00433,0.01758,-0.84955,0.52716,0.7854
1580949731.147864,-0.00397,0.01678,-0.84949,0.52728,0.7854
1580949731.1490471,-0.00360,0.01605,-0.84943,0.52740,0.7854
1580949731.1551628,-0.00317,0.01520,-0.84937,0.52759,0.7854
1580949731.156109,-0.00275,0.01440,-0.84930,0.52771,0.7854
1580949731.163616,-0.00201,0.01288,-0.84912,0.52808,0.7854
1580949731.171687,-0.00165,0.01221,-0.84900,0.52820,0.7854
1580949731.177471,-0.00134,0.01147,-0.84888,0.52844,0.7854
1580949731.192085,-0.00104,0.01086,-0.84882,0.52863,0.7854
1580949731.192095,-0.00085,0.01044,-0.84869,0.52875,0.7854
1580949731.200004,-0.00067,0.01007,-0.84863,0.52893,0.7854
1580949731.2020118,-0.00061,0.00989,-0.84851,0.52911,0.7854
1580949731.2020748,-0.00067,0.00983,-0.84839,0.52924,0.7854
1580949731.2078998,-0.00079,0.01001,-0.84833,0.52936,0.7854
1580949731.217154,-0.00134,0.01080,-0.84821,0.52960,0.7854
1580949731.221227,-0.00177,0.01160,-0.84808,0.52966,0.7854
1580949731.228396,-0.00226,0.01245,-0.84802,0.52979,0.7854
1580949731.229291,-0.00275,0.01337,-0.84796,0.52985,0.7854
1580949731.2373471,-0.00336,0.01440,-0.84790,0.52991,0.7854
1580949731.250164,-0.00409,0.01569,-0.84784,0.52997,0.7854
1580949731.2538729,-0.00482,0.01697,-0.84778,0.53003,0.7854
1580949731.254326,-0.00635,0.01947,-0.84772,0.53009,0.7854
1580949731.263305,-0.00708,0.02069,-0.84766,0.53015,0.7854
1580949731.263351,-0.00781,0.02191,-0.84760,0.53015,0.7854
1580949731.271241,-0.00842,0.02289,-0.84760,0.53015,0.7854
