imu_packets,1274
IMUtimestamp,quatI,quatJ,quatK,quatReal,quatRadianAccuracy
1595910926.259156,B1114096,0.03644,0.01263,-0.99677,0.07092,0.0206
1595910926.2640069,B1114101,0.03650,0.01263,-0.99677,0.07086,0.0207
1595910926.269204,B1114106,0.03656,0.01263,-0.99677,0.07074,0.0207
1595910926.276087,B1114112,0.03662,0.01263,-0.99677,0.07068,0.0206
1595910926.279444,B1114117,0.03662,0.01263,-0.99677,0.07062,0.0206
1595910926.2845619,B1114122,0.03668,0.01270,-0.99677,0.07050,0.0206
1595910926.289994,B1114127,0.03674,0.01270,-0.99677,0.07043,0.0206
1595910926.295279,B1114132,0.03674,0.01270,-0.99677,0.07031,0.0206
1595910926.299435,B1114137,0.03680,0.01276,-0.99677,0.07025,0.0206
1595910926.3061671,B1114142,0.03680,0.01276,-0.99677,0.07013,0.0206
1595910926.310644,B1114147,0.03687,0.01282,-0.99677,0.06995,0.0206
1595910926.3184671,B1114152,0.03693,0.01288,-0.99677,0.06982,0.0206
1595910926.321284,B1114157,0.03693,0.01294,-0.99683,0.06976,0.0206
1595910926.325973,B1114162,0.03699,0.01300,-0.99683,0.06964,0.0206
1595910926.3321311,B1114167,0.03699,0.01306,-0.99683,0.06958,0.0206
1595910926.338644,B1114172,0.03705,0.01312,-0.99683,0.06946,0.0206
1595910926.3403158,B1114178,0.03705,0.01312,-0.99683,0.06940,0.0206
1595910926.3449228,B1114182,0.03711,0.01318,-0.99683,0.06927,0.0206
1595910926.350089,B1114187,0.03711,0.01324,-0.99683,0.06921,0.0206
1595910926.356946,B1114192,0.03717,0.01324,-0.99683,0.06915,0.0206
1595910926.3602638,B1114198,0.03717,0.01331,-0.99683,0.06903,0.0206
1595910926.365649,B1114203,0.03717,0.01331,-0.99683,0.06897,0.0206
1595910926.369969,B1114208,0.03717,0.01337,-0.99683,0.06891,0.0206
1595910926.375102,B1114213,0.03723,0.01337,-0.99683,0.06885,0.0206
1595910926.381869,B1114218,0.03723,0.01337,-0.99683,0.06879,0.0206
1595910926.391971,B1114223,0.03717,0.01343,-0.99683,0.06873,0.0206
1595910926.391988,B1114228,0.03717,0.01349,-0.99689,0.06866,0.0206
1595910926.3951528,B1114233,0.03717,0.01349,-0.99689,0.06860,0.0206
1595910926.4040918,B1114238,0.03717,0.01355,-0.99689,0.06854,0.0206
1595910926.405419,B1114243,0.03717,0.01361,-0.99689,0.06848,0.0206
1595910926.4101682,B1114248,0.03717,0.01367,-0.99689,0.06842,0.0206
1595910926.417425,B1114253,0.03717,0.01373,-0.99689,0.06836,0.0206
1595910926.420141,B1114258,0.03717,0.01385,-0.99689,0.06836,0.0206
1595910926.42721,B1114263,0.03711,0.01392,-0.99689,0.06830,0.0206
1595910926.4305542,B1114268,0.03711,0.01398,-0.99689,0.06824,0.0206
1595910926.435711,B1114273,0.03711,0.01404,-0.99689,0.06818,0.0206
1595910926.440486,B1114278,0.03711,0.01410,-0.99689,0.06818,0.0206
1595910926.445544,B1114283,0.03705,0.01416,-0.99689,0.06812,0.0206
1595910926.452127,B1114288,0.03705,0.01422,-0.99689,0.06812,0.0206
1595910926.4555762,B1114293,0.03705,0.01428,-0.99689,0.06812,0.0206
1595910926.460534,B1114298,0.03705,0.01428,-0.99689,0.06805,0.0206
1595910926.465781,B1114303,0.03699,0.01434,-0.99689,0.06805,0.0206
1595910926.472924,B1114309,0.03699,0.01440,-0.99689,0.06805,0.0206
1595910926.475898,B1114314,0.03699,0.01440,-0.99689,0.06805,0.0206
1595910926.48159,B1114319,0.03699,0.01447,-0.99689,0.06805,0.0206
1595910926.486917,B1114325,0.03699,0.01453,-0.99689,0.06805,0.0206
1595910926.493589,B1114330,0.03699,0.01459,-0.99689,0.06805,0.0206
1595910926.49873,B1114335,0.03705,0.01459,-0.99689,0.06805,0.0206
1595910926.5030458,B1114340,0.03705,0.01459,-0.99689,0.06812,0.0206
1595910926.5103528,B1114346,0.03711,0.01459,-0.99689,0.06812,0.0206
1595910926.513379,B1114351,0.03711,0.01459,-0.99689,0.06812,0.0206
1595910926.519727,B1114356,0.03717,0.01459,-0.99689,0.06812,0.0206
1595910926.5250251,B1114362,0.03723,0.01459,-0.99689,0.06812,0.0206
1595910926.5290508,B1114367,0.03729,0.01453,-0.99689,0.06812,0.0206
1595910926.533908,B1114372,0.03729,0.01453,-0.99689,0.06812,0.0206
1595910926.541572,B1114377,0.03741,0.01447,-0.99689,0.06812,0.0206
1595910926.5439901,B1114382,0.03741,0.01447,-0.99689,0.06812,0.0206
1595910926.549505,B1114387,0.03748,0.01440,-0.99689,0.06812,0.0206
1595910926.554084,B1114392,0.03754,0.01434,-0.99689,0.06805,0.0206
1595910926.559732,B1114397,0.03760,0.01428,-0.99689,0.06805,0.0206
1595910926.567698,B1114402,0.03760,0.01422,-0.99689,0.06805,0.0206
1595910926.569089,B1114407,0.03766,0.01416,-0.99689,0.06805,0.0206
1595910926.57417,B1114412,0.03766,0.01404,-0.99689,0.06805,0.0206
1595910926.579284,B1114417,0.03766,0.01398,-0.99689,0.06799,0.0206
1595910926.586775,B1114422,0.03772,0.01385,-0.99689,0.06799,0.0206
1595910926.589021,B1114427,0.03772,0.01373,-0.99689,0.06799,0.0206
1595910926.598327,B1114432,0.03772,0.01355,-0.99689,0.06799,0.0206
1595910926.59894,B1114437,0.03772,0.01343,-0.99689,0.06799,0.0206
1595910926.604518,B1114442,0.03772,0.01324,-0.99689,0.06799,0.0206
1595910926.610337,B1114447,0.03778,0.01306,-0.99689,0.06799,0.0206
1595910926.6157079,B1114452,0.03778,0.01288,-0.99689,0.06799,0.0206
1595910926.6194189,B1114457,0.03778,0.01270,-0.99689,0.06805,0.0206
1595910926.624765,B1114462,0.03778,0.01251,-0.99689,0.06812,0.0206
1595910926.629924,B1114467,0.03772,0.01227,-0.99689,0.06818,0.0206
1595910926.638572,B1114472,0.03772,0.01208,-0.99689,0.06830,0.0206
1595910926.63906,B1114477,0.03772,0.01178,-0.99689,0.06842,0.0206
1595910926.645853,B1114482,0.03766,0.01154,-0.99689,0.06860,0.0206
1595910926.650432,B1114487,0.03760,0.01123,-0.99689,0.06879,0.0206
1595910926.654368,B1114492,0.03754,0.01093,-0.99683,0.06897,0.0206
1595910926.660775,B1114497,0.03748,0.01062,-0.99683,0.06921,0.0206
1595910926.664403,B1114502,0.03735,0.01031,-0.99683,0.06952,0.0206
1595910926.6695302,B1114507,0.03729,0.01001,-0.99683,0.06982,0.0206
1595910926.6746292,B1114512,0.03717,0.00964,-0.99677,0.07019,0.0206
1595910926.679497,B1114517,0.03711,0.00934,-0.99677,0.07056,0.0206
1595910926.6853728,B1114522,0.03699,0.00909,-0.99677,0.07098,0.0206
1595910926.689952,B1114527,0.03680,0.00861,-0.99670,0.07184,0.0206
1595910926.694284,B1114532,0.03662,0.00842,-0.99664,0.07239,0.0206
1595910926.699589,B1114537,0.03650,0.00830,-0.99664,0.07288,0.0206
1595910926.704469,B1114542,0.03638,0.00824,-0.99658,0.07349,0.0206
1595910926.71209,B1114547,0.03619,0.00824,-0.99658,0.07404,0.0206
1595910926.718005,B1114553,0.03601,0.00824,-0.99652,0.07471,0.0206
1595910926.71965,B1114558,0.03583,0.00830,-0.99646,0.07526,0.0206
1595910926.725394,B1114563,0.03564,0.00842,-0.99646,0.07599,0.0206
1595910926.729509,B1114568,0.03546,0.00854,-0.99640,0.07666,0.0206
1595910926.734499,B1114573,0.03522,0.00867,-0.99634,0.07739,0.0206
1595910926.7394729,B1114578,0.03503,0.00885,-0.99628,0.07806,0.0206
1595910926.744469,B1114583,0.03485,0.00903,-0.99622,0.07892,0.0206
1595910926.7514508,B1114588,0.03473,0.00922,-0.99615,0.07959,0.0207
1595910926.755463,B1114593,0.03455,0.00946,-0.99609,0.08038,0.0207
1595910926.760548,B1114598,0.03442,0.00970,-0.99603,0.08118,0.0207
1595910926.76865,B1114603,0.03430,0.00989,-0.99597,0.08197,0.0207
1595910926.769919,B1114608,0.03424,0.01013,-0.99591,0.08270,0.0207
1595910926.780823,B1114613,0.03412,0.01038,-0.99585,0.08344,0.0207
1595910926.780839,B1114618,0.03406,0.01062,-0.99579,0.08429,0.0207
1595910926.7854028,B1114623,0.03394,0.01086,-0.99573,0.08508,0.0207
1595910926.789537,B1114628,0.03387,0.01111,-0.99567,0.08582,0.0207
1595910926.794739,B1114633,0.03381,0.01135,-0.99561,0.08655,0.0207
1595910926.800288,B1114638,0.03381,0.01166,-0.99554,0.08740,0.0207
1595910926.804918,B1114643,0.03375,0.01196,-0.99548,0.08820,0.0207
1595910926.8141692,B1114648,0.03375,0.01227,-0.99542,0.08887,0.0207
1595910926.8159502,B1114653,0.03375,0.01263,-0.99530,0.08966,0.0207
1595910926.820276,B1114658,0.03375,0.01300,-0.99524,0.09039,0.0207
1595910926.826539,B1114663,0.03375,0.01343,-0.99518,0.09106,0.0207
1595910926.829966,B1114668,0.03381,0.01385,-0.99512,0.09174,0.0207
1595910926.842599,B1114673,0.03387,0.01434,-0.99506,0.09241,0.0207
1595910926.842616,B1114678,0.03394,0.01483,-0.99500,0.09308,0.0207
1595910926.845151,B1114683,0.03406,0.01532,-0.99493,0.09363,0.0207
1595910926.851928,B1114688,0.03412,0.01581,-0.99487,0.09418,0.0207
1595910926.8553119,B1114693,0.03430,0.01642,-0.99475,0.09473,0.0207
1595910926.860172,B1114698,0.03442,0.01691,-0.99469,0.09521,0.0207
1595910926.872449,B1114703,0.03448,0.01746,-0.99469,0.09564,0.0207
1595910926.872465,B1114708,0.03461,0.01801,-0.99463,0.09613,0.0207
1595910926.8764212,B1114713,0.03473,0.01855,-0.99457,0.09650,0.0207
1595910926.880115,B1114718,0.03491,0.01904,-0.99451,0.09686,0.0207
1595910926.8850958,B1114723,0.03503,0.01965,-0.99445,0.09723,0.0207
1595910926.890196,B1114728,0.03510,0.02014,-0.99438,0.09753,0.0207
1595910926.896728,B1114733,0.03522,0.02069,-0.99438,0.09784,0.0207
1595910926.900193,B1114738,0.03534,0.02124,-0.99432,0.09802,0.0207
1595910926.905188,B1114743,0.03546,0.02179,-0.99426,0.09827,0.0207
1595910926.911378,B1114748,0.03558,0.02228,-0.99426,0.09845,0.0207
1595910926.915762,B1114753,0.03571,0.02283,-0.99420,0.09869,0.0207
1595910926.919959,B1114758,0.03577,0.02332,-0.99420,0.09882,0.0207
1595910926.925657,B1114763,0.03583,0.02380,-0.99414,0.09894,0.0207
1595910926.931895,B1114768,0.03589,0.02423,-0.99414,0.09906,0.0207
1595910926.9353049,B1114773,0.03595,0.02472,-0.99414,0.09912,0.0207
1595910926.940848,B1114778,0.03601,0.02515,-0.99408,0.09918,0.0207
1595910926.945514,B1114783,0.03601,0.02557,-0.99408,0.09924,0.0207
1595910926.9515772,B1114788,0.03607,0.02600,-0.99408,0.09930,0.0207
1595910926.95859,B1114793,0.03607,0.02643,-0.99408,0.09930,0.0207
1595910926.960476,B1114798,0.03601,0.02692,-0.99402,0.09930,0.0207
1595910926.964991,B1114803,0.03595,0.02734,-0.99402,0.09930,0.0207
1595910926.971144,B1114809,0.03589,0.02771,-0.99402,0.09930,0.0207
1595910926.9771688,B1114815,0.03583,0.02808,-0.99402,0.09930,0.0207
1595910926.9824262,B1114820,0.03571,0.02838,-0.99402,0.09930,0.0207
1595910926.986917,B1114826,0.03558,0.02869,-0.99402,0.09930,0.0207
1595910926.992985,B1114831,0.03552,0.02887,-0.99402,0.09924,0.0207
1595910926.998187,B1114837,0.03540,0.02905,-0.99402,0.09924,0.0207
1595910927.003566,B1114842,0.03528,0.02924,-0.99402,0.09924,0.0207
1595910927.008565,B1114847,0.03516,0.02936,-0.99402,0.09918,0.0207
1595910927.014109,B1114852,0.03503,0.02948,-0.99402,0.09918,0.0207
1595910927.018848,B1114857,0.03491,0.02966,-0.99402,0.09918,0.0207
1595910927.0241122,B1114862,0.03479,0.02985,-0.99402,0.09912,0.0207
1595910927.029024,B1114868,0.03467,0.03003,-0.99402,0.09906,0.0207
1595910927.035522,B1114873,0.03455,0.03027,-0.99402,0.09906,0.0207
1595910927.039685,B1114878,0.03436,0.03058,-0.99402,0.09900,0.0207
1595910927.0459242,B1114883,0.03424,0.03094,-0.99402,0.09894,0.0207
1595910927.0490491,B1114888,0.03412,0.03125,-0.99402,0.09888,0.0207
1595910927.056086,B1114893,0.03400,0.03174,-0.99402,0.09875,0.0207
1595910927.0601778,B1114898,0.03387,0.03223,-0.99402,0.09869,0.0207
1595910927.064354,B1114903,0.03381,0.03278,-0.99402,0.09857,0.0208
1595910927.074686,B1114908,0.03369,0.03387,-0.99402,0.09833,0.0207
1595910927.0747561,B1114913,0.03369,0.03448,-0.99402,0.09814,0.0208
1595910927.079942,B1114918,0.03369,0.03510,-0.99402,0.09802,0.0208
1595910927.0848498,B1114923,0.03375,0.03577,-0.99402,0.09778,0.0208
1595910927.089524,B1114928,0.03381,0.03632,-0.99396,0.09760,0.0208
1595910927.095158,B1114933,0.03387,0.03705,-0.99396,0.09735,0.0208
1595910927.099516,B1114938,0.03400,0.03760,-0.99396,0.09717,0.0208
1595910927.1055942,B1114943,0.03412,0.03821,-0.99396,0.09686,0.0208
1595910927.109608,B1114948,0.03430,0.03876,-0.99396,0.09662,0.0208
1595910927.115277,B1114953,0.03442,0.03931,-0.99396,0.09631,0.0208
1595910927.1198568,B1114958,0.03461,0.03986,-0.99396,0.09601,0.0208
1595910927.125589,B1114963,0.03479,0.04028,-0.99396,0.09576,0.0208
1595910927.129502,B1114968,0.03497,0.04071,-0.99396,0.09546,0.0208
1595910927.135457,B1114973,0.03516,0.04108,-0.99402,0.09521,0.0208
1595910927.139589,B1114978,0.03534,0.04144,-0.99402,0.09485,0.0208
1595910927.144577,B1114983,0.03552,0.04175,-0.99402,0.09454,0.0208
1595910927.149657,B1114988,0.03564,0.04193,-0.99402,0.09430,0.0208
1595910927.154507,B1114993,0.03583,0.04218,-0.99402,0.09399,0.0208
1595910927.1601229,B1114998,0.03601,0.04236,-0.99408,0.09369,0.0208
1595910927.16481,B1115003,0.03613,0.04248,-0.99408,0.09338,0.0208
1595910927.17093,B1115008,0.03632,0.04254,-0.99408,0.09308,0.0208
1595910927.176183,B1115013,0.03644,0.04260,-0.99408,0.09277,0.0208
1595910927.179919,B1115019,0.03656,0.04266,-0.99414,0.09253,0.0208
1595910927.184844,B1115024,0.03668,0.04266,-0.99414,0.09222,0.0208
1595910927.189861,B1115029,0.03680,0.04266,-0.99414,0.09198,0.0208
1595910927.1948988,B1115034,0.03693,0.04260,-0.99420,0.09174,0.0208
1595910927.199903,B1115039,0.03711,0.04260,-0.99420,0.09143,0.0208
1595910927.2051442,B1115044,0.03723,0.04254,-0.99420,0.09119,0.0208
1595910927.2116008,B1115049,0.03735,0.04254,-0.99426,0.09094,0.0208
1595910927.21613,B1115054,0.03748,0.04248,-0.99426,0.09070,0.0208
1595910927.220139,B1115059,0.03760,0.04242,-0.99426,0.09045,0.0208
1595910927.228002,B1115064,0.03772,0.04230,-0.99432,0.09021,0.0208
1595910927.230004,B1115069,0.03784,0.04218,-0.99432,0.08997,0.0208
1595910927.235866,B1115074,0.03796,0.04205,-0.99432,0.08972,0.0208
1595910927.241602,B1115080,0.03809,0.04187,-0.99438,0.08948,0.0208
1595910927.24592,B1115085,0.03815,0.04169,-0.99438,0.08929,0.0208
1595910927.2519522,B1115090,0.03827,0.04150,-0.99445,0.08905,0.0208
1595910927.258207,B1115096,0.03833,0.04126,-0.99445,0.08881,0.0208
1595910927.264523,B1115101,0.03845,0.04102,-0.99451,0.08856,0.0208
1595910927.268645,B1115107,0.03851,0.04083,-0.99451,0.08832,0.0208
1595910927.2767339,B1115112,0.03857,0.04059,-0.99451,0.08807,0.0208
1595910927.278721,B1115117,0.03864,0.04034,-0.99457,0.08783,0.0208
1595910927.283504,B1115123,0.03870,0.04016,-0.99457,0.08759,0.0208
1595910927.2885818,B1115128,0.03876,0.03992,-0.99463,0.08728,0.0208
1595910927.2937448,B1115133,0.03882,0.03979,-0.99463,0.08710,0.0208
1595910927.300513,B1115138,0.03888,0.03961,-0.99469,0.08679,0.0208
1595910927.304074,B1115143,0.03894,0.03955,-0.99469,0.08655,0.0208
1595910927.308765,B1115148,0.03900,0.03943,-0.99475,0.08624,0.0208
1595910927.3151538,B1115153,0.03900,0.03937,-0.99475,0.08600,0.0208
1595910927.3235,B1115158,0.03906,0.03931,-0.99475,0.08569,0.0208
1595910927.324818,B1115163,0.03912,0.03925,-0.99481,0.08539,0.0208
1595910927.328952,B1115168,0.03918,0.03918,-0.99481,0.08514,0.0208
1595910927.33456,B1115173,0.03925,0.03906,-0.99487,0.08490,0.0208
1595910927.341464,B1115179,0.03931,0.03882,-0.99493,0.08435,0.0208
1595910927.3443682,B1115184,0.03937,0.03864,-0.99493,0.08405,0.0208
1595910927.351362,B1115189,0.03937,0.03839,-0.99493,0.08380,0.0208
1595910927.355784,B1115194,0.03937,0.03815,-0.99500,0.08362,0.0208
1595910927.360178,B1115199,0.03931,0.03778,-0.99506,0.08337,0.0208
1595910927.367925,B1115204,0.03925,0.03741,-0.99506,0.08313,0.0208
1595910927.3697312,B1115209,0.03912,0.03705,-0.99512,0.08295,0.0208
1595910927.379153,B1115214,0.03900,0.03662,-0.99512,0.08276,0.0208
1595910927.3795688,B1115219,0.03888,0.03619,-0.99518,0.08258,0.0208
1595910927.3857212,B1115224,0.03876,0.03577,-0.99518,0.08240,0.0208
1595910927.389536,B1115229,0.03864,0.03534,-0.99524,0.08228,0.0208
1595910927.395398,B1115234,0.03845,0.03491,-0.99530,0.08209,0.0208
1595910927.399898,B1115239,0.03827,0.03448,-0.99530,0.08197,0.0208
1595910927.4051719,B1115244,0.03802,0.03406,-0.99536,0.08191,0.0208
1595910927.409568,B1115249,0.03784,0.03369,-0.99536,0.08185,0.0208
1595910927.414655,B1115254,0.03760,0.03333,-0.99536,0.08179,0.0208
1595910927.41991,B1115259,0.03735,0.03296,-0.99542,0.08173,0.0208
1595910927.4249878,B1115264,0.03717,0.03265,-0.99542,0.08167,0.0208
1595910927.429796,B1115269,0.03687,0.03241,-0.99542,0.08167,0.0208
1595910927.435045,B1115274,0.03656,0.03210,-0.99548,0.08173,0.0208
1595910927.441788,B1115279,0.03625,0.03186,-0.99548,0.08179,0.0208
1595910927.445195,B1115284,0.03595,0.03156,-0.99548,0.08185,0.0208
1595910927.449885,B1115289,0.03558,0.03131,-0.99548,0.08197,0.0208
1595910927.454907,B1115294,0.03522,0.03088,-0.99554,0.08215,0.0208
1595910927.461851,B1115299,0.03485,0.03046,-0.99554,0.08234,0.0208
1595910927.465191,B1115304,0.03442,0.02997,-0.99554,0.08252,0.0208
1595910927.476425,B1115309,0.03406,0.02954,-0.99554,0.08276,0.0208
1595910927.476685,B1115315,0.03369,0.02905,-0.99554,0.08307,0.0208
1595910927.4812438,B1115320,0.03333,0.02869,-0.99554,0.08337,0.0208
1595910927.4860642,B1115325,0.03296,0.02832,-0.99554,0.08368,0.0208
1595910927.4914749,B1115331,0.03259,0.02802,-0.99554,0.08398,0.0208
1595910927.4969,B1115336,0.03217,0.02765,-0.99554,0.08441,0.0208
1595910927.502675,B1115342,0.03174,0.02740,-0.99548,0.08484,0.0208
1595910927.5089989,B1115347,0.03143,0.02716,-0.99548,0.08521,0.0208
1595910927.513006,B1115352,0.03101,0.02692,-0.99548,0.08563,0.0208
1595910927.5178509,B1115357,0.03064,0.02667,-0.99548,0.08606,0.0208
1595910927.5245178,B1115363,0.03021,0.02637,-0.99542,0.08655,0.0208
1595910927.5291111,B1115368,0.02985,0.02618,-0.99542,0.08698,0.0208
1595910927.53354,B1115373,0.02954,0.02594,-0.99542,0.08740,0.0208
1595910927.53848,B1115378,0.02917,0.02576,-0.99536,0.08783,0.0208
1595910927.544498,B1115383,0.02881,0.02545,-0.99536,0.08838,0.0208
1595910927.548766,B1115388,0.02844,0.02521,-0.99530,0.08881,0.0208
1595910927.553799,B1115393,0.02814,0.02496,-0.99530,0.08923,0.0208
1595910927.5588212,B1115398,0.02771,0.02460,-0.99530,0.08978,0.0208
1595910927.564072,B1115403,0.02740,0.02429,-0.99524,0.09021,0.0208
1595910927.5694232,B1115408,0.02710,0.02393,-0.99524,0.09064,0.0208
1595910927.575007,B1115414,0.02679,0.02362,-0.99524,0.09100,0.0208
1595910927.580141,B1115419,0.02631,0.02301,-0.99518,0.09180,0.0208
1595910927.584343,B1115424,0.02618,0.02277,-0.99512,0.09216,0.0208
1595910927.589509,B1115429,0.02606,0.02258,-0.99512,0.09247,0.0208
1595910927.595739,B1115434,0.02594,0.02246,-0.99512,0.09277,0.0208
1595910927.600242,B1115439,0.02588,0.02240,-0.99506,0.09308,0.0208
1595910927.6071749,B1115444,0.02582,0.02240,-0.99506,0.09326,0.0208
1595910927.60959,B1115449,0.02582,0.02252,-0.99506,0.09351,0.0208
1595910927.614642,B1115454,0.02582,0.02264,-0.99500,0.09375,0.0208
1595910927.6204329,B1115460,0.02582,0.02289,-0.99500,0.09393,0.0208
1595910927.627826,B1115466,0.02588,0.02307,-0.99493,0.09412,0.0208
1595910927.631818,B1115471,0.02594,0.02332,-0.99493,0.09424,0.0208
1595910927.6377301,B1115477,0.02600,0.02362,-0.99493,0.09442,0.0208
1595910927.646415,B1115482,0.02606,0.02386,-0.99487,0.09460,0.0208
1595910927.6481678,B1115488,0.02612,0.02417,-0.99487,0.09479,0.0208
1595910927.653783,B1115493,0.02618,0.02441,-0.99481,0.09491,0.0208
1595910927.659848,B1115498,0.02618,0.02466,-0.99481,0.09509,0.0208
1595910927.6634939,B1115503,0.02625,0.02478,-0.99481,0.09528,0.0208
1595910927.668685,B1115508,0.02625,0.02490,-0.99475,0.09546,0.0208
1595910927.6739478,B1115513,0.02631,0.02496,-0.99475,0.09564,0.0208
1595910927.679918,B1115518,0.02631,0.02496,-0.99475,0.09583,0.0208
1595910927.685611,B1115523,0.02637,0.02490,-0.99469,0.09601,0.0208
1595910927.689194,B1115528,0.02643,0.02490,-0.99469,0.09619,0.0208
1595910927.693572,B1115533,0.02655,0.02490,-0.99469,0.09637,0.0208
1595910927.700329,B1115538,0.02661,0.02490,-0.99469,0.09656,0.0208
1595910927.703726,B1115543,0.02673,0.02490,-0.99463,0.09674,0.0208
1595910927.708771,B1115548,0.02679,0.02502,-0.99463,0.09692,0.0208
1595910927.7138062,B1115554,0.02692,0.02515,-0.99457,0.09711,0.0208
1595910927.718911,B1115559,0.02710,0.02563,-0.99451,0.09753,0.0208
1595910927.723922,B1115564,0.02722,0.02594,-0.99451,0.09772,0.0208
1595910927.733691,B1115569,0.02734,0.02631,-0.99445,0.09796,0.0208
1595910927.733876,B1115574,0.02747,0.02673,-0.99445,0.09821,0.0208
1595910927.7394,B1115579,0.02753,0.02716,-0.99438,0.09845,0.0208
1595910927.744273,B1115584,0.02765,0.02765,-0.99432,0.09869,0.0208
1595910927.749185,B1115589,0.02777,0.02814,-0.99432,0.09894,0.0208
1595910927.754215,B1115594,0.02789,0.02875,-0.99426,0.09924,0.0208
1595910927.759402,B1115599,0.02808,0.02936,-0.99420,0.09955,0.0208
1595910927.767262,B1115604,0.02826,0.02997,-0.99414,0.09979,0.0208
1595910927.769164,B1115609,0.02844,0.03064,-0.99408,0.10010,0.0208
1595910927.7743309,B1115614,0.02869,0.03143,-0.99402,0.10040,0.0208
1595910927.779424,B1115619,0.02893,0.03223,-0.99396,0.10077,0.0208
1595910927.7857049,B1115624,0.02917,0.03302,-0.99390,0.10101,0.0208
1595910927.793014,B1115629,0.02948,0.03387,-0.99384,0.10138,0.0208
1595910927.7948291,B1115634,0.02979,0.03479,-0.99377,0.10168,0.0208
1595910927.8045518,B1115640,0.03003,0.03564,-0.99371,0.10199,0.0208
1595910927.806179,B1115646,0.03033,0.03638,-0.99365,0.10229,0.0208
1595910927.811766,B1115651,0.03064,0.03729,-0.99353,0.10260,0.0208
1595910927.816579,B1115656,0.03094,0.03815,-0.99347,0.10297,0.0208
1595910927.822098,B1115662,0.03119,0.03882,-0.99341,0.10321,0.0208
1595910927.8275042,B1115667,0.03143,0.03961,-0.99335,0.10352,0.0208
1595910927.833171,B1115673,0.03168,0.04028,-0.99329,0.10376,0.0208
1595910927.838239,B1115678,0.03186,0.04095,-0.99323,0.10406,0.0208
1595910927.844967,B1115683,0.03204,0.04150,-0.99316,0.10425,0.0208
1595910927.84883,B1115688,0.03223,0.04205,-0.99310,0.10449,0.0208
1595910927.8534799,B1115693,0.03235,0.04248,-0.99304,0.10468,0.0208
1595910927.860189,B1115699,0.03247,0.04291,-0.99304,0.10492,0.0208
1595910927.863936,B1115704,0.03265,0.04346,-0.99298,0.10522,0.0208
1595910927.871547,B1115709,0.03265,0.04358,-0.99292,0.10535,0.0208
1595910927.8748422,B1115714,0.03265,0.04370,-0.99292,0.10547,0.0208
1595910927.879159,B1115719,0.03265,0.04376,-0.99292,0.10559,0.0208
1595910927.884059,B1115724,0.03265,0.04376,-0.99292,0.10565,0.0208
1595910927.8940842,B1115729,0.03259,0.04370,-0.99292,0.10571,0.0208
1595910927.894822,B1115734,0.03253,0.04364,-0.99292,0.10577,0.0208
1595910927.900073,B1115739,0.03247,0.04352,-0.99292,0.10583,0.0208
1595910927.905065,B1115744,0.03235,0.04333,-0.99292,0.10590,0.0208
1595910927.914923,B1115749,0.03229,0.04315,-0.99292,0.10590,0.0208
1595910927.9149399,B1115754,0.03217,0.04297,-0.99292,0.10590,0.0208
1595910927.919513,B1115759,0.03204,0.04279,-0.99292,0.10590,0.0208
1595910927.924932,B1115764,0.03198,0.04254,-0.99298,0.10590,0.0208
1595910927.929833,B1115769,0.03186,0.04230,-0.99298,0.10590,0.0208
1595910927.9354749,B1115774,0.03174,0.04205,-0.99298,0.10583,0.0208
1595910927.9390762,B1115779,0.03168,0.04181,-0.99298,0.10583,0.0208
1595910927.944578,B1115784,0.03156,0.04150,-0.99304,0.10577,0.0208
1595910927.949416,B1115789,0.03149,0.04126,-0.99304,0.10571,0.0208
1595910927.953894,B1115794,0.03137,0.04095,-0.99304,0.10565,0.0208
1595910927.965009,B1115799,0.03131,0.04065,-0.99310,0.10565,0.0208
1595910927.965028,B1115804,0.03125,0.04034,-0.99310,0.10559,0.0208
1595910927.9708722,B1115809,0.03113,0.04004,-0.99310,0.10547,0.0208
1595910927.974663,B1115814,0.03107,0.03967,-0.99316,0.10541,0.0208
1595910927.979668,B1115819,0.03101,0.03937,-0.99316,0.10535,0.0208
1595910927.986387,B1115824,0.03088,0.03906,-0.99323,0.10529,0.0208
1595910927.9894989,B1115829,0.03076,0.03870,-0.99323,0.10516,0.0208
1595910927.99437,B1115834,0.03064,0.03833,-0.99323,0.10510,0.0208
1595910927.999336,B1115839,0.03046,0.03796,-0.99329,0.10504,0.0208
1595910928.004388,B1115844,0.03027,0.03760,-0.99329,0.10492,0.0208
1595910928.013511,B1115850,0.03015,0.03723,-0.99335,0.10486,0.0208
1595910928.01542,B1115855,0.02991,0.03687,-0.99335,0.10474,0.0208
1595910928.01947,B1115860,0.02972,0.03656,-0.99341,0.10468,0.0208
1595910928.025225,B1115865,0.02948,0.03619,-0.99341,0.10455,0.0208
1595910928.029855,B1115870,0.02924,0.03589,-0.99347,0.10449,0.0208
1595910928.035041,B1115875,0.02899,0.03558,-0.99347,0.10443,0.0208
1595910928.040072,B1115880,0.02869,0.03528,-0.99353,0.10437,0.0208
1595910928.0454679,B1115886,0.02838,0.03491,-0.99353,0.10431,0.0208
1595910928.052995,B1115891,0.02814,0.03461,-0.99353,0.10425,0.0208
1595910928.0573921,B1115897,0.02783,0.03418,-0.99359,0.10425,0.0208
1595910928.063794,B1115902,0.02753,0.03381,-0.99359,0.10425,0.0208
1595910928.067439,B1115907,0.02728,0.03345,-0.99359,0.10425,0.0208
1595910928.072483,B1115913,0.02704,0.03302,-0.99365,0.10425,0.0208
1595910928.0773382,B1115918,0.02673,0.03253,-0.99365,0.10431,0.0208
1595910928.08264,B1115923,0.02649,0.03198,-0.99365,0.10437,0.0208
1595910928.090344,B1115928,0.02625,0.03137,-0.99371,0.10449,0.0208
1595910928.092559,B1115933,0.02600,0.03064,-0.99371,0.10455,0.0208
1595910928.0979881,B1115938,0.02588,0.02991,-0.99371,0.10468,0.0208
1595910928.104225,B1115943,0.02570,0.02899,-0.99371,0.10480,0.0208
1595910928.1089332,B1115948,0.02563,0.02814,-0.99377,0.10498,0.0208
1595910928.113004,B1115953,0.02563,0.02747,-0.99377,0.10510,0.0208
1595910928.118431,B1115959,0.02570,0.02679,-0.99377,0.10522,0.0208
1595910928.123253,B1115963,0.02576,0.02625,-0.99377,0.10535,0.0208
1595910928.128675,B1115969,0.02588,0.02588,-0.99377,0.10547,0.0208
1595910928.1344929,B1115974,0.02594,0.02557,-0.99377,0.10559,0.0208
1595910928.139785,B1115979,0.02600,0.02527,-0.99371,0.10565,0.0208
1595910928.143061,B1115984,0.02600,0.02502,-0.99371,0.10577,0.0208
1595910928.1488278,B1115988,0.02600,0.02478,-0.99371,0.10583,0.0208
1595910928.156857,B1115994,0.02594,0.02454,-0.99371,0.10590,0.0208
1595910928.1590872,B1115999,0.02588,0.02417,-0.99377,0.10590,0.0208
1595910928.16385,B1116004,0.02582,0.02393,-0.99377,0.10596,0.0208
1595910928.16918,B1116009,0.02570,0.02362,-0.99377,0.10596,0.0208
1595910928.17347,B1116014,0.02563,0.02338,-0.99377,0.10602,0.0208
1595910928.178421,B1116019,0.02551,0.02307,-0.99377,0.10608,0.0208
1595910928.186649,B1116024,0.02539,0.02271,-0.99377,0.10608,0.0208
1595910928.1886542,B1116029,0.02515,0.02191,-0.99377,0.10614,0.0208
1595910928.193543,B1116034,0.02496,0.02130,-0.99377,0.10620,0.0208
1595910928.199052,B1116039,0.02484,0.02075,-0.99384,0.10620,0.0208
1595910928.204233,B1116044,0.02478,0.02014,-0.99384,0.10626,0.0208
1595910928.2097101,B1116049,0.02466,0.01959,-0.99384,0.10626,0.0208
1595910928.213609,B1116054,0.02460,0.01904,-0.99384,0.10626,0.0208
1595910928.218761,B1116059,0.02460,0.01855,-0.99384,0.10626,0.0208
1595910928.226069,B1116064,0.02454,0.01819,-0.99390,0.10626,0.0208
1595910928.2289321,B1116070,0.02448,0.01788,-0.99390,0.10620,0.0208
1595910928.233942,B1116075,0.02441,0.01776,-0.99390,0.10614,0.0208
1595910928.2403479,B1116080,0.02435,0.01770,-0.99390,0.10608,0.0208
1595910928.245855,B1116085,0.02435,0.01776,-0.99390,0.10602,0.0208
1595910928.2515452,B1116090,0.02429,0.01794,-0.99390,0.10590,0.0208
1595910928.255334,B1116095,0.02429,0.01825,-0.99396,0.10577,0.0208
1595910928.259753,B1116100,0.02429,0.01874,-0.99396,0.10553,0.0208
1595910928.264286,B1116105,0.02429,0.01929,-0.99396,0.10535,0.0208
1595910928.269772,B1116110,0.02435,0.01990,-0.99396,0.10510,0.0208
1595910928.27397,B1116115,0.02435,0.02051,-0.99396,0.10486,0.0208
1595910928.280204,B1116120,0.02435,0.02124,-0.99402,0.10455,0.0208
1595910928.2838972,B1116125,0.02435,0.02191,-0.99402,0.10425,0.0208
1595910928.289197,B1116130,0.02429,0.02240,-0.99402,0.10388,0.0208
1595910928.294323,B1116135,0.02417,0.02289,-0.99408,0.10345,0.0208
1595910928.29908,B1116140,0.02405,0.02325,-0.99408,0.10309,0.0208
1595910928.3043,B1116145,0.02393,0.02350,-0.99414,0.10272,0.0208
1595910928.309908,B1116150,0.02380,0.02368,-0.99420,0.10242,0.0208
1595910928.3150778,B1116155,0.02368,0.02374,-0.99420,0.10205,0.0208
1595910928.3216069,B1116160,0.02350,0.02374,-0.99426,0.10168,0.0208
1595910928.324072,B1116165,0.02338,0.02374,-0.99426,0.10144,0.0208
1595910928.3312829,B1116170,0.02325,0.02374,-0.99432,0.10120,0.0208
1595910928.333982,B1116175,0.02313,0.02374,-0.99432,0.10095,0.0208
1595910928.338891,B1116180,0.02301,0.02380,-0.99438,0.10077,0.0208
1595910928.343891,B1116185,0.02289,0.02386,-0.99438,0.10065,0.0208
1595910928.349153,B1116190,0.02283,0.02405,-0.99438,0.10052,0.0208
1595910928.355212,B1116195,0.02277,0.02429,-0.99438,0.10046,0.0208
1595910928.359004,B1116200,0.02271,0.02460,-0.99438,0.10046,0.0208
1595910928.364084,B1116205,0.02271,0.02496,-0.99438,0.10046,0.0208
1595910928.369083,B1116210,0.02277,0.02539,-0.99438,0.10046,0.0208
1595910928.374252,B1116215,0.02283,0.02594,-0.99432,0.10046,0.0208
1595910928.3789299,B1116220,0.02295,0.02649,-0.99432,0.10052,0.0208
1595910928.383899,B1116225,0.02307,0.02716,-0.99426,0.10059,0.0208
1595910928.388932,B1116230,0.02325,0.02777,-0.99426,0.10071,0.0208
1595910928.394277,B1116235,0.02344,0.02863,-0.99420,0.10077,0.0208
1595910928.398916,B1116240,0.02368,0.02936,-0.99420,0.10077,0.0208
1595910928.403877,B1116245,0.02393,0.03033,-0.99414,0.10083,0.0208
1595910928.4090219,B1116250,0.02417,0.03119,-0.99414,0.10083,0.0208
1595910928.413942,B1116255,0.02441,0.03217,-0.99408,0.10089,0.0208
1595910928.4189582,B1116260,0.02466,0.03308,-0.99402,0.10089,0.0208
1595910928.424208,B1116265,0.02496,0.03418,-0.99402,0.10083,0.0208
1595910928.4295292,B1116270,0.02527,0.03510,-0.99396,0.10077,0.0208
1595910928.4339461,B1116275,0.02563,0.03613,-0.99396,0.10071,0.0208
1595910928.440209,B1116280,0.02600,0.03717,-0.99390,0.10059,0.0208
1595910928.4438882,B1116285,0.02631,0.03815,-0.99384,0.10046,0.0208
1595910928.4493241,B1116290,0.02667,0.03900,-0.99384,0.10034,0.0208
1595910928.4538932,B1116295,0.02710,0.03986,-0.99377,0.10022,0.0208
1595910928.460531,B1116300,0.02753,0.04071,-0.99377,0.10004,0.0208
1595910928.463897,B1116305,0.02795,0.04144,-0.99377,0.09979,0.0208
1595910928.4690921,B1116310,0.02838,0.04205,-0.99371,0.09961,0.0208
1595910928.4755158,B1116315,0.02893,0.04272,-0.99371,0.09930,0.0208
1595910928.47893,B1116320,0.02942,0.04315,-0.99371,0.09906,0.0208
1595910928.484311,B1116325,0.02991,0.04358,-0.99371,0.09882,0.0208
1595910928.489362,B1116330,0.03046,0.04382,-0.99371,0.09851,0.0208
1595910928.493998,B1116335,0.03107,0.04407,-0.99371,0.09814,0.0208
1595910928.49891,B1116340,0.03162,0.04419,-0.99371,0.09784,0.0208
1595910928.504425,B1116345,0.03223,0.04419,-0.99371,0.09747,0.0208
1595910928.50948,B1116350,0.03278,0.04407,-0.99377,0.09711,0.0208
1595910928.513907,B1116355,0.03345,0.04382,-0.99377,0.09668,0.0208
1595910928.5191228,B1116360,0.03406,0.04346,-0.99384,0.09631,0.0208
1595910928.5245671,B1116365,0.03467,0.04303,-0.99384,0.09589,0.0208
1595910928.5312011,B1116370,0.03528,0.04260,-0.99390,0.09546,0.0208
1595910928.533907,B1116375,0.03589,0.04199,-0.99396,0.09503,0.0208
1595910928.539052,B1116380,0.03644,0.04132,-0.99396,0.09460,0.0208
1595910928.5441122,B1116385,0.03693,0.04071,-0.99402,0.09424,0.0208
1595910928.549171,B1116390,0.03748,0.03998,-0.99408,0.09381,0.0208
1595910928.555251,B1116395,0.03796,0.03925,-0.99414,0.09338,0.0208
1595910928.559357,B1116400,0.03839,0.03851,-0.99420,0.09296,0.0208
1595910928.564487,B1116405,0.03882,0.03784,-0.99420,0.09259,0.0208
1595910928.569408,B1116410,0.03918,0.03717,-0.99426,0.09222,0.0208
1595910928.577562,B1116415,0.03955,0.03644,-0.99432,0.09186,0.0208
1595910928.579551,B1116420,0.03986,0.03577,-0.99438,0.09149,0.0208
1595910928.584419,B1116425,0.04016,0.03503,-0.99438,0.09119,0.0208
1595910928.5891788,B1116430,0.04047,0.03448,-0.99445,0.09088,0.0208
1595910928.595241,B1116436,0.04077,0.03375,-0.99451,0.09058,0.0208
1595910928.600401,B1116442,0.04102,0.03320,-0.99451,0.09033,0.0208
1595910928.605907,B1116447,0.04126,0.03259,-0.99457,0.09003,0.0208
1595910928.611677,B1116452,0.04150,0.03210,-0.99457,0.08984,0.0208
1595910928.616529,B1116458,0.04169,0.03156,-0.99463,0.08960,0.0208
1595910928.6220942,B1116463,0.04193,0.03107,-0.99463,0.08936,0.0208
1595910928.6271129,B1116468,0.04211,0.03064,-0.99463,0.08917,0.0208
1595910928.6337202,B1116473,0.04230,0.03027,-0.99469,0.08899,0.0208
1595910928.642634,B1116478,0.04248,0.02991,-0.99469,0.08881,0.0208
1595910928.642803,B1116484,0.04266,0.02960,-0.99469,0.08862,0.0208
1595910928.647879,B1116489,0.04272,0.02930,-0.99475,0.08850,0.0208
1595910928.6538198,B1116494,0.04279,0.02899,-0.99475,0.08838,0.0208
1595910928.659991,B1116499,0.04279,0.02789,-0.99481,0.08820,0.0208
1595910928.663122,B1116504,0.04266,0.02716,-0.99481,0.08807,0.0208
1595910928.668232,B1116509,0.04254,0.02631,-0.99487,0.08807,0.0208
1595910928.6742542,B1116515,0.04236,0.02527,-0.99487,0.08801,0.0208
1595910928.681943,B1116520,0.04218,0.02429,-0.99493,0.08801,0.0208
1595910928.6842282,B1116525,0.04193,0.02332,-0.99493,0.08807,0.0208
1595910928.6884868,B1116530,0.04169,0.02240,-0.99500,0.08807,0.0208
1595910928.693843,B1116535,0.04144,0.02130,-0.99500,0.08820,0.0208
1595910928.699712,B1116540,0.04114,0.02032,-0.99506,0.08832,0.0208
1595910928.70358,B1116545,0.04089,0.01935,-0.99506,0.08844,0.0209
1595910928.709538,B1116550,0.04065,0.01855,-0.99506,0.08856,0.0209
1595910928.715414,B1116555,0.04047,0.01776,-0.99506,0.08875,0.0208
1595910928.718931,B1116560,0.04034,0.01727,-0.99506,0.08893,0.0209
1595910928.72574,B1116565,0.04022,0.01697,-0.99506,0.08911,0.0209
1595910928.729872,B1116570,0.04010,0.01685,-0.99506,0.08936,0.0209
1595910928.7355251,B1116575,0.03992,0.01691,-0.99506,0.08954,0.0209
1595910928.738564,B1116580,0.03979,0.01709,-0.99500,0.08978,0.0209
1595910928.743377,B1116585,0.03967,0.01733,-0.99500,0.08997,0.0209
1595910928.7523258,B1116590,0.03955,0.01764,-0.99500,0.09021,0.0208
1595910928.75387,B1116595,0.03937,0.01788,-0.99493,0.09052,0.0208
1595910928.759734,B1116600,0.03925,0.01813,-0.99493,0.09076,0.0209
1595910928.764194,B1116605,0.03906,0.01831,-0.99493,0.09106,0.0208
1595910928.768487,B1116610,0.03900,0.01849,-0.99487,0.09137,0.0208
1595910928.773482,B1116615,0.03888,0.01862,-0.99487,0.09174,0.0208
1595910928.778811,B1116620,0.03876,0.01874,-0.99481,0.09204,0.0208
1595910928.783467,B1116625,0.03870,0.01874,-0.99481,0.09241,0.0208
1595910928.788594,B1116630,0.03857,0.01874,-0.99475,0.09271,0.0208
1595910928.7935061,B1116635,0.03851,0.01868,-0.99475,0.09314,0.0208
1595910928.79856,B1116640,0.03845,0.01862,-0.99469,0.09357,0.0208
1595910928.80411,B1116645,0.03845,0.01855,-0.99469,0.09393,0.0209
1595910928.808854,B1116650,0.03851,0.01849,-0.99463,0.09436,0.0208
1595910928.8135,B1116655,0.03851,0.01843,-0.99457,0.09473,0.0208
1595910928.819075,B1116660,0.03857,0.01831,-0.99457,0.09515,0.0208
1595910928.824267,B1116665,0.03870,0.01819,-0.99451,0.09558,0.0208
1595910928.82866,B1116670,0.03876,0.01807,-0.99445,0.09601,0.0208
1595910928.833847,B1116675,0.03888,0.01782,-0.99445,0.09644,0.0208
1595910928.838838,B1116680,0.03900,0.01752,-0.99438,0.09686,0.0208
1595910928.843821,B1116685,0.03918,0.01715,-0.99432,0.09735,0.0208
1595910928.849546,B1116691,0.03937,0.01678,-0.99426,0.09772,0.0208
1595910928.855126,B1116696,0.03961,0.01630,-0.99426,0.09821,0.0208
1595910928.859017,B1116701,0.03986,0.01593,-0.99420,0.09863,0.0209
1595910928.864581,B1116706,0.04016,0.01550,-0.99414,0.09906,0.0209
1595910928.869431,B1116711,0.04047,0.01514,-0.99408,0.09943,0.0209
1595910928.87445,B1116716,0.04083,0.01465,-0.99408,0.09991,0.0208
1595910928.879542,B1116721,0.04114,0.01434,-0.99402,0.10034,0.0209
1595910928.884982,B1116726,0.04150,0.01410,-0.99396,0.10071,0.0209
1595910928.8951669,B1116731,0.04181,0.01392,-0.99390,0.10101,0.0209
1595910928.8952389,B1116736,0.04218,0.01379,-0.99384,0.10138,0.0208
1595910928.904022,B1116741,0.04248,0.01379,-0.99384,0.10168,0.0209
1595910928.904396,B1116746,0.04279,0.01385,-0.99377,0.10199,0.0209
1595910928.9093409,B1116751,0.04303,0.01398,-0.99371,0.10223,0.0208
1595910928.917351,B1116756,0.04327,0.01422,-0.99371,0.10254,0.0208
1595910928.919877,B1116762,0.04352,0.01453,-0.99365,0.10272,0.0208
1595910928.927839,B1116767,0.04364,0.01489,-0.99359,0.10297,0.0208
1595910928.9311628,B1116773,0.04376,0.01526,-0.99359,0.10315,0.0208
1595910928.9363,B1116778,0.04388,0.01575,-0.99353,0.10333,0.0208
1595910928.945861,B1116783,0.04395,0.01624,-0.99353,0.10352,0.0208
1595910928.94693,B1116789,0.04395,0.01678,-0.99347,0.10370,0.0208
1595910928.9525068,B1116794,0.04395,0.01733,-0.99347,0.10382,0.0208
1595910928.959709,B1116799,0.04395,0.01801,-0.99347,0.10400,0.0208
1595910928.967402,B1116804,0.04388,0.01862,-0.99341,0.10413,0.0209
1595910928.968346,B1116809,0.04376,0.01929,-0.99341,0.10431,0.0208
1595910928.9726431,B1116814,0.04370,0.01984,-0.99335,0.10443,0.0209
1595910928.977556,B1116819,0.04358,0.02057,-0.99335,0.10455,0.0209
1595910928.9825048,B1116824,0.04340,0.02118,-0.99335,0.10468,0.0209
1595910928.988158,B1116829,0.04321,0.02191,-0.99329,0.10480,0.0209
1595910928.992993,B1116834,0.04303,0.02252,-0.99329,0.10492,0.0209
1595910928.99808,B1116839,0.04272,0.02319,-0.99329,0.10510,0.0209
1595910929.002723,B1116844,0.04248,0.02386,-0.99323,0.10522,0.0209
1595910929.0076952,B1116849,0.04224,0.02448,-0.99323,0.10541,0.0209
1595910929.012527,B1116854,0.04193,0.02502,-0.99323,0.10553,0.0209
1595910929.019552,B1116859,0.04169,0.02557,-0.99316,0.10571,0.0209
1595910929.025795,B1116864,0.04132,0.02612,-0.99316,0.10590,0.0209
1595910929.02773,B1116869,0.04102,0.02661,-0.99316,0.10608,0.0209
1595910929.03251,B1116874,0.04077,0.02704,-0.99316,0.10626,0.0209
1595910929.038155,B1116880,0.04041,0.02740,-0.99310,0.10645,0.0209
1595910929.042876,B1116885,0.04004,0.02777,-0.99310,0.10669,0.0209
1595910929.050115,B1116890,0.03967,0.02808,-0.99310,0.10687,0.0209
1595910929.053069,B1116895,0.03937,0.02832,-0.99310,0.10699,0.0209
1595910929.057892,B1116900,0.03900,0.02863,-0.99304,0.10724,0.0209
1595910929.062847,B1116905,0.03857,0.02881,-0.99304,0.10742,0.0209
1595910929.071123,B1116910,0.03821,0.02899,-0.99304,0.10754,0.0209
1595910929.072973,B1116915,0.03784,0.02911,-0.99304,0.10773,0.0209
1595910929.077894,B1116920,0.03741,0.02917,-0.99304,0.10791,0.0209
1595910929.082825,B1116925,0.03705,0.02924,-0.99304,0.10809,0.0209
1595910929.088806,B1116930,0.03662,0.02930,-0.99304,0.10822,0.0209
1595910929.092841,B1116935,0.03632,0.02930,-0.99304,0.10834,0.0209
1595910929.098165,B1116940,0.03589,0.02930,-0.99304,0.10846,0.0209
1595910929.103442,B1116945,0.03552,0.02930,-0.99304,0.10858,0.0209
1595910929.110496,B1116950,0.03497,0.02936,-0.99304,0.10870,0.0209
1595910929.113426,B1116955,0.03467,0.02942,-0.99304,0.10876,0.0209
1595910929.1197,B1116961,0.03448,0.02948,-0.99304,0.10876,0.0209
1595910929.125091,B1116966,0.03424,0.02960,-0.99304,0.10876,0.0209
1595910929.132731,B1116971,0.03412,0.02966,-0.99304,0.10870,0.0209
1595910929.133375,B1116976,0.03394,0.02972,-0.99304,0.10864,0.0209
1595910929.139667,B1116981,0.03387,0.02985,-0.99304,0.10858,0.0209
1595910929.14358,B1116986,0.03375,0.02997,-0.99310,0.10846,0.0209
1595910929.148586,B1116991,0.03369,0.03003,-0.99310,0.10834,0.0209
1595910929.154548,B1116996,0.03369,0.03015,-0.99310,0.10815,0.0208
1595910929.159057,B1117001,0.03363,0.03021,-0.99310,0.10797,0.0208
1595910929.165152,B1117006,0.03363,0.03027,-0.99316,0.10779,0.0208
1595910929.169332,B1117011,0.03363,0.03027,-0.99316,0.10754,0.0208
1595910929.17423,B1117016,0.03369,0.03027,-0.99316,0.10730,0.0208
1595910929.18352,B1117021,0.03375,0.03021,-0.99323,0.10706,0.0208
1595910929.18418,B1117026,0.03381,0.03003,-0.99323,0.10687,0.0208
1595910929.191359,B1117032,0.03387,0.02985,-0.99329,0.10663,0.0208
1595910929.195308,B1117037,0.03394,0.02960,-0.99329,0.10638,0.0208
1595910929.200788,B1117043,0.03406,0.02924,-0.99335,0.10614,0.0208
1595910929.206153,B1117048,0.03418,0.02881,-0.99335,0.10590,0.0208
1595910929.212575,B1117054,0.03436,0.02844,-0.99341,0.10565,0.0208
1595910929.2167602,B1117059,0.03448,0.02808,-0.99341,0.10547,0.0208
1595910929.222473,B1117064,0.03473,0.02771,-0.99347,0.10522,0.0208
1595910929.227583,B1117070,0.03491,0.02734,-0.99347,0.10504,0.0208
1595910929.235882,B1117075,0.03510,0.02710,-0.99353,0.10486,0.0208
1595910929.2374752,B1117080,0.03528,0.02679,-0.99353,0.10461,0.0208
1595910929.242489,B1117085,0.03552,0.02655,-0.99353,0.10437,0.0208
1595910929.24787,B1117090,0.03564,0.02625,-0.99359,0.10419,0.0208
1595910929.256511,B1117095,0.03583,0.02606,-0.99359,0.10400,0.0208
1595910929.258032,B1117100,0.03601,0.02576,-0.99359,0.10370,0.0208
1595910929.263019,B1117105,0.03619,0.02551,-0.99365,0.10345,0.0208
1595910929.268308,B1117110,0.03644,0.02533,-0.99365,0.10321,0.0208
1595910929.2731788,B1117115,0.03662,0.02521,-0.99371,0.10303,0.0208
1595910929.279679,B1117120,0.03687,0.02509,-0.99371,0.10272,0.0208
1595910929.282423,B1117125,0.03705,0.02502,-0.99371,0.10248,0.0208
1595910929.288194,B1117130,0.03729,0.02490,-0.99377,0.10223,0.0208
1595910929.29272,B1117135,0.03754,0.02484,-0.99377,0.10199,0.0208
1595910929.297706,B1117140,0.03778,0.02472,-0.99377,0.10168,0.0208
1595910929.3050308,B1117145,0.03802,0.02460,-0.99384,0.10144,0.0208
1595910929.307942,B1117150,0.03857,0.02441,-0.99384,0.10089,0.0208
1595910929.312991,B1117155,0.03882,0.02441,-0.99390,0.10065,0.0208
1595910929.318073,B1117160,0.03912,0.02441,-0.99390,0.10034,0.0208
1595910929.322939,B1117165,0.03937,0.02454,-0.99390,0.10010,0.0208
1595910929.327913,B1117170,0.03961,0.02460,-0.99390,0.09979,0.0208
1595910929.333948,B1117175,0.03979,0.02466,-0.99396,0.09955,0.0208
1595910929.34112,B1117180,0.03998,0.02472,-0.99396,0.09924,0.0208
1595910929.343152,B1117185,0.04016,0.02478,-0.99396,0.09894,0.0208
1595910929.347872,B1117190,0.04028,0.02478,-0.99402,0.09869,0.0208
1595910929.3535738,B1117195,0.04041,0.02484,-0.99402,0.09839,0.0208
1595910929.35803,B1117200,0.04053,0.02490,-0.99402,0.09814,0.0208
1595910929.364337,B1117205,0.04053,0.02502,-0.99408,0.09784,0.0208
1595910929.3680818,B1117210,0.04059,0.02521,-0.99408,0.09760,0.0208
1595910929.3735769,B1117215,0.04065,0.02539,-0.99408,0.09735,0.0208
1595910929.3784251,B1117220,0.04065,0.02563,-0.99414,0.09711,0.0208
1595910929.3842041,B1117225,0.04059,0.02594,-0.99414,0.09686,0.0208
1595910929.39053,B1117230,0.04053,0.02625,-0.99414,0.09662,0.0208
1595910929.394379,B1117235,0.04047,0.02661,-0.99414,0.09637,0.0208
1595910929.39856,B1117241,0.04034,0.02710,-0.99420,0.09613,0.0208
1595910929.403232,B1117246,0.04028,0.02759,-0.99420,0.09589,0.0208
1595910929.408213,B1117250,0.04016,0.02808,-0.99420,0.09570,0.0208
1595910929.413295,B1117255,0.04010,0.02869,-0.99420,0.09552,0.0208
1595910929.4179149,B1117260,0.03998,0.02930,-0.99420,0.09540,0.0208
1595910929.424437,B1117265,0.03992,0.02991,-0.99420,0.09528,0.0208
1595910929.4282088,B1117271,0.03986,0.03052,-0.99420,0.09515,0.0208
1595910929.432958,B1117276,0.03979,0.03125,-0.99420,0.09509,0.0208
1595910929.4378612,B1117281,0.03979,0.03192,-0.99420,0.09497,0.0208
1595910929.443308,B1117285,0.03973,0.03259,-0.99414,0.09491,0.0208
1595910929.448129,B1117291,0.03973,0.03314,-0.99414,0.09485,0.0208
1595910929.452988,B1117296,0.03967,0.03387,-0.99414,0.09479,0.0208
1595910929.458072,B1117301,0.03967,0.03448,-0.99414,0.09479,0.0208
1595910929.463933,B1117306,0.03961,0.03503,-0.99408,0.09473,0.0208
1595910929.468578,B1117311,0.03961,0.03558,-0.99408,0.09473,0.0208
1595910929.4749298,B1117316,0.03961,0.03613,-0.99408,0.09473,0.0208
1595910929.478192,B1117321,0.03961,0.03662,-0.99402,0.09473,0.0208
1595910929.483068,B1117326,0.03961,0.03711,-0.99402,0.09473,0.0208
1595910929.4881961,B1117331,0.03961,0.03760,-0.99402,0.09479,0.0208
1595910929.493381,B1117336,0.03961,0.03802,-0.99396,0.09479,0.0208
1595910929.498602,B1117341,0.03961,0.03845,-0.99396,0.09479,0.0208
1595910929.5031009,B1117346,0.03967,0.03888,-0.99396,0.09485,0.0208
1595910929.509074,B1117351,0.03967,0.03931,-0.99390,0.09491,0.0208
1595910929.5130749,B1117356,0.03973,0.03967,-0.99390,0.09491,0.0208
1595910929.51834,B1117361,0.03979,0.04004,-0.99390,0.09491,0.0208
1595910929.522969,B1117366,0.03986,0.04041,-0.99384,0.09497,0.0208
1595910929.5294669,B1117371,0.03998,0.04071,-0.99384,0.09497,0.0208
1595910929.534175,B1117376,0.04004,0.04102,-0.99384,0.09503,0.0208
1595910929.5413408,B1117381,0.04016,0.04132,-0.99384,0.09503,0.0208
1595910929.544075,B1117386,0.04028,0.04156,-0.99377,0.09503,0.0208
1595910929.548075,B1117391,0.04041,0.04181,-0.99377,0.09503,0.0208
1595910929.5537999,B1117396,0.04059,0.04205,-0.99377,0.09503,0.0208
1595910929.5578518,B1117401,0.04071,0.04230,-0.99377,0.09497,0.0208
1595910929.562848,B1117406,0.04089,0.04254,-0.99371,0.09497,0.0208
1595910929.569119,B1117411,0.04108,0.04272,-0.99371,0.09491,0.0208
1595910929.5749152,B1117416,0.04126,0.04291,-0.99371,0.09485,0.0208
1595910929.5788531,B1117421,0.04144,0.04315,-0.99371,0.09479,0.0208
1595910929.5842502,B1117426,0.04163,0.04333,-0.99371,0.09473,0.0208
1595910929.592355,B1117431,0.04181,0.04346,-0.99365,0.09467,0.0208
1595910929.593298,B1117436,0.04199,0.04364,-0.99365,0.09460,0.0208
1595910929.600776,B1117441,0.04218,0.04382,-0.99365,0.09454,0.0208
1595910929.6044009,B1117446,0.04236,0.04395,-0.99365,0.09448,0.0208
1595910929.6088681,B1117451,0.04248,0.04407,-0.99365,0.09442,0.0208
1595910929.616257,B1117456,0.04266,0.04413,-0.99365,0.09436,0.0208
1595910929.619244,B1117461,0.04279,0.04425,-0.99365,0.09430,0.0208
1595910929.62583,B1117466,0.04285,0.04425,-0.99365,0.09424,0.0208
1595910929.630042,B1117471,0.04297,0.04425,-0.99365,0.09412,0.0208
1595910929.633439,B1117476,0.04309,0.04425,-0.99365,0.09406,0.0208
1595910929.638901,B1117481,0.04315,0.04425,-0.99365,0.09399,0.0208
1595910929.643432,B1117486,0.04321,0.04419,-0.99365,0.09387,0.0208
1595910929.6497438,B1117491,0.04333,0.04407,-0.99365,0.09375,0.0208
1595910929.654102,B1117496,0.04340,0.04395,-0.99371,0.09369,0.0208
1595910929.6585531,B1117501,0.04340,0.04382,-0.99371,0.09357,0.0208
1595910929.663969,B1117506,0.04346,0.04364,-0.99371,0.09344,0.0208
1595910929.6695418,B1117511,0.04346,0.04340,-0.99371,0.09332,0.0208
1595910929.673847,B1117516,0.04346,0.04315,-0.99377,0.09320,0.0208
1595910929.6819892,B1117522,0.04346,0.04285,-0.99377,0.09308,0.0208
1595910929.685436,B1117527,0.04346,0.04260,-0.99384,0.09296,0.0208
1595910929.689949,B1117533,0.04346,0.04236,-0.99384,0.09283,0.0208
1595910929.695919,B1117538,0.04346,0.04205,-0.99384,0.09271,0.0208
1595910929.7006311,B1117543,0.04346,0.04187,-0.99390,0.09259,0.0208
1595910929.707386,B1117549,0.04346,0.04163,-0.99390,0.09241,0.0208
1595910929.711213,B1117554,0.04340,0.04150,-0.99390,0.09229,0.0208
1595910929.716562,B1117559,0.04340,0.04132,-0.99396,0.09216,0.0208
1595910929.72168,B1117565,0.04333,0.04120,-0.99396,0.09204,0.0208
1595910929.7267709,B1117570,0.04327,0.04102,-0.99396,0.09192,0.0208
1595910929.7324412,B1117575,0.04321,0.04089,-0.99402,0.09180,0.0208
1595910929.738697,B1117580,0.04309,0.04065,-0.99402,0.09167,0.0208
1595910929.7432,B1117585,0.04303,0.04047,-0.99402,0.09161,0.0208
1595910929.747367,B1117590,0.04291,0.04022,-0.99408,0.09149,0.0208
1595910929.752434,B1117595,0.04285,0.03998,-0.99408,0.09143,0.0208
1595910929.760981,B1117601,0.04272,0.03967,-0.99408,0.09137,0.0208
1595910929.763055,B1117606,0.04254,0.03931,-0.99414,0.09131,0.0208
1595910929.770293,B1117611,0.04242,0.03894,-0.99414,0.09131,0.0208
1595910929.7729359,B1117616,0.04230,0.03864,-0.99420,0.09125,0.0208
1595910929.7808871,B1117621,0.04199,0.03796,-0.99420,0.09119,0.0208
1595910929.78525,B1117626,0.04187,0.03766,-0.99426,0.09113,0.0208
1595910929.787977,B1117631,0.04175,0.03741,-0.99426,0.09113,0.0208
1595910929.793587,B1117636,0.04156,0.03717,-0.99426,0.09113,0.0208
1595910929.800069,B1117641,0.04138,0.03699,-0.99432,0.09106,0.0208
1595910929.804883,B1117646,0.04120,0.03687,-0.99432,0.09100,0.0208
1595910929.80799,B1117651,0.04102,0.03680,-0.99432,0.09100,0.0208
1595910929.814688,B1117656,0.04077,0.03687,-0.99432,0.09094,0.0208
1595910929.8286872,B1117661,0.04053,0.03705,-0.99432,0.09094,0.0208
1595910929.828704,B1117666,0.04016,0.03723,-0.99432,0.09094,0.0208
1595910929.8287108,B1117671,0.03986,0.03741,-0.99432,0.09094,0.0208
1595910929.837416,B1117676,0.03949,0.03766,-0.99432,0.09100,0.0208
1595910929.8400052,B1117681,0.03906,0.03784,-0.99438,0.09106,0.0208
1595910929.843352,B1117686,0.03870,0.03796,-0.99438,0.09119,0.0208
1595910929.848486,B1117691,0.03833,0.03809,-0.99438,0.09131,0.0208
1595910929.853336,B1117696,0.03802,0.03821,-0.99432,0.09143,0.0208
1595910929.859176,B1117701,0.03772,0.03839,-0.99432,0.09155,0.0208
1595910929.8631392,B1117706,0.03748,0.03864,-0.99432,0.09174,0.0208
1595910929.8683121,B1117711,0.03723,0.03894,-0.99432,0.09192,0.0208
1595910929.873454,B1117716,0.03693,0.03931,-0.99426,0.09210,0.0208
1595910929.8786151,B1117721,0.03674,0.03961,-0.99426,0.09229,0.0208
1595910929.883264,B1117726,0.03650,0.03992,-0.99426,0.09241,0.0208
1595910929.891822,B1117731,0.03632,0.04022,-0.99420,0.09259,0.0208
1595910929.8933692,B1117737,0.03607,0.04053,-0.99420,0.09271,0.0208
1595910929.898447,B1117742,0.03595,0.04077,-0.99420,0.09283,0.0208
1595910929.90341,B1117747,0.03583,0.04102,-0.99420,0.09296,0.0208
1595910929.908493,B1117752,0.03571,0.04132,-0.99414,0.09302,0.0208
1595910929.914913,B1117757,0.03564,0.04163,-0.99414,0.09308,0.0208
1595910929.919143,B1117762,0.03558,0.04199,-0.99414,0.09320,0.0208
1595910929.923593,B1117767,0.03552,0.04236,-0.99414,0.09320,0.0208
1595910929.9293408,B1117773,0.03546,0.04279,-0.99408,0.09326,0.0208
1595910929.936519,B1117778,0.03534,0.04321,-0.99408,0.09326,0.0208
1595910929.940436,B1117784,0.03528,0.04376,-0.99408,0.09332,0.0208
1595910929.945947,B1117789,0.03522,0.04419,-0.99402,0.09332,0.0208
1595910929.951533,B1117794,0.03510,0.04462,-0.99402,0.09332,0.0208
1595910929.95978,B1117800,0.03497,0.04504,-0.99402,0.09338,0.0208
1595910929.9619122,B1117805,0.03479,0.04547,-0.99396,0.09344,0.0208
1595910929.9669912,B1117810,0.03467,0.04590,-0.99396,0.09351,0.0208
1595910929.972094,B1117815,0.03448,0.04614,-0.99396,0.09363,0.0208
1595910929.97825,B1117820,0.03430,0.04645,-0.99390,0.09369,0.0208
1595910929.9820108,B1117825,0.03412,0.04663,-0.99390,0.09381,0.0208
1595910929.9872599,B1117830,0.03400,0.04669,-0.99390,0.09399,0.0208
1595910929.9927979,B1117835,0.03387,0.04675,-0.99390,0.09412,0.0208
1595910929.9983292,B1117840,0.03375,0.04675,-0.99390,0.09430,0.0208
1595910930.002006,B1117845,0.03369,0.04675,-0.99384,0.09442,0.0208
1595910930.007398,B1117850,0.03369,0.04669,-0.99384,0.09460,0.0208
1595910930.0132961,B1117855,0.03375,0.04663,-0.99384,0.09479,0.0208
1595910930.017066,B1117860,0.03387,0.04651,-0.99384,0.09497,0.0208
1595910930.02233,B1117866,0.03400,0.04645,-0.99377,0.09509,0.0208
1595910930.027013,B1117871,0.03412,0.04633,-0.99377,0.09528,0.0208
1595910930.03244,B1117876,0.03430,0.04620,-0.99377,0.09540,0.0208
1595910930.037591,B1117881,0.03442,0.04614,-0.99377,0.09558,0.0208
1595910930.042288,B1117886,0.03461,0.04602,-0.99371,0.09570,0.0208
1595910930.048094,B1117891,0.03491,0.04596,-0.99371,0.09601,0.0208
1595910930.052657,B1117896,0.03503,0.04602,-0.99371,0.09613,0.0208
1595910930.060575,B1117901,0.03516,0.04608,-0.99365,0.09625,0.0208
1595910930.062434,B1117906,0.03528,0.04620,-0.99365,0.09637,0.0208
1595910930.0702422,B1117911,0.03534,0.04633,-0.99365,0.09650,0.0208
1595910930.073188,B1117916,0.03546,0.04657,-0.99359,0.09662,0.0208
1595910930.077603,B1117921,0.03552,0.04687,-0.99359,0.09668,0.0208
1595910930.0826209,B1117926,0.03564,0.04718,-0.99353,0.09674,0.0208
1595910930.0876338,B1117931,0.03571,0.04755,-0.99353,0.09680,0.0208
1595910930.0959082,B1117936,0.03577,0.04797,-0.99347,0.09686,0.0208
1595910930.097815,B1117941,0.03583,0.04840,-0.99347,0.09692,0.0208
1595910930.102762,B1117946,0.03589,0.04895,-0.99341,0.09692,0.0208
1595910930.10932,B1117951,0.03589,0.04938,-0.99341,0.09698,0.0208
1595910930.113771,B1117956,0.03595,0.04993,-0.99341,0.09698,0.0208
1595910930.118367,B1117962,0.03595,0.05048,-0.99335,0.09705,0.0208
1595910930.123789,B1117967,0.03595,0.05096,-0.99335,0.09705,0.0208
1595910930.131283,B1117972,0.03595,0.05145,-0.99329,0.09705,0.0208
1595910930.133434,B1117977,0.03595,0.05188,-0.99329,0.09711,0.0208
1595910930.13801,B1117982,0.03595,0.05237,-0.99323,0.09711,0.0208
1595910930.1464949,B1117987,0.03589,0.05280,-0.99323,0.09711,0.0208
1595910930.156341,B1117992,0.03589,0.05316,-0.99323,0.09717,0.0208
1595910930.15636,B1117997,0.03583,0.05365,-0.99316,0.09717,0.0208
1595910930.158345,B1118002,0.03577,0.05396,-0.99316,0.09717,0.0208
1595910930.164918,B1118007,0.03571,0.05432,-0.99316,0.09717,0.0208
1595910930.1720781,B1118012,0.03564,0.05469,-0.99310,0.09711,0.0208
1595910930.182239,B1118017,0.03558,0.05505,-0.99310,0.09711,0.0208
1595910930.1823418,B1118022,0.03546,0.05530,-0.99310,0.09711,0.0208
1595910930.184751,B1118027,0.03540,0.05554,-0.99310,0.09711,0.0208
1595910930.1887748,B1118032,0.03528,0.05579,-0.99310,0.09705,0.0208
1595910930.1938,B1118037,0.03516,0.05597,-0.99310,0.09698,0.0208
1595910930.2001579,B1118043,0.03503,0.05609,-0.99310,0.09692,0.0208
1595910930.20523,B1118049,0.03491,0.05615,-0.99310,0.09692,0.0208
1595910930.21152,B1118054,0.03479,0.05615,-0.99310,0.09686,0.0208
1595910930.2161112,B1118060,0.03461,0.05609,-0.99310,0.09680,0.0208
1595910930.221886,B1118065,0.03436,0.05597,-0.99316,0.09674,0.0208
1595910930.226649,B1118070,0.03418,0.05579,-0.99316,0.09674,0.0208
1595910930.234441,B1118075,0.03394,0.05560,-0.99316,0.09668,0.0208
1595910930.236448,B1118080,0.03369,0.05530,-0.99323,0.09668,0.0208
1595910930.242892,B1118086,0.03345,0.05505,-0.99323,0.09662,0.0208
1595910930.2509801,B1118091,0.03320,0.05469,-0.99329,0.09662,0.0208
1595910930.252377,B1118096,0.03296,0.05438,-0.99329,0.09662,0.0208
1595910930.25729,B1118101,0.03271,0.05402,-0.99335,0.09656,0.0208
1595910930.263276,B1118106,0.03253,0.05371,-0.99335,0.09656,0.0208
1595910930.267957,B1118111,0.03235,0.05341,-0.99335,0.09656,0.0208
1595910930.272135,B1118116,0.03217,0.05310,-0.99341,0.09656,0.0208
1595910930.277368,B1118121,0.03198,0.05280,-0.99341,0.09650,0.0208
1595910930.282677,B1118126,0.03174,0.05225,-0.99347,0.09644,0.0208
1595910930.287467,B1118131,0.03168,0.05200,-0.99347,0.09644,0.0208
1595910930.292717,B1118136,0.03162,0.05176,-0.99347,0.09637,0.0208
1595910930.297504,B1118141,0.03156,0.05145,-0.99353,0.09631,0.0208
1595910930.303618,B1118146,0.03149,0.05121,-0.99353,0.09625,0.0208
1595910930.3093219,B1118151,0.03143,0.05096,-0.99353,0.09619,0.0208
1595910930.312607,B1118156,0.03143,0.05072,-0.99359,0.09613,0.0208
1595910930.3174841,B1118161,0.03143,0.05048,-0.99359,0.09607,0.0208
1595910930.3226712,B1118167,0.03143,0.05023,-0.99359,0.09595,0.0208
1595910930.331074,B1118172,0.03143,0.05005,-0.99365,0.09589,0.0208
1595910930.333184,B1118177,0.03143,0.04974,-0.99365,0.09570,0.0208
1595910930.33795,B1118182,0.03143,0.04956,-0.99371,0.09558,0.0208
1595910930.3438778,B1118187,0.03143,0.04926,-0.99371,0.09546,0.0208
1595910930.348418,B1118192,0.03143,0.04901,-0.99371,0.09534,0.0208
1595910930.353191,B1118197,0.03143,0.04871,-0.99377,0.09515,0.0208
1595910930.3611012,B1118202,0.03143,0.04840,-0.99377,0.09503,0.0208
1595910930.3629608,B1118207,0.03143,0.04810,-0.99384,0.09491,0.0208
1595910930.367917,B1118212,0.03137,0.04773,-0.99384,0.09479,0.0208
1595910930.373089,B1118217,0.03131,0.04730,-0.99390,0.09467,0.0208
1595910930.379046,B1118222,0.03119,0.04687,-0.99396,0.09454,0.0208
1595910930.38292,B1118227,0.03107,0.04639,-0.99396,0.09448,0.0208
1595910930.38918,B1118232,0.03094,0.04584,-0.99402,0.09442,0.0208
1595910930.393621,B1118237,0.03082,0.04510,-0.99402,0.09442,0.0208
1595910930.398133,B1118242,0.03076,0.04431,-0.99408,0.09442,0.0208
1595910930.402913,B1118247,0.03070,0.04358,-0.99408,0.09442,0.0208
1595910930.408701,B1118252,0.03064,0.04266,-0.99414,0.09448,0.0208
1595910930.415414,B1118257,0.03070,0.04181,-0.99414,0.09454,0.0208
1595910930.4187331,B1118263,0.03076,0.04095,-0.99420,0.09467,0.0208
1595910930.4236119,B1118268,0.03082,0.04028,-0.99420,0.09473,0.0208
1595910930.4295151,B1118273,0.03101,0.03967,-0.99420,0.09479,0.0208
1595910930.4352262,B1118278,0.03119,0.03925,-0.99420,0.09485,0.0208
1595910930.4396958,B1118284,0.03137,0.03894,-0.99420,0.09491,0.0208
1595910930.446337,B1118289,0.03162,0.03882,-0.99420,0.09497,0.0208
1595910930.450849,B1118295,0.03180,0.03882,-0.99420,0.09503,0.0208
1595910930.456724,B1118300,0.03198,0.03888,-0.99420,0.09503,0.0208
1595910930.4630022,B1118305,0.03217,0.03894,-0.99420,0.09503,0.0208
1595910930.468838,B1118310,0.03229,0.03900,-0.99420,0.09497,0.0208
1595910930.471812,B1118316,0.03241,0.03894,-0.99420,0.09491,0.0208
1595910930.477251,B1118321,0.03253,0.03882,-0.99420,0.09485,0.0208
1595910930.482292,B1118326,0.03265,0.03870,-0.99420,0.09473,0.0208
1595910930.487139,B1118331,0.03278,0.03857,-0.99420,0.09467,0.0208
1595910930.492212,B1118336,0.03290,0.03851,-0.99420,0.09454,0.0208
1595910930.498131,B1118341,0.03302,0.03851,-0.99426,0.09442,0.0208
1595910930.502264,B1118346,0.03314,0.03857,-0.99426,0.09430,0.0208
1595910930.509143,B1118351,0.03320,0.03864,-0.99426,0.09418,0.0208
1595910930.513978,B1118356,0.03326,0.03870,-0.99426,0.09406,0.0208
1595910930.518208,B1118362,0.03326,0.03864,-0.99432,0.09375,0.0208
1595910930.524426,B1118367,0.03320,0.03851,-0.99432,0.09357,0.0208
1595910930.527471,B1118372,0.03308,0.03839,-0.99432,0.09338,0.0208
1595910930.5325089,B1118377,0.03296,0.03827,-0.99438,0.09326,0.0208
1595910930.537747,B1118382,0.03278,0.03809,-0.99438,0.09308,0.0208
1595910930.543242,B1118387,0.03259,0.03796,-0.99438,0.09296,0.0208
1595910930.547808,B1118392,0.03241,0.03778,-0.99445,0.09277,0.0208
1595910930.5529869,B1118397,0.03223,0.03760,-0.99445,0.09259,0.0208
1595910930.5581498,B1118402,0.03198,0.03741,-0.99451,0.09247,0.0208
1595910930.563553,B1118407,0.03174,0.03717,-0.99451,0.09235,0.0208
1595910930.5680919,B1118412,0.03156,0.03699,-0.99457,0.09222,0.0208
1595910930.572961,B1118417,0.03131,0.03668,-0.99457,0.09204,0.0208
1595910930.580203,B1118422,0.03107,0.03644,-0.99463,0.09192,0.0208
1595910930.583276,B1118427,0.03088,0.03625,-0.99463,0.09180,0.0208
1595910930.588144,B1118432,0.03064,0.03613,-0.99469,0.09167,0.0208
1595910930.59317,B1118437,0.03040,0.03607,-0.99469,0.09155,0.0208
1595910930.599221,B1118442,0.03009,0.03601,-0.99469,0.09149,0.0208
1595910930.6043,B1118447,0.02985,0.03595,-0.99469,0.09137,0.0208
1595910930.6085289,B1118452,0.02954,0.03595,-0.99475,0.09131,0.0208
1595910930.615881,B1118457,0.02917,0.03589,-0.99475,0.09119,0.0208
1595910930.618693,B1118462,0.02887,0.03589,-0.99475,0.09113,0.0208
1595910930.625823,B1118467,0.02856,0.03589,-0.99481,0.09113,0.0208
1595910930.6283789,B1118472,0.02826,0.03595,-0.99481,0.09106,0.0208
1595910930.633023,B1118477,0.02795,0.03613,-0.99481,0.09106,0.0208
1595910930.63796,B1118482,0.02771,0.03625,-0.99481,0.09106,0.0208
1595910930.644011,B1118487,0.02740,0.03650,-0.99481,0.09113,0.0208
1595910930.6481762,B1118492,0.02716,0.03680,-0.99481,0.09113,0.0208
1595910930.656159,B1118498,0.02692,0.03711,-0.99475,0.09125,0.0208
1595910930.661781,B1118504,0.02673,0.03741,-0.99475,0.09131,0.0208
1595910930.665317,B1118509,0.02655,0.03778,-0.99475,0.09143,0.0208
1595910930.6699,B1118514,0.02643,0.03815,-0.99469,0.09155,0.0208
1595910930.6753678,B1118520,0.02631,0.03851,-0.99469,0.09174,0.0208
1595910930.6847901,B1118525,0.02618,0.03888,-0.99469,0.09192,0.0208
1595910930.686956,B1118530,0.02612,0.03925,-0.99463,0.09204,0.0208
1595910930.692776,B1118535,0.02612,0.03961,-0.99463,0.09229,0.0208
1595910930.696543,B1118541,0.02606,0.04004,-0.99457,0.09247,0.0208
1595910930.701198,B1118546,0.02606,0.04047,-0.99451,0.09271,0.0208
1595910930.709655,B1118551,0.02612,0.04089,-0.99451,0.09290,0.0208
1595910930.711504,B1118556,0.02618,0.04132,-0.99445,0.09314,0.0208
1595910930.717448,B1118561,0.02625,0.04175,-0.99438,0.09332,0.0208
1595910930.724113,B1118566,0.02637,0.04230,-0.99438,0.09351,0.0208
1595910930.7269492,B1118571,0.02649,0.04285,-0.99432,0.09369,0.0208
1595910930.7347782,B1118576,0.02661,0.04333,-0.99426,0.09387,0.0208
1595910930.7411551,B1118581,0.02679,0.04388,-0.99426,0.09406,0.0208
1595910930.743951,B1118586,0.02698,0.04449,-0.99420,0.09418,0.0208
1595910930.7465532,B1118591,0.02716,0.04517,-0.99414,0.09436,0.0208
1595910930.7562041,B1118596,0.02740,0.04572,-0.99408,0.09448,0.0208
1595910930.756525,B1118601,0.02765,0.04645,-0.99402,0.09460,0.0208
1595910930.76332,B1118606,0.02795,0.04712,-0.99402,0.09473,0.0208
1595910930.766711,B1118611,0.02820,0.04779,-0.99396,0.09479,0.0208
1595910930.7742138,B1118616,0.02856,0.04852,-0.99390,0.09491,0.0208
1595910930.776917,B1118621,0.02887,0.04926,-0.99384,0.09497,0.0208
1595910930.78223,B1118627,0.02917,0.04999,-0.99377,0.09503,0.0208
1595910930.78739,B1118632,0.02991,0.05127,-0.99371,0.09509,0.0208
1595910930.7930071,B1118637,0.03027,0.05200,-0.99365,0.09515,0.0208
1595910930.797312,B1118642,0.03064,0.05267,-0.99359,0.09515,0.0208
1595910930.803126,B1118647,0.03101,0.05334,-0.99353,0.09515,0.0208
1595910930.807418,B1118652,0.03131,0.05389,-0.99353,0.09515,0.0208
1595910930.813287,B1118657,0.03168,0.05444,-0.99347,0.09515,0.0208
1595910930.818371,B1118662,0.03198,0.05493,-0.99341,0.09509,0.0208
1595910930.8227189,B1118667,0.03235,0.05548,-0.99341,0.09503,0.0208
1595910930.828099,B1118672,0.03259,0.05585,-0.99335,0.09497,0.0208
1595910930.833075,B1118677,0.03290,0.05621,-0.99335,0.09491,0.0208
1595910930.837761,B1118683,0.03314,0.05652,-0.99335,0.09491,0.0208
1595910930.8436532,B1118688,0.03345,0.05676,-0.99329,0.09479,0.0208
1595910930.848042,B1118693,0.03363,0.05688,-0.99329,0.09473,0.0208
1595910930.855505,B1118700,0.03400,0.05701,-0.99329,0.09467,0.0208
1595910930.860478,B1118705,0.03412,0.05695,-0.99329,0.09460,0.0209
1595910930.867598,B1118710,0.03424,0.05682,-0.99329,0.09460,0.0209
1595910930.871027,B1118716,0.03430,0.05664,-0.99329,0.09460,0.0210
1595910930.8763,B1118721,0.03436,0.05634,-0.99335,0.09460,0.0209
1595910930.8809779,B1118726,0.03442,0.05609,-0.99335,0.09467,0.0210
1595910930.886414,B1118731,0.03442,0.05579,-0.99335,0.09467,0.0210
1595910930.890979,B1118736,0.03442,0.05548,-0.99335,0.09473,0.0209
1595910930.896457,B1118741,0.03442,0.05518,-0.99335,0.09485,0.0209
1595910930.901519,B1118746,0.03442,0.05493,-0.99335,0.09491,0.0209
1595910930.906534,B1118751,0.03436,0.05469,-0.99335,0.09503,0.0209
1595910930.913124,B1118756,0.03430,0.05444,-0.99335,0.09521,0.0209
1595910930.9171221,B1118761,0.03424,0.05426,-0.99335,0.09540,0.0209
1595910930.922137,B1118766,0.03418,0.05408,-0.99335,0.09558,0.0209
1595910930.9264262,B1118771,0.03406,0.05389,-0.99335,0.09576,0.0209
1595910930.934855,B1118776,0.03400,0.05371,-0.99335,0.09601,0.0209
1595910930.937402,B1118781,0.03387,0.05347,-0.99335,0.09625,0.0209
1595910930.9415839,B1118786,0.03381,0.05328,-0.99335,0.09650,0.0209
1595910930.947001,B1118791,0.03369,0.05304,-0.99335,0.09674,0.0209
1595910930.952994,B1118796,0.03357,0.05267,-0.99329,0.09711,0.0209
1595910930.956469,B1118801,0.03351,0.05243,-0.99329,0.09735,0.0209
1595910930.9617631,B1118806,0.03345,0.05212,-0.99329,0.09766,0.0209
1595910930.966618,B1118812,0.03333,0.05182,-0.99329,0.09796,0.0209
1595910930.972003,B1118817,0.03320,0.05145,-0.99329,0.09827,0.0209
1595910930.97922,B1118822,0.03302,0.05109,-0.99329,0.09857,0.0209
1595910930.981868,B1118827,0.03284,0.05078,-0.99329,0.09882,0.0209
1595910930.986963,B1118832,0.03265,0.05029,-0.99329,0.09912,0.0209
1595910930.991989,B1118837,0.03241,0.04980,-0.99329,0.09937,0.0209
1595910930.998195,B1118842,0.03217,0.04932,-0.99329,0.09967,0.0209
1595910931.002389,B1118847,0.03186,0.04883,-0.99329,0.09991,0.0209
1595910931.0072489,B1118852,0.03168,0.04840,-0.99329,0.10022,0.0209
1595910931.012616,B1118857,0.03143,0.04797,-0.99329,0.10052,0.0209
1595910931.01724,B1118862,0.03125,0.04761,-0.99329,0.10077,0.0209
1595910931.022144,B1118867,0.03107,0.04706,-0.99329,0.10107,0.0209
1595910931.0274508,B1118872,0.03101,0.04663,-0.99329,0.10138,0.0209
1595910931.0322518,B1118877,0.03088,0.04602,-0.99329,0.10175,0.0209
1595910931.0369742,B1118882,0.03088,0.04547,-0.99329,0.10205,0.0209
1595910931.0423071,B1118887,0.03088,0.04498,-0.99323,0.10236,0.0209
1595910931.0477881,B1118892,0.03094,0.04462,-0.99323,0.10260,0.0209
1595910931.053012,B1118897,0.03107,0.04431,-0.99323,0.10291,0.0209
1595910931.06043,B1118902,0.03113,0.04419,-0.99323,0.10315,0.0209
1595910931.0623958,B1118907,0.03119,0.04413,-0.99316,0.10339,0.0209
1595910931.067839,B1118912,0.03125,0.04413,-0.99316,0.10364,0.0209
1595910931.0723672,B1118917,0.03131,0.04419,-0.99310,0.10388,0.0209
1595910931.0769548,B1118922,0.03131,0.04425,-0.99310,0.10406,0.0209
1595910931.081902,B1118927,0.03131,0.04425,-0.99310,0.10425,0.0209
1595910931.0879638,B1118932,0.03131,0.04419,-0.99304,0.10437,0.0209
1595910931.097066,B1118937,0.03131,0.04407,-0.99304,0.10455,0.0209
1595910931.09731,B1118942,0.03131,0.04388,-0.99304,0.10468,0.0209
1595910931.1019368,B1118947,0.03131,0.04364,-0.99304,0.10480,0.0209
1595910931.108238,B1118952,0.03131,0.04333,-0.99304,0.10486,0.0209
1595910931.1122382,B1118957,0.03131,0.04291,-0.99304,0.10492,0.0209
1595910931.116908,B1118962,0.03131,0.04248,-0.99304,0.10498,0.0209
1595910931.121932,B1118967,0.03131,0.04199,-0.99310,0.10504,0.0209
1595910931.1270132,B1118972,0.03125,0.04144,-0.99310,0.10504,0.0209
1595910931.131969,B1118977,0.03113,0.04077,-0.99316,0.10510,0.0209
1595910931.1376908,B1118982,0.03107,0.04016,-0.99316,0.10510,0.0209
1595910931.142528,B1118987,0.03094,0.03949,-0.99323,0.10510,0.0209
1595910931.147557,B1118992,0.03076,0.03876,-0.99323,0.10510,0.0209
1595910931.15248,B1118997,0.03058,0.03802,-0.99329,0.10510,0.0209
1595910931.1569998,B1119002,0.03040,0.03735,-0.99329,0.10510,0.0209
1595910931.1631842,B1119007,0.03021,0.03674,-0.99335,0.10516,0.0209
1595910931.16693,B1119012,0.02997,0.03607,-0.99335,0.10516,0.0209
1595910931.172825,B1119017,0.02972,0.03540,-0.99335,0.10522,0.0209
1595910931.178624,B1119022,0.02942,0.03479,-0.99341,0.10529,0.0209
1595910931.183923,B1119027,0.02911,0.03412,-0.99341,0.10535,0.0209
1595910931.187724,B1119032,0.02887,0.03351,-0.99347,0.10541,0.0209
1595910931.193519,B1119037,0.02856,0.03284,-0.99347,0.10547,0.0209
1595910931.201057,B1119042,0.02832,0.03229,-0.99347,0.10553,0.0209
1595910931.201946,B1119047,0.02808,0.03168,-0.99353,0.10565,0.0209
1595910931.208215,B1119052,0.02789,0.03119,-0.99353,0.10577,0.0209
1595910931.212003,B1119057,0.02771,0.03070,-0.99353,0.10583,0.0209
1595910931.217113,B1119062,0.02753,0.03033,-0.99353,0.10596,0.0209
1595910931.224467,B1119067,0.02740,0.02991,-0.99353,0.10608,0.0209
1595910931.227669,B1119072,0.02728,0.02960,-0.99353,0.10620,0.0209
1595910931.232178,B1119077,0.02722,0.02936,-0.99353,0.10632,0.0209
1595910931.236873,B1119082,0.02716,0.02911,-0.99353,0.10645,0.0209
1595910931.242079,B1119087,0.02710,0.02899,-0.99353,0.10651,0.0209
1595910931.24695,B1119092,0.02704,0.02899,-0.99353,0.10663,0.0209
1595910931.253251,B1119097,0.02704,0.02899,-0.99347,0.10675,0.0209
1595910931.2584121,B1119102,0.02698,0.02911,-0.99347,0.10687,0.0209
1595910931.263207,B1119107,0.02698,0.02924,-0.99347,0.10699,0.0209
1595910931.267078,B1119112,0.02692,0.02948,-0.99347,0.10706,0.0209
1595910931.2727838,B1119117,0.02686,0.02979,-0.99341,0.10718,0.0209
1595910931.2800782,B1119122,0.02679,0.03015,-0.99341,0.10730,0.0209
1595910931.282161,B1119127,0.02679,0.03052,-0.99341,0.10736,0.0209
1595910931.2875268,B1119132,0.02667,0.03094,-0.99335,0.10742,0.0209
1595910931.2922392,B1119137,0.02661,0.03143,-0.99335,0.10754,0.0209
1595910931.297128,B1119142,0.02649,0.03192,-0.99335,0.10760,0.0209
1595910931.302012,B1119147,0.02643,0.03247,-0.99329,0.10773,0.0209
1595910931.307323,B1119153,0.02631,0.03308,-0.99329,0.10779,0.0209
1595910931.314931,B1119158,0.02612,0.03369,-0.99323,0.10791,0.0209
1595910931.317612,B1119163,0.02600,0.03436,-0.99323,0.10797,0.0209
1595910931.323155,B1119168,0.02582,0.03503,-0.99316,0.10809,0.0209
1595910931.32692,B1119172,0.02563,0.03577,-0.99316,0.10815,0.0209
1595910931.331865,B1119177,0.02545,0.03650,-0.99310,0.10828,0.0209
1595910931.339765,B1119182,0.02527,0.03729,-0.99310,0.10840,0.0209
1595910931.343421,B1119188,0.02509,0.03796,-0.99304,0.10852,0.0209
1595910931.346993,B1119193,0.02490,0.03876,-0.99304,0.10864,0.0209
1595910931.352003,B1119198,0.02466,0.03961,-0.99298,0.10876,0.0209
1595910931.357864,B1119203,0.02448,0.04041,-0.99292,0.10889,0.0209
1595910931.36518,B1119208,0.02423,0.04126,-0.99286,0.10901,0.0209
1595910931.367219,B1119213,0.02405,0.04199,-0.99286,0.10913,0.0209
1595910931.372054,B1119218,0.02380,0.04285,-0.99280,0.10925,0.0209
1595910931.379908,B1119223,0.02362,0.04364,-0.99274,0.10938,0.0209
1595910931.382185,B1119228,0.02338,0.04449,-0.99274,0.10956,0.0209
1595910931.387413,B1119233,0.02319,0.04523,-0.99268,0.10968,0.0209
1595910931.392298,B1119238,0.02295,0.04614,-0.99261,0.10980,0.0209
1595910931.397002,B1119243,0.02277,0.04681,-0.99255,0.10986,0.0209
1595910931.404116,B1119248,0.02246,0.04767,-0.99255,0.11005,0.0209
1595910931.4070258,B1119253,0.02228,0.04834,-0.99249,0.11011,0.0209
1595910931.411962,B1119258,0.02197,0.04907,-0.99243,0.11023,0.0209
1595910931.417143,B1119263,0.02173,0.04974,-0.99243,0.11035,0.0209
1595910931.4231732,B1119268,0.02142,0.05042,-0.99237,0.11041,0.0209
1595910931.4269109,B1119273,0.02112,0.05103,-0.99231,0.11053,0.0209
1595910931.432832,B1119278,0.02081,0.05157,-0.99231,0.11060,0.0209
1595910931.437094,B1119283,0.02051,0.05219,-0.99225,0.11072,0.0209
1595910931.442035,B1119288,0.02026,0.05267,-0.99225,0.11084,0.0209
1595910931.446943,B1119293,0.02002,0.05316,-0.99219,0.11090,0.0209
1595910931.453263,B1119298,0.01971,0.05371,-0.99219,0.11096,0.0209
1595910931.457376,B1119303,0.01947,0.05420,-0.99213,0.11102,0.0209
1595910931.464724,B1119308,0.01929,0.05469,-0.99213,0.11108,0.0209
1595910931.467444,B1119313,0.01910,0.05511,-0.99207,0.11115,0.0209
1595910931.472128,B1119318,0.01892,0.05566,-0.99207,0.11115,0.0209
1595910931.4773078,B1119323,0.01880,0.05615,-0.99200,0.11121,0.0209
1595910931.482211,B1119328,0.01868,0.05664,-0.99200,0.11121,0.0209
1595910931.4875178,B1119333,0.01855,0.05713,-0.99200,0.11121,0.0209
1595910931.4951282,B1119338,0.01843,0.05762,-0.99194,0.11115,0.0209
1595910931.4981198,B1119343,0.01831,0.05811,-0.99194,0.11115,0.0209
1595910931.5033548,B1119348,0.01825,0.05847,-0.99194,0.11115,0.0209
1595910931.50772,B1119353,0.01813,0.05890,-0.99188,0.11108,0.0209
1595910931.512604,B1119359,0.01801,0.05927,-0.99188,0.11102,0.0209
1595910931.519371,B1119364,0.01794,0.05957,-0.99188,0.11102,0.0209
1595910931.525486,B1119370,0.01782,0.05988,-0.99188,0.11096,0.0209
1595910931.5293162,B1119375,0.01776,0.06018,-0.99182,0.11090,0.0209
1595910931.53481,B1119380,0.01764,0.06042,-0.99182,0.11084,0.0209
1595910931.5409338,B1119386,0.01758,0.06067,-0.99182,0.11078,0.0209
1595910931.5453272,B1119391,0.01752,0.06091,-0.99182,0.11072,0.0209
1595910931.550858,B1119396,0.01740,0.06116,-0.99182,0.11066,0.0209
1595910931.556065,B1119401,0.01733,0.06146,-0.99182,0.11060,0.0209
1595910931.5609012,B1119407,0.01727,0.06171,-0.99182,0.11053,0.0209
1595910931.57391,B1119412,0.01727,0.06189,-0.99182,0.11053,0.0209
1595910931.573925,B1119417,0.01721,0.06213,-0.99176,0.11047,0.0209
1595910931.576073,B1119422,0.01721,0.06232,-0.99176,0.11047,0.0209
1595910931.5809941,B1119427,0.01715,0.06238,-0.99176,0.11047,0.0209
1595910931.589247,B1119432,0.01715,0.06244,-0.99176,0.11047,0.0209
1595910931.5946822,B1119437,0.01715,0.06244,-0.99176,0.11060,0.0209
1595910931.596555,B1119442,0.01721,0.06226,-0.99176,0.11066,0.0209
1595910931.601553,B1119447,0.01727,0.06201,-0.99176,0.11078,0.0209
1595910931.6070158,B1119452,0.01740,0.06177,-0.99176,0.11096,0.0209
1595910931.615558,B1119458,0.01752,0.06146,-0.99176,0.11108,0.0209
1595910931.617526,B1119463,0.01794,0.06097,-0.99176,0.11145,0.0209
1595910931.6249,B1119468,0.01819,0.06085,-0.99170,0.11163,0.0209
1595910931.630016,B1119473,0.01837,0.06067,-0.99170,0.11182,0.0209
1595910931.6320379,B1119478,0.01862,0.06049,-0.99170,0.11200,0.0209
1595910931.637147,B1119483,0.01892,0.06030,-0.99170,0.11218,0.0209
1595910931.642306,B1119488,0.01917,0.06000,-0.99170,0.11230,0.0209
1595910931.647052,B1119493,0.01941,0.05969,-0.99170,0.11249,0.0209
1595910931.652284,B1119498,0.01971,0.05927,-0.99170,0.11261,0.0209
1595910931.6575732,B1119503,0.02002,0.05896,-0.99170,0.11273,0.0209
1595910931.662835,B1119508,0.02032,0.05859,-0.99170,0.11285,0.0209
1595910931.66771,B1119513,0.02063,0.05835,-0.99170,0.11292,0.0209
1595910931.672557,B1119518,0.02087,0.05804,-0.99170,0.11304,0.0209
1595910931.6784651,B1119523,0.02118,0.05774,-0.99170,0.11310,0.0209
1595910931.683488,B1119528,0.02142,0.05743,-0.99170,0.11322,0.0209
1595910931.6877592,B1119534,0.02167,0.05713,-0.99170,0.11328,0.0209
1595910931.692435,B1119539,0.02197,0.05682,-0.99170,0.11334,0.0209
1595910931.697567,B1119544,0.02222,0.05646,-0.99170,0.11340,0.0209
1595910931.702585,B1119549,0.02246,0.05615,-0.99170,0.11346,0.0209
1595910931.708448,B1119554,0.02271,0.05579,-0.99170,0.11346,0.0209
1595910931.712799,B1119559,0.02289,0.05542,-0.99176,0.11346,0.0209
1595910931.71842,B1119564,0.02313,0.05499,-0.99176,0.11346,0.0209
1595910931.7243168,B1119570,0.02325,0.05469,-0.99176,0.11346,0.0209
1595910931.7294888,B1119575,0.02344,0.05426,-0.99176,0.11346,0.0209
1595910931.734776,B1119581,0.02356,0.05389,-0.99182,0.11346,0.0209
1595910931.739976,B1119586,0.02368,0.05359,-0.99182,0.11340,0.0209
1595910931.747357,B1119591,0.02374,0.05328,-0.99182,0.11340,0.0209
1595910931.752547,B1119597,0.02380,0.05298,-0.99188,0.11334,0.0209
1595910931.756636,B1119602,0.02386,0.05267,-0.99188,0.11322,0.0209
1595910931.761507,B1119607,0.02386,0.05243,-0.99188,0.11316,0.0209
1595910931.7664158,B1119612,0.02386,0.05212,-0.99194,0.11310,0.0209
1595910931.773086,B1119617,0.02386,0.05182,-0.99194,0.11298,0.0209
1595910931.776628,B1119623,0.02386,0.05151,-0.99200,0.11285,0.0209
1595910931.784949,B1119628,0.02393,0.05084,-0.99207,0.11267,0.0209
1595910931.786391,B1119633,0.02386,0.05060,-0.99207,0.11261,0.0209
1595910931.792521,B1119638,0.02386,0.05029,-0.99207,0.11249,0.0209
1595910931.805624,B1119643,0.02374,0.05005,-0.99213,0.11237,0.0209
1595910931.80569,B1119648,0.02362,0.04980,-0.99213,0.11224,0.0209
1595910931.809139,B1119653,0.02350,0.04956,-0.99219,0.11218,0.0209
1595910931.8116758,B1119658,0.02332,0.04944,-0.99219,0.11206,0.0209
1595910931.816836,B1119663,0.02307,0.04926,-0.99225,0.11194,0.0209
1595910931.824075,B1119668,0.02283,0.04919,-0.99225,0.11188,0.0209
1595910931.826763,B1119673,0.02264,0.04913,-0.99225,0.11182,0.0209
1595910931.8318012,B1119678,0.02234,0.04919,-0.99225,0.11169,0.0209
1595910931.839554,B1119683,0.02203,0.04926,-0.99225,0.11169,0.0209
1595910931.8437939,B1119688,0.02179,0.04944,-0.99231,0.11163,0.0209
1595910931.846943,B1119693,0.02155,0.04962,-0.99225,0.11163,0.0209
1595910931.853065,B1119698,0.02130,0.04999,-0.99225,0.11163,0.0209
1595910931.857184,B1119703,0.02106,0.05035,-0.99225,0.11163,0.0209
1595910931.862338,B1119708,0.02087,0.05078,-0.99225,0.11163,0.0209
1595910931.8676538,B1119713,0.02069,0.05115,-0.99219,0.11169,0.0209
1595910931.8722,B1119718,0.02045,0.05170,-0.99219,0.11176,0.0209
1595910931.879431,B1119723,0.02032,0.05225,-0.99213,0.11188,0.0209
1595910931.8821461,B1119729,0.02014,0.05280,-0.99213,0.11200,0.0209
1595910931.887478,B1119733,0.02002,0.05341,-0.99207,0.11212,0.0209
1595910931.8925529,B1119738,0.01990,0.05408,-0.99200,0.11224,0.0209
1595910931.897125,B1119744,0.01984,0.05475,-0.99194,0.11243,0.0209
1595910931.9023318,B1119749,0.01971,0.05536,-0.99188,0.11255,0.0209
1595910931.907489,B1119754,0.01971,0.05609,-0.99182,0.11273,0.0209
1595910931.9155,B1119759,0.01965,0.05682,-0.99176,0.11292,0.0209
1595910931.917446,B1119764,0.01965,0.05762,-0.99170,0.11310,0.0209
1595910931.923678,B1119769,0.01965,0.05841,-0.99164,0.11328,0.0209
1595910931.9276538,B1119774,0.01971,0.05914,-0.99158,0.11346,0.0209
1595910931.934759,B1119780,0.01978,0.05994,-0.99152,0.11365,0.0209
1595910931.93942,B1119785,0.01984,0.06073,-0.99146,0.11383,0.0209
1595910931.944221,B1119791,0.01996,0.06158,-0.99139,0.11401,0.0209
1595910931.951939,B1119796,0.02008,0.06238,-0.99127,0.11414,0.0209
1595910931.956057,B1119802,0.02020,0.06317,-0.99121,0.11432,0.0209
1595910931.960587,B1119807,0.02032,0.06396,-0.99115,0.11450,0.0209
1595910931.967616,B1119812,0.02051,0.06476,-0.99109,0.11469,0.0209
1595910931.971534,B1119817,0.02069,0.06549,-0.99103,0.11481,0.0209
1595910931.9762619,B1119823,0.02087,0.06622,-0.99091,0.11499,0.0209
1595910931.98116,B1119828,0.02100,0.06696,-0.99084,0.11511,0.0209
1595910931.986479,B1119833,0.02118,0.06757,-0.99078,0.11530,0.0209
1595910931.9912262,B1119838,0.02136,0.06818,-0.99072,0.11542,0.0209
1595910931.996202,B1119843,0.02148,0.06866,-0.99066,0.11554,0.0209
1595910932.00178,B1119848,0.02167,0.06921,-0.99066,0.11572,0.0209
1595910932.006516,B1119853,0.02179,0.06964,-0.99060,0.11584,0.0209
1595910932.0128052,B1119858,0.02191,0.07001,-0.99054,0.11597,0.0209
1595910932.016394,B1119863,0.02216,0.07062,-0.99048,0.11627,0.0209
1595910932.021665,B1119868,0.02228,0.07086,-0.99042,0.11646,0.0209
1595910932.03003,B1119873,0.02240,0.07104,-0.99036,0.11658,0.0209
1595910932.03174,B1119878,0.02246,0.07117,-0.99036,0.11676,0.0209
1595910932.0394099,B1119883,0.02252,0.07123,-0.99036,0.11694,0.0209
1595910932.041478,B1119888,0.02258,0.07123,-0.99030,0.11713,0.0209
1595910932.0466602,B1119893,0.02264,0.07117,-0.99030,0.11731,0.0209
1595910932.053005,B1119898,0.02271,0.07111,-0.99030,0.11749,0.0209
1595910932.0576682,B1119903,0.02277,0.07098,-0.99023,0.11768,0.0209
1595910932.062402,B1119908,0.02283,0.07080,-0.99023,0.11786,0.0209
1595910932.066529,B1119913,0.02283,0.07062,-0.99023,0.11804,0.0209
1595910932.072979,B1119918,0.02289,0.07037,-0.99023,0.11823,0.0209
1595910932.076681,B1119923,0.02289,0.07019,-0.99023,0.11841,0.0209
1595910932.082177,B1119928,0.02289,0.06995,-0.99023,0.11859,0.0209
1595910932.086574,B1119933,0.02295,0.06970,-0.99017,0.11877,0.0209
1595910932.0932028,B1119938,0.02295,0.06946,-0.99017,0.11896,0.0209
1595910932.1007428,B1119943,0.02301,0.06927,-0.99017,0.11914,0.0209
1595910932.1014059,B1119948,0.02301,0.06903,-0.99017,0.11932,0.0209
1595910932.106991,B1119953,0.02301,0.06879,-0.99017,0.11951,0.0209
1595910932.1116679,B1119958,0.02307,0.06860,-0.99017,0.11969,0.0209
1595910932.116554,B1119963,0.02307,0.06842,-0.99017,0.11987,0.0209
1595910932.1236548,B1119968,0.02313,0.06830,-0.99011,0.12012,0.0209
1595910932.126884,B1119973,0.02319,0.06818,-0.99011,0.12030,0.0209
1595910932.131646,B1119978,0.02325,0.06799,-0.99011,0.12048,0.0209
1595910932.136779,B1119984,0.02325,0.06787,-0.99011,0.12067,0.0209
1595910932.141678,B1119989,0.02338,0.06769,-0.99011,0.12085,0.0209
1595910932.146661,B1119994,0.02344,0.06757,-0.99005,0.12103,0.0209
1595910932.151696,B1119999,0.02350,0.06732,-0.99005,0.12122,0.0209
1595910932.159584,B1120003,0.02356,0.06714,-0.99005,0.12140,0.0209
1595910932.16844,B1120009,0.02362,0.06696,-0.99005,0.12158,0.0209
1595910932.172128,B1120013,0.02368,0.06677,-0.99005,0.12177,0.0209
1595910932.172329,B1120018,0.02374,0.06653,-0.99005,0.12189,0.0209
1595910932.179925,B1120023,0.02380,0.06628,-0.99005,0.12201,0.0209
1595910932.181469,B1120028,0.02380,0.06604,-0.99005,0.12213,0.0209
1595910932.186387,B1120033,0.02380,0.06580,-0.99005,0.12225,0.0209
1595910932.192541,B1120038,0.02380,0.06555,-0.99005,0.12238,0.0209
1595910932.1964931,B1120043,0.02374,0.06519,-0.99005,0.12244,0.0209
1595910932.201529,B1120048,0.02368,0.06482,-0.99005,0.12250,0.0209
1595910932.2067342,B1120053,0.02356,0.06439,-0.99011,0.12256,0.0209
1595910932.215476,B1120058,0.02332,0.06378,-0.99011,0.12256,0.0209
1595910932.216476,B1120063,0.02301,0.06317,-0.99017,0.12262,0.0209
1595910932.221587,B1120068,0.02271,0.06250,-0.99023,0.12262,0.0209
1595910932.226578,B1120073,0.02240,0.06189,-0.99030,0.12262,0.0209
1595910932.23458,B1120079,0.02197,0.06110,-0.99036,0.12262,0.0209
1595910932.237646,B1120083,0.02155,0.06036,-0.99036,0.12262,0.0209
1595910932.241623,B1120088,0.02112,0.05969,-0.99042,0.12262,0.0209
1595910932.2463748,B1120094,0.02069,0.05902,-0.99048,0.12262,0.0209
1595910932.2515142,B1120099,0.02026,0.05829,-0.99054,0.12262,0.0209
1595910932.257262,B1120104,0.01984,0.05768,-0.99060,0.12262,0.0209
1595910932.2624938,B1120109,0.01947,0.05713,-0.99060,0.12262,0.0209
1595910932.2669199,B1120114,0.01917,0.05664,-0.99066,0.12256,0.0209
1595910932.272078,B1120119,0.01880,0.05621,-0.99066,0.12256,0.0209
1595910932.276735,B1120124,0.01843,0.05585,-0.99072,0.12256,0.0209
1595910932.2818508,B1120129,0.01813,0.05560,-0.99072,0.12256,0.0209
1595910932.2868779,B1120134,0.01776,0.05536,-0.99078,0.12250,0.0209
1595910932.2918441,B1120139,0.01733,0.05505,-0.99078,0.12250,0.0209
1595910932.29734,B1120144,0.01697,0.05481,-0.99078,0.12250,0.0209
1595910932.3022358,B1120149,0.01654,0.05444,-0.99084,0.12244,0.0209
1595910932.306954,B1120154,0.01624,0.05408,-0.99084,0.12244,0.0209
1595910932.313359,B1120160,0.01587,0.05359,-0.99091,0.12244,0.0209
1595910932.3193018,B1120166,0.01556,0.05310,-0.99091,0.12244,0.0209
1595910932.326554,B1120171,0.01520,0.05255,-0.99097,0.12244,0.0209
1595910932.329083,B1120176,0.01495,0.05206,-0.99097,0.12244,0.0209
1595910932.334474,B1120182,0.01471,0.05151,-0.99103,0.12250,0.0209
1595910932.339756,B1120187,0.01453,0.05103,-0.99103,0.12250,0.0209
1595910932.346126,B1120192,0.01434,0.05054,-0.99109,0.12250,0.0209
1595910932.350465,B1120197,0.01416,0.05005,-0.99109,0.12256,0.0209
1595910932.355184,B1120202,0.01398,0.04968,-0.99109,0.12256,0.0209
1595910932.3610408,B1120208,0.01385,0.04926,-0.99115,0.12256,0.0209
1595910932.366091,B1120213,0.01379,0.04889,-0.99115,0.12262,0.0209
1595910932.370649,B1120218,0.01367,0.04858,-0.99115,0.12262,0.0209
1595910932.378144,B1120223,0.01361,0.04828,-0.99121,0.12268,0.0209
1595910932.380843,B1120228,0.01355,0.04797,-0.99121,0.12268,0.0209
1595910932.3863292,B1120233,0.01349,0.04767,-0.99121,0.12274,0.0209
1595910932.391118,B1120238,0.01343,0.04742,-0.99121,0.12280,0.0209
1595910932.396063,B1120243,0.01331,0.04718,-0.99121,0.12292,0.0209
1595910932.401043,B1120248,0.01312,0.04694,-0.99121,0.12305,0.0209
1595910932.410549,B1120254,0.01294,0.04663,-0.99121,0.12317,0.0209
1595910932.411511,B1120259,0.01251,0.04590,-0.99121,0.12354,0.0209
1595910932.416517,B1120264,0.01233,0.04553,-0.99121,0.12372,0.0209
1595910932.421678,B1120269,0.01208,0.04504,-0.99121,0.12396,0.0209
1595910932.426503,B1120274,0.01184,0.04468,-0.99121,0.12421,0.0209
1595910932.4316008,B1120279,0.01160,0.04419,-0.99115,0.12451,0.0209
1595910932.437053,B1120284,0.01135,0.04376,-0.99115,0.12482,0.0209
1595910932.442074,B1120289,0.01117,0.04340,-0.99115,0.12512,0.0209
1595910932.4465542,B1120294,0.01099,0.04303,-0.99109,0.12537,0.0209
1595910932.451766,B1120299,0.01080,0.04272,-0.99109,0.12567,0.0209
1595910932.457141,B1120304,0.01068,0.04248,-0.99109,0.12598,0.0209
1595910932.462827,B1120309,0.01056,0.04236,-0.99103,0.12628,0.0209
1595910932.4671261,B1120314,0.01044,0.04224,-0.99103,0.12653,0.0209
1595910932.47216,B1120319,0.01031,0.04224,-0.99097,0.12683,0.0209
1595910932.477718,B1120324,0.01025,0.04230,-0.99091,0.12714,0.0209
1595910932.482538,B1120329,0.01013,0.04248,-0.99091,0.12738,0.0209
1595910932.487309,B1120334,0.01007,0.04272,-0.99084,0.12769,0.0209
1595910932.4937909,B1120339,0.00995,0.04315,-0.99078,0.12793,0.0209
1595910932.4971552,B1120344,0.00983,0.04358,-0.99072,0.12823,0.0209
1595910932.5019782,B1120349,0.00970,0.04413,-0.99066,0.12848,0.0209
1595910932.509139,B1120354,0.00958,0.04474,-0.99060,0.12878,0.0209
1595910932.512961,B1120360,0.00946,0.04547,-0.99054,0.12909,0.0209
1595910932.5193431,B1120366,0.00934,0.04620,-0.99048,0.12933,0.0209
1595910932.524627,B1120371,0.00916,0.04712,-0.99042,0.12970,0.0209
1595910932.530669,B1120376,0.00903,0.04797,-0.99030,0.12994,0.0209
1595910932.5356631,B1120382,0.00891,0.04895,-0.99023,0.13025,0.0209
1595910932.539804,B1120387,0.00873,0.04999,-0.99011,0.13062,0.0209
1595910932.54455,B1120392,0.00861,0.05115,-0.99005,0.13092,0.0209
1595910932.552872,B1120397,0.00842,0.05225,-0.98993,0.13129,0.0209
1595910932.555354,B1120402,0.00830,0.05341,-0.98981,0.13165,0.0209
1595910932.561919,B1120407,0.00812,0.05469,-0.98969,0.13208,0.0209
1595910932.566106,B1120413,0.00800,0.05585,-0.98956,0.13245,0.0209
1595910932.5704598,B1120418,0.00781,0.05701,-0.98944,0.13287,0.0209
1595910932.5755332,B1120423,0.00769,0.05811,-0.98932,0.13330,0.0209
1595910932.581142,B1120428,0.00745,0.05933,-0.98920,0.13373,0.0209
1595910932.586221,B1120433,0.00732,0.06036,-0.98907,0.13422,0.0209
1595910932.591653,B1120438,0.00714,0.06140,-0.98895,0.13464,0.0209
1595910932.595975,B1120443,0.00690,0.06244,-0.98883,0.13513,0.0209
1595910932.601662,B1120448,0.00671,0.06342,-0.98871,0.13556,0.0209
1595910932.607486,B1120453,0.00647,0.06433,-0.98859,0.13605,0.0210
1595910932.611063,B1120458,0.00629,0.06512,-0.98846,0.13647,0.0210
1595910932.616087,B1120463,0.00598,0.06598,-0.98834,0.13696,0.0209
1595910932.620966,B1120468,0.00574,0.06671,-0.98822,0.13739,0.0210
1595910932.6270878,B1120473,0.00543,0.06744,-0.98816,0.13788,0.0210
1595910932.630815,B1120478,0.00513,0.06805,-0.98804,0.13824,0.0210
1595910932.6362638,B1120483,0.00476,0.06866,-0.98792,0.13873,0.0210
1595910932.641438,B1120489,0.00439,0.06921,-0.98785,0.13916,0.0210
1595910932.646261,B1120494,0.00366,0.07019,-0.98767,0.13995,0.0210
1595910932.651537,B1120499,0.00330,0.07068,-0.98755,0.14038,0.0210
1595910932.6564531,B1120504,0.00293,0.07104,-0.98749,0.14075,0.0210
1595910932.661591,B1120509,0.00256,0.07141,-0.98743,0.14105,0.0210
1595910932.666624,B1120514,0.00226,0.07172,-0.98737,0.14142,0.0210
1595910932.671562,B1120519,0.00189,0.07202,-0.98730,0.14178,0.0210
1595910932.677126,B1120524,0.00165,0.07227,-0.98724,0.14209,0.0210
1595910932.6814258,B1120529,0.00134,0.07251,-0.98718,0.14240,0.0210
1595910932.686862,B1120534,0.00110,0.07275,-0.98712,0.14264,0.0210
1595910932.694232,B1120539,0.00085,0.07300,-0.98706,0.14288,0.0210
1595910932.700591,B1120544,0.00067,0.07318,-0.98700,0.14313,0.0210
1595910932.702246,B1120549,0.00043,0.07336,-0.98694,0.14337,0.0210
1595910932.707655,B1120554,0.00024,0.07355,-0.98694,0.14355,0.0210
1595910932.715264,B1120560,0.00012,0.07367,-0.98688,0.14374,0.0210
1595910932.717414,B1120565,-0.00006,0.07379,-0.98682,0.14392,0.0210
1595910932.7239099,B1120570,-0.00018,0.07391,-0.98682,0.14410,0.0210
1595910932.727691,B1120575,-0.00031,0.07397,-0.98676,0.14429,0.0210
