timestamp,norm_posX,norm_posY,confidence,theta,phi
0.0,0.12645213596616758,0.6782562326097538,0.9997973013859595,2.3327542852882064,-2.0811247467301426
8.399999991524965,0.12673331411366742,0.6784084965849242,0.9998985870421198,2.3324670639467926,-2.0797551876056573
16.80000001215376,0.12700257316451338,0.6775443409472679,0.9997963924227956,2.3343693577250533,-2.0801729046501087
25.200000003678724,0.12711946673914404,0.6779629675356968,0.9997917461829473,2.3334850479001954,-2.078996172393283
33.59999999520369,0.1274901939515102,0.6778742601037451,0.9998342443389912,2.333719771041585,-2.0776753907677485
42.000000015832484,0.12789513633742677,0.6781002921269207,0.9998155017410266,2.3332608625889653,-2.0756648001647293
50.40000000735745,0.12882968854106544,0.6781116075046362,0.9999087631023261,2.3334276842034707,-2.0720412840180793
58.79999999888241,0.12987704275522102,0.678168785235735,0.9998090516032105,2.3333762013527806,-2.0677657969746623
67.19999999040738,0.13186138838259787,0.6788344903069202,0.9998774916829254,2.3321461165261606,-2.0588797801043732
75.60000001103617,0.13422999251817788,0.6797321843887816,0.9998585047651364,2.330478705871863,-2.048261622058669
84.00000000256114,0.13629139660522052,0.6807473138521776,0.9996556782348617,2.3284948052247736,-2.0387450731735055
92.3999999940861,0.13858709718853923,0.6811209240332233,0.9994650829456811,2.327898093778786,-2.0294138158229464
100.8000000147149,0.14075945029314987,0.6802480467641137,0.980201056759884,2.3298964710313035,-2.0224123743886806
159.6000000135973,0.1444596273513732,0.6628318937263857,0.6069364270070611,2.369286979874768,-2.0367174890515862
168.00000000512227,0.14398595134839795,0.6636486286539227,0.7457743043440501,2.367406734215883,-2.037195381834158
176.39999999664724,0.1414095616601015,0.6639807730808445,0.7242783518477319,2.3663489284702455,-2.0468434633249744
184.80000001727603,0.14088108970487126,0.673311953216517,0.9980511846133651,2.3453106744223726,-2.032984614117367
193.200000008801,0.13991750397398722,0.671934946741455,0.9995350846494211,2.348338853827597,-2.039058681180217
201.60000000032596,0.13830013874335806,0.6725223691005837,0.9991716103780539,2.346837839518885,-2.0443666630777018
209.99999999185093,0.13712136070742634,0.6731639143398336,0.9997581315819525,2.3452178621414506,-2.0478280423044652
218.40000001247972,0.1366043466451273,0.6728372525821718,0.9994854418227737,2.345819135565186,-2.050335747622711
226.8000000040047,0.13560134026067322,0.6738587023448379,0.999632188077201,2.343595267376708,-2.052695740525124
235.19999999552965,0.13442394682499298,0.6739131092419843,0.9998166558376154,2.3433016515066933,-2.0571840854600554
243.60000001615845,0.1340787469176452,0.6735582031355867,0.9997524353993555,2.344054787427898,-2.059159267709582
252.0000000076834,0.13432273929365893,0.6729666846907281,0.9998737138483121,2.34536444245867,-2.059185281060631
260.3999999992084,0.13393074664484522,0.6729074755870438,0.9998653550555064,2.3454742818734218,-2.060861509487373
268.79999999073334,0.1334481226820578,0.6733064203535954,0.9998607718625697,2.3445272938155783,-2.0620707113538477
277.20000001136214,0.13363592464145624,0.6727519936741165,0.9998900540457538,2.3457993589966755,-2.062313476274877
285.6000000028871,0.1329297805585976,0.6728294892411826,0.9998377894893534,2.345562474899891,-2.0649958049685786
293.99999999441206,0.13279503142366017,0.6723276535669781,0.9997686562648794,2.346632044171862,-2.066381934607745
302.40000001504086,0.13269733632796926,0.6720667135372319,0.9996974256103806,2.3471825296171485,-2.0672122087083236
310.8000000065658,0.13243651342982807,0.6720860971839124,0.9998237366944067,2.3471073677132384,-2.0682154768694883
319.1999999980908,0.13282119655018237,0.671853323863014,0.9998261195489231,2.3477326000912493,-2.067162439157253
327.6000000187196,0.13273404335333402,0.671629574522683,0.999741539939375,2.348154544471088,-2.0678359445656005
336.00000001024455,0.13236694895245732,0.6721145900924157,0.9997395474568861,2.3470583968756507,-2.0684666471324076
344.4000000017695,0.13234372715118167,0.6720592765393925,0.9998086484412978,2.3472131822048237,-2.0686948084533996
352.7999999932945,0.13236664348099714,0.6720684961614756,0.9997916937532637,2.3471636024485867,-2.0685526444833595
361.2000000139233,0.13217727187942022,0.6722942951948851,0.9997624904476359,2.3466570323152816,-2.068926106147542
369.60000000544824,0.13212432831775073,0.6720587788686936,0.9998978465958529,2.3471817937097637,-2.0695637653288563
377.9999999969732,0.1322183093361628,0.6721882457762618,0.9998479664172707,2.346962834587953,-2.069021419458325
386.400000017602,0.1322456715621228,0.672040168129916,0.9998230707323653,2.3472600850850496,-2.0691371854183975
394.80000000912696,0.1324317789009058,0.6721953390839617,0.999684783150342,2.3469303095292298,-2.0681124946085045
403.2000000006519,0.13268228339858731,0.6718694434133565,0.9998914554064166,2.3477303000619676,-2.067741390326596
411.5999999921769,0.13297542684931898,0.6722353575434721,0.999673695497496,2.3468713914419777,-2.0658413388141117
420.0000000128057,0.13301587790775668,0.6719417212689726,0.9997858049827905,2.34761181047831,-2.0662877619426765
428.40000000433065,0.13348580322955322,0.6722280238016386,0.9999280413212557,2.347086331132475,-2.063975366389964
436.7999999958556,0.13362983817199442,0.671990098247026,0.999790610931345,2.3475623148128273,-2.063746391173941
445.2000000164844,0.1333290690545849,0.6719271937485346,0.9998665836419941,2.347691960212206,-2.065079179192732
453.6000000080094,0.13336698742320824,0.6719530423171292,0.9998057923199696,2.3476695414560567,-2.0649157230011004
461.99999999953434,0.1334105823115522,0.672290640180155,0.9998998576711341,2.3469736344545176,-2.064201937353524
470.3999999910593,0.13353783447705178,0.6723159804602958,0.9997894018551925,2.3468921560295772,-2.063609441037857
478.8000000116881,0.13344297085748033,0.6725594792991924,0.9998812438346759,2.3463856197700514,-2.0636080712724296
487.20000000321306,0.1334129526998274,0.672850899571567,0.9998800938734238,2.3457935199066564,-2.0632802579459844
495.599999994738,0.1336124469725438,0.6724846480957146,0.9997542605338664,2.346535088411823,-2.0630277790845732
504.0000000153668,0.13305552371372267,0.672933531911049,0.9998942931054537,2.3455595788033183,-2.064543650670173
512.4000000068918,0.1332898977401054,0.672649654860672,0.999816750433468,2.3461848719221337,-2.064076111335969
520.7999999984168,0.13335591178214723,0.6729194041329315,0.999846403604164,2.345621557749348,-2.0633725628012267
529.1999999899417,0.1329648938242823,0.6729920501153356,0.9998396958027738,2.3454161650520216,-2.064797602675737
537.6000000105705,0.13339777697012406,0.6732052450439412,0.9998673651633141,2.3450494279095984,-2.062769724964152
546.0000000020955,0.13309647629509933,0.6733270299196356,0.9998017692130122,2.3447291551678515,-2.063734635045245
554.3999999936204,0.1329164369193882,0.6731491910095295,0.9999325169779535,2.345164203700098,-2.0648247465901752
562.8000000142492,0.13277597281555745,0.6729139791138742,0.9998363226737007,2.3456077598031926,-2.065727742353814
571.2000000057742,0.13299206027483207,0.6729738386465745,0.9998312650892341,2.3454907892632675,-2.064755000880292
579.5999999972992,0.13288415621202407,0.6728635151026783,0.9999192751529585,2.3458142548357506,-2.065474604251743
588.000000017928,0.13262223173446105,0.6734549186789718,0.9998848958459877,2.3444250993883022,-2.0654284090562
596.4000000094529,0.12911604915738212,0.6763712320759895,0.9997177159420679,2.3375154019976288,-2.074180836291593
604.8000000009779,0.12419701710383176,0.6809909384911539,0.9998093384608698,2.3268403565411897,-2.0856737783384784
613.1999999925029,0.12080389610112334,0.6839806526547403,0.9998113164905607,2.319924576713985,-2.093928047683089
621.6000000131316,0.11994437144405579,0.6858717847951921,0.9998344111981868,2.315820606340049,-2.094158048229949
630.0000000046566,0.12003352185987129,0.6851918879833225,0.9996633648097002,2.3172476218038383,-2.094922462172584
638.3999999961816,0.12032116748336179,0.6847469934500164,0.9998372765142164,2.3183027927750963,-2.0946210944347974
646.8000000168104,0.12023082133174356,0.6849130350428518,0.9998020413343847,2.3179430676611474,-2.094703000530102
655.2000000083353,0.12009981600390414,0.6846626358040595,0.9997249935533823,2.3184162855766943,-2.0955995923198882
663.5999999998603,0.12014450937171799,0.6845106845570043,0.9997197579885174,2.318791181417398,-2.0957342401111925
671.9999999913853,0.12052036826612005,0.6842584759665085,0.9997607802134222,2.319407716642514,-2.0947081033101393
680.4000000120141,0.12024592965129784,0.6841359818903217,0.9997691585196178,2.319655773066563,-2.096033733505621
688.800000003539,0.12034416970614563,0.6838908780486095,0.9998414625596348,2.3202084924053596,-2.0960834989074058
697.199999995064,0.12053361490634548,0.6834406066803723,0.9997792892763343,2.321183437785033,-2.09609140029102
705.6000000156928,0.12095091133976119,0.6830129761724402,0.99970442182735,2.322198095277338,-2.09522074770891
714.0000000072177,0.12073426654846431,0.6829973269129584,0.9997676897841772,2.32220932824665,-2.0961175081214267
722.3999999987427,0.12071653051365624,0.6825392220150082,0.9997215051812843,2.323195380438676,-2.096991056005776
730.7999999902677,0.1208036913779321,0.68186086666011,0.9997119723203965,2.32471782800707,-2.0978910168080835
739.2000000108965,0.12072818223441262,0.6811304254367384,0.9996897679070421,2.326264419833424,-2.099461972742978
747.6000000024214,0.12060338689400059,0.6813997524216291,0.9997186050754002,2.3257029905527866,-2.099527402075195
755.9999999939464,0.12120292360546384,0.6803213121833254,0.9996098629213902,2.328092289642525,-2.099014079003228
764.4000000145752,0.1216159966263028,0.6790394798198441,0.9995016338982257,2.3309252424998523,-2.0996483815297546
772.8000000061002,0.12212682330676627,0.6776930731127014,0.9996773833977385,2.333959356400038,-2.1000669025602208
781.1999999976251,0.12287360369109246,0.6767969494368106,0.9996750699915993,2.335991870238809,-2.0986536220581593
789.6000000182539,0.12320576354033771,0.6756682348362968,0.9997367564390295,2.338571507492984,-2.0994537265594073
798.0000000097789,0.1230304342075172,0.6756396093730082,0.9997669751049164,2.33864120136448,-2.100253820343424
806.4000000013039,0.12362684722684869,0.674053669271965,0.9996253254907554,2.3421166955033828,-2.1006695054131255
814.7999999928288,0.12450838303373538,0.6731257094152959,0.9996663477166426,2.3443299148413823,-2.0988682400192578
823.2000000134576,0.12561551607026322,0.6718738443050165,0.9997581360057778,2.3472893857382133,-2.0967502236610853
831.6000000049826,0.12613430418247001,0.6715855458073783,0.9997896606134965,2.3479777286823733,-2.095152072401211
839.9999999965075,0.12711036125743164,0.6703043070735886,0.9997241117100759,2.3509177923464595,-2.093539825183069
848.4000000171363,0.12737880961835363,0.6699723193363791,0.9998224657763177,2.351743880186987,-2.093129239323908
856.8000000086613,0.12801168977959532,0.6692053757270444,0.999818754931804,2.353532269141688,-2.091987782047229
865.2000000001863,0.12985304836361777,0.6686273690657749,0.9997439260159341,2.3549757601456704,-2.0854612771639878
873.5999999917112,0.13382045852996244,0.6699051363965438,0.9999883307171649,2.3527067949232876,-2.0671970713303676
882.00000001234,0.1419040949493621,0.6798619618050556,0.998340613552703,2.331669574103721,-2.0194649790070733
890.400000003865,0.1489697044030675,0.6919932825732336,0.9981046671809832,2.3064599440254305,-1.9770021061599308
898.79999999539,0.1546278499451453,0.6989749155762661,0.9981141735035043,2.2924351197172923,-1.9489810943268981
907.2000000160187,0.15811241245507285,0.7000990448853373,0.9994214021232741,2.290514779172952,-1.935901540079712
915.6000000075437,0.15985756685676092,0.6965368055743415,0.9991803326307811,2.2981093892820663,-1.933839324930953
923.9999999990687,0.16090096064727138,0.6954205390485599,0.9986829671192902,2.300538031227532,-1.9314918449198375
932.3999999905936,0.1626363354938436,0.6946379552359118,0.9992573749337474,2.3023007367972443,-1.9263843919098238
940.8000000112224,0.16432471401230941,0.6935493499180432,0.999389713021451,2.3047528014334864,-1.9218068499273886
949.2000000027474,0.1657049507638435,0.6924293184684318,0.9989732454770707,2.3072618140876204,-1.9183224057084038
957.5999999942724,0.16719165630187555,0.6905255849401254,0.9995078690617202,2.31137568495041,-1.9152683621984694
966.0000000149012,0.16830767714173756,0.6894713825257923,0.9988904149754404,2.3137616759200057,-1.9126257717790514
974.4000000064261,0.16922489621765738,0.6886779403336178,0.999332129850151,2.31545972133512,-1.9102932999240216
982.7999999979511,0.17008015997403256,0.687654660514021,0.9993639000271696,2.31772807711476,-1.9084793423424617
991.2000000185799,0.17077097039944955,0.6868511781491468,0.9995018147512201,2.3194702971019345,-1.9069568716549516
999.6000000101048,0.17065327525156704,0.6856786961119756,0.9995689478867207,2.321955977670311,-1.9086350073049707
1008.0000000016298,0.17063805747158756,0.6851280377794854,0.9996497872608404,2.323089422708864,-1.9092625970349084
1016.3999999931548,0.17040485298302382,0.684911876879174,0.9997057077705902,2.323577195438652,-1.910338986736313
1024.8000000137836,0.1700867751406566,0.6843486051441908,0.9997715951431663,2.324725747210977,-1.912044114212231
1033.2000000053085,0.16952574928672776,0.6837661320929647,0.9996389603323556,2.325891051899818,-1.9146188339309058
1041.5999999968335,0.16879013360601744,0.6830952831726906,0.9995406111058505,2.3272904457119696,-1.9179568406032952
1050.0000000174623,0.1673537767039349,0.6830894080776309,0.9996239540741504,2.327170946647788,-1.9229761225055935
1058.4000000089873,0.16626401290564763,0.682290016116675,0.9997627511205363,2.32876393216071,-1.9277072579902506
1066.8000000005122,0.16398062271695832,0.6817919673858337,0.9999133755945776,2.3296402167471415,-1.9363577708673754
1075.1999999920372,0.16184401446217062,0.6819471439016715,0.9997861661869353,2.3291013714341324,-1.9437357894291356
1083.600000012666,0.160654802745617,0.6811712457392234,0.9998939520733904,2.330646497181543,-1.9489183151889988
1092.000000004191,0.15849540853404903,0.6804702511243769,0.9998987105460907,2.3319611015433455,-1.957546650553315
1100.399999995716,0.15621822267876154,0.6802299126646394,0.9998631194381019,2.33226041831421,-1.966071629282715
1108.8000000163447,0.15645574387322814,0.6794352903089379,0.9997021876977515,2.3340489980362618,-1.9662943248813416
1117.2000000078697,0.1590789749222446,0.6783073383643066,0.9998130621668777,2.336782244197875,-1.9583019641157569
1125.5999999993946,0.15883695795017524,0.677272373903819,0.9999571358505047,2.3389136325887168,-1.9604562886698786
1133.9999999909196,0.15637152105503843,0.6763917411691616,0.9999489294016704,2.3406375232345784,-1.97065904867346
1142.4000000115484,0.154146343113144,0.6764476757786716,0.9998961415947676,2.340227607164556,-1.9786944054837277
1150.8000000030734,0.1517306454752902,0.6761671816279964,0.9999030609338003,2.34064207420997,-1.988052815474424
1159.1999999945983,0.14938837533212163,0.6755340362813218,0.9999462349393293,2.341760975391995,-1.9976642765293788
1167.6000000152271,0.1474893078531221,0.6747564079743809,0.9997769992033679,2.3432076905358477,-2.005889023881386
1176.000000006752,0.14480539246595753,0.674530607321544,0.9999392107930616,2.3434246730707464,-2.016395226475978
1184.399999998277,0.14302664970242737,0.6739954997561053,0.9999454662799708,2.3443588653754395,-2.023963343642216
1192.8000000189058,0.14057535745375774,0.6746043981954309,0.9999350201855824,2.342747541476169,-2.032401971897472
1201.2000000104308,0.1382153262384532,0.6745132478842695,0.9998527208110609,2.3426309938400514,-2.0416096871103333
1209.6000000019558,0.13672206414499216,0.6747049316820013,0.9999649964813246,2.342084448537123,-2.0471404946347005
1217.9999999934807,0.13515455615228555,0.6744249775433303,0.9999527650770743,2.342489445440551,-2.0536945872266297
1226.4000000141095,0.13360088459403027,0.6746290634876422,0.9999419724077455,2.3418914084401026,-2.0594803357822498
1234.8000000056345,0.13211613024711832,0.6744936640033616,0.9998843784454813,2.341970900313612,-2.0655210901672536
1243.1999999971595,0.13065843903575103,0.6742897204622013,0.9999706884818271,2.342245076624472,-2.0716552002850124
1251.6000000177883,0.1291838721947074,0.6742597724497131,0.9999215755377692,2.342088173628287,-2.0775381621021065
1260.0000000093132,0.12802867898067913,0.6738729403446433,0.9999110949429281,2.342772699214424,-2.082830532945441
1268.4000000008382,0.12733025208438775,0.6739482059321069,0.9999216764775598,2.3425052685559096,-2.085487583715242
1276.7999999923632,0.12631464595395975,0.6739857301826173,0.9999651621778499,2.3423029632068224,-2.0895248712811005
1285.200000012992,0.12589539041288217,0.6733749327872947,0.9996382939848135,2.343523192591849,-2.0922588800408195
1293.600000004517,0.12539310117464444,0.674011823137584,0.9999442667080566,2.342139670711315,-2.093219282160901
1301.9999999960419,0.12495328132016192,0.6731812792024152,0.9997767699350584,2.3438321591257303,-2.096448783061948
1310.4000000166707,0.12444127067940661,0.673307197473691,0.9996946702890976,2.343509425677904,-2.0983248750276213
1318.8000000081956,0.12486530481251594,0.6727798595529216,0.9999174566983494,2.3447830688517874,-2.0976449267390755
1327.1999999997206,0.12472888741160384,0.6728244879975745,0.9998372921605818,2.344648556771008,-2.098096865201655
1335.5999999912456,0.12487486190910091,0.6728471770720812,0.9998401379951617,2.344607917096421,-2.097447862196903
1344.0000000118744,0.12476551412975763,0.6724995549053364,0.9998569247163173,2.3453838471263393,-2.0985716231903724
1352.4000000033993,0.12500583772671447,0.6721808321730871,0.9999019658812206,2.346072511819974,-2.0981339213854717
1360.7999999949243,0.12457841769190825,0.6725748892169803,0.9998389684161181,2.3452661011653193,-2.0992796259205653
1369.200000015553,0.1250306902333274,0.6720226493968575,0.9998881788277864,2.3464666403053966,-2.0983776499245823
1377.600000007078,0.1254508678023139,0.6717462494917843,0.9998641263713622,2.347117898886627,-2.097162755772467
1385.999999998603,0.12537286275623236,0.671410906931952,0.9999607033720705,2.347906615838879,-2.0981794930197197
1394.399999990128,0.1255983377252979,0.6717609543460046,0.9998612112251906,2.347147373009078,-2.0965820969006383
1402.8000000107568,0.12572217226488558,0.6712335433133763,0.9999480392456969,2.3483164077252514,-2.0970515039498006
1411.2000000022817,0.12582628225072093,0.6716944836955703,0.9999228760804325,2.3473378190369156,-2.095791835660651
1419.5999999938067,0.12625066378257976,0.67095700189876,0.99989743431809,2.3489903656980355,-2.0954025511758485
1428.0000000144355,0.12650864513606183,0.6710151955868063,0.9999239503594316,2.3489235336768823,-2.09427216882964
1436.4000000059605,0.12660858422647644,0.6710132545100944,0.9999662864881638,2.348973705933504,-2.093905626975171
1444.7999999974854,0.1273924884693928,0.6708211794131316,0.9998656696185458,2.349535609227285,-2.0911081861162537
1453.2000000181142,0.12729070417222238,0.6710651015744235,0.9998966328067316,2.349040322096583,-2.0911345837258026
1461.6000000096392,0.12735296528977463,0.6712611090226717,0.9999012415474632,2.3485356910276636,-2.0904270046857314
1470.0000000011642,0.12749366705636733,0.6710010390225833,0.9999215123594459,2.349211211842268,-2.090430814619868
1478.3999999926891,0.12787225102790342,0.6710894053653447,0.9998846270009653,2.3490637526342337,-2.0887268376650865
1486.800000013318,0.12831261820843895,0.6703825878172021,0.9999280760976467,2.3507264124813454,-2.0882928038426565
1495.2000000048429,0.12956385523116953,0.6711691557646404,0.9999918510368255,2.3491210363461885,-2.0817498111471058
1503.5999999963678,0.1309338852828203,0.6723227096224446,0.9999534607516734,2.3467180421252296,-2.0741401394677474
1512.0000000169966,0.13112383952128354,0.6720299676781709,0.9998894057415247,2.3474301833287985,-2.0739471790557724
1520.4000000085216,0.13132292329044182,0.6716624572461716,0.9999130412239392,2.3482395241497147,-2.07377497872724
1528.8000000000466,0.1312836584265821,0.6717490223857201,0.9999080278991466,2.348033455471276,-2.0737670376666357
1537.1999999915715,0.1314977843952411,0.6714181058321554,0.9999103920897948,2.3488303865724274,-2.0735422360524103
1545.6000000122003,0.13172978084613537,0.6711613966424557,0.9999494868756476,2.3494521715730023,-2.0730985522500487
1554.0000000037253,0.13157928002471878,0.672015246899376,0.9999434612364817,2.3475455631339046,-2.0721806272368832
1562.3999999952503,0.13208787504323558,0.6715512433229875,0.999946455918685,2.348602215114953,-2.0709365063956566
1570.800000015879,0.1315693277339734,0.6720855117223232,0.999924046179707,2.3474290974139826,-2.072139428474142
1579.200000007404,0.1320837580091064,0.6714438254444566,0.999928486984783,2.3489459315343546,-2.0712598328827974
1587.599999998929,0.13180171278937497,0.6724025687640292,0.9999425644405661,2.346869872438925,-2.0707730000065774
1595.999999990454,0.13192983120742144,0.6719592146355029,0.9999340315414688,2.3477868667556594,-2.0709602891501184
1604.4000000110827,0.13205803551297043,0.6724097720708961,0.9999412585713909,2.3469064668476576,-2.0697608971329178
1612.8000000026077,0.1324435024192781,0.6720618127094473,0.9999141831829662,2.3476706361700095,-2.0687811049674174
1621.1999999941327,0.13217284106415716,0.6724478771581732,0.9998583052549185,2.3468028605082156,-2.069199922785172
1629.6000000147615,0.13261161453248277,0.6724431436286515,0.9999048335985742,2.346835116183869,-2.0674270546047286
1638.0000000062864,0.13261445210169837,0.6725493902997874,0.9999541447566769,2.346683891471965,-2.0673193192435275
1646.3999999978114,0.13302550120992476,0.6728292585952929,0.9998425579110272,2.346030516963243,-2.065106201481517
1654.8000000184402,0.13288999373956073,0.6725294429489255,0.9998892922320812,2.34668987094539,-2.0661817076140765
1663.2000000099652,0.13313287582528566,0.6729604047772314,0.999798304320628,2.345805348976877,-2.064507509736637
1671.6000000014901,0.13305162813210739,0.6729308688400422,0.9997677267464108,2.3458405599362635,-2.0648593303075704
1679.999999993015,0.13388837375934712,0.6723788090868379,0.9998179699346756,2.347236057388888,-2.062581468575764
1688.4000000136439,0.13340812928288992,0.673060299648541,0.9997381741197128,2.34568565479592,-2.063316114341402
1696.8000000051688,0.13359902384994576,0.6730914709202446,0.9999132275058229,2.345649361433639,-2.0625167625773155
1705.1999999966938,0.1337883976262299,0.6729057420220388,0.9999173138678911,2.346064472056727,-2.0620695732417107
1713.6000000173226,0.133689795038393,0.673480784139675,0.9998200241471026,2.344821517973831,-2.0615081862152347
1722.0000000088476,0.13352220475187257,0.6734946414071307,0.9998735454433578,2.344816602729554,-2.0621952825931547
1730.4000000003725,0.1340789990649191,0.6730291711310887,0.9998911351968869,2.345862953742807,-2.060745955109886
1738.7999999918975,0.13410286902396557,0.6729752428280837,0.9998398767861548,2.3460002533419138,-2.0607608461355444
1747.2000000125263,0.1339015458455724,0.6730837459480401,0.999932775791332,2.345763249409237,-2.0613980215163688
1755.6000000040513,0.13396120949245177,0.6730297984912086,0.9998986600846416,2.3458337278896026,-2.0611958329045765
1763.9999999955762,0.13373279173080244,0.6734568288982286,0.9999616440137463,2.344894125280899,-2.0613951075665513
1772.400000016205,0.13378614244086412,0.6736154073523053,0.9998775170332176,2.344561937819469,-2.0609237788139922
1780.80000000773,0.13399760976267583,0.6729256509819992,0.9999593803057422,2.346158196091379,-2.061327416040822
1789.199999999255,0.134010899233046,0.6733309083919827,0.9998543137414357,2.3453101514710144,-2.0606247098324295
1797.59999999078,0.1339753662077423,0.6737075541746458,0.9998971460521648,2.3444844715755977,-2.0601285601444164
1806.0000000114087,0.13385603982899816,0.6736213857273003,0.9997559323959503,2.344591922957178,-2.0606746188390064
1814.4000000029337,0.13399659805966296,0.6734861415743902,0.9999503280877488,2.3449929025600023,-2.060443134724875
1822.7999999944586,0.1338878434491793,0.6733956979786629,0.9998776135090021,2.345129900949215,-2.0609753680357232
1831.2000000150874,0.13381784778789937,0.6736385086900225,0.9999037936642258,2.3445980825195383,-2.060847485417122
1839.6000000066124,0.13383563201207477,0.6738732707727733,0.9999082804236478,2.3441060048002433,-2.0603996307221313
1847.9999999981374,0.13400494696513054,0.673447449441446,0.9997984834537214,2.345043136613309,-2.060438262914941
1856.4000000187661,0.13353186533901903,0.6739402528438041,0.9998978899666093,2.3439287033364717,-2.0614903823786985
1864.8000000102911,0.13336985307977306,0.6742947145232416,0.9998992111779811,2.3431395605557475,-2.0615338345073946
1873.200000001816,0.13331590396675996,0.6742992490188211,0.999930307713672,2.3431648525733304,-2.061783308745285
1881.599999993341,0.13343682493509273,0.6744681213682953,0.9999282902630549,2.3427441561774733,-2.0609502297909263
1890.0000000139698,0.13406852326240895,0.6760024677356415,0.9999539563996983,2.3395016875584322,-2.055933771178069
1898.4000000054948,0.1340414526540795,0.677448411659509,0.9998357666385269,2.336243732731308,-2.053545475195574
1906.7999999970198,0.13355088928032854,0.678065994027848,0.9999248442507663,2.3349010125367093,-2.054502978508238
1915.2000000176486,0.13373925511549908,0.6777171326616787,0.9998870986765923,2.335649955179463,-2.05430833129419
1923.6000000091735,0.1338022613123297,0.6778453268618558,0.9999296651148657,2.33543015902149,-2.053907384659535
1932.0000000006985,0.13371387520922434,0.6779659834553275,0.9997964197608472,2.3351585828917423,-2.054054880304756
1940.3999999922235,0.13341686740376554,0.6780483566234335,0.9998415014512672,2.3349108554481726,-2.055039720828169
1948.8000000128523,0.13356660648499646,0.677694512122776,0.9999236441612277,2.3357201016371554,-2.0550605333467327
1957.2000000043772,0.1341329066127967,0.6779780859692982,0.9998012960307888,2.3351119918655523,-2.0523349274852474
1965.5999999959022,0.13369057750836483,0.6778950103773,0.9999708406380694,2.335329363112916,-2.0542816765995187
1974.000000016531,0.13356663802488206,0.6780701321324036,0.9999838631116434,2.3349019704000717,-2.05444346039198
1982.400000008056,0.13351197972380108,0.6781280708672442,0.9999790847088572,2.334790642497648,-2.0545832166442617
1990.799999999581,0.13341261032840226,0.6782792888267393,0.9999091117670298,2.3344281783959433,-2.0546990190890506
1999.1999999911059,0.1334430062115969,0.6786116913972089,0.9999083400252968,2.3337806723473236,-2.0541126955792373
2007.6000000117347,0.13363717137124848,0.678616971307717,0.9999094620927216,2.3336950357904813,-2.053249241794939
2016.0000000032596,0.13328285501644982,0.6789289519545733,0.9999093757965212,2.3330339465910193,-2.0541767328781697
2024.3999999947846,0.133818142476206,0.6784454173712176,0.999892525071323,2.3341349344709537,-2.052874297128637
2032.8000000154134,0.13348389481027328,0.6787050199514868,0.9999369728807401,2.333549754649847,-2.0537674203782315
2041.2000000069384,0.13351281792010522,0.6787892612651181,0.9998841776347216,2.333351356923979,-2.053498434703122
2049.5999999984633,0.13383619416490378,0.6785257864280984,0.999920693545752,2.333919111920129,-2.052628396891552
2057.9999999899883,0.13378253514705074,0.6785264526841417,0.9999032525703173,2.3339509962921707,-2.0528767384218556
2066.400000010617,0.13380988512670097,0.6786287796741919,0.9998037227114797,2.33372114418315,-2.05259311565141
2074.800000002142,0.1338831818962886,0.6788708898440441,0.9998956571860392,2.33324010275185,-2.051953985032282
2083.199999993667,0.13411663558463252,0.6784787191541322,0.9998819873702635,2.334113796243794,-2.051679686044415
2091.600000014296,0.13385850485886602,0.6790543668530884,0.9998865155491216,2.3327737322393047,-2.051684726730901
2100.0000000058208,0.13411531858317538,0.678462623109219,0.9999215272849339,2.334118063148188,-2.051679134751156
2108.3999999973457,0.1338939391773061,0.6786178380656046,0.9999177709480304,2.333704685690157,-2.0522328906737473
2116.8000000179745,0.13369043462120617,0.6789290576752836,0.9998393669500192,2.3330426579788126,-2.052555750252507
2125.2000000094995,0.1337903221115359,0.6789720639231988,0.9999219268524411,2.3329455452844448,-2.052083069073436
2133.6000000010245,0.1335940299426135,0.6794977118749442,0.9998003636611188,2.331751507811171,-2.0519609791582076
2141.9999999925494,0.1332669272211089,0.6790479575003869,0.9999159903877324,2.3326077386690107,-2.053871289187419
2150.400000013178,0.13138319086373645,0.6797356909361176,0.9998200721784887,2.330955437740784,-2.060130025002018
2158.800000004703,0.13107562534745448,0.6800607751295698,0.9996468556715126,2.3301846930536616,-2.060761663178549
2167.199999996228,0.13097515985895916,0.6801606845042036,0.9998296074092224,2.3299510692104906,-2.060983013456385
2175.600000016857,0.13077998277416772,0.6804271357098817,0.9997674273670781,2.3293413556881983,-2.0612950847312796
2184.000000008382,0.13057948152906426,0.6803665189515422,0.9997456724440674,2.3294019664090464,-2.062124931380905
2192.399999999907,0.1302180457275064,0.680861359383792,0.9998289707145503,2.3282191799777667,-2.0626453457569864
2200.799999991432,0.1305891821083965,0.6803073101918814,0.9998396276812972,2.329550536552834,-2.062204998445513
2209.2000000120606,0.13093965645876054,0.6800686185310649,0.999969790333513,2.3300921032542488,-2.0612146808325096
2217.6000000035856,0.13039606080087252,0.6800764893695366,0.9999508030068608,2.329985212202654,-2.0632925699736053
2225.9999999951106,0.13051478793034815,0.679999053823557,0.9998667911875136,2.330125166322419,-2.0629125885377873
2234.4000000157394,0.13004760638814056,0.6801606960375788,0.9997043105836688,2.329660524604563,-2.064404619448211
2242.8000000072643,0.13013794483862476,0.6795729504524853,0.9999012216903367,2.3310362782994014,-2.0651241618814358
2251.1999999987893,0.13015140979227646,0.6797658617407487,0.9999123744710113,2.3306194549672035,-2.0647510095782957
2259.5999999903142,0.1301922468088245,0.6793392891826172,0.9999320007844829,2.331506846331499,-2.065254570479719
2268.000000010943,0.13013818372447358,0.6795792522237512,0.9998618765835701,2.330936622966269,-2.0650203168826238
2276.400000002468,0.13004714008508253,0.6792142052158869,0.9998962122335446,2.3317572343134825,-2.066027039997679
2284.799999993993,0.12993379920868103,0.6791074417101569,0.9996504734085679,2.3318868953329126,-2.0665539503917683
2293.2000000146218,0.12986219892378298,0.6793408614967704,0.9999268801739828,2.331434114024357,-2.066511592401656
2301.6000000061467,0.1297845174396662,0.6792836843078462,0.9998532697147922,2.331517128147833,-2.0668771318015815
2309.9999999976717,0.1295550422419447,0.6793772760126818,0.9999075523595423,2.33128499126755,-2.067618068536261
2318.4000000183005,0.1295015166412123,0.6794551619403244,0.9998145265856923,2.3311825940340762,-2.0677764408168477
2326.8000000098255,0.12953846522743553,0.6791294905603005,0.9998434700698792,2.3317770807550287,-2.068051057000011
2335.2000000013504,0.12952204031688191,0.6790672539276505,0.9999399035910507,2.331931948346048,-2.0682434823850335
2343.5999999928754,0.12943295194635418,0.679022737950983,0.9998463241596366,2.332098083171347,-2.0687548474188557
2352.000000013504,0.12920196741387563,0.6792983584499976,0.9998458281379072,2.331430174753131,-2.0691529706394722
2360.400000005029,0.12955078527954375,0.6787721585061013,0.9998165534448755,2.332605176557603,-2.0686581337249925
2368.799999996554,0.129287952647906,0.6789798608493838,0.9998396363238802,2.3320935631941073,-2.0693094934596994
2377.2009999956936,0.12906810541525102,0.6788400121848064,0.9999549039279073,2.33236896251684,-2.070407564232477
2385.6010000163224,0.12921684487873025,0.6787484046714932,0.9997734421751946,2.332576010476188,-2.0699665996699523
2394.0010000078473,0.12863654738165317,0.6787353036513162,0.9998395221869292,2.3324252939271917,-2.0721538458451416
2402.4009999993723,0.12790641234720118,0.6780860676618672,0.9997456934662773,2.3338120319781854,-2.076216812393099
2410.8009999908973,0.12844567745389818,0.6775161139722709,0.9997809139975452,2.3351017179653204,-2.0750434006194998
2419.201000011526,0.1284278959001243,0.6774410902879839,0.9998590839290559,2.3353032246865433,-2.0752872935980817
2427.601000003051,0.1279714793014719,0.6774110196860991,0.999899838701518,2.3353073920072673,-2.0771428095087967
2436.000999994576,0.12845661728673474,0.6772039396424008,0.9997338823565493,2.335812366654033,-2.07557015807129
2444.4010000152048,0.12922760838928515,0.6773164883800057,0.9998056600472032,2.3356631660747507,-2.072327062783713
2452.8010000067297,0.12887022956923894,0.6771721907231569,0.9999142648403642,2.335926645921809,-2.0739802334827244
2461.2009999982547,0.1291590727244906,0.6768337673580227,0.9999387621202356,2.3367003374622852,-2.0734195636322794
2469.6010000188835,0.1290146868218211,0.6766158023248334,0.9998751700246544,2.3371632281859704,-2.0743730982336395
2478.0010000104085,0.12894035596408288,0.6769331265935372,0.9998545685027079,2.336409575280256,-2.074062728396449
2486.4010000019334,0.12933534886132342,0.6770674678675402,0.9998854932966518,2.3362299906589965,-2.072339887394231
2494.8009999934584,0.1291938351712974,0.6766104542614096,0.9997877021559428,2.337168480059955,-2.0736411464744173
2503.201000014087,0.12953619711158426,0.676703037723976,0.9998326857597987,2.33700059180769,-2.0721178613868747
2511.601000005612,0.129355207103857,0.6766607784584737,0.9999057794264207,2.337062805846044,-2.0728982021736067
2520.000999997137,0.12947807816119017,0.6767480726664786,0.999817726495995,2.336894354341689,-2.0722694412292433
2528.401000017766,0.12911897529561217,0.6766907656378286,0.9998719855499852,2.3370829420007553,-2.073907673676454
2536.801000009291,0.12886537145795654,0.6764889010733011,0.9999089137413388,2.337427533221478,-2.0751911592816907
2545.201000000816,0.12926161406960696,0.6765406209992517,0.9997281607107618,2.337363259218594,-2.073530395704856
2553.600999992341,0.12932387371811904,0.67656129869388,0.9998491745373292,2.3373678729407743,-2.0732941967242198
2562.0010000129696,0.12936877328447688,0.6768048706391729,0.9997443079484275,2.336797305274618,-2.072648270816615
2570.4010000044946,0.12979556066787526,0.6763263467132606,0.9997198561075737,2.33783512620274,-2.0717181096063086
2578.8009999960195,0.12950929494621616,0.6770497682631829,0.9997994276625871,2.3363124456661324,-2.0717073394962386
2587.2010000166483,0.12925656634042185,0.6764908526383737,0.9998633924139412,2.337509357149979,-2.073678035859876
2595.6010000081733,0.12954106817438973,0.6769847423057609,0.9998445702046345,2.336477957128627,-2.0717148319593357
2604.0009999996983,0.12932733359250798,0.6767826845891542,0.9998752977734627,2.336899210714205,-2.072914521999682
2612.400999991223,0.12920072073442937,0.676776949377119,0.9999288009704043,2.3369111246122976,-2.07344204846576
2620.801000011852,0.1293619274625461,0.6768910112047631,0.9998320328065875,2.336575810930216,-2.072491503919042
2629.201000003377,0.129415671521528,0.6766977238381857,0.9999112096971373,2.3370919531771275,-2.072707247549425
2637.600999994902,0.12932255609884225,0.6766309893543274,0.9999115255692341,2.3371775781392814,-2.0731376454549153
2646.0010000155307,0.1288183477682316,0.6776647867100508,0.9996172699952841,2.334886642927457,-2.0733831435663657
2654.4010000070557,0.12909181335200431,0.6769267543096256,0.9998382262588846,2.3364967349425636,-2.073533947164379
2662.8009999985807,0.12912464096717297,0.6772285257520396,0.9999026654695747,2.335862337362401,-2.07290682011711
2671.2009999901056,0.12873888494657254,0.6770324169134614,0.9996760876540048,2.3363325796035683,-2.0748701681557455
2679.6010000107344,0.1289751645967871,0.6768840877488518,0.9998794527469778,2.336598749164162,-2.0740949198866283
2688.0010000022594,0.12920918521926522,0.6768860263663433,0.9997387965691906,2.3366577855419366,-2.0732027482646407
2696.4009999937844,0.12913309414754198,0.6769308088743674,0.9998309743536367,2.336516807966921,-2.0733896872488224
2704.801000014413,0.1288066232048327,0.6772271159086063,0.9997233637341756,2.3358487417191203,-2.0741919820798125
2713.201000005938,0.12878136620308825,0.6770133123658464,0.9999267649542447,2.336248090972123,-2.074590402227896
2721.600999997463,0.1286507827211613,0.6768430007220048,0.9999264523303439,2.336643942563815,-2.0754466963641263
2730.001000018092,0.1293106751272936,0.6773209119507899,0.9998433980446949,2.335704042479421,-2.072035385049316
2738.401000009617,0.12973773513896053,0.6771851248134428,0.9998390018096146,2.336025106670961,-2.070551764911522
2746.801000001142,0.1301591219951745,0.6776156548271777,0.999918174510863,2.335186841946203,-2.0682116491626004
2755.2009999926668,0.13008518352929732,0.6777636730652604,0.9999506785371858,2.334776852577691,-2.0681667279031295
2763.6010000132956,0.12957466101665363,0.6778411968253769,0.9999597578728594,2.33455386527126,-2.0700532492492374
2772.0010000048205,0.1296532632223522,0.6778569521997867,0.9998911412150122,2.3345518059954724,-2.069741560200132
2780.4009999963455,0.12967221932945985,0.677871447346378,0.9999496672842274,2.3345720900115983,-2.069696114725515
2788.8010000169743,0.1298235718565463,0.6775781053248537,0.999844580327021,2.3352024499768183,-2.069569057003708
2797.2010000084992,0.12979002541594217,0.6779145009874121,0.9999340251321751,2.3344136759925487,-2.069073587352477
2805.601000000024,0.13003239087189936,0.6775225981534071,0.9999271270515726,2.33531261174208,-2.0688016518738994
2814.000999991549,0.1298573643767295,0.6776182834374982,0.9998613122651905,2.3351409656755924,-2.0693914549655457
2822.401000012178,0.13013857268514073,0.6775711139552765,0.9999413344346095,2.335285382086566,-2.068372357982777
2830.801000003703,0.13045999104119307,0.6778305556961792,0.9999467100621967,2.3347234158876735,-2.0666311156139843
2839.200999995228,0.13037499580358566,0.6778994279015329,0.9998794068700472,2.3345776766197637,-2.066864446256596
2847.6010000158567,0.13050602480634774,0.6774554962529895,0.999917764969434,2.33561251042295,-2.0671555790749214
2856.0010000073817,0.13062915733044278,0.6779150958663551,0.9998925841556939,2.33461637083875,-2.065885456230433
2864.4009999989066,0.1310713744253853,0.6774366469804765,0.9999705754112862,2.335680155144184,-2.0649210082225258
2872.8009999904316,0.13116144519648393,0.6774746875888724,0.9999372282682328,2.335552879569566,-2.0644442360809805
2881.2010000110604,0.1309658333883982,0.6772076639041029,0.9999009456855943,2.3361790482070584,-2.065735229580452
2889.6010000025854,0.1310201481016909,0.6777802215286466,0.9998826813872466,2.3349829613371935,-2.0646058844970727
2898.0009999941103,0.1311259204307857,0.6772933127096907,0.9997337218663008,2.336019641984227,-2.0649703570473
2906.401000014739,0.13149631848140916,0.6769522666568802,0.9999336231981708,2.336843079299323,-2.0641283020618064
2914.801000006264,0.13198786526598588,0.6764785401943888,0.9999171593993359,2.337933883528125,-2.0629941137559764
2923.200999997789,0.13143267399585676,0.6772807492002133,0.9998747400672683,2.3361264474269188,-2.0638329427631854
2931.601000018418,0.13164793112985387,0.676963925841825,0.9998402633131732,2.336831265138806,-2.0635084285874052
2940.001000009943,0.13176487112868746,0.6771141681439516,0.9999220881341437,2.3364915718255843,-2.062769177269256
2948.4010000014678,0.13194699332605309,0.6771362203094263,0.9999107185665052,2.336457362086114,-2.0620097735919303
2956.8009999929927,0.13192857104339217,0.6771425045818182,0.999700129823711,2.3364595905069727,-2.062090776052462
2965.2010000136215,0.13195987536764556,0.6769929082475025,0.9998132954348937,2.3368110036267375,-2.0622418250405135
2973.6010000051465,0.1322395084983389,0.6765501525687545,0.9998492474436631,2.337776786067792,-2.0618526949768814
2982.0009999966715,0.13250980805181775,0.6763098985654787,0.9999622919791267,2.338352415307104,-2.0612160114141562
2990.4010000173002,0.13217187229935531,0.6765273454604537,0.9998717757816145,2.337888691874497,-2.062231345408997
2998.801000008825,0.13250740737203887,0.6763896347926914,0.999899865767005,2.338219239484111,-2.061135312117038
3007.20100000035,0.13251085996174128,0.6759713510255889,0.9999506352871635,2.339180045604189,-2.061875559418793
3015.600999991875,0.13211809843781047,0.6765031008176063,0.9999475871915808,2.337910274308943,-2.062456680497986
3024.001000012504,0.13208591592653723,0.6763877413200884,0.9998835659977591,2.338147709444405,-2.062766140663888
3032.401000004029,0.13246839950276362,0.6760327078014494,0.9999043082232381,2.3389791651291647,-2.0618731226613867
3040.800999995554,0.1326359317696236,0.675836770815479,0.9999750421278327,2.339494319297332,-2.0616166414004127
3049.2010000161827,0.132656338015537,0.676013035271045,0.9999589858161199,2.339091625054639,-2.061218205221224
3057.6010000077076,0.13260343296020388,0.6757920866046911,0.9999547364897123,2.339531448314692,-2.061759409466647
3066.0009999992326,0.13231937620408535,0.6758216547420137,0.9999088398691817,2.3394531377988184,-2.062848006430539
3074.4009999907576,0.13265608214456717,0.6755181987772104,0.9999105307333407,2.3401203261571664,-2.0619978549111324
3082.8010000113863,0.1325343805304108,0.6758783326671027,0.9999720470915708,2.339351823769846,-2.0619034960047067
3091.2010000029113,0.13285745119781342,0.6753342456754258,0.9999604273433489,2.340566310145468,-2.061537747249963
3099.6009999944363,0.13266826870060186,0.6756024063191888,0.9999204119948052,2.3399850720262125,-2.061858108664187
3108.001000015065,0.13265811543984762,0.6754149441730054,0.9998992859630591,2.3403802269566762,-2.06220065104819
3116.40100000659,0.13286668578104344,0.6754470895666284,0.9999173107367652,2.340299722160249,-2.0612884900427426
3124.800999998115,0.1330927236524968,0.6755644173235618,0.9999471628743405,2.3400948856766446,-2.06022874681645
3133.201000018744,0.13308055845690872,0.6754336587372938,0.9999793929367201,2.3404194145298605,-2.060539400827177
3141.6010000102688,0.13334157164177282,0.6752606190826771,0.9999107174381716,2.340777746893484,-2.0597511930839545
3150.0010000017937,0.13317283226382223,0.6752426434547979,0.9999180018224902,2.3408054718156626,-2.060453588134523
3158.4009999933187,0.1331816311364809,0.6754821068870915,0.999968937362205,2.3402796407277906,-2.060012018648293
3166.8010000139475,0.1335334500937168,0.6751785181507819,0.9999647042244729,2.3410124358062605,-2.0591699798726566
3175.2010000054725,0.13347199241988283,0.67482551514417,0.9999611354600662,2.341757159853763,-2.059985156052822
3183.6009999969974,0.1333326253633605,0.6752486401326383,0.9999572127573985,2.3408433678678886,-2.0598494463156687
3192.001000017626,0.13344189722470148,0.6753053435328955,0.9999218074887416,2.3406879997494636,-2.0592778048945752
3200.401000009151,0.13355749477364146,0.6752465514873001,0.9999193661716557,2.3408517651571548,-2.058945540829145
3208.801000000676,0.13378893479709122,0.6750382418613771,0.9999585328647015,2.341386287493666,-2.0584414566787226
3217.200999992201,0.1338894240018446,0.6749270833787457,0.9998658745922034,2.3416292679470567,-2.0582209548299737
3225.60100001283,0.13397885101020388,0.6749146731702289,0.999960023014721,2.3416278335637606,-2.0578493573407117
3234.001000004355,0.13391151023761738,0.6747338957083057,0.9999520384217976,2.341998928507227,-2.058400395274478
3242.40099999588,0.13372373856464187,0.6748147061119605,0.99991228248904,2.3418568329689045,-2.0590624300652665
3250.8010000165086,0.1338140123634719,0.6748534489857712,0.9999141215282987,2.3417093860869698,-2.0585648541136807
3259.2010000080336,0.13368364346314138,0.6748998342173756,0.9999146116238496,2.3415981320388384,-2.0590049476198975
3267.6009999995586,0.13361976601975706,0.6751307127816917,0.9999601007357759,2.3410938620096524,-2.058876112271905
3276.0009999910835,0.1338984594539811,0.6749153958045662,0.9999438308876595,2.341573519236784,-2.0581181157851645
3284.4010000117123,0.13393664402024244,0.6751342189758822,0.9997801417587878,2.341093473586532,-2.0575946765241246
3292.8010000032373,0.1341004830957032,0.6747317243838947,0.9999392588175109,2.3420440096341117,-2.057680795716612
3301.2009999947622,0.13418147428129842,0.6749856281187577,0.9999721484351316,2.3415232863348385,-2.0569634417825866
3309.601000015391,0.13409066962070265,0.6749857438240465,0.999962286880529,2.341488365214027,-2.0572942124238933
3318.001000006916,0.13447001592435873,0.6749711782527094,0.9999317772618832,2.3415435954293957,-2.055808841653169
3326.400999998441,0.1342533839017516,0.6750020376658963,0.9999567722150435,2.341472850059672,-2.0566297295808367
3334.800999989966,0.1346405055778584,0.6750940419197116,0.9998156039875624,2.341283640651526,-2.0549242569143007
3343.2010000105947,0.13479501272714992,0.6748243015728776,0.9999213140391802,2.3419260121361503,-2.0548050256781663
3351.6010000021197,0.1350537872242592,0.6744911283876418,0.9998863702679769,2.3426745762089087,-2.0543361351512095
3360.0009999936447,0.1354347260903311,0.6744388785438582,0.9998999258605495,2.3428145602452526,-2.0529117596357374
3368.4010000142734,0.13565023875424487,0.6745313590802415,0.9998622443809164,2.342614987231267,-2.0518917802149463
3376.8010000057984,0.13626985134849248,0.6746144564915737,0.9998368757225934,2.3425387431506612,-2.049369375506786
3385.2009999973234,0.13694543482969865,0.6749949892909599,0.9998295832744726,2.3418646822277687,-2.046196121908593
3393.601000017952,0.1378822647672296,0.6746996310233719,0.9998703169178609,2.3425383633137398,-2.042957422547266
3402.001000009477,0.1394895181538212,0.6747737412506645,0.9995766911073307,2.342527073067084,-2.036586538295522
3410.401000001002,0.1409138408897773,0.6744505815142695,0.9995158686638466,2.343435073741875,-2.0316540441837474
3418.800999992527,0.142393277513281,0.6744894382290139,0.9993747512298697,2.3435438942652342,-2.025942875906151
3427.201000013156,0.14483104251990367,0.6740187488273957,0.9992384614745053,2.344797084251446,-2.0173202559726775
3435.601000004681,0.14578859844931302,0.6738721149203141,0.9992121958648731,2.3452251631201904,-2.0139053725114255
3444.000999996206,0.14694225254740267,0.6732988620406496,0.999111922440882,2.3465599195931404,-2.0103548765207577
3452.4010000168346,0.1470840296132983,0.6723559367370935,0.9988685215695269,2.348658722133668,-2.0112673386233655
3460.8010000083596,0.1474048435551402,0.6711959856578911,0.9983714016282539,2.3512993649233103,-2.011879432890458
3469.2009999998845,0.1465041152591949,0.6717964525307032,0.9985291676101786,2.349937068486535,-2.0144443569980615
3477.6009999914095,0.14557966170878042,0.6720087704138057,0.9986437151008799,2.3492967405388354,-2.017579956064222
3486.0010000120383,0.14476139481392516,0.6716723562027764,0.9972821470304419,2.3500446141891507,-2.0213374089785163
3494.4010000035632,0.1455184286809454,0.6711194031873835,0.9985024599958261,2.3513748888232917,-2.0193282007312106
3502.800999995088,0.14528799963935493,0.6717079093417548,0.9761442097786783,2.3500339705574764,-2.019269828508302
3511.201000015717,0.1455750354455892,0.6712029337721249,0.9986383015758532,2.351156537602718,-2.0189407736479925
3519.601000007242,0.14542660772108307,0.6711141008294066,0.9989242268281496,2.351402240342339,-2.0197139258808576
3528.000999998767,0.14494635465601907,0.6710431763527247,0.9838394594960311,2.351505877958644,-2.021672554724814
3536.400999990292,0.14443521761639358,0.6708312577044291,0.998899585251362,2.3518625193962417,-2.0239256605960496
3544.8010000109207,0.14420548642643322,0.6711620070209107,0.9990121848045432,2.3511369861311775,-2.0243130997701133
3553.2010000024457,0.1437552161385481,0.6712179738546393,0.9992223684335654,2.350912366677168,-2.025910525261819
3561.6009999939706,0.1427268635652156,0.6720535575174439,0.9991288388139179,2.3489057535704343,-2.0284928440802914
3570.0010000145994,0.1420403291443037,0.6719025231402878,0.9996609398783257,2.3491720869734167,-2.0313983457423577
3578.4010000061244,0.14176924078598258,0.6716387874683278,0.9994717079487674,2.3497622802107023,-2.0329135614671894
3586.8009999976493,0.14132441802567947,0.6719030422586709,0.9994699794259227,2.349126393974234,-2.0342061176916024
3595.201000018278,0.14121997429666083,0.6721474380328489,0.9995096157747317,2.348573515974356,-2.034211870819623
3603.601000009803,0.1408998835046273,0.6719245836537495,0.9997152015023225,2.349057073326523,-2.0358443997977975
3612.001000001328,0.14065144917487893,0.6719840417174294,0.9994979396660366,2.3488361718091393,-2.0366504496878814
3620.400999992853,0.14031077943478026,0.672295588321203,0.9995354907446048,2.348138692321687,-2.037492753937121
3628.801000013482,0.13937365876551328,0.6729109414678409,0.9998253874862809,2.3466210100763556,-2.040071121953981
3637.201000005007,0.13953524288505686,0.6728253341643815,0.9996433895095781,2.3468326254111136,-2.039588130072924
3645.6009999965318,0.13904056208829374,0.6730668841688752,0.99974902223323,2.3462935040380177,-2.0411648451290816
3654.0010000171605,0.13911403953679433,0.6729767954369905,0.9996654918759278,2.3464405741403147,-2.04096653513203
3662.4010000086855,0.13863879501025117,0.6730270105361578,0.9997451743912862,2.3463052218989766,-2.042763283305679
3670.8010000002105,0.13867207967862108,0.6732974739945523,0.9996960229698634,2.345713861940558,-2.0421889649243816
3679.2009999917354,0.13853186499357895,0.6731713871832381,0.9999217584033805,2.34596705087844,-2.042933597668935
3687.6010000123642,0.13812756289006894,0.6735376354169893,0.9997750080876188,2.3451222783237973,-2.043912061349394
3696.001000003889,0.1378464497293565,0.6738706926381901,0.9998227773591272,2.344353759405922,-2.04445398841282
3704.400999995414,0.1376436016814811,0.673844479455204,0.9999059817646673,2.3443103819333717,-2.0452074182178177
3712.801000016043,0.13753183931059923,0.6739880842405166,0.9998366951199329,2.344079875727874,-2.0455061757250057
3721.201000007568,0.13780165863342883,0.6739346235991304,0.9998783622416758,2.344161030820302,-2.044475028641157
3729.600999999093,0.13736480835755155,0.6738161546082406,0.9999246546297118,2.3444216436555902,-2.0464235433102353
3738.000999990618,0.13724048050872764,0.674285836506929,0.9999195851340092,2.3433665476360397,-2.046123657375835
3746.4010000112467,0.13741461350184675,0.6735676540589206,0.9999545955078266,2.344951503119953,-2.0466177134863806
3754.8010000027716,0.13757667115457775,0.6738539666745698,0.9999462893176975,2.3442742365622613,-2.0454446483804616
3763.2009999942966,0.13683440529234492,0.6745203602443065,0.9998609933388594,2.342836736060127,-2.04735119332523
3771.6010000149254,0.13735483910152202,0.6740093709533513,0.9998727211201968,2.3440386500597876,-2.046187107193488
3780.0010000064503,0.13703005055480894,0.6738033432110523,0.9999727940316261,2.3443829451184723,-2.047721517801071
3788.4009999979753,0.1366827900544883,0.6742809788171653,0.9999036720037433,2.343282644680517,-2.048273815893302
3796.801000018604,0.1364606104733332,0.6746622768500381,0.9998305623503906,2.342446358884197,-2.0485365673744282
3805.201000010129,0.136521011281968,0.6739278881953241,0.9999077052822721,2.3441270438794195,-2.0495818070317715
3813.601000001654,0.13458452484931174,0.6750071286022143,0.9998289629130245,2.341459778973535,-2.0552806720789696
3822.000999993179,0.13310887785280326,0.6759250235478215,0.9998972999931063,2.3392488490282135,-2.0594958645244006
3830.401000013808,0.13265671924084574,0.6767283521581309,0.9998396180675827,2.3374559471338388,-2.0599381101818484
3838.8010000053328,0.13289414563445817,0.6761989956355547,0.9998999061229275,2.338626488232696,-2.059880055236593
3847.2009999968577,0.13297726790958236,0.6761656750188441,0.9999411684834022,2.3387161589025895,-2.0596175105077674
3855.6010000174865,0.13289551675973565,0.67611648685702,0.9998968822835596,2.3388090695293338,-2.06001540678791
3864.0010000090115,0.13248290917869737,0.6768134127374479,0.9998106818161242,2.337220015310222,-2.0604450404764596
3872.4010000005364,0.1326189621406272,0.6763038589961878,0.999930018018122,2.3384217826941924,-2.0608438272843452
3880.8009999920614,0.1326910961791073,0.6764090271503227,0.9999095101628884,2.33817523959433,-2.0603573923492338
3889.20100001269,0.13239592782674242,0.6765930540722978,0.9999034888594014,2.337759366429609,-2.0612283679981878
3897.601000004215,0.1322296448326028,0.6768200684757113,0.9999179175302038,2.3372151528827065,-2.0614686540316076
3906.00099999574,0.13257264761922327,0.6765106926795138,0.9999719267289983,2.337918556159936,-2.0606293518650305
3914.401000016369,0.13267243359982187,0.6763028309395418,0.9999055926477466,2.338375283335337,-2.0605772504025226
3922.801000007894,0.13251493716419405,0.6766007709390705,0.9999442725648324,2.337803149877108,-2.060798188511482
3931.200999999419,0.13275358076239718,0.6764148565172055,0.9999634943156284,2.3382043673960013,-2.0601392294607623
3939.600999990944,0.1328542005998074,0.6765899454322839,0.9997924620505232,2.337800618887967,-2.059416509364594
3948.0010000115726,0.1329971313686175,0.6768625257669794,0.9998684872895771,2.3372606614288536,-2.058442604511128
3956.4010000030976,0.13310785196051933,0.676322106045034,0.9999156007632747,2.3384346065232293,-2.058891238524724
3964.8009999946225,0.1333216274057885,0.6767270358676146,0.999954139416016,2.3375419294948,-2.057343934303464
3973.2010000152513,0.1336456085980356,0.6763622070115728,0.9999877695325746,2.338456611795698,-2.05676871767947
3981.6010000067763,0.13375003618496742,0.6759547654796606,0.9999094425811932,2.3393651011568406,-2.057045537983252
3990.0009999983013,0.13426816309395684,0.676202228889438,0.9999788662532206,2.338877095259562,-2.05460001574502
3998.4009999898262,0.13417021530167386,0.6763712054016642,0.9999432486002516,2.3384754425255054,-2.054680299819094
4006.801000010455,0.13429284785324902,0.6760115301254757,0.9998483963093379,2.33925331738877,-2.0547745238078
4015.20100000198,0.13419409418102143,0.6762117502135816,0.9998264650241149,2.338769628810389,-2.0547917137715537
4023.600999993505,0.13427657565421008,0.6760671618103384,0.9999293939861698,2.3391186660999046,-2.054734048887421
4032.0010000141338,0.13397592058357866,0.6760152566230224,0.9999343351283385,2.339161309372926,-2.055957833931984
4040.4010000056587,0.13390089988103687,0.6764206194611744,0.9999547703493861,2.338292046663368,-2.0556037151607174
4048.8009999971837,0.13408961640213507,0.6761644629542034,0.9999395684955895,2.338877203912925,-2.0552954920016746
4057.2010000178125,0.1336484621379081,0.6763276908676896,0.9998771425599715,2.3384065860770926,-2.056682632947988
4065.6010000093374,0.13379919255851674,0.6761335217185888,0.9998897847492546,2.338852205299857,-2.056420478939281
4074.0010000008624,0.13353912050368297,0.6761769385934768,0.9999522040036846,2.3387434884485216,-2.0573829725752164
4082.4009999923874,0.13348680171947222,0.6764364353045877,0.9997733885849648,2.3381360127604087,-2.057118791648631
4090.801000013016,0.13356866927027705,0.6762071942059229,0.9998885764748353,2.3386979447053293,-2.057234908745584
4099.201000004541,0.13381683168838632,0.6759219772383722,0.9999310864471913,2.3392588446185627,-2.0566432499872978
4107.600999996066,0.13350399261542942,0.6762838472870082,0.9999059820082717,2.338449168799372,-2.0572824199525646
4116.001000016695,0.13344834635515426,0.6763218073001509,0.9999067718695431,2.3383561237277757,-2.0574330175635875
4124.40100000822,0.1335337226307331,0.6760660824364473,0.9999014713859233,2.3388962198355854,-2.0574954040578115
4132.800999999745,0.13317769119627615,0.6761780312991894,0.9999747566342488,2.338609940052375,-2.058702504960341
4141.20099999127,0.13344169791946778,0.6761480571225158,0.9999651919513112,2.3387195188763283,-2.0577326716852027
4149.601000011899,0.13383641184701256,0.6760202850491541,0.9998830562358564,2.339014066596756,-2.0563689131938916
4158.0010000034235,0.13335161439270876,0.6761850062266516,0.9998676072691177,2.338559159532211,-2.057950673086777
4166.4009999949485,0.13372511903486214,0.6763255811540769,0.9998135743587436,2.338311606801799,-2.0562723096382047
4174.801000015577,0.1340533572340219,0.6760812664382261,0.9998653848695677,2.338877926926471,-2.055389816376663
4183.201000007102,0.13407717221792645,0.6760677562582632,0.9996757350757774,2.338860054223787,-2.0552665836186086
4191.600999998627,0.13443636713431556,0.6759483081800222,0.9997686259023192,2.339147462795677,-2.0540460162565974
4200.000999990152,0.1341562877031414,0.6758525623653526,0.9999409534286265,2.3393808389915183,-2.0553584249452603
4208.401000010781,0.13414280527327044,0.6760332030351075,0.9998047291412218,2.338940796520397,-2.0550650696412065
4216.801000002306,0.13410492019902726,0.675628572526777,0.9998325235120598,2.3398467467163315,-2.0559136520885946
4225.200999993831,0.13399128180345982,0.6761796063982707,0.9998810507564907,2.338608434310421,-2.055419223833254
4233.60100001446,0.1342810923141716,0.6758902613421638,0.9998184933152704,2.3392519396843237,-2.0547441006732723
4242.001000005985,0.13390156928847766,0.6758386883427088,0.9998450654494092,2.3393551764296983,-2.0563499909030005
4250.40099999751,0.13229275168296764,0.6767839320742608,0.9997160930957234,2.337048924887998,-2.0610130671582754
4258.801000018138,0.13063941175229338,0.6777417886161612,0.9999094179638658,2.3347495728670746,-2.0658728232783328
4267.201000009663,0.13020092847372658,0.678184055322325,0.9996616475240314,2.333697755884676,-2.0668099094202503
4275.601000001188,0.13091683109452917,0.6779265087662264,0.9998913907190978,2.334373008494698,-2.064466016227986
4284.000999992713,0.13082147406075265,0.6778117087346566,0.99982846401994,2.3345427133076075,-2.0649586764573455
4292.401000013342,0.13076524082916202,0.6776899271717549,0.9998581093403485,2.3348117276367457,-2.0653953978006534
4300.801000004867,0.13096296700018223,0.6779902586590396,0.9997560543735745,2.334222722995377,-2.064160100265375
4309.200999996392,0.13064649400678136,0.6779554900278932,0.9997903242346544,2.3342453734886415,-2.0654426945644455
4317.601000017021,0.13131751401969033,0.6773763491461087,0.9997957678737016,2.3355463071635967,-2.0637405799538873
4326.001000008546,0.13105816318720165,0.6774712466716571,0.9999155857448117,2.3353162697637835,-2.064606600869123
4334.401000000071,0.13083402899260793,0.6776687578651328,0.9999069469154669,2.334837332280809,-2.0651302176755424
4342.800999991596,0.13066995068457005,0.6775295101070768,0.9999331055202013,2.3351619881413748,-2.066053003713006
4351.2010000122245,0.13103938251006908,0.6773099682284539,0.9998076318233473,2.335674966638401,-2.064962034555718
4359.6010000037495,0.13115614838794465,0.6772910325120932,0.9999074079962982,2.3357371373849376,-2.064543017217668
4368.0009999952745,0.13110474225873295,0.6778812016447229,0.9998479733445005,2.3344770467205174,-2.0637873835623872
4376.401000015903,0.13138120896734443,0.6774188449971575,0.9999240082961983,2.335451430494534,-2.063408943695297
4384.801000007428,0.13140860175393204,0.6776427930470055,0.9998993748249805,2.334997988641364,-2.062959579167722
4393.200999998953,0.13129334120404104,0.6779321299583654,0.9997577090190354,2.3343676677298495,-2.062941199767083
4401.600999990478,0.13150457177200908,0.6773972185090862,0.9998118946842529,2.3355217110908546,-2.0629707845120855
4410.001000011107,0.13150127389957694,0.6774265559137709,0.9997624596669518,2.3354794293954635,-2.0629580837243884
4418.401000002632,0.13158490435655684,0.6777200176850376,0.9998227028949425,2.3348905395585686,-2.062182662705031
4426.800999994157,0.13162443840319993,0.6774799297275663,0.9997705831623878,2.335438647092225,-2.062451188787882
4435.201000014786,0.13174470218632064,0.6775823160633017,0.9999302803346024,2.3352232879544648,-2.0618020847086482
4443.601000006311,0.1317878918652748,0.6774899568088133,0.9998318783437058,2.3354089139966967,-2.0617652907036876
4452.000999997836,0.13157184520030718,0.6775256644613517,0.9996300556401895,2.335310400592775,-2.0625567504291853
4460.401000018464,0.13272722413678223,0.6772294853885699,0.9999433955608845,2.3360554160433527,-2.058492462049346
4468.801000009989,0.13230962624080495,0.6773693460405193,0.9998477176066897,2.3357501680361628,-2.059943311507052
4477.201000001514,0.13253178619067682,0.6777169431506909,0.9998110550698426,2.3349641021588936,-2.05844000597597
4485.600999993039,0.13214744916465784,0.6773021054847419,0.9998895694450023,2.3358793703038394,-2.0606916461112914
4494.001000013668,0.13185480343127903,0.6778317788129169,0.9998737896744103,2.334636040347946,-2.060894753500502
4502.401000005193,0.13189684537580026,0.6775921846101671,0.999772074746736,2.3352094862786137,-2.061179313092303
4510.800999996718,0.13189187654739146,0.6775427954171338,0.9998797065143751,2.3353305408450282,-2.0612961223419006
4519.201000017347,0.13173131613266617,0.6776118753792495,0.9998559085933354,2.3351307385189637,-2.061776767538166
4527.601000008872,0.13191672900318502,0.6778505495054981,0.9998802198752547,2.334601384002227,-2.060620342777149
4536.001000000397,0.13174015761583552,0.6776106713478347,0.9998055481744595,2.3351590541287734,-2.061770450907565
4544.400999991922,0.13130249576752298,0.6781536930077019,0.9999089352907133,2.333929127209727,-2.0625809494352376
4552.8010000125505,0.1314736234310172,0.677625252733469,0.9997895961947046,2.3350447254932845,-2.062735144293804
4561.2010000040755,0.13145689740179173,0.6779456480002897,0.9997852782533467,2.3344362226027138,-2.062362463281113
4569.6009999956,0.13129239916900737,0.6775778612428656,0.9998292668310707,2.3351460708631566,-2.0635455772246813
4578.001000016229,0.1313372754927455,0.6775293500965069,0.9998046617441632,2.335250223336432,-2.0634436966976395
4586.401000007754,0.13094233068344696,0.6777355923303754,0.9999113908485434,2.334709211221923,-2.0645979150593687
4594.800999999279,0.13090582654473515,0.6774428405033355,0.9999538733317513,2.3353701312533466,-2.06526324071142
4603.200999990804,0.13120054323077796,0.6773230223115082,0.999940601341068,2.335692439232862,-2.0643361040062036
4611.601000011433,0.1308843499023386,0.6773284341462227,0.9999681163430084,2.335616219571126,-2.065539765577747
4620.001000002958,0.13117422997711853,0.6777656411329095,0.9998375821707303,2.334674613775623,-2.0636420048902964
4628.400999994483,0.13132063871463648,0.6772646836389244,0.9998322641554448,2.335845974080139,-2.063975928805393
4636.801000015112,0.1313167177993043,0.6773669459171078,0.9997931192779378,2.33561123591134,-2.0638072009769646
4645.201000006637,0.13118001522165076,0.6773839473557425,0.9999282107208968,2.33553803145687,-2.064293587016816
4653.600999998162,0.13111488728496923,0.6775246922128717,0.9998864478922547,2.3351976028392,-2.0642845763699484
4662.00100001879,0.13120185809121435,0.6779896433593834,0.9998892035242838,2.3341683569551868,-2.0631355141463588
4670.401000010315,0.13115637886146597,0.6777043268559106,0.999873362461608,2.3347866294976845,-2.0637939661545093
4678.80100000184,0.13136125006743854,0.6774066213376236,0.9998399589762943,2.335450038458753,-2.0634802421417873
4687.200999993365,0.1314660806632208,0.6779801144243107,0.9997250887778297,2.334204352893675,-2.0621004684008817
4695.601000013994,0.1312019367087057,0.6780072936691914,0.9998719612252462,2.3341332806226376,-2.063109268858716
4704.001000005519,0.13124786133184269,0.6778632300892542,0.9998923337109991,2.334491569703172,-2.0632123466533816
4712.400999997044,0.13118682032453438,0.6779674409285755,0.9999402923221444,2.3342629357251603,-2.0632828980124422
4720.801000017673,0.13152771788701728,0.6778792576582849,0.9998150020814431,2.3344220407577345,-2.0620178628545927
4729.201000009198,0.13195744207663074,0.6775969195003126,0.9998649899071416,2.335144747971364,-2.0608688827090957
4737.601000000723,0.13204539397859844,0.6774655983462982,0.999706897893671,2.3354176941097076,-2.060718851931152
4746.000999992248,0.13169371842013639,0.6777352560555168,0.9998227193341266,2.334796787589426,-2.0616531176237487
4754.4010000128765,0.13146011753476472,0.6777593596813366,0.9998348760302201,2.33473640762052,-2.06254806856147
4762.801000004401,0.13178720714385275,0.677558938381517,0.9999224609883776,2.33516788947657,-2.061556106263481
4771.200999995926,0.1314619338519906,0.6783090302750598,0.9998868815392531,2.3335049881495338,-2.061586909760858
4779.601000016555,0.13180570776637648,0.678267526105593,0.999849333647769,2.333617541290192,-2.060294082583949
4788.00100000808,0.13179275604901708,0.6782424888904827,0.9998091089144255,2.333658010351318,-2.0603729001381925
4796.400999999605,0.13175361869253335,0.6783755634533133,0.9999690113774637,2.333450032454766,-2.060396483507084
4804.80099999113,0.13185202444688598,0.6783827059943164,0.999954632561341,2.3333955573506966,-2.0599470516507323
4813.201000011759,0.13176609913455462,0.6783537357509397,0.9998357207746756,2.333426755036299,-2.060307215767257
4830.000999994809,0.13155804871682805,0.6785295933389405,0.9999346204776678,2.3330469177683986,-2.0608563765969867
4838.401000015438,0.13193944270970182,0.6785353994777392,0.9998768920751009,2.333058001209575,-2.0593369213557478
4855.2009999984875,0.1319117973614578,0.6790484051062283,0.9998840294452331,2.3319680855431186,-2.0586288402585486
4872.001000010641,0.13180555911226874,0.6787182764323227,0.999894808751223,2.3326434629755455,-2.0595552684101195
4880.401000002166,0.13156207780009838,0.6792207236791064,0.9999574547110403,2.3315772113091935,-2.0597321742961414
4888.800999993691,0.13166272972521592,0.6791797046763685,0.999898845576688,2.3316930597464958,-2.0594237673140303
4897.20100001432,0.13169511837142672,0.6793041307076721,0.9999405636908231,2.331388072888966,-2.05905212283895
4914.00099999737,0.13192257216182698,0.6793518322302112,0.999995004039916,2.331342764402266,-2.058122829509888
4922.401000017999,0.13191770066019898,0.6794322988025896,0.9998501033128886,2.331169688209615,-2.058012143610109
4930.801000009524,0.13195762911107764,0.6791676161677962,0.9999480015640329,2.3317745591702317,-2.058318139408771
4939.201000001049,0.13174274911091696,0.6798126429939474,0.9999221033924872,2.330325145464046,-2.058070324080797
4956.001000013202,0.13202539690704782,0.6796933516539412,0.9998240284331961,2.330598511056672,-2.0571486587447194
4964.401000004727,0.13174595716247586,0.6798376229370934,0.9998797749935332,2.3302544541604284,-2.0579991755791016
4981.201000016881,0.1322234185147221,0.6797721436458032,0.9998384917774505,2.33047796518788,-2.05628077527909
4998.000999999931,0.1322815388645832,0.6798630352034938,0.9998178448865739,2.330315850125669,-2.0559372272361762
5006.400999991456,0.13242139513761195,0.679178890049798,0.999944729196658,2.3318075483019562,-2.0565008694887665
5014.801000012085,0.1325904696783268,0.6796209579141785,0.9997537833089497,2.3307889795846264,-2.055041514582699
5023.20100000361,0.1321684898676232,0.6795767638856514,0.9999142389351225,2.3308778716220964,-2.056793984326749
5031.600999995135,0.13196000265253902,0.6801260164612086,0.999866125856505,2.3296274669575543,-2.0566704454455533
5040.001000015764,0.13270117932888822,0.6795684338116241,0.9999257985342985,2.3310090383440585,-2.0547957812969084
5048.4010000072885,0.1322467065073393,0.6801898681090135,0.9998244590899383,2.329545419653354,-2.0554804346229534
5056.8009999988135,0.1320885212733749,0.680392016865307,0.9998279196170512,2.3291434718932487,-2.05582216513667
5065.2009999903385,0.13203888849328047,0.6807130095712346,0.999788762592193,2.3284462402281534,-2.0554983056246963
5073.601000010967,0.13208384140097545,0.6797054510382506,0.9998608160250646,2.330557745703435,-2.0568796407649925
5082.001000002492,0.130958199724516,0.6801163282237153,0.999825004331471,2.3295858367670585,-2.0606330877770054
5090.400999994017,0.13067053523516048,0.6802034873093716,0.9998941966164325,2.329335795414488,-2.0615797800986497
5098.801000014646,0.13109943850684957,0.6795834297737456,0.9998659949893979,2.330720435284509,-2.060919876699997
5107.201000006171,0.13102839397795596,0.6797058196064651,0.9998920676395752,2.330492573429945,-2.0610438648759053
5115.600999997696,0.13080397585587286,0.6801082053010099,0.9997619215439334,2.3295629170010987,-2.061222476076832
5124.001000018325,0.13057174448182218,0.6799509611853518,0.999706684971616,2.329857869674581,-2.0623657106935718
5132.40100000985,0.13104749164773027,0.6800900989232179,0.9996568249206115,2.329673570615572,-2.060350612885868
5140.801000001375,0.1308390067009985,0.6803923191685053,0.9998277091159716,2.328978659003779,-2.060648925689797
5149.2009999929,0.13063398904585383,0.6800208701421161,0.9999149117712525,2.329791434292601,-2.0620910595326127
5157.601000013528,0.13094939619152654,0.6798696457452853,0.9998969494411789,2.3301272257315033,-2.0610808999731174
5166.001000005053,0.131020293915231,0.6803150890203645,0.9998724292968181,2.329176436800846,-2.0600807436933297
5174.400999996578,0.13111441374440877,0.6798071496412208,0.9998494789954322,2.330367232871877,-2.0606319743831585
5182.801000017207,0.1309110167824154,0.6803411778402745,0.999878734784205,2.3291370465164776,-2.060494498042144
5191.201000008732,0.1308378318418157,0.6802836205865173,0.9999329110361361,2.329281139313215,-2.0609031843644345
5199.601000000257,0.13066686367825434,0.6799944552136026,0.9999486992940904,2.3298719974451036,-2.0620272836670632
5208.000999991782,0.1312070297208355,0.6800509940549252,0.9996370666762459,2.329789203278547,-2.0598074450167836
5216.401000012411,0.13107164197227772,0.6800298799708182,0.9998218260093237,2.3298184450674895,-2.060367758736141
5224.801000003936,0.13141188049656338,0.6801329638061777,0.9998961193073083,2.32965227566005,-2.0588951630741734
5233.200999995461,0.1312344104909906,0.6805993091387308,0.9998715867252759,2.3286234767240326,-2.0588249387605257
5241.6010000160895,0.13084509861628976,0.6801565994566628,0.9998061580819964,2.329559511819496,-2.0610858898789575
5250.0010000076145,0.13133484329972883,0.6800881419180722,0.9998835835966422,2.329699308622246,-2.0592241339395545
5258.4009999991395,0.13075987273128714,0.680372080504551,0.9998200402337367,2.3290517813955978,-2.0610307940718235
5266.800999990664,0.13095625916144016,0.6802715693793856,0.9998740307034476,2.3293360175394837,-2.060478296836415
5275.201000011293,0.13111782351955328,0.6808160282785548,0.9998742748528961,2.328080663371757,-2.0588604039413863
5292.000999994343,0.13114265139994358,0.6806402515049823,0.9999105782046359,2.328494747345501,-2.05908304809566
5300.401000014972,0.13084017748876936,0.6806986803524343,0.999885971976006,2.328371458337238,-2.06020262055265
5317.200999998022,0.13103742420226286,0.680303674863419,0.999882908713359,2.3292755471804156,-2.06010975644128
5325.601000018651,0.130506558339549,0.680416098298229,0.9999840580597862,2.328963514578565,-2.0619831566299593
5342.401000001701,0.1306169114112088,0.6802343310619194,0.9998735914337157,2.3293764483175723,-2.061859113071972
5350.800999993226,0.13039266604501215,0.680379957371219,0.9997213866474927,2.328993152990909,-2.062448253113515
5367.601000005379,0.13018071493170416,0.6801309977655443,0.9999412993795391,2.3295658267009847,-2.063747006771584
5376.000999996904,0.1305575392011737,0.6799443279566718,0.9999150788316215,2.3300153495976907,-2.06258667712793
5384.401000017533,0.1301358667955884,0.6801125691716001,0.9999408469530556,2.329602716140513,-2.063954800402935
5392.801000009058,0.13065049671834333,0.6799756711591658,0.999892685922396,2.329915092032102,-2.0621265817915333
5401.201000000583,0.13056759399295387,0.6799565114473316,0.9998974488877157,2.3299594699053965,-2.0624946388292846
5409.600999992108,0.13037500504242142,0.6798764021271477,0.9997279663695128,2.3300676287750135,-2.06333197220205
5418.001000012737,0.1303289067816847,0.6799183600471055,0.9999761660798143,2.3300688011183883,-2.0635468810561495
5426.401000004262,0.1303772741770753,0.6798347932242841,0.999865193523771,2.330199174490376,-2.063435900772923
5434.800999995787,0.13047576508227327,0.6797486594120665,0.9998584643759477,2.330386186574403,-2.0631819868907164
5443.2010000164155,0.12995252852624745,0.6805375082891002,0.9997749624926885,2.3286335161685816,-2.063938827125028
5451.6010000079405,0.13078722856196232,0.6802865994303507,0.9999281899247676,2.3292957676469905,-2.061123876739945
5460.000999999465,0.1308267308715095,0.6803603920882803,0.999800807166233,2.329169992183509,-2.0608805226452334
5468.40099999099,0.1305210495272256,0.680272483397804,0.9998271933985531,2.329334065262235,-2.0622245715278833
5476.801000011619,0.1311927816836082,0.6803072106449719,0.9999000764163075,2.3292701214941998,-2.0594834557545316
5485.201000003144,0.13120593926430812,0.6800509957101305,0.9999301402162886,2.3298467732672425,-2.0598729374788194
5493.600999994669,0.13116816348306398,0.6802014786788837,0.9998279904568173,2.3295136632219235,-2.059770509325541
5502.001000015298,0.1315376996121978,0.6801857193365897,0.9999710211309512,2.329632545021013,-2.0584050475338773
5510.401000006823,0.13138778741929355,0.6804828549398609,0.9998570498060155,2.3289685084627076,-2.05849909570487
5518.800999998348,0.13153242641910814,0.6804823232528464,0.9998678299433377,2.3289830572881027,-2.057935272068812
5527.200999989873,0.13159474817049682,0.6804769735194391,0.9998977754268857,2.3290403423757065,-2.057742927134805
5535.601000010502,0.1320648768288041,0.6802812871859987,0.9998854481778566,2.329514597979251,-2.0562343302151125
5544.001000002027,0.13214222515193974,0.6805142883201547,0.999863614558963,2.328965776643181,-2.0555012665014334
5552.4009999935515,0.1325446437829377,0.6799079492512128,0.9999138924149881,2.330414027942821,-2.0550181573525297
5560.80100001418,0.13247553976899312,0.6800809572062392,0.9998823196543103,2.3300012942746386,-2.0549740390551525
5569.201000005705,0.13232556266314885,0.680407735081709,0.9999109109657643,2.329202245282117,-2.0549480398272917
5577.60099999723,0.13257643669761646,0.6798524275920854,0.9999311625830739,2.3304468065522945,-2.054889346748318
5586.001000017859,0.1320533396077967,0.6803619711637792,0.9998417287597798,2.3293359000137253,-2.0561453621422516
5594.401000009384,0.13235781295558646,0.680160865481421,0.9999207353516475,2.329804750904311,-2.0552901245671866
5602.801000000909,0.13191266999091042,0.6805391285834845,0.9999236584658125,2.328929706522563,-2.0563962825232105
5611.200999992434,0.1323492306165015,0.6805342164472541,0.9997881204283241,2.3289310648826387,-2.054652037078876
5619.601000013063,0.13340380706308314,0.6798905552636724,0.9998564183515828,2.3305478372940955,-2.051719530670267
5628.001000004588,0.13401196787662192,0.6801331970981146,0.999942521883302,2.3300787030038412,-2.04897071248464
5636.400999996113,0.13495111039055036,0.678936765736049,0.9999537359547849,2.3327060846898657,-2.0471884008357346
5644.801000016741,0.1346863220397287,0.6794288182707409,0.9998436428390814,2.331631196204436,-2.047445380385787
5653.201000008266,0.1346004662916703,0.6795171183947393,0.9998658549915125,2.3313975256933652,-2.047601678084933
5661.600999999791,0.13430268651038207,0.6797658601095609,0.9998994497286259,2.330857237188215,-2.0483853930781613
5670.000999991316,0.1346004103900654,0.6794001543736528,0.9998049881467406,2.331704887232335,-2.0478442703408457
5678.401000011945,0.13480319316826708,0.6794444992577291,0.9998493437466732,2.331612782966143,-2.046972473562184
5686.80100000347,0.1347455783071406,0.6793295192718054,0.9997745047425333,2.3318076756359796,-2.04732877466425
5695.200999994995,0.13467268988910583,0.6792836676326264,0.9998154457610215,2.331924906494603,-2.047709894363585
5703.601000015624,0.1348930094059672,0.6795929998359405,0.999685882345458,2.331253500762129,-2.0463411098277096
5712.001000007149,0.13469903614050205,0.6792820590852237,0.9998333325770826,2.331935846565925,-2.047615490615727
5720.400999998674,0.1346462526849931,0.6793584543104384,0.9999245330775193,2.331749571197017,-2.0476817313387725
5728.800999990199,0.13478499942069924,0.6795809916500006,0.9996720654697431,2.331229687675979,-2.046737304124302
5737.201000010828,0.13443661460649672,0.6796849112938317,0.9997658389292665,2.3310309311791872,-2.047981170097987
5745.6010000023525,0.13457962364376125,0.679199018628601,0.9998367090725656,2.3320606949766183,-2.0481659284325424
5754.0009999938775,0.1346861016117717,0.679279772376632,0.9999512119968884,2.331967104641211,-2.047697628567323
5762.401000014506,0.13459720103966838,0.6799149585511202,0.9997264577337258,2.330453496085447,-2.0468960470342425
5770.801000006031,0.13433328291998584,0.67973084864103,0.9998813253279761,2.330926410035247,-2.0483129324114597
5779.200999997556,0.13479162091782,0.6789960810605002,0.9998293845957132,2.332484540759438,-2.0476315835297525
5787.601000018185,0.13460202029941354,0.6792468559921423,0.9998792597940946,2.3319517650628003,-2.0479949643974353
5796.00100000971,0.13401706928631713,0.6789795544476775,0.9999439952763303,2.332441700285802,-2.0506593765153633
5804.401000001235,0.1330521798330712,0.6795611457656272,0.999785847468798,2.3310485856227046,-2.053430701906546
5812.80099999276,0.13284195277349217,0.679463755651364,0.9999145675925221,2.331235961799397,-2.0544031460315444
5821.201000013389,0.13306974746016836,0.67867260514492,0.9999744651151368,2.333021004024303,-2.054851106273611
5829.601000004914,0.13275013951364362,0.6794393168228132,0.9998451842356221,2.3312448789873352,-2.0547635333875713
5838.000999996439,0.1322191328314533,0.6795418874380241,0.9998481315350354,2.330981974545704,-2.056678128732122
5846.401000017067,0.13257787336074914,0.6794223161824661,0.9996556734597116,2.3312567084120777,-2.055453660489315
5854.801000008592,0.13241143597933855,0.6795950038623859,0.999783343526706,2.3308330645877406,-2.0557866265763
5863.201000000117,0.13252133444917527,0.6792892930209211,0.9997821610007525,2.331555237649139,-2.055907062024573
5871.600999991642,0.13225930449881332,0.6795646909173534,0.9998026870327895,2.3308924882037974,-2.056437983472493
5880.001000012271,0.13246329815778735,0.6792809254317674,0.9997403292046836,2.3314802044103606,-2.0560550016070103
5888.401000003796,0.13212488400474806,0.679613399763457,0.999839447856415,2.330793318224533,-2.0569034080203465
5896.800999995321,0.1320026535235554,0.679968916996101,0.9996960888877855,2.329976552176941,-2.0567646134285984
5905.20100001595,0.13248724027581016,0.679487225946388,0.9998127349175651,2.331081034119957,-2.055673844613511
5913.601000007475,0.13214041149918992,0.679489724642691,0.9997867517928484,2.3304446089176865,-2.0572328944930085
5922.000999999,0.13253462005936836,0.6792538955152017,0.9998623935440034,2.331032191186992,-2.056157522254742
5930.400999990525,0.13230025738309914,0.6793560456460136,0.9999148298265282,2.3308256863938928,-2.056923038152038
5938.8010000111535,0.1324430977607419,0.6791307224437868,0.9998604918615916,2.3312868891935006,-2.0567054379674143
5947.2010000026785,0.13243460466755907,0.6792042037096103,0.9997951107103306,2.331059702857599,-2.0565463273471463
5955.600999994203,0.13237161088310473,0.6792634463947631,0.9997173706304484,2.330943076141739,-2.0567080337724097
5964.001000014832,0.13233542512551785,0.6793808178456249,0.9998519878028,2.3307173203274933,-2.056686970258925
5972.401000006357,0.13247254107057213,0.6796809793140157,0.99968169533988,2.330033035380806,-2.055622603577194
5980.800999997882,0.13248729422603134,0.6790008360252368,0.9997234066660348,2.3314907602094954,-2.05666413332125
5989.201000018511,0.13205656520624656,0.6795324922327953,0.9998541020348533,2.330346960478063,-2.057485701180881
5997.601000010036,0.1321796656994624,0.6792261595358646,0.9998034605996458,2.3309944383004857,-2.057490339314838
6006.001000001561,0.1318655275438437,0.6794353524399979,0.9998122241990416,2.3305849853251317,-2.058423547476805
6014.400999993086,0.13244368349630448,0.6793066512438963,0.9997503653967139,2.330838038220111,-2.056342845236013
6022.801000013715,0.13229657412503934,0.6787567150158371,0.9998866940451858,2.332026226921303,-2.057821018343445
6031.20100000524,0.13214522693818243,0.6789693769914434,0.9997107793664162,2.3315270830779373,-2.0580235187585876
6039.600999996765,0.13225751281361794,0.6790094987066572,0.9998285606105303,2.3314764338911464,-2.057555257360248
6048.001000017393,0.1322341077859087,0.6789779344188853,0.9997610407233969,2.3315102251812148,-2.057662529159751
6056.401000008918,0.13264384352531708,0.6785674910575542,0.9998243022973604,2.332457504778615,-2.05679291228046
6064.801000000443,0.132240348153134,0.679265880074478,0.9997678256565616,2.3309320269525093,-2.0572121238909173
6073.200999991968,0.1321508265241574,0.6790707154886355,0.9997715063873479,2.3313258475507217,-2.0578538107620963
6081.601000012597,0.1318212530993589,0.6791049893328092,0.9997772607688413,2.331219638313331,-2.0590567546867216
6090.001000004122,0.13020487716999343,0.6796313596282324,0.9996372017063624,2.3298318291875577,-2.064277154890936
6098.400999995647,0.12974552307870613,0.6794745177237871,0.9995791997573416,2.330106173501775,-2.066281859737362
6106.801000016276,0.13010993762005268,0.6791972453677151,0.9997903306248853,2.3307444930363395,-2.0653479674204798
6115.201000007801,0.12980563878441922,0.6794251900741441,0.9997124700778625,2.3302360729656644,-2.0661519733712437
6123.600999999326,0.1297482091952034,0.6789746799119458,0.9997728791956427,2.3312038361998515,-2.067127311530058
6132.000999990851,0.12977390480620477,0.6790233284877236,0.9995793643105964,2.331070632900428,-2.0669137096495067
6140.4010000114795,0.13029482049888585,0.6788628489254995,0.9996501220244587,2.3314852379039555,-2.0651957071216347
6148.801000003004,0.13029086729253497,0.6787691908132254,0.9996621591028083,2.3316949883827323,-2.065375795629264
6157.200999994529,0.12991838454031074,0.6786472062915323,0.9997729699030404,2.33190574063277,-2.066996930029136
6165.601000015158,0.13007907157366785,0.6782265705913837,0.9998245630658532,2.332877730998783,-2.067134997508828
6174.001000006683,0.13006816380001682,0.6782902270552705,0.999703876794969,2.3327211694049748,-2.067050701083139
6182.400999998208,0.12992246743212946,0.6793315166481625,0.9995458325280666,2.330453573298571,-2.06586328345864
6190.801000018837,0.129234881784042,0.6789897255891173,0.9998128401347731,2.331121958293466,-2.069082253118114
6199.201000010362,0.12959200628636852,0.6787097165139384,0.9996696642720868,2.331757957658831,-2.068171306796048
6207.601000001887,0.12993890601791405,0.6784176642212809,0.9997152884085947,2.332405958771804,-2.0673057656536775
6216.000999993412,0.12958687597757151,0.6787814873789504,0.9997442701022186,2.3316018053310716,-2.068069739674776
6224.401000014041,0.1295095700529177,0.6788583261700973,0.9996927152578782,2.3314192195815777,-2.0682289473308395
6232.801000005566,0.12962286070631102,0.6786321089690711,0.9997879871165694,2.331919849100498,-2.0681733034127556
6241.200999997091,0.12945692690734836,0.678730516229471,0.9997337406843548,2.3316927248957366,-2.068649912128804
6249.601000017719,0.12941512601249464,0.6783993348720045,0.9997188117716865,2.332380299182768,-2.069343933983818
6258.001000009244,0.12962207082578298,0.6785908389067785,0.9997211621142893,2.332033226647984,-2.0682721228222243
6266.401000000769,0.129436249251754,0.6786729219917744,0.9997645927905652,2.331840533555696,-2.068854311252523
6274.800999992294,0.12918474726564524,0.6794787540027525,0.9997950728370538,2.330071933675427,-2.068465383487628
6283.201000012923,0.1300064012050181,0.6784884301991083,0.9997723397784396,2.3323120872322014,-2.066983202267262
6291.601000004448,0.12970246891623036,0.6790621463508051,0.9998511468797943,2.3310941318212306,-2.067247312225317
6300.000999995973,0.13047443894989347,0.6792071025953745,0.9996389216759387,2.3308071354474427,-2.063983154855139
6308.401000016602,0.13165427858011403,0.6789461675025401,0.9998307215526783,2.331566810857085,-2.0599788602320674
6316.801000008127,0.1319805182557731,0.678173028849651,0.9997577568408635,2.3332607112591552,-2.059997777233578
6325.200999999652,0.131771245610194,0.6786108424237756,0.9998425827357555,2.332314584146872,-2.0600973796715367
6333.600999991177,0.13158602815388507,0.679216698775494,0.9997952867020251,2.3309972855645222,-2.059816709597221
6342.001000011805,0.13145644896833963,0.6789425367470368,0.9998130877510036,2.3315814639406134,-2.0607701486887824
6350.40100000333,0.13188264111093995,0.6787728573750729,0.9996530800920993,2.331933549733916,-2.0593589665788854
6358.800999994855,0.13141507683067846,0.679433467940171,0.9998020041630449,2.330552974170198,-2.0601564049881755
6367.201000015484,0.1317879099913176,0.6791336393918161,0.9998519491777491,2.3312329892743158,-2.0592202662251045
6375.601000007009,0.13189553746001587,0.6791534368827088,0.9997303418018278,2.3311390514700885,-2.0587109340740413
6384.000999998534,0.13169481547843181,0.6794615730427506,0.9997885079402095,2.3304930496237484,-2.0590127328723806
6392.400999990059,0.1314390512590112,0.6787008103646279,0.9998470047822463,2.332083628849379,-2.0612172827460316
6400.801000010688,0.1309092704769152,0.6794275065846923,0.9998547107541487,2.3305029949204017,-2.062088144132794
6409.201000002213,0.13104502672205384,0.6795219686686668,0.9998327888918255,2.3303153939096486,-2.061415365948476
6417.600999993738,0.13077674209075446,0.6797828842711056,0.9997971187031087,2.329724284297516,-2.0620097015173386
6426.001000014367,0.13072695389237543,0.6800363434567105,0.9998421406390553,2.3292005790603114,-2.0618119361617304
6434.401000005892,0.1308400512222859,0.6799294284111286,0.9998738262225417,2.329412141211675,-2.061523398197118
6442.8009999974165,0.13046955504239627,0.6804576298439249,0.9995771899986968,2.328202942725729,-2.062033982090588
6451.201000018045,0.13046433269563532,0.6801716992252214,0.9997849998637255,2.3288518812498404,-2.0625603326448188
6459.60100000957,0.13086902293252312,0.6800588498941538,0.9996853669648779,2.329135802518015,-2.0611994591862874
6468.001000001095,0.13098017602317316,0.6799064758235552,0.9997308159815209,2.329474885336287,-2.0610248231948023
6476.40099999262,0.13093701434340338,0.679859248754078,0.9996836701309917,2.3295598124059027,-2.0612540901187866
6484.801000013249,0.1312734626012099,0.6799981906735681,0.9996169526283397,2.32930110344541,-2.059748571994025
6493.201000004774,0.1311160619135113,0.6804645675807077,0.9997784148818598,2.328327905258841,-2.059635719015802
6501.600999996299,0.13111112662415345,0.6800355531182398,0.9997974645873658,2.329243007425071,-2.0603479790685792
6510.001000016928,0.13161439162568617,0.680006049582457,0.9997928574624484,2.3293425554302103,-2.0584613104416984
6518.401000008453,0.13152617406436348,0.6804320851898602,0.999941322145977,2.328466626035024,-2.0581558490007232
