imu_packets,1256
IMUtimestamp,quatI,quatJ,quatK,quatReal,quatRadianAccuracy
1596176339.3443499,B2061441,0.04761,-0.00037,-0.99884,0.00720,0.0165
1596176339.348347,B2061446,0.04767,-0.00037,-0.99884,0.00714,0.0165
1596176339.3537102,B2061451,0.04767,-0.00043,-0.99884,0.00708,0.0165
1596176339.358618,B2061456,0.04767,-0.00049,-0.99884,0.00702,0.0164
1596176339.3638961,B2061461,0.04773,-0.00055,-0.99884,0.00696,0.0164
1596176339.3709838,B2061467,0.04773,-0.00061,-0.99884,0.00690,0.0164
1596176339.374825,B2061473,0.04779,-0.00067,-0.99884,0.00684,0.0164
1596176339.3806531,B2061478,0.04779,-0.00073,-0.99884,0.00677,0.0164
1596176339.3854039,B2061483,0.04785,-0.00079,-0.99884,0.00671,0.0164
1596176339.395381,B2061488,0.04785,-0.00085,-0.99884,0.00671,0.0164
1596176339.396495,B2061494,0.04791,-0.00092,-0.99884,0.00665,0.0163
1596176339.402974,B2061499,0.04797,-0.00098,-0.99884,0.00665,0.0163
1596176339.406971,B2061505,0.04797,-0.00104,-0.99884,0.00659,0.0163
1596176339.412426,B2061510,0.04803,-0.00110,-0.99884,0.00659,0.0163
1596176339.419452,B2061515,0.04803,-0.00116,-0.99884,0.00653,0.0163
1596176339.422451,B2061520,0.04810,-0.00122,-0.99884,0.00653,0.0163
1596176339.427728,B2061525,0.04810,-0.00128,-0.99884,0.00647,0.0163
1596176339.432606,B2061530,0.04816,-0.00134,-0.99884,0.00647,0.0163
1596176339.439115,B2061535,0.04816,-0.00146,-0.99884,0.00641,0.0163
1596176339.443572,B2061540,0.04816,-0.00153,-0.99884,0.00635,0.0163
1596176339.447241,B2061545,0.04822,-0.00159,-0.99884,0.00635,0.0163
1596176339.452518,B2061550,0.04828,-0.00165,-0.99884,0.00629,0.0164
1596176339.459373,B2061555,0.04828,-0.00165,-0.99884,0.00629,0.0164
1596176339.4625962,B2061560,0.04834,-0.00171,-0.99884,0.00623,0.0164
1596176339.4678478,B2061566,0.04840,-0.00177,-0.99878,0.00616,0.0164
1596176339.4726489,B2061571,0.04834,-0.00183,-0.99878,0.00610,0.0164
1596176339.478755,B2061576,0.04834,-0.00189,-0.99884,0.00604,0.0164
1596176339.483776,B2061581,0.04834,-0.00195,-0.99884,0.00598,0.0164
1596176339.4883862,B2061586,0.04834,-0.00201,-0.99884,0.00592,0.0164
1596176339.4937658,B2061591,0.04828,-0.00208,-0.99884,0.00586,0.0164
1596176339.500187,B2061596,0.04828,-0.00208,-0.99884,0.00580,0.0164
1596176339.503361,B2061601,0.04828,-0.00214,-0.99884,0.00568,0.0164
1596176339.507979,B2061606,0.04822,-0.00220,-0.99884,0.00568,0.0164
1596176339.512939,B2061611,0.04822,-0.00220,-0.99884,0.00562,0.0164
1596176339.519455,B2061616,0.04822,-0.00226,-0.99884,0.00555,0.0164
1596176339.523425,B2061621,0.04816,-0.00232,-0.99884,0.00549,0.0164
1596176339.5285,B2061626,0.04810,-0.00232,-0.99884,0.00543,0.0164
1596176339.535695,B2061631,0.04803,-0.00232,-0.99884,0.00543,0.0164
1596176339.540811,B2061636,0.04803,-0.00238,-0.99884,0.00537,0.0164
1596176339.543524,B2061641,0.04797,-0.00238,-0.99884,0.00537,0.0164
1596176339.5487518,B2061646,0.04797,-0.00244,-0.99884,0.00531,0.0164
1596176339.553726,B2061651,0.04797,-0.00244,-0.99884,0.00531,0.0164
1596176339.559833,B2061656,0.04797,-0.00250,-0.99884,0.00525,0.0164
1596176339.5637639,B2061661,0.04797,-0.00256,-0.99884,0.00525,0.0164
1596176339.568616,B2061666,0.04797,-0.00256,-0.99884,0.00519,0.0164
1596176339.574205,B2061672,0.04803,-0.00262,-0.99884,0.00519,0.0164
1596176339.579856,B2061677,0.04803,-0.00262,-0.99884,0.00519,0.0164
1596176339.584607,B2061682,0.04810,-0.00262,-0.99884,0.00513,0.0164
1596176339.590531,B2061688,0.04810,-0.00262,-0.99884,0.00507,0.0164
1596176339.595381,B2061693,0.04810,-0.00262,-0.99884,0.00507,0.0164
1596176339.600244,B2061698,0.04810,-0.00262,-0.99884,0.00500,0.0164
1596176339.611208,B2061704,0.04810,-0.00262,-0.99884,0.00500,0.0164
1596176339.6113138,B2061709,0.04810,-0.00262,-0.99884,0.00494,0.0164
1596176339.616582,B2061714,0.04810,-0.00256,-0.99884,0.00494,0.0164
1596176339.6225002,B2061719,0.04810,-0.00256,-0.99884,0.00488,0.0164
1596176339.627397,B2061724,0.04810,-0.00256,-0.99884,0.00482,0.0164
1596176339.6313071,B2061729,0.04810,-0.00256,-0.99884,0.00476,0.0164
1596176339.6397052,B2061734,0.04810,-0.00256,-0.99884,0.00476,0.0164
1596176339.6433868,B2061740,0.04803,-0.00256,-0.99884,0.00470,0.0164
1596176339.6474519,B2061745,0.04803,-0.00256,-0.99884,0.00464,0.0164
1596176339.65374,B2061750,0.04803,-0.00262,-0.99884,0.00458,0.0164
1596176339.657697,B2061755,0.04803,-0.00269,-0.99884,0.00452,0.0164
1596176339.662567,B2061760,0.04797,-0.00275,-0.99884,0.00452,0.0164
1596176339.667338,B2061765,0.04791,-0.00287,-0.99884,0.00446,0.0164
1596176339.6725981,B2061770,0.04791,-0.00293,-0.99884,0.00439,0.0164
1596176339.677438,B2061775,0.04785,-0.00305,-0.99884,0.00433,0.0164
1596176339.682575,B2061780,0.04773,-0.00317,-0.99884,0.00433,0.0164
1596176339.687854,B2061785,0.04767,-0.00336,-0.99884,0.00427,0.0164
1596176339.693011,B2061790,0.04755,-0.00360,-0.99884,0.00421,0.0164
1596176339.697624,B2061795,0.04742,-0.00378,-0.99884,0.00421,0.0164
1596176339.7039528,B2061800,0.04736,-0.00403,-0.99884,0.00415,0.0164
1596176339.7073762,B2061805,0.04724,-0.00433,-0.99884,0.00415,0.0164
1596176339.7131689,B2061811,0.04712,-0.00464,-0.99884,0.00415,0.0164
1596176339.7178738,B2061816,0.04687,-0.00531,-0.99890,0.00409,0.0163
1596176339.722904,B2061821,0.04681,-0.00574,-0.99890,0.00403,0.0163
1596176339.728557,B2061826,0.04669,-0.00610,-0.99890,0.00403,0.0163
1596176339.733142,B2061831,0.04663,-0.00653,-0.99890,0.00397,0.0163
1596176339.738911,B2061836,0.04651,-0.00696,-0.99890,0.00391,0.0163
1596176339.744575,B2061841,0.04645,-0.00745,-0.99890,0.00385,0.0163
1596176339.7482848,B2061846,0.04639,-0.00787,-0.99890,0.00378,0.0163
1596176339.753164,B2061851,0.04639,-0.00842,-0.99890,0.00372,0.0163
1596176339.759816,B2061856,0.04633,-0.00891,-0.99890,0.00360,0.0163
1596176339.76433,B2061861,0.04626,-0.00952,-0.99890,0.00348,0.0163
1596176339.768159,B2061866,0.04626,-0.01007,-0.99890,0.00336,0.0163
1596176339.773372,B2061871,0.04620,-0.01080,-0.99884,0.00317,0.0163
1596176339.780069,B2061876,0.04620,-0.01147,-0.99884,0.00293,0.0163
1596176339.783242,B2061881,0.04614,-0.01233,-0.99884,0.00269,0.0163
1596176339.789238,B2061886,0.04614,-0.01318,-0.99884,0.00238,0.0163
1596176339.794194,B2061891,0.04614,-0.01404,-0.99884,0.00208,0.0163
1596176339.798961,B2061897,0.04608,-0.01489,-0.99884,0.00177,0.0163
1596176339.804768,B2061903,0.04608,-0.01575,-0.99884,0.00140,0.0163
1596176339.814271,B2061908,0.04614,-0.01678,-0.99878,0.00098,0.0163
1596176339.815188,B2061913,0.04614,-0.01770,-0.99878,0.00055,0.0163
1596176339.821258,B2061919,0.04614,-0.01855,-0.99878,0.00012,0.0163
1596176339.826248,B2061924,-0.04620,0.01953,0.99872,0.00037,0.0163
1596176339.831715,B2061930,-0.04620,0.02051,0.99872,0.00085,0.0163
1596176339.8373601,B2061935,-0.04626,0.02155,0.99872,0.00140,0.0163
1596176339.841886,B2061940,-0.04626,0.02240,0.99866,0.00189,0.0163
1596176339.847421,B2061945,-0.04626,0.02338,0.99866,0.00250,0.0163
1596176339.857418,B2061950,-0.04633,0.02429,0.99866,0.00305,0.0163
1596176339.859589,B2061955,-0.04633,0.02521,0.99860,0.00366,0.0163
1596176339.862446,B2061960,-0.04633,0.02600,0.99860,0.00421,0.0163
1596176339.8674529,B2061965,-0.04639,0.02698,0.99854,0.00482,0.0163
1596176339.8729699,B2061971,-0.04639,0.02783,0.99854,0.00537,0.0163
1596176339.877698,B2061976,-0.04639,0.02875,0.99847,0.00592,0.0163
1596176339.882983,B2061981,-0.04639,0.03058,0.99841,0.00702,0.0163
1596176339.887637,B2061986,-0.04639,0.03149,0.99841,0.00757,0.0163
1596176339.8926961,B2061991,-0.04633,0.03235,0.99835,0.00806,0.0163
1596176339.899206,B2061996,-0.04633,0.03333,0.99835,0.00854,0.0163
1596176339.903984,B2062001,-0.04633,0.03430,0.99829,0.00909,0.0163
1596176339.907967,B2062006,-0.04626,0.03522,0.99829,0.00958,0.0163
1596176339.913711,B2062011,-0.04626,0.03619,0.99823,0.01001,0.0163
1596176339.917883,B2062016,-0.04620,0.03705,0.99817,0.01044,0.0163
1596176339.9235132,B2062021,-0.04620,0.03802,0.99817,0.01086,0.0163
1596176339.927915,B2062026,-0.04620,0.03882,0.99811,0.01123,0.0163
1596176339.9337091,B2062031,-0.04614,0.03973,0.99805,0.01160,0.0163
1596176339.9385312,B2062036,-0.04614,0.04047,0.99805,0.01190,0.0163
1596176339.9455879,B2062042,-0.04614,0.04132,0.99799,0.01227,0.0163
1596176339.950166,B2062048,-0.04614,0.04205,0.99799,0.01251,0.0163
1596176339.9563122,B2062053,-0.04614,0.04285,0.99792,0.01282,0.0163
1596176339.9601731,B2062058,-0.04614,0.04346,0.99792,0.01300,0.0163
1596176339.967115,B2062064,-0.04614,0.04407,0.99786,0.01324,0.0163
1596176339.972211,B2062069,-0.04614,0.04468,0.99786,0.01343,0.0163
1596176339.976446,B2062074,-0.04620,0.04529,0.99780,0.01355,0.0163
1596176339.9830348,B2062079,-0.04620,0.04584,0.99780,0.01373,0.0162
1596176339.987044,B2062085,-0.04620,0.04639,0.99774,0.01385,0.0162
1596176339.994195,B2062090,-0.04626,0.04694,0.99774,0.01398,0.0162
1596176339.996877,B2062095,-0.04626,0.04742,0.99768,0.01404,0.0162
1596176340.0021539,B2062100,-0.04626,0.04791,0.99768,0.01416,0.0162
1596176340.0074298,B2062105,-0.04626,0.04883,0.99762,0.01428,0.0162
1596176340.012544,B2062111,-0.04626,0.04926,0.99762,0.01428,0.0162
1596176340.017869,B2062116,-0.04626,0.04962,0.99762,0.01434,0.0162
1596176340.0222452,B2062121,-0.04626,0.05005,0.99756,0.01434,0.0162
1596176340.027345,B2062126,-0.04633,0.05042,0.99756,0.01434,0.0162
1596176340.032543,B2062131,-0.04633,0.05072,0.99756,0.01434,0.0162
1596176340.037492,B2062136,-0.04633,0.05103,0.99750,0.01428,0.0162
1596176340.0427039,B2062141,-0.04633,0.05133,0.99750,0.01422,0.0162
1596176340.0477178,B2062146,-0.04633,0.05157,0.99750,0.01416,0.0162
1596176340.052523,B2062151,-0.04633,0.05182,0.99750,0.01410,0.0162
1596176340.05776,B2062156,-0.04626,0.05200,0.99750,0.01398,0.0161
1596176340.062616,B2062161,-0.04626,0.05225,0.99744,0.01385,0.0161
1596176340.067735,B2062166,-0.04626,0.05243,0.99744,0.01379,0.0161
1596176340.073584,B2062171,-0.04626,0.05255,0.99744,0.01367,0.0161
1596176340.077483,B2062176,-0.04626,0.05273,0.99744,0.01355,0.0161
1596176340.0823,B2062181,-0.04626,0.05292,0.99744,0.01337,0.0161
1596176340.0879738,B2062186,-0.04620,0.05304,0.99744,0.01318,0.0161
1596176340.092918,B2062191,-0.04620,0.05322,0.99744,0.01300,0.0161
1596176340.098051,B2062196,-0.04614,0.05334,0.99744,0.01282,0.0161
1596176340.104037,B2062201,-0.04608,0.05341,0.99744,0.01263,0.0160
1596176340.1082911,B2062206,-0.04608,0.05353,0.99744,0.01239,0.0160
1596176340.113211,B2062211,-0.04602,0.05359,0.99744,0.01208,0.0160
1596176340.118154,B2062216,-0.04602,0.05365,0.99744,0.01184,0.0160
1596176340.122838,B2062221,-0.04602,0.05371,0.99744,0.01154,0.0160
1596176340.1287282,B2062226,-0.04602,0.05377,0.99744,0.01123,0.0160
1596176340.133164,B2062231,-0.04602,0.05377,0.99744,0.01086,0.0160
1596176340.138336,B2062236,-0.04602,0.05377,0.99744,0.01056,0.0159
1596176340.144238,B2062241,-0.04602,0.05377,0.99744,0.01019,0.0159
1596176340.149133,B2062246,-0.04608,0.05371,0.99744,0.00977,0.0159
1596176340.1539378,B2062251,-0.04608,0.05371,0.99744,0.00940,0.0159
1596176340.157981,B2062256,-0.04608,0.05359,0.99744,0.00897,0.0159
1596176340.162953,B2062261,-0.04614,0.05347,0.99750,0.00848,0.0159
1596176340.16809,B2062266,-0.04614,0.05334,0.99750,0.00793,0.0159
1596176340.17346,B2062271,-0.04608,0.05316,0.99750,0.00745,0.0159
1596176340.178161,B2062277,-0.04608,0.05292,0.99750,0.00690,0.0159
1596176340.1831172,B2062282,-0.04608,0.05267,0.99756,0.00623,0.0159
1596176340.1883168,B2062287,-0.04608,0.05249,0.99756,0.00562,0.0159
1596176340.193215,B2062292,-0.04602,0.05225,0.99756,0.00488,0.0159
1596176340.198139,B2062297,-0.04602,0.05200,0.99756,0.00421,0.0159
1596176340.203551,B2062302,-0.04596,0.05170,0.99762,0.00336,0.0159
1596176340.2088802,B2062307,-0.04596,0.05145,0.99762,0.00250,0.0159
1596176340.21396,B2062312,-0.04596,0.05121,0.99762,0.00165,0.0159
1596176340.218368,B2062317,-0.04590,0.05096,0.99762,0.00079,0.0159
1596176340.2237692,B2062322,0.04590,-0.05072,-0.99768,0.00024,0.0159
1596176340.228283,B2062327,0.04584,-0.05048,-0.99768,0.00128,0.0159
1596176340.234228,B2062332,0.04584,-0.05029,-0.99768,0.00232,0.0159
1596176340.240709,B2062337,0.04578,-0.05005,-0.99768,0.00330,0.0159
1596176340.2443469,B2062342,0.04572,-0.04980,-0.99768,0.00446,0.0159
1596176340.249744,B2062348,0.04572,-0.04956,-0.99768,0.00562,0.0159
1596176340.2553039,B2062353,0.04565,-0.04938,-0.99774,0.00665,0.0159
1596176340.260675,B2062359,0.04559,-0.04907,-0.99774,0.00787,0.0159
1596176340.2667809,B2062365,0.04553,-0.04883,-0.99774,0.00916,0.0159
1596176340.272546,B2062370,0.04553,-0.04858,-0.99774,0.01019,0.0159
1596176340.2769861,B2062375,0.04547,-0.04828,-0.99774,0.01154,0.0159
1596176340.2816908,B2062380,0.04547,-0.04803,-0.99774,0.01257,0.0159
1596176340.286863,B2062385,0.04541,-0.04767,-0.99774,0.01392,0.0159
1596176340.29267,B2062391,0.04541,-0.04742,-0.99774,0.01501,0.0159
1596176340.2981381,B2062396,0.04535,-0.04712,-0.99774,0.01630,0.0159
1596176340.302623,B2062401,0.04535,-0.04681,-0.99774,0.01733,0.0159
1596176340.308727,B2062406,0.04529,-0.04651,-0.99774,0.01862,0.0159
1596176340.3130581,B2062411,0.04523,-0.04590,-0.99768,0.02081,0.0159
1596176340.31789,B2062416,0.04523,-0.04559,-0.99768,0.02185,0.0159
1596176340.324683,B2062421,0.04523,-0.04529,-0.99768,0.02289,0.0159
1596176340.329325,B2062426,0.04523,-0.04498,-0.99768,0.02393,0.0159
1596176340.333131,B2062432,0.04529,-0.04474,-0.99768,0.02484,0.0159
1596176340.339623,B2062437,0.04529,-0.04449,-0.99768,0.02570,0.0159
1596176340.3446279,B2062443,0.04535,-0.04419,-0.99762,0.02649,0.0159
1596176340.350059,B2062449,0.04541,-0.04395,-0.99762,0.02734,0.0159
1596176340.356213,B2062454,0.04541,-0.04370,-0.99762,0.02802,0.0159
1596176340.361662,B2062459,0.04547,-0.04352,-0.99762,0.02863,0.0159
1596176340.366084,B2062465,0.04547,-0.04340,-0.99762,0.02917,0.0159
1596176340.3714712,B2062470,0.04553,-0.04327,-0.99756,0.02979,0.0159
1596176340.376323,B2062475,0.04553,-0.04315,-0.99756,0.03027,0.0159
1596176340.382423,B2062480,0.04553,-0.04309,-0.99756,0.03064,0.0159
1596176340.386532,B2062485,0.04553,-0.04303,-0.99756,0.03101,0.0159
1596176340.392274,B2062490,0.04553,-0.04297,-0.99756,0.03131,0.0159
1596176340.39661,B2062495,0.04553,-0.04297,-0.99756,0.03156,0.0159
1596176340.404652,B2062500,0.04553,-0.04291,-0.99756,0.03180,0.0159
1596176340.406881,B2062505,0.04547,-0.04291,-0.99756,0.03198,0.0159
1596176340.4124742,B2062510,0.04547,-0.04291,-0.99750,0.03210,0.0159
1596176340.4171891,B2062516,0.04547,-0.04291,-0.99750,0.03217,0.0159
1596176340.4227479,B2062521,0.04547,-0.04291,-0.99750,0.03217,0.0159
1596176340.427319,B2062526,0.04547,-0.04285,-0.99750,0.03217,0.0159
1596176340.432776,B2062531,0.04547,-0.04285,-0.99756,0.03210,0.0159
1596176340.438327,B2062536,0.04541,-0.04285,-0.99756,0.03192,0.0159
1596176340.44386,B2062541,0.04541,-0.04285,-0.99756,0.03180,0.0159
1596176340.447702,B2062547,0.04541,-0.04285,-0.99756,0.03162,0.0159
1596176340.456201,B2062552,0.04541,-0.04285,-0.99756,0.03143,0.0159
1596176340.457885,B2062557,0.04541,-0.04285,-0.99756,0.03125,0.0159
1596176340.463677,B2062562,0.04535,-0.04285,-0.99756,0.03101,0.0159
1596176340.468538,B2062567,0.04535,-0.04285,-0.99756,0.03082,0.0159
1596176340.47315,B2062572,0.04535,-0.04291,-0.99756,0.03052,0.0159
1596176340.478399,B2062577,0.04535,-0.04291,-0.99756,0.03033,0.0159
1596176340.4844449,B2062582,0.04535,-0.04291,-0.99762,0.03003,0.0159
1596176340.4915829,B2062587,0.04541,-0.04291,-0.99762,0.02979,0.0159
1596176340.4935648,B2062592,0.04541,-0.04291,-0.99762,0.02954,0.0159
1596176340.500193,B2062598,0.04541,-0.04291,-0.99762,0.02930,0.0159
1596176340.504991,B2062603,0.04547,-0.04297,-0.99762,0.02905,0.0159
1596176340.5108092,B2062609,0.04553,-0.04297,-0.99762,0.02875,0.0159
1596176340.516682,B2062614,0.04559,-0.04303,-0.99762,0.02850,0.0159
1596176340.521585,B2062620,0.04559,-0.04309,-0.99762,0.02832,0.0159
1596176340.525985,B2062625,0.04565,-0.04321,-0.99762,0.02814,0.0158
1596176340.532346,B2062630,0.04572,-0.04340,-0.99762,0.02789,0.0158
1596176340.538101,B2062636,0.04578,-0.04358,-0.99762,0.02771,0.0158
1596176340.5422149,B2062641,0.04584,-0.04370,-0.99762,0.02759,0.0158
1596176340.5488489,B2062646,0.04590,-0.04395,-0.99762,0.02747,0.0158
1596176340.5532281,B2062651,0.04596,-0.04407,-0.99762,0.02734,0.0158
1596176340.5578408,B2062656,0.04614,-0.04437,-0.99756,0.02716,0.0158
1596176340.562766,B2062662,0.04626,-0.04449,-0.99756,0.02704,0.0158
1596176340.568489,B2062667,0.04639,-0.04462,-0.99756,0.02698,0.0158
1596176340.573663,B2062672,0.04651,-0.04474,-0.99756,0.02686,0.0158
1596176340.577972,B2062677,0.04663,-0.04486,-0.99756,0.02679,0.0158
1596176340.584378,B2062682,0.04675,-0.04498,-0.99756,0.02673,0.0158
1596176340.589219,B2062688,0.04687,-0.04504,-0.99750,0.02661,0.0158
1596176340.594603,B2062693,0.04700,-0.04517,-0.99750,0.02655,0.0158
1596176340.600781,B2062698,0.04712,-0.04535,-0.99750,0.02643,0.0158
1596176340.60529,B2062704,0.04718,-0.04547,-0.99750,0.02637,0.0158
1596176340.611957,B2062709,0.04724,-0.04565,-0.99750,0.02625,0.0158
1596176340.615765,B2062715,0.04730,-0.04584,-0.99750,0.02618,0.0158
1596176340.621216,B2062720,0.04736,-0.04602,-0.99750,0.02606,0.0158
1596176340.6260421,B2062725,0.04736,-0.04620,-0.99750,0.02594,0.0158
1596176340.632084,B2062730,0.04736,-0.04639,-0.99744,0.02582,0.0158
1596176340.636927,B2062735,0.04730,-0.04657,-0.99744,0.02576,0.0158
1596176340.641921,B2062741,0.04724,-0.04675,-0.99744,0.02570,0.0158
1596176340.647551,B2062746,0.04712,-0.04687,-0.99744,0.02557,0.0158
1596176340.6525,B2062751,0.04687,-0.04700,-0.99750,0.02551,0.0157
1596176340.6576781,B2062756,0.04675,-0.04700,-0.99750,0.02545,0.0157
1596176340.663452,B2062761,0.04657,-0.04687,-0.99750,0.02539,0.0157
1596176340.667903,B2062766,0.04639,-0.04675,-0.99750,0.02539,0.0157
1596176340.6726809,B2062771,0.04626,-0.04657,-0.99750,0.02539,0.0157
1596176340.67768,B2062776,0.04614,-0.04633,-0.99756,0.02539,0.0156
1596176340.6851358,B2062782,0.04596,-0.04608,-0.99756,0.02539,0.0156
1596176340.6887228,B2062787,0.04578,-0.04572,-0.99756,0.02545,0.0156
1596176340.693145,B2062792,0.04565,-0.04541,-0.99762,0.02551,0.0156
1596176340.698858,B2062797,0.04547,-0.04510,-0.99762,0.02551,0.0156
1596176340.705472,B2062803,0.04529,-0.04474,-0.99762,0.02557,0.0156
1596176340.7097359,B2062809,0.04510,-0.04437,-0.99768,0.02570,0.0156
1596176340.714852,B2062814,0.04486,-0.04401,-0.99768,0.02576,0.0156
1596176340.721379,B2062819,0.04468,-0.04364,-0.99768,0.02588,0.0156
1596176340.725846,B2062825,0.04443,-0.04327,-0.99774,0.02600,0.0156
1596176340.732631,B2062830,0.04425,-0.04291,-0.99774,0.02612,0.0156
1596176340.736408,B2062835,0.04401,-0.04254,-0.99780,0.02625,0.0156
1596176340.742361,B2062841,0.04376,-0.04224,-0.99780,0.02643,0.0156
1596176340.74672,B2062846,0.04358,-0.04181,-0.99780,0.02661,0.0156
1596176340.7523599,B2062851,0.04333,-0.04144,-0.99786,0.02679,0.0156
1596176340.7570188,B2062856,0.04315,-0.04102,-0.99786,0.02698,0.0156
1596176340.7625442,B2062861,0.04297,-0.04065,-0.99786,0.02716,0.0156
1596176340.768663,B2062866,0.04279,-0.04022,-0.99792,0.02740,0.0156
1596176340.7721212,B2062871,0.04260,-0.03979,-0.99792,0.02765,0.0156
1596176340.7775009,B2062876,0.04224,-0.03906,-0.99792,0.02814,0.0155
1596176340.782794,B2062881,0.04211,-0.03876,-0.99799,0.02838,0.0155
1596176340.787344,B2062886,0.04193,-0.03845,-0.99799,0.02869,0.0155
1596176340.792601,B2062891,0.04181,-0.03821,-0.99799,0.02893,0.0155
1596176340.801928,B2062897,0.04175,-0.03796,-0.99799,0.02917,0.0155
1596176340.8101819,B2062902,0.04163,-0.03772,-0.99799,0.02948,0.0155
1596176340.8163369,B2062907,0.04156,-0.03754,-0.99799,0.02972,0.0155
1596176340.8165069,B2062912,0.04150,-0.03735,-0.99799,0.02997,0.0155
1596176340.8181398,B2062917,0.04144,-0.03723,-0.99799,0.03021,0.0155
1596176340.823461,B2062922,0.04144,-0.03711,-0.99799,0.03046,0.0155
1596176340.8294709,B2062928,0.04138,-0.03699,-0.99799,0.03064,0.0155
1596176340.83534,B2062934,0.04138,-0.03687,-0.99799,0.03082,0.0155
1596176340.839699,B2062939,0.04138,-0.03680,-0.99799,0.03101,0.0155
1596176340.845332,B2062944,0.04138,-0.03668,-0.99799,0.03119,0.0155
1596176340.852601,B2062949,0.04138,-0.03656,-0.99799,0.03131,0.0155
1596176340.8561542,B2062955,0.04138,-0.03638,-0.99799,0.03143,0.0155
1596176340.861276,B2062960,0.04138,-0.03619,-0.99799,0.03149,0.0155
1596176340.866024,B2062965,0.04138,-0.03601,-0.99799,0.03156,0.0155
1596176340.872401,B2062970,0.04138,-0.03577,-0.99799,0.03162,0.0154
1596176340.8763862,B2062975,0.04138,-0.03552,-0.99799,0.03162,0.0154
1596176340.8808699,B2062980,0.04138,-0.03528,-0.99805,0.03168,0.0154
1596176340.886071,B2062985,0.04144,-0.03503,-0.99805,0.03168,0.0154
1596176340.8908942,B2062990,0.04144,-0.03479,-0.99805,0.03162,0.0154
1596176340.8967779,B2062995,0.04144,-0.03455,-0.99805,0.03162,0.0154
1596176340.9013062,B2063000,0.04144,-0.03430,-0.99805,0.03156,0.0154
1596176340.9072242,B2063006,0.04150,-0.03406,-0.99805,0.03149,0.0154
1596176340.9115891,B2063011,0.04150,-0.03381,-0.99805,0.03143,0.0154
1596176340.9170618,B2063016,0.04156,-0.03363,-0.99811,0.03137,0.0154
1596176340.921945,B2063021,0.04156,-0.03345,-0.99811,0.03131,0.0154
1596176340.927992,B2063026,0.04163,-0.03326,-0.99811,0.03125,0.0154
1596176340.9321432,B2063031,0.04163,-0.03314,-0.99811,0.03119,0.0154
1596176340.938166,B2063036,0.04169,-0.03308,-0.99811,0.03113,0.0154
1596176340.942463,B2063041,0.04169,-0.03296,-0.99811,0.03107,0.0154
1596176340.947814,B2063047,0.04175,-0.03290,-0.99811,0.03107,0.0154
1596176340.952977,B2063052,0.04187,-0.03290,-0.99811,0.03094,0.0154
1596176340.958109,B2063057,0.04193,-0.03290,-0.99811,0.03094,0.0154
1596176340.964155,B2063062,0.04205,-0.03290,-0.99811,0.03088,0.0154
1596176340.969789,B2063068,0.04211,-0.03296,-0.99811,0.03088,0.0154
1596176340.974581,B2063073,0.04224,-0.03302,-0.99811,0.03088,0.0154
1596176340.9802308,B2063079,0.04236,-0.03314,-0.99805,0.03088,0.0154
1596176340.986994,B2063085,0.04248,-0.03320,-0.99805,0.03094,0.0154
1596176340.9915898,B2063090,0.04254,-0.03333,-0.99805,0.03094,0.0154
1596176340.996464,B2063095,0.04266,-0.03351,-0.99805,0.03101,0.0154
1596176341.0017762,B2063100,0.04279,-0.03363,-0.99805,0.03101,0.0155
1596176341.006647,B2063105,0.04291,-0.03375,-0.99805,0.03107,0.0154
1596176341.0126688,B2063110,0.04297,-0.03387,-0.99799,0.03113,0.0154
1596176341.01747,B2063116,0.04309,-0.03406,-0.99799,0.03119,0.0154
1596176341.0214322,B2063121,0.04315,-0.03418,-0.99799,0.03125,0.0154
1596176341.026809,B2063126,0.04327,-0.03430,-0.99799,0.03137,0.0154
1596176341.031872,B2063131,0.04340,-0.03442,-0.99799,0.03137,0.0154
1596176341.037709,B2063136,0.04346,-0.03455,-0.99799,0.03143,0.0154
1596176341.0444171,B2063141,0.04358,-0.03467,-0.99792,0.03149,0.0154
1596176341.048704,B2063146,0.04370,-0.03491,-0.99792,0.03162,0.0154
1596176341.052459,B2063151,0.04376,-0.03510,-0.99792,0.03162,0.0154
1596176341.057248,B2063157,0.04382,-0.03522,-0.99792,0.03162,0.0154
1596176341.062176,B2063161,0.04388,-0.03534,-0.99792,0.03162,0.0154
1596176341.0673778,B2063167,0.04395,-0.03558,-0.99792,0.03162,0.0154
1596176341.072383,B2063172,0.04395,-0.03571,-0.99792,0.03156,0.0154
1596176341.0775082,B2063177,0.04401,-0.03589,-0.99786,0.03149,0.0153
1596176341.0826292,B2063182,0.04401,-0.03613,-0.99786,0.03149,0.0153
1596176341.087393,B2063187,0.04407,-0.03632,-0.99786,0.03143,0.0153
1596176341.0927548,B2063192,0.04407,-0.03650,-0.99786,0.03137,0.0153
1596176341.097288,B2063197,0.04407,-0.03674,-0.99786,0.03131,0.0153
1596176341.102689,B2063202,0.04407,-0.03699,-0.99786,0.03119,0.0153
1596176341.108314,B2063207,0.04401,-0.03723,-0.99786,0.03113,0.0153
1596176341.113991,B2063212,0.04401,-0.03748,-0.99786,0.03107,0.0153
1596176341.117648,B2063217,0.04395,-0.03772,-0.99786,0.03101,0.0153
1596176341.123622,B2063222,0.04388,-0.03802,-0.99786,0.03088,0.0153
1596176341.128764,B2063228,0.04382,-0.03833,-0.99780,0.03082,0.0153
1596176341.134185,B2063233,0.04370,-0.03864,-0.99780,0.03070,0.0153
1596176341.140074,B2063239,0.04358,-0.03900,-0.99780,0.03064,0.0153
1596176341.144819,B2063244,0.04346,-0.03943,-0.99780,0.03052,0.0153
1596176341.150208,B2063249,0.04340,-0.03979,-0.99780,0.03046,0.0153
1596176341.156357,B2063255,0.04327,-0.04022,-0.99780,0.03040,0.0153
1596176341.1613069,B2063260,0.04315,-0.04071,-0.99780,0.03027,0.0153
1596176341.167179,B2063265,0.04297,-0.04120,-0.99774,0.03021,0.0152
1596176341.1729438,B2063270,0.04285,-0.04169,-0.99774,0.03009,0.0152
1596176341.176258,B2063276,0.04266,-0.04218,-0.99774,0.03003,0.0152
1596176341.181959,B2063281,0.04254,-0.04266,-0.99774,0.02997,0.0152
1596176341.1862988,B2063286,0.04236,-0.04315,-0.99774,0.02997,0.0152
1596176341.19231,B2063291,0.04218,-0.04358,-0.99768,0.02991,0.0152
1596176341.197762,B2063296,0.04193,-0.04401,-0.99768,0.02991,0.0152
1596176341.2021341,B2063301,0.04181,-0.04431,-0.99768,0.02991,0.0152
1596176341.2082088,B2063306,0.04156,-0.04456,-0.99768,0.02991,0.0152
1596176341.2131572,B2063311,0.04144,-0.04468,-0.99768,0.02991,0.0152
1596176341.217241,B2063316,0.04126,-0.04474,-0.99768,0.02991,0.0152
1596176341.22242,B2063322,0.04108,-0.04480,-0.99768,0.02991,0.0152
1596176341.227231,B2063327,0.04065,-0.04498,-0.99774,0.02991,0.0152
1596176341.232398,B2063332,0.04034,-0.04523,-0.99774,0.02991,0.0152
1596176341.23741,B2063337,0.04004,-0.04553,-0.99774,0.02985,0.0152
1596176341.242372,B2063342,0.03967,-0.04596,-0.99768,0.02979,0.0152
1596176341.248429,B2063347,0.03931,-0.04639,-0.99768,0.02972,0.0152
1596176341.252713,B2063352,0.03894,-0.04675,-0.99768,0.02960,0.0152
1596176341.2586071,B2063357,0.03864,-0.04712,-0.99768,0.02948,0.0152
1596176341.263407,B2063362,0.03821,-0.04749,-0.99768,0.02930,0.0152
1596176341.268078,B2063367,0.03784,-0.04785,-0.99774,0.02911,0.0152
1596176341.273194,B2063372,0.03748,-0.04822,-0.99774,0.02887,0.0152
1596176341.278334,B2063378,0.03711,-0.04858,-0.99774,0.02856,0.0152
1596176341.283869,B2063383,0.03662,-0.04901,-0.99774,0.02826,0.0152
1596176341.289512,B2063389,0.03619,-0.04944,-0.99774,0.02789,0.0152
1596176341.2973871,B2063394,0.03583,-0.04987,-0.99774,0.02747,0.0152
1596176341.30065,B2063400,0.03546,-0.05017,-0.99774,0.02710,0.0152
1596176341.3056781,B2063405,0.03510,-0.05042,-0.99774,0.02667,0.0152
1596176341.311184,B2063411,0.03473,-0.05072,-0.99774,0.02612,0.0152
1596176341.316319,B2063416,0.03436,-0.05084,-0.99780,0.02563,0.0152
1596176341.321478,B2063421,0.03400,-0.05103,-0.99780,0.02509,0.0152
1596176341.3284621,B2063426,0.03357,-0.05109,-0.99780,0.02454,0.0152
1596176341.332745,B2063431,0.03314,-0.05121,-0.99786,0.02405,0.0151
1596176341.3374238,B2063436,0.03223,-0.05127,-0.99792,0.02313,0.0151
1596176341.342226,B2063441,0.03174,-0.05127,-0.99792,0.02271,0.0151
1596176341.348186,B2063446,0.03131,-0.05127,-0.99792,0.02228,0.0151
1596176341.354312,B2063451,0.03076,-0.05121,-0.99799,0.02191,0.0151
1596176341.357347,B2063457,0.03033,-0.05109,-0.99799,0.02167,0.0151
1596176341.3623,B2063462,0.02985,-0.05090,-0.99805,0.02136,0.0151
1596176341.367392,B2063467,0.02948,-0.05072,-0.99805,0.02118,0.0151
1596176341.3723578,B2063472,0.02911,-0.05048,-0.99811,0.02100,0.0151
1596176341.377229,B2063477,0.02875,-0.05029,-0.99811,0.02081,0.0151
1596176341.382438,B2063482,0.02838,-0.05011,-0.99811,0.02069,0.0151
1596176341.388414,B2063487,0.02808,-0.04999,-0.99817,0.02063,0.0151
1596176341.3926852,B2063492,0.02783,-0.04987,-0.99817,0.02051,0.0151
1596176341.397331,B2063497,0.02759,-0.04980,-0.99817,0.02045,0.0150
1596176341.40269,B2063502,0.02740,-0.04974,-0.99817,0.02039,0.0150
1596176341.408489,B2063507,0.02722,-0.04974,-0.99817,0.02039,0.0150
1596176341.41238,B2063512,0.02704,-0.04968,-0.99817,0.02032,0.0150
1596176341.41749,B2063517,0.02692,-0.04968,-0.99817,0.02026,0.0150
1596176341.4222589,B2063522,0.02679,-0.04956,-0.99823,0.02014,0.0150
1596176341.4275048,B2063527,0.02667,-0.04944,-0.99823,0.02008,0.0150
1596176341.432508,B2063532,0.02661,-0.04926,-0.99823,0.01996,0.0150
1596176341.437752,B2063537,0.02655,-0.04901,-0.99823,0.01984,0.0150
1596176341.443648,B2063542,0.02649,-0.04858,-0.99829,0.01965,0.0150
1596176341.449505,B2063547,0.02643,-0.04810,-0.99829,0.01947,0.0150
1596176341.4540858,B2063553,0.02643,-0.04749,-0.99835,0.01923,0.0150
1596176341.460437,B2063559,0.02637,-0.04675,-0.99835,0.01904,0.0150
1596176341.466389,B2063564,0.02643,-0.04590,-0.99841,0.01874,0.0150
1596176341.471374,B2063570,0.02643,-0.04486,-0.99847,0.01837,0.0150
1596176341.476811,B2063576,0.02649,-0.04401,-0.99854,0.01807,0.0150
1596176341.481341,B2063581,0.02655,-0.04285,-0.99860,0.01764,0.0150
1596176341.487413,B2063586,0.02661,-0.04187,-0.99860,0.01727,0.0150
1596176341.4929779,B2063591,0.02667,-0.04083,-0.99866,0.01685,0.0150
1596176341.497612,B2063596,0.02673,-0.03900,-0.99878,0.01593,0.0150
1596176341.5038168,B2063601,0.02679,-0.03821,-0.99878,0.01550,0.0150
1596176341.508395,B2063606,0.02679,-0.03741,-0.99884,0.01501,0.0150
1596176341.512438,B2063611,0.02686,-0.03680,-0.99884,0.01453,0.0150
1596176341.517715,B2063616,0.02686,-0.03632,-0.99890,0.01410,0.0150
1596176341.524278,B2063622,0.02686,-0.03583,-0.99890,0.01367,0.0150
1596176341.527102,B2063627,0.02686,-0.03546,-0.99890,0.01324,0.0150
1596176341.532883,B2063632,0.02679,-0.03516,-0.99896,0.01282,0.0150
1596176341.537314,B2063637,0.02679,-0.03491,-0.99896,0.01245,0.0150
1596176341.5424771,B2063642,0.02673,-0.03473,-0.99896,0.01208,0.0150
1596176341.547252,B2063647,0.02667,-0.03461,-0.99896,0.01178,0.0150
1596176341.552932,B2063652,0.02667,-0.03448,-0.99896,0.01141,0.0150
1596176341.5583448,B2063657,0.02661,-0.03442,-0.99896,0.01117,0.0150
1596176341.56266,B2063662,0.02655,-0.03436,-0.99902,0.01086,0.0150
1596176341.56779,B2063667,0.02649,-0.03442,-0.99902,0.01062,0.0150
1596176341.572619,B2063672,0.02649,-0.03442,-0.99902,0.01044,0.0150
1596176341.579882,B2063678,0.02643,-0.03455,-0.99902,0.01025,0.0150
1596176341.58437,B2063683,0.02637,-0.03461,-0.99902,0.01013,0.0150
1596176341.590233,B2063689,0.02637,-0.03473,-0.99902,0.01001,0.0150
1596176341.5945332,B2063694,0.02631,-0.03485,-0.99902,0.00995,0.0150
1596176341.600496,B2063700,0.02631,-0.03503,-0.99896,0.00989,0.0150
1596176341.6052952,B2063705,0.02631,-0.03522,-0.99896,0.00989,0.0150
1596176341.611674,B2063710,0.02631,-0.03540,-0.99896,0.00989,0.0150
1596176341.616371,B2063716,0.02631,-0.03564,-0.99896,0.00995,0.0150
1596176341.6219149,B2063721,0.02631,-0.03583,-0.99896,0.01001,0.0150
1596176341.626135,B2063726,0.02631,-0.03607,-0.99896,0.01013,0.0149
1596176341.631474,B2063731,0.02637,-0.03632,-0.99896,0.01025,0.0150
1596176341.6365619,B2063736,0.02637,-0.03662,-0.99890,0.01044,0.0149
1596176341.641345,B2063741,0.02637,-0.03680,-0.99890,0.01062,0.0149
1596176341.646691,B2063746,0.02643,-0.03705,-0.99890,0.01080,0.0149
1596176341.6513438,B2063751,0.02649,-0.03729,-0.99890,0.01099,0.0149
1596176341.6566532,B2063756,0.02649,-0.03754,-0.99890,0.01117,0.0149
1596176341.6617138,B2063761,0.02661,-0.03772,-0.99884,0.01135,0.0149
1596176341.66665,B2063766,0.02667,-0.03790,-0.99884,0.01160,0.0149
1596176341.6720471,B2063771,0.02673,-0.03809,-0.99884,0.01178,0.0149
1596176341.6769931,B2063777,0.02692,-0.03839,-0.99884,0.01215,0.0149
1596176341.682116,B2063782,0.02704,-0.03857,-0.99884,0.01239,0.0149
1596176341.68727,B2063787,0.02710,-0.03864,-0.99878,0.01257,0.0149
1596176341.693578,B2063792,0.02722,-0.03876,-0.99878,0.01276,0.0149
1596176341.69741,B2063797,0.02734,-0.03888,-0.99878,0.01288,0.0150
1596176341.70282,B2063802,0.02747,-0.03894,-0.99878,0.01306,0.0149
1596176341.708267,B2063807,0.02753,-0.03900,-0.99878,0.01318,0.0149
1596176341.7127612,B2063812,0.02765,-0.03906,-0.99878,0.01337,0.0149
1596176341.719967,B2063818,0.02771,-0.03912,-0.99878,0.01349,0.0149
1596176341.723778,B2063823,0.02783,-0.03912,-0.99878,0.01355,0.0149
1596176341.7294312,B2063829,0.02789,-0.03918,-0.99878,0.01367,0.0149
1596176341.734804,B2063834,0.02802,-0.03918,-0.99872,0.01373,0.0149
1596176341.740578,B2063840,0.02814,-0.03918,-0.99872,0.01373,0.0149
1596176341.7467918,B2063845,0.02826,-0.03918,-0.99872,0.01373,0.0149
1596176341.752518,B2063851,0.02838,-0.03918,-0.99872,0.01373,0.0149
1596176341.7562099,B2063856,0.02850,-0.03925,-0.99872,0.01367,0.0149
1596176341.762306,B2063861,0.02869,-0.03931,-0.99872,0.01361,0.0149
1596176341.7675369,B2063867,0.02899,-0.03949,-0.99872,0.01343,0.0149
1596176341.772768,B2063872,0.02917,-0.03961,-0.99872,0.01331,0.0149
1596176341.777368,B2063877,0.02930,-0.03973,-0.99872,0.01318,0.0149
1596176341.7834601,B2063882,0.02948,-0.03986,-0.99866,0.01306,0.0149
1596176341.7871318,B2063887,0.02966,-0.03998,-0.99866,0.01288,0.0149
1596176341.7984798,B2063892,0.02979,-0.04004,-0.99866,0.01270,0.0149
1596176341.798667,B2063897,0.02997,-0.04016,-0.99866,0.01257,0.0149
1596176341.8026009,B2063902,0.03009,-0.04022,-0.99866,0.01239,0.0149
1596176341.8073559,B2063907,0.03027,-0.04034,-0.99866,0.01221,0.0149
1596176341.8128881,B2063912,0.03040,-0.04034,-0.99866,0.01202,0.0149
1596176341.817418,B2063917,0.03058,-0.04034,-0.99866,0.01184,0.0149
1596176341.822807,B2063922,0.03082,-0.04028,-0.99866,0.01166,0.0148
1596176341.828346,B2063928,0.03113,-0.04010,-0.99866,0.01147,0.0148
1596176341.8332858,B2063933,0.03149,-0.03986,-0.99866,0.01123,0.0148
1596176341.838811,B2063939,0.03192,-0.03949,-0.99866,0.01099,0.0148
1596176341.844507,B2063944,0.03241,-0.03912,-0.99866,0.01080,0.0148
1596176341.851569,B2063950,0.03290,-0.03882,-0.99866,0.01056,0.0148
1596176341.855613,B2063955,0.03320,-0.03870,-0.99866,0.01038,0.0148
1596176341.860574,B2063960,0.03357,-0.03870,-0.99866,0.01019,0.0148
1596176341.86576,B2063965,0.03387,-0.03888,-0.99860,0.01001,0.0148
1596176341.870901,B2063971,0.03412,-0.03918,-0.99860,0.00983,0.0148
1596176341.876441,B2063976,0.03442,-0.03955,-0.99860,0.00970,0.0148
1596176341.881353,B2063981,0.03473,-0.03992,-0.99854,0.00958,0.0148
1596176341.885964,B2063986,0.03503,-0.04034,-0.99854,0.00946,0.0148
1596176341.892401,B2063991,0.03534,-0.04077,-0.99847,0.00940,0.0148
1596176341.896717,B2063996,0.03571,-0.04132,-0.99847,0.00928,0.0148
1596176341.901839,B2064001,0.03595,-0.04187,-0.99841,0.00916,0.0148
1596176341.907179,B2064006,0.03619,-0.04254,-0.99841,0.00903,0.0148
1596176341.912404,B2064012,0.03644,-0.04388,-0.99835,0.00885,0.0148
1596176341.917231,B2064017,0.03656,-0.04443,-0.99829,0.00873,0.0148
1596176341.9221172,B2064022,0.03668,-0.04504,-0.99829,0.00854,0.0148
1596176341.9268732,B2064027,0.03680,-0.04541,-0.99823,0.00836,0.0148
1596176341.934537,B2064032,0.03693,-0.04565,-0.99823,0.00812,0.0148
1596176341.937206,B2064037,0.03705,-0.04584,-0.99823,0.00787,0.0148
1596176341.942327,B2064042,0.03723,-0.04584,-0.99823,0.00757,0.0148
1596176341.947517,B2064047,0.03735,-0.04590,-0.99823,0.00726,0.0148
1596176341.952676,B2064052,0.03741,-0.04590,-0.99823,0.00690,0.0148
1596176341.958039,B2064057,0.03748,-0.04602,-0.99823,0.00659,0.0148
1596176341.96336,B2064063,0.03741,-0.04620,-0.99823,0.00623,0.0148
1596176341.9693398,B2064068,0.03735,-0.04639,-0.99823,0.00586,0.0148
1596176341.973134,B2064073,0.03723,-0.04669,-0.99817,0.00555,0.0148
1596176341.9787269,B2064079,0.03711,-0.04706,-0.99817,0.00525,0.0148
1596176341.984214,B2064084,0.03699,-0.04742,-0.99817,0.00488,0.0148
1596176341.9905448,B2064090,0.03693,-0.04779,-0.99817,0.00458,0.0148
1596176341.997182,B2064095,0.03687,-0.04810,-0.99817,0.00427,0.0148
1596176342.00105,B2064100,0.03687,-0.04840,-0.99817,0.00397,0.0148
1596176342.006058,B2064105,0.03687,-0.04858,-0.99811,0.00360,0.0148
1596176342.011719,B2064111,0.03693,-0.04877,-0.99811,0.00330,0.0148
1596176342.016343,B2064116,0.03705,-0.04883,-0.99811,0.00299,0.0148
1596176342.0221188,B2064121,0.03717,-0.04883,-0.99811,0.00269,0.0148
1596176342.026191,B2064126,0.03729,-0.04871,-0.99811,0.00232,0.0148
1596176342.031502,B2064132,0.03754,-0.04858,-0.99811,0.00201,0.0148
1596176342.037597,B2064137,0.03796,-0.04822,-0.99811,0.00134,0.0148
1596176342.0417469,B2064142,0.03827,-0.04797,-0.99811,0.00104,0.0148
1596176342.046999,B2064147,0.03857,-0.04773,-0.99811,0.00067,0.0148
1596176342.0520902,B2064152,0.03888,-0.04742,-0.99811,0.00037,0.0148
1596176342.05711,B2064157,0.03918,-0.04712,-0.99811,0.00000,0.0148
1596176342.0621262,B2064162,-0.03955,0.04669,0.99811,0.00031,0.0148
1596176342.0676339,B2064167,-0.03986,0.04633,0.99811,0.00067,0.0148
1596176342.072381,B2064172,-0.04016,0.04590,0.99811,0.00098,0.0147
1596176342.0772638,B2064177,-0.04047,0.04547,0.99817,0.00134,0.0147
1596176342.083137,B2064183,-0.04077,0.04492,0.99817,0.00171,0.0147
1596176342.088633,B2064189,-0.04108,0.04443,0.99817,0.00201,0.0148
1596176342.094052,B2064194,-0.04138,0.04388,0.99817,0.00238,0.0148
1596176342.09917,B2064199,-0.04163,0.04340,0.99817,0.00269,0.0148
1596176342.106307,B2064205,-0.04193,0.04285,0.99817,0.00299,0.0148
1596176342.1102872,B2064210,-0.04224,0.04236,0.99823,0.00336,0.0148
1596176342.114791,B2064215,-0.04254,0.04187,0.99823,0.00366,0.0147
1596176342.120736,B2064220,-0.04285,0.04144,0.99823,0.00397,0.0147
1596176342.1251671,B2064225,-0.04315,0.04095,0.99823,0.00433,0.0147
1596176342.130357,B2064230,-0.04346,0.04053,0.99823,0.00464,0.0147
1596176342.135351,B2064235,-0.04376,0.04016,0.99823,0.00494,0.0147
1596176342.140741,B2064240,-0.04401,0.03986,0.99823,0.00525,0.0147
1596176342.14575,B2064246,-0.04425,0.03961,0.99823,0.00549,0.0147
1596176342.152307,B2064251,-0.04449,0.03931,0.99823,0.00580,0.0147
1596176342.156845,B2064256,-0.04474,0.03906,0.99823,0.00604,0.0147
1596176342.160893,B2064261,-0.04492,0.03888,0.99823,0.00623,0.0147
1596176342.166262,B2064266,-0.04517,0.03876,0.99823,0.00641,0.0147
1596176342.1713622,B2064271,-0.04529,0.03857,0.99823,0.00659,0.0147
1596176342.176215,B2064276,-0.04541,0.03845,0.99823,0.00665,0.0147
1596176342.181056,B2064281,-0.04547,0.03839,0.99823,0.00677,0.0147
1596176342.186198,B2064286,-0.04553,0.03833,0.99823,0.00677,0.0147
1596176342.1920772,B2064292,-0.04553,0.03821,0.99823,0.00677,0.0147
1596176342.19665,B2064297,-0.04553,0.03815,0.99823,0.00677,0.0147
1596176342.2026088,B2064302,-0.04535,0.03809,0.99823,0.00653,0.0147
1596176342.2066739,B2064307,-0.04529,0.03802,0.99823,0.00635,0.0147
1596176342.2121868,B2064312,-0.04510,0.03802,0.99823,0.00610,0.0147
1596176342.216811,B2064317,-0.04498,0.03809,0.99823,0.00586,0.0147
1596176342.221992,B2064322,-0.04480,0.03809,0.99823,0.00555,0.0147
1596176342.2269561,B2064327,-0.04456,0.03809,0.99829,0.00519,0.0147
1596176342.236402,B2064332,-0.04431,0.03815,0.99829,0.00482,0.0147
1596176342.238513,B2064337,-0.04407,0.03821,0.99829,0.00439,0.0147
1596176342.242579,B2064342,-0.04376,0.03827,0.99829,0.00391,0.0147
1596176342.247252,B2064347,-0.04346,0.03833,0.99829,0.00348,0.0147
1596176342.2521,B2064352,-0.04309,0.03833,0.99835,0.00287,0.0147
1596176342.257364,B2064357,-0.04279,0.03833,0.99835,0.00232,0.0147
1596176342.263325,B2064363,-0.04242,0.03833,0.99835,0.00165,0.0147
1596176342.268668,B2064369,-0.04205,0.03827,0.99835,0.00104,0.0147
1596176342.2740889,B2064374,-0.04169,0.03821,0.99841,0.00031,0.0147
1596176342.279362,B2064379,0.04138,-0.03809,-0.99841,0.00037,0.0147
1596176342.285992,B2064385,0.04108,-0.03802,-0.99841,0.00116,0.0147
1596176342.289709,B2064390,0.04071,-0.03790,-0.99847,0.00195,0.0147
1596176342.2947872,B2064395,0.04041,-0.03778,-0.99847,0.00275,0.0147
1596176342.3002088,B2064400,0.04010,-0.03766,-0.99847,0.00360,0.0147
1596176342.305711,B2064405,0.03986,-0.03754,-0.99847,0.00446,0.0147
1596176342.310121,B2064410,0.03955,-0.03748,-0.99847,0.00543,0.0147
1596176342.316385,B2064416,0.03925,-0.03741,-0.99854,0.00641,0.0147
1596176342.32125,B2064421,0.03906,-0.03735,-0.99854,0.00726,0.0147
1596176342.325839,B2064426,0.03882,-0.03729,-0.99854,0.00830,0.0147
1596176342.331232,B2064431,0.03864,-0.03729,-0.99854,0.00922,0.0147
1596176342.336144,B2064436,0.03845,-0.03735,-0.99854,0.01019,0.0147
1596176342.340849,B2064441,0.03833,-0.03741,-0.99847,0.01111,0.0147
1596176342.3459682,B2064446,0.03821,-0.03754,-0.99847,0.01215,0.0147
1596176342.351146,B2064451,0.03815,-0.03772,-0.99847,0.01312,0.0147
1596176342.3566809,B2064457,0.03809,-0.03796,-0.99847,0.01410,0.0147
1596176342.362462,B2064462,0.03809,-0.03815,-0.99841,0.01495,0.0147
1596176342.366743,B2064467,0.03809,-0.03845,-0.99841,0.01599,0.0147
1596176342.3717928,B2064472,0.03809,-0.03918,-0.99835,0.01782,0.0147
1596176342.3768919,B2064477,0.03815,-0.03955,-0.99829,0.01874,0.0147
1596176342.3820438,B2064482,0.03815,-0.03992,-0.99829,0.01959,0.0147
1596176342.389908,B2064488,0.03821,-0.04028,-0.99823,0.02039,0.0147
1596176342.3937411,B2064494,0.03827,-0.04059,-0.99823,0.02112,0.0147
1596176342.40094,B2064499,0.03833,-0.04083,-0.99817,0.02191,0.0147
1596176342.404961,B2064504,0.03851,-0.04102,-0.99817,0.02271,0.0147
1596176342.409386,B2064510,0.03870,-0.04102,-0.99811,0.02338,0.0147
1596176342.414818,B2064515,0.03888,-0.04102,-0.99811,0.02405,0.0147
1596176342.420138,B2064520,0.03906,-0.04095,-0.99811,0.02478,0.0147
1596176342.42541,B2064525,0.03925,-0.04089,-0.99805,0.02551,0.0147
1596176342.43051,B2064531,0.03937,-0.04095,-0.99805,0.02612,0.0147
1596176342.435308,B2064536,0.03943,-0.04102,-0.99805,0.02679,0.0147
1596176342.440397,B2064541,0.03955,-0.04108,-0.99799,0.02734,0.0147
1596176342.445469,B2064546,0.03967,-0.04114,-0.99799,0.02802,0.0147
1596176342.450793,B2064551,0.03986,-0.04120,-0.99792,0.02856,0.0147
1596176342.4568682,B2064556,0.03998,-0.04126,-0.99792,0.02924,0.0147
1596176342.461038,B2064561,0.04010,-0.04144,-0.99786,0.02972,0.0147
1596176342.4662552,B2064566,0.04022,-0.04175,-0.99786,0.03021,0.0147
1596176342.4713469,B2064571,0.04028,-0.04218,-0.99780,0.03070,0.0147
1596176342.4768891,B2064577,0.04028,-0.04272,-0.99780,0.03107,0.0147
1596176342.481545,B2064582,0.04034,-0.04333,-0.99774,0.03143,0.0147
1596176342.486654,B2064587,0.04041,-0.04468,-0.99768,0.03204,0.0147
1596176342.491593,B2064592,0.04053,-0.04529,-0.99762,0.03223,0.0147
1596176342.496502,B2064597,0.04065,-0.04578,-0.99762,0.03241,0.0147
1596176342.503031,B2064602,0.04083,-0.04633,-0.99756,0.03247,0.0147
1596176342.50664,B2064607,0.04102,-0.04669,-0.99756,0.03253,0.0147
1596176342.511457,B2064612,0.04120,-0.04706,-0.99750,0.03253,0.0147
1596176342.51659,B2064617,0.04138,-0.04736,-0.99750,0.03253,0.0147
1596176342.522123,B2064622,0.04163,-0.04773,-0.99744,0.03253,0.0147
1596176342.527402,B2064627,0.04187,-0.04810,-0.99744,0.03259,0.0147
1596176342.5320802,B2064632,0.04211,-0.04852,-0.99738,0.03259,0.0147
1596176342.5383732,B2064637,0.04236,-0.04889,-0.99738,0.03265,0.0147
1596176342.5424519,B2064642,0.04260,-0.04932,-0.99731,0.03271,0.0147
1596176342.547828,B2064647,0.04291,-0.04974,-0.99731,0.03278,0.0147
1596176342.552544,B2064653,0.04321,-0.05005,-0.99725,0.03290,0.0147
1596176342.5572731,B2064658,0.04352,-0.05029,-0.99725,0.03302,0.0147
1596176342.5626738,B2064663,0.04388,-0.05054,-0.99719,0.03314,0.0147
1596176342.567729,B2064668,0.04425,-0.05066,-0.99719,0.03326,0.0147
1596176342.574096,B2064674,0.04462,-0.05078,-0.99713,0.03339,0.0147
1596176342.5793312,B2064679,0.04498,-0.05084,-0.99713,0.03351,0.0147
1596176342.584522,B2064684,0.04535,-0.05078,-0.99713,0.03363,0.0147
1596176342.589267,B2064690,0.04572,-0.05072,-0.99707,0.03369,0.0147
1596176342.594665,B2064695,0.04602,-0.05060,-0.99707,0.03375,0.0147
1596176342.600393,B2064700,0.04633,-0.05042,-0.99707,0.03381,0.0147
1596176342.604886,B2064705,0.04663,-0.05017,-0.99707,0.03387,0.0147
1596176342.610328,B2064711,0.04687,-0.04993,-0.99707,0.03387,0.0147
1596176342.616342,B2064716,0.04712,-0.04956,-0.99707,0.03381,0.0147
1596176342.620258,B2064721,0.04730,-0.04926,-0.99707,0.03381,0.0147
1596176342.626539,B2064726,0.04749,-0.04883,-0.99713,0.03369,0.0147
1596176342.6309602,B2064731,0.04761,-0.04852,-0.99713,0.03363,0.0147
1596176342.635974,B2064736,0.04767,-0.04803,-0.99713,0.03357,0.0147
1596176342.640812,B2064741,0.04773,-0.04773,-0.99713,0.03351,0.0147
1596176342.6467168,B2064747,0.04773,-0.04730,-0.99719,0.03339,0.0147
1596176342.651414,B2064752,0.04773,-0.04694,-0.99719,0.03326,0.0147
1596176342.6578681,B2064757,0.04767,-0.04657,-0.99725,0.03314,0.0147
1596176342.662179,B2064762,0.04742,-0.04590,-0.99725,0.03290,0.0147
1596176342.668031,B2064767,0.04724,-0.04559,-0.99731,0.03278,0.0147
1596176342.6717582,B2064772,0.04712,-0.04529,-0.99731,0.03271,0.0147
1596176342.6769438,B2064777,0.04694,-0.04504,-0.99738,0.03265,0.0147
1596176342.682231,B2064782,0.04669,-0.04474,-0.99738,0.03259,0.0147
1596176342.687823,B2064788,0.04645,-0.04449,-0.99738,0.03253,0.0147
1596176342.692359,B2064793,0.04620,-0.04431,-0.99744,0.03253,0.0147
1596176342.6974232,B2064798,0.04596,-0.04407,-0.99744,0.03253,0.0147
1596176342.7029278,B2064803,0.04559,-0.04388,-0.99744,0.03253,0.0147
1596176342.7085388,B2064809,0.04529,-0.04370,-0.99750,0.03259,0.0147
1596176342.7142751,B2064814,0.04498,-0.04352,-0.99750,0.03265,0.0147
1596176342.721094,B2064819,0.04474,-0.04340,-0.99750,0.03278,0.0147
1596176342.724098,B2064825,0.04437,-0.04321,-0.99756,0.03284,0.0147
1596176342.729602,B2064830,0.04413,-0.04309,-0.99756,0.03296,0.0147
1596176342.7379289,B2064835,0.04382,-0.04297,-0.99756,0.03308,0.0147
1596176342.740129,B2064841,0.04352,-0.04291,-0.99756,0.03320,0.0147
1596176342.7452369,B2064846,0.04321,-0.04285,-0.99756,0.03333,0.0147
1596176342.7514062,B2064851,0.04297,-0.04285,-0.99762,0.03351,0.0147
1596176342.755928,B2064856,0.04279,-0.04285,-0.99762,0.03363,0.0147
1596176342.7611258,B2064861,0.04254,-0.04291,-0.99762,0.03381,0.0146
1596176342.766412,B2064866,0.04236,-0.04297,-0.99762,0.03394,0.0146
1596176342.770993,B2064872,0.04218,-0.04309,-0.99762,0.03412,0.0147
1596176342.776386,B2064877,0.04199,-0.04315,-0.99762,0.03424,0.0146
1596176342.781148,B2064882,0.04187,-0.04327,-0.99762,0.03442,0.0147
1596176342.7870562,B2064887,0.04181,-0.04340,-0.99756,0.03461,0.0146
1596176342.793047,B2064892,0.04169,-0.04364,-0.99756,0.03491,0.0146
1596176342.7968981,B2064897,0.04169,-0.04382,-0.99756,0.03503,0.0146
1596176342.804364,B2064902,0.04169,-0.04407,-0.99756,0.03516,0.0146
1596176342.807059,B2064907,0.04175,-0.04425,-0.99750,0.03534,0.0146
1596176342.813174,B2064913,0.04187,-0.04443,-0.99750,0.03540,0.0146
1596176342.817725,B2064918,0.04193,-0.04468,-0.99750,0.03552,0.0146
1596176342.823504,B2064924,0.04205,-0.04486,-0.99750,0.03558,0.0146
1596176342.8288488,B2064929,0.04224,-0.04510,-0.99744,0.03564,0.0146
1596176342.8349419,B2064935,0.04242,-0.04529,-0.99744,0.03571,0.0146
1596176342.8397849,B2064940,0.04266,-0.04547,-0.99744,0.03571,0.0146
1596176342.8448262,B2064946,0.04285,-0.04565,-0.99738,0.03571,0.0146
1596176342.8502269,B2064951,0.04315,-0.04584,-0.99738,0.03564,0.0146
1596176342.856082,B2064956,0.04346,-0.04596,-0.99738,0.03552,0.0146
1596176342.860747,B2064962,0.04376,-0.04614,-0.99738,0.03540,0.0146
1596176342.865799,B2064967,0.04413,-0.04626,-0.99731,0.03522,0.0146
1596176342.871098,B2064972,0.04443,-0.04645,-0.99731,0.03503,0.0146
1596176342.876346,B2064977,0.04480,-0.04663,-0.99731,0.03479,0.0146
1596176342.88095,B2064982,0.04517,-0.04681,-0.99731,0.03455,0.0146
1596176342.886174,B2064987,0.04553,-0.04700,-0.99725,0.03424,0.0146
1596176342.891358,B2064992,0.04584,-0.04730,-0.99725,0.03394,0.0146
1596176342.8970702,B2064997,0.04620,-0.04755,-0.99725,0.03357,0.0146
1596176342.902761,B2065002,0.04681,-0.04828,-0.99719,0.03284,0.0146
1596176342.906291,B2065007,0.04706,-0.04865,-0.99719,0.03247,0.0146
1596176342.912698,B2065012,0.04730,-0.04907,-0.99713,0.03204,0.0146
1596176342.9166532,B2065017,0.04761,-0.04950,-0.99713,0.03162,0.0146
1596176342.922694,B2065022,0.04785,-0.04987,-0.99713,0.03119,0.0146
1596176342.927361,B2065027,0.04810,-0.05017,-0.99713,0.03076,0.0146
1596176342.932214,B2065032,0.04840,-0.05035,-0.99707,0.03033,0.0146
1596176342.9366798,B2065037,0.04877,-0.05042,-0.99707,0.02979,0.0145
1596176342.9419,B2065042,0.04926,-0.05035,-0.99707,0.02930,0.0145
1596176342.9470878,B2065048,0.04974,-0.05017,-0.99707,0.02875,0.0146
1596176342.952745,B2065053,0.05017,-0.04999,-0.99707,0.02820,0.0146
1596176342.9568331,B2065058,0.05060,-0.04987,-0.99707,0.02771,0.0146
1596176342.9629052,B2065063,0.05096,-0.04993,-0.99707,0.02716,0.0146
1596176342.969049,B2065069,0.05121,-0.05011,-0.99707,0.02667,0.0146
1596176342.9738722,B2065074,0.05145,-0.05042,-0.99707,0.02606,0.0146
1596176342.97901,B2065079,0.05170,-0.05072,-0.99707,0.02551,0.0146
1596176342.984333,B2065085,0.05194,-0.05109,-0.99701,0.02496,0.0146
1596176342.989575,B2065090,0.05225,-0.05139,-0.99701,0.02441,0.0146
1596176342.994913,B2065095,0.05255,-0.05170,-0.99701,0.02386,0.0146
1596176343.000059,B2065101,0.05280,-0.05206,-0.99695,0.02338,0.0146
1596176343.0050151,B2065106,0.05298,-0.05249,-0.99695,0.02283,0.0146
1596176343.0103319,B2065111,0.05310,-0.05298,-0.99695,0.02222,0.0146
1596176343.015937,B2065116,0.05310,-0.05347,-0.99695,0.02167,0.0146
1596176343.020818,B2065122,0.05298,-0.05396,-0.99689,0.02112,0.0146
1596176343.025829,B2065127,0.05280,-0.05487,-0.99689,0.02008,0.0146
1596176343.031165,B2065132,0.05267,-0.05518,-0.99689,0.01947,0.0146
1596176343.036569,B2065137,0.05255,-0.05542,-0.99689,0.01898,0.0146
1596176343.041157,B2065142,0.05243,-0.05554,-0.99689,0.01831,0.0146
1596176343.04634,B2065147,0.05231,-0.05573,-0.99695,0.01776,0.0146
1596176343.052534,B2065152,0.05212,-0.05585,-0.99695,0.01715,0.0146
1596176343.056664,B2065157,0.05200,-0.05609,-0.99695,0.01660,0.0146
1596176343.061641,B2065162,0.05176,-0.05646,-0.99695,0.01599,0.0146
1596176343.066448,B2065167,0.05145,-0.05688,-0.99695,0.01544,0.0146
1596176343.0730612,B2065172,0.05109,-0.05743,-0.99695,0.01495,0.0146
1596176343.0763452,B2065177,0.05072,-0.05798,-0.99695,0.01447,0.0146
1596176343.0816908,B2065182,0.05023,-0.05865,-0.99689,0.01398,0.0146
1596176343.087391,B2065187,0.04980,-0.05927,-0.99689,0.01355,0.0146
1596176343.091914,B2065193,0.04938,-0.05981,-0.99689,0.01324,0.0146
1596176343.097488,B2065198,0.04889,-0.06030,-0.99689,0.01288,0.0146
1596176343.1018722,B2065203,0.04840,-0.06067,-0.99689,0.01257,0.0146
1596176343.107967,B2065208,0.04803,-0.06097,-0.99689,0.01233,0.0146
1596176343.113421,B2065214,0.04767,-0.06110,-0.99695,0.01215,0.0146
1596176343.120126,B2065219,0.04736,-0.06110,-0.99695,0.01196,0.0146
1596176343.123713,B2065225,0.04706,-0.06104,-0.99695,0.01178,0.0146
1596176343.131582,B2065230,0.04681,-0.06091,-0.99695,0.01166,0.0146
1596176343.1377,B2065235,0.04657,-0.06073,-0.99701,0.01154,0.0146
1596176343.140599,B2065241,0.04639,-0.06055,-0.99701,0.01141,0.0146
1596176343.14519,B2065246,0.04626,-0.06024,-0.99707,0.01135,0.0146
1596176343.150441,B2065251,0.04620,-0.06000,-0.99707,0.01129,0.0146
1596176343.156152,B2065256,0.04614,-0.05963,-0.99707,0.01117,0.0146
1596176343.160089,B2065261,0.04608,-0.05933,-0.99713,0.01111,0.0146
1596176343.165331,B2065266,0.04608,-0.05884,-0.99713,0.01105,0.0146
1596176343.1713548,B2065271,0.04614,-0.05835,-0.99719,0.01105,0.0146
1596176343.176794,B2065276,0.04614,-0.05786,-0.99719,0.01099,0.0146
1596176343.1805701,B2065282,0.04620,-0.05737,-0.99725,0.01093,0.0146
1596176343.1863942,B2065287,0.04620,-0.05682,-0.99725,0.01093,0.0146
1596176343.192559,B2065292,0.04626,-0.05627,-0.99731,0.01086,0.0146
1596176343.1957529,B2065297,0.04626,-0.05566,-0.99731,0.01080,0.0146
1596176343.2011971,B2065302,0.04626,-0.05511,-0.99738,0.01080,0.0146
1596176343.206302,B2065307,0.04633,-0.05396,-0.99744,0.01062,0.0146
1596176343.212748,B2065312,0.04639,-0.05347,-0.99744,0.01056,0.0146
1596176343.216564,B2065317,0.04645,-0.05292,-0.99744,0.01044,0.0146
1596176343.221419,B2065322,0.04651,-0.05237,-0.99750,0.01031,0.0146
1596176343.226708,B2065327,0.04657,-0.05194,-0.99750,0.01019,0.0146
1596176343.232652,B2065332,0.04663,-0.05151,-0.99756,0.01007,0.0146
1596176343.236732,B2065337,0.04669,-0.05109,-0.99756,0.00989,0.0146
1596176343.241955,B2065342,0.04675,-0.05066,-0.99756,0.00970,0.0146
1596176343.247942,B2065347,0.04687,-0.05023,-0.99762,0.00952,0.0146
1596176343.251461,B2065352,0.04694,-0.04987,-0.99762,0.00934,0.0146
1596176343.256426,B2065357,0.04706,-0.04956,-0.99762,0.00916,0.0146
1596176343.262351,B2065362,0.04712,-0.04919,-0.99762,0.00891,0.0146
1596176343.2674592,B2065367,0.04724,-0.04889,-0.99762,0.00867,0.0146
1596176343.2721632,B2065373,0.04736,-0.04865,-0.99768,0.00848,0.0146
1596176343.277153,B2065378,0.04742,-0.04834,-0.99768,0.00824,0.0146
1596176343.283266,B2065383,0.04749,-0.04816,-0.99768,0.00800,0.0146
1596176343.2876868,B2065388,0.04755,-0.04797,-0.99768,0.00781,0.0146
1596176343.293199,B2065394,0.04761,-0.04785,-0.99768,0.00757,0.0146
1596176343.298802,B2065400,0.04767,-0.04773,-0.99768,0.00739,0.0146
1596176343.304071,B2065405,0.04767,-0.04761,-0.99768,0.00714,0.0146
1596176343.3088472,B2065410,0.04773,-0.04761,-0.99768,0.00690,0.0146
1596176343.315304,B2065415,0.04773,-0.04755,-0.99768,0.00671,0.0146
1596176343.320016,B2065421,0.04773,-0.04761,-0.99768,0.00653,0.0147
1596176343.3258739,B2065426,0.04773,-0.04761,-0.99768,0.00629,0.0146
1596176343.332053,B2065431,0.04773,-0.04773,-0.99768,0.00610,0.0147
1596176343.338131,B2065436,0.04767,-0.04779,-0.99768,0.00592,0.0146
1596176343.3408651,B2065441,0.04755,-0.04791,-0.99768,0.00574,0.0146
1596176343.34541,B2065446,0.04742,-0.04803,-0.99768,0.00555,0.0146
1596176343.350262,B2065451,0.04724,-0.04822,-0.99768,0.00543,0.0146
1596176343.357904,B2065456,0.04706,-0.04840,-0.99768,0.00525,0.0146
1596176343.361579,B2065461,0.04687,-0.04858,-0.99768,0.00513,0.0146
1596176343.365607,B2065467,0.04669,-0.04877,-0.99768,0.00500,0.0146
1596176343.370633,B2065472,0.04645,-0.04895,-0.99768,0.00494,0.0146
1596176343.3758762,B2065477,0.04620,-0.04913,-0.99768,0.00482,0.0146
1596176343.380949,B2065482,0.04596,-0.04938,-0.99768,0.00476,0.0146
1596176343.3857012,B2065487,0.04547,-0.04980,-0.99774,0.00470,0.0146
1596176343.3913999,B2065492,0.04523,-0.05005,-0.99774,0.00476,0.0146
1596176343.397059,B2065497,0.04498,-0.05029,-0.99768,0.00476,0.0146
1596176343.4009311,B2065502,0.04468,-0.05054,-0.99768,0.00482,0.0146
1596176343.4065752,B2065507,0.04449,-0.05078,-0.99768,0.00488,0.0146
1596176343.410885,B2065512,0.04425,-0.05103,-0.99768,0.00494,0.0146
1596176343.416557,B2065517,0.04407,-0.05133,-0.99768,0.00507,0.0146
1596176343.42099,B2065522,0.04388,-0.05164,-0.99768,0.00519,0.0146
1596176343.4274392,B2065527,0.04370,-0.05200,-0.99768,0.00537,0.0146
1596176343.4331899,B2065532,0.04352,-0.05231,-0.99768,0.00555,0.0146
1596176343.4368262,B2065537,0.04340,-0.05267,-0.99768,0.00568,0.0146
1596176343.442589,B2065543,0.04327,-0.05310,-0.99762,0.00592,0.0146
1596176343.446327,B2065547,0.04321,-0.05347,-0.99762,0.00610,0.0146
1596176343.4524941,B2065553,0.04309,-0.05389,-0.99762,0.00635,0.0146
1596176343.456567,B2065558,0.04303,-0.05432,-0.99756,0.00653,0.0146
1596176343.461508,B2065563,0.04297,-0.05475,-0.99756,0.00677,0.0146
1596176343.467871,B2065568,0.04291,-0.05518,-0.99756,0.00696,0.0146
1596176343.474318,B2065574,0.04291,-0.05554,-0.99750,0.00708,0.0146
1596176343.479978,B2065580,0.04291,-0.05597,-0.99750,0.00726,0.0146
1596176343.484843,B2065586,0.04285,-0.05627,-0.99750,0.00739,0.0146
1596176343.492343,B2065591,0.04285,-0.05646,-0.99744,0.00751,0.0146
1596176343.4956841,B2065596,0.04291,-0.05652,-0.99744,0.00757,0.0145
1596176343.500458,B2065601,0.04297,-0.05646,-0.99744,0.00763,0.0146
1596176343.5062752,B2065607,0.04309,-0.05627,-0.99744,0.00763,0.0145
1596176343.511263,B2065612,0.04321,-0.05573,-0.99750,0.00775,0.0145
1596176343.516603,B2065617,0.04327,-0.05554,-0.99750,0.00775,0.0145
1596176343.52068,B2065622,0.04321,-0.05536,-0.99750,0.00775,0.0145
1596176343.526161,B2065627,0.04315,-0.05524,-0.99750,0.00775,0.0145
1596176343.532012,B2065632,0.04309,-0.05511,-0.99750,0.00775,0.0145
1596176343.536135,B2065637,0.04309,-0.05499,-0.99750,0.00769,0.0145
1596176343.541856,B2065643,0.04309,-0.05487,-0.99756,0.00769,0.0145
1596176343.5463061,B2065648,0.04309,-0.05481,-0.99756,0.00763,0.0145
1596176343.5519428,B2065653,0.04315,-0.05487,-0.99756,0.00757,0.0145
1596176343.5583801,B2065658,0.04315,-0.05499,-0.99750,0.00739,0.0145
1596176343.562912,B2065664,0.04315,-0.05524,-0.99750,0.00720,0.0145
1596176343.569036,B2065670,0.04309,-0.05566,-0.99750,0.00696,0.0145
1596176343.573556,B2065675,0.04309,-0.05603,-0.99750,0.00665,0.0145
1596176343.579255,B2065680,0.04309,-0.05640,-0.99744,0.00641,0.0145
1596176343.584748,B2065686,0.04309,-0.05676,-0.99744,0.00604,0.0145
1596176343.589591,B2065691,0.04315,-0.05707,-0.99744,0.00568,0.0145
1596176343.595934,B2065696,0.04321,-0.05737,-0.99738,0.00525,0.0145
1596176343.601084,B2065701,0.04327,-0.05756,-0.99738,0.00488,0.0146
1596176343.605414,B2065707,0.04340,-0.05774,-0.99738,0.00439,0.0146
1596176343.610352,B2065712,0.04346,-0.05792,-0.99738,0.00403,0.0146
1596176343.6168709,B2065717,0.04364,-0.05804,-0.99738,0.00366,0.0146
1596176343.620936,B2065722,0.04370,-0.05823,-0.99731,0.00336,0.0146
1596176343.62715,B2065727,0.04382,-0.05847,-0.99731,0.00305,0.0146
1596176343.63255,B2065732,0.04395,-0.05872,-0.99731,0.00287,0.0146
1596176343.637475,B2065738,0.04401,-0.05920,-0.99725,0.00256,0.0145
1596176343.6413171,B2065743,0.04407,-0.05945,-0.99725,0.00244,0.0145
1596176343.647657,B2065748,0.04413,-0.05963,-0.99725,0.00244,0.0145
1596176343.65409,B2065754,0.04425,-0.05969,-0.99725,0.00244,0.0145
1596176343.658189,B2065760,0.04437,-0.05969,-0.99725,0.00250,0.0145
1596176343.666112,B2065765,0.04449,-0.05957,-0.99725,0.00262,0.0145
1596176343.668819,B2065770,0.04468,-0.05945,-0.99725,0.00269,0.0145
1596176343.674846,B2065776,0.04480,-0.05920,-0.99725,0.00281,0.0145
1596176343.6795928,B2065781,0.04492,-0.05890,-0.99725,0.00293,0.0145
1596176343.685785,B2065786,0.04504,-0.05847,-0.99725,0.00305,0.0145
1596176343.689924,B2065791,0.04517,-0.05811,-0.99725,0.00323,0.0145
1596176343.696049,B2065796,0.04523,-0.05762,-0.99731,0.00336,0.0145
1596176343.701206,B2065802,0.04529,-0.05719,-0.99731,0.00348,0.0146
1596176343.705301,B2065807,0.04529,-0.05664,-0.99738,0.00366,0.0145
1596176343.71038,B2065812,0.04523,-0.05609,-0.99738,0.00378,0.0146
1596176343.715534,B2065817,0.04517,-0.05560,-0.99744,0.00397,0.0146
1596176343.720962,B2065822,0.04504,-0.05511,-0.99744,0.00409,0.0146
1596176343.726397,B2065827,0.04486,-0.05408,-0.99750,0.00439,0.0146
1596176343.731511,B2065832,0.04474,-0.05353,-0.99756,0.00452,0.0146
1596176343.73588,B2065837,0.04456,-0.05304,-0.99756,0.00464,0.0146
1596176343.741504,B2065842,0.04443,-0.05255,-0.99762,0.00482,0.0146
1596176343.746707,B2065848,0.04431,-0.05206,-0.99762,0.00494,0.0146
1596176343.752227,B2065853,0.04413,-0.05170,-0.99768,0.00513,0.0146
1596176343.757247,B2065858,0.04395,-0.05133,-0.99768,0.00531,0.0146
1596176343.761364,B2065863,0.04376,-0.05096,-0.99774,0.00549,0.0146
1596176343.7665658,B2065868,0.04358,-0.05072,-0.99774,0.00568,0.0146
1596176343.771926,B2065873,0.04333,-0.05054,-0.99774,0.00592,0.0146
1596176343.776882,B2065878,0.04309,-0.05048,-0.99780,0.00610,0.0146
1596176343.781806,B2065883,0.04279,-0.05035,-0.99780,0.00641,0.0146
1596176343.786509,B2065888,0.04248,-0.05035,-0.99780,0.00665,0.0146
1596176343.7917252,B2065893,0.04218,-0.05035,-0.99780,0.00696,0.0146
1596176343.796343,B2065898,0.04193,-0.05042,-0.99780,0.00720,0.0146
1596176343.801787,B2065903,0.04156,-0.05042,-0.99780,0.00757,0.0146
1596176343.8073611,B2065909,0.04126,-0.05048,-0.99786,0.00793,0.0146
1596176343.812566,B2065914,0.04095,-0.05054,-0.99786,0.00824,0.0146
1596176343.8193731,B2065920,0.04065,-0.05066,-0.99786,0.00861,0.0146
1596176343.823943,B2065925,0.04034,-0.05078,-0.99786,0.00897,0.0146
1596176343.829159,B2065930,0.04010,-0.05090,-0.99786,0.00934,0.0146
1596176343.834481,B2065936,0.03979,-0.05109,-0.99786,0.00970,0.0146
1596176343.8394492,B2065941,0.03949,-0.05127,-0.99786,0.01013,0.0146
1596176343.844306,B2065946,0.03918,-0.05151,-0.99786,0.01056,0.0147
1596176343.849824,B2065951,0.03894,-0.05182,-0.99786,0.01086,0.0147
1596176343.855668,B2065957,0.03864,-0.05212,-0.99780,0.01129,0.0147
1596176343.86082,B2065962,0.03839,-0.05243,-0.99780,0.01160,0.0147
1596176343.865063,B2065967,0.03815,-0.05286,-0.99780,0.01196,0.0147
1596176343.870034,B2065972,0.03796,-0.05322,-0.99780,0.01227,0.0147
1596176343.876736,B2065977,0.03778,-0.05371,-0.99774,0.01263,0.0147
1596176343.880162,B2065982,0.03766,-0.05414,-0.99774,0.01288,0.0147
1596176343.8861089,B2065987,0.03754,-0.05463,-0.99774,0.01318,0.0147
1596176343.890641,B2065992,0.03741,-0.05511,-0.99768,0.01349,0.0147
1596176343.896981,B2065997,0.03735,-0.05554,-0.99768,0.01373,0.0147
1596176343.900963,B2066002,0.03735,-0.05597,-0.99762,0.01392,0.0147
1596176343.906431,B2066008,0.03741,-0.05688,-0.99756,0.01434,0.0147
1596176343.912318,B2066013,0.03754,-0.05725,-0.99756,0.01447,0.0147
1596176343.917804,B2066019,0.03766,-0.05762,-0.99750,0.01465,0.0147
1596176343.924742,B2066024,0.03784,-0.05792,-0.99750,0.01471,0.0147
1596176343.9287329,B2066030,0.03809,-0.05829,-0.99744,0.01483,0.0147
1596176343.933511,B2066035,0.03833,-0.05859,-0.99744,0.01483,0.0147
1596176343.940119,B2066041,0.03857,-0.05884,-0.99744,0.01483,0.0147
1596176343.944195,B2066046,0.03888,-0.05908,-0.99738,0.01477,0.0147
1596176343.950082,B2066051,0.03925,-0.05933,-0.99738,0.01471,0.0147
1596176343.954944,B2066056,0.03961,-0.05957,-0.99731,0.01459,0.0147
1596176343.959994,B2066062,0.03998,-0.05975,-0.99731,0.01447,0.0147
1596176343.965973,B2066067,0.04034,-0.06000,-0.99725,0.01422,0.0147
1596176343.970907,B2066072,0.04071,-0.06018,-0.99725,0.01398,0.0147
1596176343.975198,B2066077,0.04108,-0.06030,-0.99725,0.01373,0.0147
1596176343.980758,B2066082,0.04138,-0.06049,-0.99719,0.01343,0.0147
1596176343.986197,B2066087,0.04175,-0.06067,-0.99719,0.01306,0.0147
1596176343.9911098,B2066092,0.04205,-0.06085,-0.99719,0.01270,0.0147
1596176343.995849,B2066097,0.04248,-0.06116,-0.99713,0.01190,0.0147
1596176344.0011468,B2066103,0.04266,-0.06128,-0.99713,0.01147,0.0147
1596176344.006123,B2066108,0.04279,-0.06146,-0.99713,0.01105,0.0147
1596176344.011044,B2066113,0.04291,-0.06152,-0.99713,0.01050,0.0147
1596176344.016269,B2066118,0.04303,-0.06152,-0.99713,0.01007,0.0147
1596176344.023484,B2066123,0.04321,-0.06140,-0.99713,0.00958,0.0147
1596176344.026239,B2066128,0.04340,-0.06116,-0.99713,0.00903,0.0147
1596176344.0311959,B2066133,0.04364,-0.06073,-0.99713,0.00854,0.0147
1596176344.040375,B2066138,0.04388,-0.06030,-0.99719,0.00806,0.0147
1596176344.041931,B2066144,0.04413,-0.05981,-0.99719,0.00751,0.0147
1596176344.047002,B2066149,0.04425,-0.05945,-0.99725,0.00708,0.0147
1596176344.0531552,B2066154,0.04431,-0.05920,-0.99725,0.00659,0.0147
1596176344.058492,B2066160,0.04425,-0.05908,-0.99725,0.00623,0.0147
1596176344.0634189,B2066165,0.04419,-0.05908,-0.99725,0.00580,0.0147
1596176344.068887,B2066171,0.04413,-0.05914,-0.99725,0.00543,0.0147
1596176344.075168,B2066176,0.04401,-0.05920,-0.99725,0.00519,0.0147
1596176344.079118,B2066181,0.04395,-0.05927,-0.99725,0.00494,0.0147
1596176344.084967,B2066186,0.04388,-0.05927,-0.99725,0.00470,0.0147
1596176344.089215,B2066191,0.04382,-0.05920,-0.99725,0.00446,0.0147
1596176344.094541,B2066196,0.04370,-0.05908,-0.99731,0.00427,0.0147
1596176344.099689,B2066202,0.04358,-0.05902,-0.99731,0.00409,0.0147
1596176344.105786,B2066207,0.04327,-0.05890,-0.99731,0.00385,0.0147
1596176344.111247,B2066212,0.04303,-0.05878,-0.99731,0.00366,0.0147
1596176344.1176288,B2066217,0.04272,-0.05859,-0.99738,0.00354,0.0147
1596176344.120994,B2066222,0.04242,-0.05841,-0.99738,0.00336,0.0147
1596176344.125238,B2066227,0.04211,-0.05804,-0.99744,0.00317,0.0147
1596176344.130474,B2066232,0.04181,-0.05768,-0.99744,0.00293,0.0147
1596176344.137088,B2066237,0.04156,-0.05731,-0.99750,0.00275,0.0147
1596176344.1405928,B2066242,0.04138,-0.05695,-0.99750,0.00256,0.0147
1596176344.145803,B2066247,0.04120,-0.05658,-0.99756,0.00238,0.0147
1596176344.150259,B2066252,0.04102,-0.05640,-0.99756,0.00220,0.0147
1596176344.156381,B2066257,0.04083,-0.05640,-0.99756,0.00208,0.0147
1596176344.1607208,B2066263,0.04028,-0.05688,-0.99756,0.00189,0.0147
1596176344.1662679,B2066268,0.03998,-0.05737,-0.99756,0.00183,0.0147
1596176344.171531,B2066273,0.03973,-0.05786,-0.99756,0.00183,0.0148
1596176344.176401,B2066278,0.03937,-0.05853,-0.99750,0.00189,0.0148
1596176344.18153,B2066283,0.03906,-0.05914,-0.99750,0.00201,0.0148
1596176344.187636,B2066288,0.03876,-0.05969,-0.99744,0.00214,0.0148
1596176344.1913102,B2066293,0.03851,-0.06018,-0.99744,0.00232,0.0148
1596176344.1967402,B2066298,0.03827,-0.06042,-0.99744,0.00244,0.0148
1596176344.202568,B2066304,0.03815,-0.06061,-0.99744,0.00262,0.0148
1596176344.2091799,B2066309,0.03802,-0.06061,-0.99744,0.00281,0.0148
1596176344.2128131,B2066315,0.03796,-0.06055,-0.99744,0.00305,0.0148
1596176344.218528,B2066320,0.03796,-0.06036,-0.99744,0.00323,0.0148
1596176344.223933,B2066326,0.03802,-0.06012,-0.99744,0.00342,0.0148
1596176344.228656,B2066331,0.03809,-0.05988,-0.99750,0.00360,0.0148
1596176344.2345998,B2066336,0.03821,-0.05957,-0.99750,0.00378,0.0148
1596176344.2402,B2066341,0.03833,-0.05927,-0.99750,0.00397,0.0148
1596176344.244438,B2066346,0.03845,-0.05896,-0.99750,0.00409,0.0148
1596176344.249961,B2066352,0.03864,-0.05865,-0.99750,0.00421,0.0148
1596176344.256344,B2066357,0.03882,-0.05835,-0.99756,0.00427,0.0148
1596176344.259757,B2066362,0.03900,-0.05811,-0.99756,0.00433,0.0148
1596176344.265255,B2066367,0.03918,-0.05792,-0.99756,0.00439,0.0148
1596176344.26999,B2066372,0.03937,-0.05768,-0.99756,0.00439,0.0148
1596176344.275608,B2066377,0.03949,-0.05743,-0.99756,0.00439,0.0148
1596176344.28106,B2066383,0.03961,-0.05719,-0.99756,0.00439,0.0148
1596176344.2860842,B2066388,0.03992,-0.05664,-0.99756,0.00427,0.0148
1596176344.291614,B2066393,0.03998,-0.05640,-0.99762,0.00421,0.0148
1596176344.2960021,B2066398,0.04010,-0.05615,-0.99762,0.00409,0.0148
1596176344.3013802,B2066403,0.04016,-0.05591,-0.99762,0.00391,0.0148
1596176344.305879,B2066408,0.04022,-0.05573,-0.99762,0.00378,0.0148
1596176344.31088,B2066413,0.04028,-0.05554,-0.99762,0.00354,0.0148
1596176344.31635,B2066418,0.04034,-0.05542,-0.99762,0.00336,0.0148
1596176344.3213792,B2066423,0.04047,-0.05524,-0.99762,0.00311,0.0148
1596176344.327523,B2066428,0.04059,-0.05511,-0.99768,0.00287,0.0148
1596176344.331251,B2066433,0.04065,-0.05499,-0.99768,0.00256,0.0148
1596176344.337583,B2066438,0.04077,-0.05487,-0.99768,0.00232,0.0148
1596176344.3425221,B2066443,0.04089,-0.05481,-0.99768,0.00201,0.0148
1596176344.3467362,B2066449,0.04102,-0.05475,-0.99768,0.00171,0.0148
1596176344.3529851,B2066455,0.04108,-0.05469,-0.99768,0.00146,0.0148
1596176344.357792,B2066460,0.04120,-0.05463,-0.99768,0.00116,0.0148
1596176344.362964,B2066465,0.04126,-0.05457,-0.99768,0.00092,0.0148
1596176344.368601,B2066470,0.04132,-0.05457,-0.99768,0.00067,0.0148
1596176344.3753002,B2066476,0.04138,-0.05450,-0.99768,0.00043,0.0148
1596176344.378839,B2066481,0.04144,-0.05450,-0.99768,0.00024,0.0148
1596176344.385476,B2066486,0.04150,-0.05450,-0.99762,0.00000,0.0148
1596176344.3896809,B2066491,-0.04156,0.05450,0.99762,0.00018,0.0148
1596176344.394743,B2066497,-0.04163,0.05450,0.99762,0.00031,0.0148
1596176344.399672,B2066502,-0.04163,0.05457,0.99762,0.00049,0.0149
1596176344.408,B2066507,-0.04163,0.05463,0.99762,0.00061,0.0149
1596176344.410721,B2066512,-0.04163,0.05487,0.99762,0.00073,0.0149
1596176344.4153888,B2066517,-0.04156,0.05499,0.99762,0.00079,0.0149
1596176344.42024,B2066522,-0.04150,0.05518,0.99762,0.00079,0.0149
1596176344.4257972,B2066527,-0.04144,0.05530,0.99762,0.00079,0.0149
1596176344.432384,B2066533,-0.04132,0.05548,0.99762,0.00073,0.0149
1596176344.4352572,B2066538,-0.04120,0.05566,0.99762,0.00067,0.0149
1596176344.4405508,B2066543,-0.04108,0.05579,0.99762,0.00061,0.0149
1596176344.445836,B2066548,-0.04083,0.05597,0.99762,0.00049,0.0149
1596176344.4504142,B2066553,-0.04065,0.05609,0.99762,0.00037,0.0149
1596176344.456639,B2066558,-0.04047,0.05615,0.99762,0.00018,0.0149
1596176344.461122,B2066563,-0.04022,0.05627,0.99762,0.00000,0.0149
1596176344.466043,B2066568,0.03998,-0.05634,-0.99762,0.00018,0.0149
1596176344.47231,B2066573,0.03967,-0.05640,-0.99762,0.00043,0.0150
1596176344.476717,B2066578,0.03943,-0.05640,-0.99762,0.00067,0.0150
1596176344.481608,B2066583,0.03906,-0.05640,-0.99762,0.00098,0.0150
1596176344.486193,B2066588,0.03876,-0.05640,-0.99768,0.00128,0.0150
1596176344.4922812,B2066593,0.03839,-0.05640,-0.99768,0.00159,0.0150
1596176344.496481,B2066598,0.03802,-0.05634,-0.99768,0.00189,0.0150
1596176344.50087,B2066603,0.03760,-0.05627,-0.99768,0.00232,0.0150
1596176344.505879,B2066608,0.03717,-0.05621,-0.99774,0.00275,0.0150
1596176344.511008,B2066613,0.03674,-0.05615,-0.99774,0.00317,0.0150
1596176344.516293,B2066618,0.03632,-0.05609,-0.99774,0.00360,0.0150
1596176344.521069,B2066623,0.03583,-0.05597,-0.99780,0.00409,0.0150
1596176344.52763,B2066629,0.03534,-0.05597,-0.99780,0.00458,0.0150
1596176344.532633,B2066635,0.03491,-0.05591,-0.99780,0.00507,0.0150
1596176344.5396018,B2066640,0.03448,-0.05591,-0.99780,0.00555,0.0150
1596176344.543736,B2066645,0.03400,-0.05591,-0.99786,0.00616,0.0150
1596176344.5489159,B2066650,0.03363,-0.05591,-0.99786,0.00659,0.0150
1596176344.5561228,B2066656,0.03320,-0.05585,-0.99786,0.00714,0.0150
1596176344.559068,B2066661,0.03278,-0.05573,-0.99786,0.00769,0.0150
1596176344.5663528,B2066666,0.03241,-0.05548,-0.99792,0.00824,0.0151
1596176344.569849,B2066671,0.03217,-0.05511,-0.99792,0.00867,0.0151
1596176344.575409,B2066677,0.03198,-0.05457,-0.99792,0.00928,0.0151
1596176344.5805702,B2066682,0.03180,-0.05414,-0.99799,0.00970,0.0151
1596176344.5855381,B2066687,0.03156,-0.05377,-0.99799,0.01025,0.0151
1596176344.590901,B2066692,0.03107,-0.05353,-0.99805,0.01129,0.0151
1596176344.595616,B2066698,0.03076,-0.05359,-0.99805,0.01172,0.0152
1596176344.600752,B2066703,0.03052,-0.05377,-0.99799,0.01227,0.0152
1596176344.607807,B2066708,0.03027,-0.05396,-0.99799,0.01276,0.0152
1596176344.611226,B2066713,0.03009,-0.05420,-0.99799,0.01318,0.0152
1596176344.6186838,B2066718,0.02991,-0.05444,-0.99799,0.01361,0.0152
1596176344.62115,B2066723,0.02979,-0.05475,-0.99799,0.01398,0.0152
1596176344.6254919,B2066728,0.02966,-0.05518,-0.99792,0.01428,0.0152
1596176344.637501,B2066733,0.02954,-0.05560,-0.99792,0.01453,0.0152
1596176344.637524,B2066738,0.02948,-0.05597,-0.99786,0.01465,0.0152
1596176344.641226,B2066743,0.02936,-0.05627,-0.99786,0.01483,0.0152
1596176344.6461718,B2066748,0.02936,-0.05646,-0.99786,0.01489,0.0152
1596176344.65226,B2066753,0.02930,-0.05658,-0.99786,0.01495,0.0152
1596176344.656405,B2066758,0.02930,-0.05658,-0.99786,0.01495,0.0152
1596176344.6614468,B2066763,0.02930,-0.05652,-0.99786,0.01489,0.0152
1596176344.666703,B2066768,0.02924,-0.05646,-0.99786,0.01483,0.0152
1596176344.671942,B2066774,0.02924,-0.05646,-0.99786,0.01477,0.0152
1596176344.677193,B2066779,0.02924,-0.05646,-0.99786,0.01477,0.0152
1596176344.682513,B2066784,0.02917,-0.05664,-0.99786,0.01471,0.0152
1596176344.68769,B2066790,0.02911,-0.05688,-0.99786,0.01477,0.0152
1596176344.6947572,B2066796,0.02905,-0.05725,-0.99780,0.01483,0.0152
1596176344.699357,B2066801,0.02893,-0.05768,-0.99780,0.01495,0.0152
1596176344.705594,B2066806,0.02887,-0.05823,-0.99774,0.01508,0.0153
1596176344.709857,B2066812,0.02881,-0.05884,-0.99774,0.01526,0.0153
1596176344.715185,B2066817,0.02881,-0.05933,-0.99768,0.01544,0.0153
1596176344.71968,B2066822,0.02887,-0.05981,-0.99768,0.01569,0.0153
1596176344.7247539,B2066827,0.02899,-0.06030,-0.99762,0.01587,0.0153
1596176344.730117,B2066832,0.02911,-0.06061,-0.99762,0.01611,0.0153
1596176344.73667,B2066837,0.02930,-0.06091,-0.99756,0.01630,0.0153
1596176344.740314,B2066842,0.02948,-0.06110,-0.99756,0.01648,0.0153
1596176344.745454,B2066848,0.02960,-0.06128,-0.99756,0.01666,0.0153
1596176344.7519119,B2066853,0.02991,-0.06158,-0.99750,0.01697,0.0153
1596176344.7556322,B2066858,0.03003,-0.06165,-0.99750,0.01703,0.0153
1596176344.7612622,B2066863,0.03015,-0.06177,-0.99750,0.01715,0.0153
1596176344.76608,B2066868,0.03027,-0.06183,-0.99750,0.01727,0.0153
1596176344.77064,B2066873,0.03033,-0.06189,-0.99750,0.01733,0.0153
1596176344.776391,B2066878,0.03040,-0.06195,-0.99744,0.01740,0.0153
1596176344.78091,B2066883,0.03040,-0.06195,-0.99744,0.01740,0.0153
1596176344.7864928,B2066888,0.03046,-0.06195,-0.99744,0.01740,0.0153
1596176344.792824,B2066894,0.03046,-0.06189,-0.99744,0.01740,0.0153
1596176344.7966368,B2066899,0.03046,-0.06183,-0.99750,0.01733,0.0153
1596176344.80234,B2066905,0.03040,-0.06177,-0.99750,0.01727,0.0153
1596176344.807693,B2066910,0.03040,-0.06158,-0.99750,0.01721,0.0153
1596176344.814385,B2066915,0.03033,-0.06146,-0.99750,0.01715,0.0154
1596176344.818466,B2066921,0.03027,-0.06128,-0.99750,0.01703,0.0154
1596176344.823759,B2066926,0.03021,-0.06116,-0.99756,0.01691,0.0154
1596176344.828898,B2066931,0.03009,-0.06097,-0.99756,0.01685,0.0154
1596176344.834228,B2066936,0.03003,-0.06085,-0.99756,0.01672,0.0154
1596176344.8395782,B2066942,0.02991,-0.06073,-0.99756,0.01666,0.0154
1596176344.8449438,B2066947,0.02985,-0.06067,-0.99756,0.01654,0.0154
1596176344.8503082,B2066952,0.02972,-0.06061,-0.99756,0.01654,0.0154
1596176344.854787,B2066957,0.02960,-0.06061,-0.99756,0.01648,0.0154
1596176344.861718,B2066962,0.02948,-0.06055,-0.99762,0.01642,0.0154
1596176344.864884,B2066967,0.02942,-0.06055,-0.99762,0.01642,0.0154
1596176344.870659,B2066973,0.02930,-0.06055,-0.99762,0.01642,0.0154
1596176344.8752441,B2066978,0.02911,-0.06055,-0.99762,0.01648,0.0154
1596176344.880979,B2066983,0.02905,-0.06055,-0.99762,0.01654,0.0154
1596176344.886948,B2066988,0.02899,-0.06055,-0.99762,0.01654,0.0154
1596176344.891212,B2066993,0.02893,-0.06055,-0.99762,0.01660,0.0154
1596176344.895335,B2066998,0.02887,-0.06061,-0.99762,0.01660,0.0153
1596176344.9003708,B2067003,0.02887,-0.06073,-0.99762,0.01660,0.0154
1596176344.905653,B2067008,0.02881,-0.06079,-0.99762,0.01666,0.0154
1596176344.911329,B2067013,0.02881,-0.06097,-0.99756,0.01666,0.0153
1596176344.915494,B2067018,0.02881,-0.06110,-0.99756,0.01666,0.0153
1596176344.921279,B2067023,0.02881,-0.06134,-0.99756,0.01666,0.0154
1596176344.925256,B2067028,0.02875,-0.06152,-0.99756,0.01666,0.0154
1596176344.930722,B2067033,0.02875,-0.06183,-0.99756,0.01666,0.0154
1596176344.935354,B2067038,0.02875,-0.06207,-0.99750,0.01666,0.0154
1596176344.940657,B2067043,0.02881,-0.06244,-0.99750,0.01660,0.0154
1596176344.9458828,B2067048,0.02881,-0.06274,-0.99750,0.01660,0.0154
1596176344.950729,B2067053,0.02881,-0.06305,-0.99744,0.01654,0.0154
1596176344.956012,B2067058,0.02887,-0.06335,-0.99744,0.01648,0.0154
1596176344.961683,B2067063,0.02893,-0.06360,-0.99744,0.01636,0.0154
1596176344.96623,B2067068,0.02905,-0.06390,-0.99738,0.01630,0.0154
1596176344.970901,B2067073,0.02917,-0.06421,-0.99738,0.01617,0.0155
1596176344.9777029,B2067079,0.02930,-0.06439,-0.99738,0.01605,0.0155
1596176344.98327,B2067085,0.02948,-0.06464,-0.99731,0.01593,0.0155
1596176344.98856,B2067090,0.02966,-0.06494,-0.99731,0.01581,0.0155
1596176344.994058,B2067096,0.02991,-0.06519,-0.99731,0.01563,0.0155
1596176344.999726,B2067101,0.03009,-0.06537,-0.99731,0.01544,0.0155
1596176345.005978,B2067107,0.03040,-0.06561,-0.99725,0.01520,0.0155
1596176345.010051,B2067112,0.03070,-0.06586,-0.99725,0.01495,0.0155
1596176345.0143979,B2067117,0.03101,-0.06610,-0.99719,0.01471,0.0155
1596176345.019702,B2067122,0.03131,-0.06628,-0.99719,0.01447,0.0155
1596176345.025316,B2067127,0.03168,-0.06653,-0.99719,0.01416,0.0155
1596176345.030313,B2067132,0.03204,-0.06677,-0.99713,0.01385,0.0155
1596176345.036288,B2067137,0.03241,-0.06696,-0.99713,0.01349,0.0155
1596176345.039458,B2067142,0.03271,-0.06720,-0.99713,0.01318,0.0155
1596176345.044708,B2067147,0.03308,-0.06744,-0.99707,0.01282,0.0155
1596176345.050241,B2067152,0.03339,-0.06763,-0.99707,0.01245,0.0155
1596176345.055003,B2067157,0.03369,-0.06781,-0.99707,0.01208,0.0155
1596176345.060481,B2067162,0.03400,-0.06799,-0.99701,0.01172,0.0155
1596176345.064804,B2067167,0.03424,-0.06812,-0.99701,0.01129,0.0155
1596176345.070745,B2067173,0.03448,-0.06830,-0.99701,0.01093,0.0155
1596176345.0762591,B2067178,0.03491,-0.06842,-0.99701,0.01007,0.0155
1596176345.080144,B2067183,0.03510,-0.06842,-0.99701,0.00964,0.0155
1596176345.085152,B2067188,0.03528,-0.06824,-0.99701,0.00922,0.0155
1596176345.090291,B2067193,0.03558,-0.06793,-0.99701,0.00879,0.0155
1596176345.095424,B2067198,0.03583,-0.06750,-0.99707,0.00830,0.0155
1596176345.100232,B2067203,0.03619,-0.06696,-0.99707,0.00781,0.0155
1596176345.107776,B2067208,0.03644,-0.06647,-0.99707,0.00745,0.0155
1596176345.110341,B2067213,0.03668,-0.06604,-0.99713,0.00696,0.0155
1596176345.11528,B2067218,0.03687,-0.06586,-0.99713,0.00653,0.0155
1596176345.120847,B2067223,0.03693,-0.06580,-0.99713,0.00604,0.0155
1596176345.1258612,B2067228,0.03693,-0.06586,-0.99713,0.00562,0.0155
1596176345.130513,B2067233,0.03699,-0.06604,-0.99713,0.00519,0.0155
1596176345.135495,B2067238,0.03699,-0.06628,-0.99713,0.00476,0.0155
1596176345.1406221,B2067243,0.03705,-0.06653,-0.99707,0.00439,0.0155
1596176345.146403,B2067248,0.03705,-0.06677,-0.99707,0.00397,0.0155
1596176345.150342,B2067253,0.03711,-0.06714,-0.99707,0.00354,0.0155
1596176345.1567302,B2067259,0.03705,-0.06744,-0.99701,0.00311,0.0155
1596176345.161524,B2067264,0.03705,-0.06775,-0.99701,0.00269,0.0155
1596176345.167466,B2067270,0.03693,-0.06812,-0.99701,0.00220,0.0155
1596176345.172617,B2067275,0.03680,-0.06836,-0.99701,0.00177,0.0155
1596176345.17783,B2067281,0.03662,-0.06860,-0.99695,0.00140,0.0155
1596176345.183339,B2067286,0.03650,-0.06879,-0.99695,0.00104,0.0155
1596176345.188763,B2067292,0.03625,-0.06903,-0.99695,0.00067,0.0155
1596176345.1959271,B2067297,0.03601,-0.06934,-0.99695,0.00031,0.0156
1596176345.199027,B2067302,-0.03571,0.06964,0.99695,0.00000,0.0156
1596176345.204061,B2067307,-0.03534,0.07007,0.99689,0.00031,0.0156
1596176345.2088802,B2067312,-0.03497,0.07056,0.99689,0.00055,0.0155
1596176345.214158,B2067317,-0.03461,0.07104,0.99689,0.00067,0.0155
1596176345.219381,B2067322,-0.03424,0.07153,0.99683,0.00079,0.0155
1596176345.224431,B2067327,-0.03381,0.07208,0.99683,0.00085,0.0155
1596176345.229641,B2067332,-0.03339,0.07251,0.99683,0.00085,0.0155
1596176345.234816,B2067337,-0.03308,0.07288,0.99677,0.00085,0.0156
1596176345.242618,B2067342,-0.03271,0.07312,0.99677,0.00085,0.0156
1596176345.244562,B2067347,-0.03235,0.07336,0.99677,0.00079,0.0156
1596176345.25008,B2067353,-0.03204,0.07343,0.99677,0.00067,0.0156
1596176345.255727,B2067358,-0.03162,0.07343,0.99683,0.00037,0.0156
1596176345.260001,B2067363,-0.03143,0.07330,0.99683,0.00018,0.0156
1596176345.265003,B2067368,0.03131,-0.07318,-0.99683,0.00000,0.0156
1596176345.2700832,B2067373,0.03119,-0.07294,-0.99683,0.00024,0.0156
1596176345.27548,B2067378,0.03119,-0.07275,-0.99689,0.00043,0.0156
1596176345.28107,B2067383,0.03113,-0.07245,-0.99689,0.00067,0.0156
1596176345.2854452,B2067388,0.03119,-0.07220,-0.99689,0.00085,0.0156
1596176345.290504,B2067393,0.03125,-0.07184,-0.99695,0.00110,0.0156
1596176345.2950342,B2067398,0.03131,-0.07147,-0.99695,0.00134,0.0156
1596176345.30057,B2067403,0.03137,-0.07104,-0.99695,0.00159,0.0156
1596176345.305372,B2067408,0.03149,-0.07056,-0.99701,0.00177,0.0156
1596176345.310241,B2067413,0.03162,-0.07007,-0.99701,0.00201,0.0156
1596176345.3153448,B2067418,0.03174,-0.06958,-0.99707,0.00226,0.0156
1596176345.320568,B2067423,0.03186,-0.06897,-0.99713,0.00244,0.0156
1596176345.3255029,B2067428,0.03198,-0.06836,-0.99713,0.00269,0.0156
1596176345.330571,B2067433,0.03210,-0.06775,-0.99719,0.00293,0.0156
1596176345.337041,B2067439,0.03223,-0.06714,-0.99719,0.00311,0.0156
1596176345.341279,B2067444,0.03229,-0.06659,-0.99725,0.00330,0.0156
1596176345.347123,B2067450,0.03247,-0.06592,-0.99731,0.00348,0.0157
1596176345.352203,B2067455,0.03259,-0.06537,-0.99731,0.00366,0.0157
1596176345.359213,B2067461,0.03271,-0.06482,-0.99738,0.00385,0.0157
1596176345.364117,B2067466,0.03290,-0.06439,-0.99738,0.00397,0.0157
1596176345.368961,B2067471,0.03308,-0.06396,-0.99738,0.00409,0.0157
1596176345.374253,B2067476,0.03333,-0.06360,-0.99744,0.00421,0.0157
1596176345.380403,B2067482,0.03357,-0.06329,-0.99744,0.00427,0.0157
1596176345.384394,B2067487,0.03381,-0.06305,-0.99744,0.00433,0.0157
1596176345.3893561,B2067492,0.03412,-0.06287,-0.99744,0.00439,0.0157
1596176345.394471,B2067497,0.03442,-0.06281,-0.99744,0.00446,0.0158
1596176345.399307,B2067502,0.03473,-0.06274,-0.99744,0.00452,0.0158
1596176345.404542,B2067507,0.03510,-0.06274,-0.99738,0.00452,0.0158
1596176345.409461,B2067512,0.03540,-0.06287,-0.99738,0.00446,0.0158
1596176345.4150069,B2067517,0.03571,-0.06299,-0.99738,0.00446,0.0158
1596176345.420135,B2067522,0.03601,-0.06317,-0.99731,0.00439,0.0158
1596176345.424982,B2067527,0.03632,-0.06342,-0.99731,0.00433,0.0158
1596176345.430402,B2067533,0.03656,-0.06360,-0.99731,0.00427,0.0158
1596176345.435178,B2067538,0.03699,-0.06409,-0.99725,0.00409,0.0158
1596176345.440331,B2067543,0.03717,-0.06433,-0.99725,0.00403,0.0158
1596176345.445087,B2067548,0.03735,-0.06458,-0.99719,0.00391,0.0158
1596176345.4499898,B2067553,0.03748,-0.06488,-0.99719,0.00385,0.0158
1596176345.456259,B2067558,0.03754,-0.06506,-0.99719,0.00372,0.0158
1596176345.460202,B2067563,0.03760,-0.06537,-0.99713,0.00366,0.0158
1596176345.465278,B2067568,0.03766,-0.06561,-0.99713,0.00360,0.0158
1596176345.472345,B2067573,0.03772,-0.06586,-0.99713,0.00348,0.0158
1596176345.4759638,B2067578,0.03772,-0.06604,-0.99707,0.00348,0.0158
1596176345.480927,B2067583,0.03772,-0.06622,-0.99707,0.00342,0.0158
1596176345.486173,B2067588,0.03772,-0.06641,-0.99707,0.00336,0.0158
1596176345.4919522,B2067593,0.03766,-0.06653,-0.99707,0.00336,0.0158
1596176345.496066,B2067599,0.03766,-0.06665,-0.99707,0.00336,0.0158
1596176345.500736,B2067604,0.03760,-0.06671,-0.99707,0.00336,0.0158
1596176345.508568,B2067609,0.03748,-0.06677,-0.99707,0.00336,0.0158
1596176345.511298,B2067614,0.03741,-0.06677,-0.99707,0.00342,0.0158
1596176345.5166059,B2067619,0.03729,-0.06671,-0.99707,0.00348,0.0158
1596176345.5223591,B2067625,0.03717,-0.06665,-0.99707,0.00354,0.0158
1596176345.527335,B2067630,0.03705,-0.06659,-0.99707,0.00360,0.0158
1596176345.533537,B2067635,0.03693,-0.06647,-0.99707,0.00366,0.0158
1596176345.5380511,B2067641,0.03674,-0.06635,-0.99713,0.00378,0.0158
1596176345.544786,B2067646,0.03662,-0.06622,-0.99713,0.00391,0.0158
1596176345.5493991,B2067652,0.03644,-0.06610,-0.99713,0.00403,0.0158
1596176345.554378,B2067657,0.03619,-0.06592,-0.99713,0.00421,0.0158
1596176345.559316,B2067662,0.03601,-0.06580,-0.99719,0.00433,0.0158
1596176345.5642729,B2067667,0.03583,-0.06567,-0.99719,0.00446,0.0158
1596176345.569282,B2067672,0.03558,-0.06555,-0.99719,0.00458,0.0158
1596176345.5754151,B2067677,0.03540,-0.06549,-0.99719,0.00470,0.0158
1596176345.58108,B2067683,0.03522,-0.06549,-0.99719,0.00476,0.0158
1596176345.5853078,B2067688,0.03497,-0.06555,-0.99725,0.00488,0.0158
1596176345.590209,B2067693,0.03479,-0.06561,-0.99725,0.00500,0.0158
1596176345.595916,B2067698,0.03455,-0.06561,-0.99725,0.00513,0.0158
1596176345.600536,B2067703,0.03448,-0.06549,-0.99725,0.00519,0.0158
1596176345.6067562,B2067709,0.03455,-0.06525,-0.99725,0.00519,0.0158
1596176345.6108959,B2067714,0.03455,-0.06500,-0.99725,0.00525,0.0158
1596176345.617097,B2067720,0.03461,-0.06476,-0.99731,0.00531,0.0158
1596176345.6222389,B2067725,0.03467,-0.06458,-0.99731,0.00537,0.0158
1596176345.628063,B2067731,0.03467,-0.06458,-0.99731,0.00537,0.0158
1596176345.6336691,B2067736,0.03473,-0.06470,-0.99731,0.00537,0.0158
1596176345.638649,B2067742,0.03473,-0.06494,-0.99725,0.00537,0.0158
1596176345.644602,B2067747,0.03485,-0.06525,-0.99725,0.00537,0.0158
1596176345.6495051,B2067752,0.03497,-0.06555,-0.99725,0.00537,0.0158
1596176345.654177,B2067757,0.03510,-0.06598,-0.99719,0.00537,0.0158
1596176345.659437,B2067762,0.03528,-0.06641,-0.99713,0.00537,0.0158
1596176345.666506,B2067768,0.03546,-0.06708,-0.99713,0.00525,0.0158
1596176345.670487,B2067773,0.03558,-0.06781,-0.99707,0.00513,0.0158
1596176345.6749902,B2067778,0.03564,-0.06860,-0.99701,0.00500,0.0159
1596176345.679978,B2067783,0.03571,-0.06940,-0.99695,0.00482,0.0159
1596176345.685187,B2067788,0.03589,-0.07098,-0.99683,0.00439,0.0159
1596176345.690882,B2067793,0.03601,-0.07166,-0.99677,0.00421,0.0159
1596176345.696654,B2067799,0.03613,-0.07214,-0.99670,0.00397,0.0159
1596176345.702048,B2067805,0.03632,-0.07257,-0.99670,0.00366,0.0159
1596176345.708318,B2067810,0.03650,-0.07294,-0.99664,0.00330,0.0159
1596176345.714011,B2067816,0.03674,-0.07330,-0.99664,0.00299,0.0159
1596176345.718077,B2067821,0.03693,-0.07361,-0.99658,0.00275,0.0159
1596176345.723491,B2067826,0.03717,-0.07397,-0.99658,0.00250,0.0159
1596176345.729674,B2067832,0.03735,-0.07446,-0.99652,0.00232,0.0159
1596176345.734072,B2067837,0.03754,-0.07501,-0.99646,0.00214,0.0159
1596176345.739121,B2067842,0.03760,-0.07556,-0.99646,0.00201,0.0159
1596176345.744902,B2067847,0.03766,-0.07623,-0.99640,0.00189,0.0159
1596176345.749408,B2067852,0.03772,-0.07684,-0.99634,0.00183,0.0159
1596176345.754606,B2067858,0.03772,-0.07733,-0.99628,0.00183,0.0159
1596176345.760468,B2067863,0.03772,-0.07776,-0.99628,0.00183,0.0159
1596176345.764398,B2067868,0.03772,-0.07819,-0.99622,0.00189,0.0159
1596176345.770376,B2067873,0.03766,-0.07843,-0.99622,0.00201,0.0159
1596176345.776969,B2067878,0.03760,-0.07855,-0.99622,0.00226,0.0159
1596176345.780243,B2067883,0.03754,-0.07843,-0.99622,0.00238,0.0159
1596176345.785517,B2067888,0.03748,-0.07819,-0.99622,0.00250,0.0159
1596176345.790092,B2067893,0.03741,-0.07788,-0.99628,0.00269,0.0159
1596176345.7954078,B2067898,0.03729,-0.07745,-0.99628,0.00281,0.0159
1596176345.800531,B2067903,0.03711,-0.07697,-0.99634,0.00299,0.0159
1596176345.806113,B2067909,0.03693,-0.07648,-0.99640,0.00317,0.0159
1596176345.810366,B2067914,0.03674,-0.07593,-0.99640,0.00336,0.0159
1596176345.817019,B2067919,0.03656,-0.07550,-0.99646,0.00354,0.0159
1596176345.8221939,B2067924,0.03625,-0.07501,-0.99652,0.00372,0.0159
1596176345.826658,B2067930,0.03601,-0.07465,-0.99658,0.00391,0.0159
1596176345.832911,B2067935,0.03571,-0.07422,-0.99658,0.00415,0.0159
1596176345.837387,B2067940,0.03540,-0.07397,-0.99664,0.00439,0.0160
