imu_packets,1177
IMUtimestamp,quatI,quatJ,quatK,quatReal,quatRadianAccuracy
1581991292.2869089,-0.04437,0.01563,0.99231,0.11475,0.3900
1581991292.2929,-0.04437,0.01563,0.99225,0.11481,0.3900
1581991292.298037,-0.04437,0.01563,0.99225,0.11487,0.3900
1581991292.303914,-0.04437,0.01563,0.99225,0.11493,0.3900
1581991292.308807,-0.04437,0.01563,0.99225,0.11505,0.3900
1581991292.314077,-0.04431,0.01563,0.99225,0.11511,0.3900
1581991292.320458,-0.04431,0.01563,0.99225,0.11517,0.3900
1581991292.3256562,-0.04419,0.01569,0.99225,0.11536,0.3900
1581991292.331303,-0.04419,0.01569,0.99219,0.11542,0.3900
1581991292.337444,-0.04413,0.01569,0.99219,0.11548,0.3900
1581991292.343827,-0.04413,0.01569,0.99219,0.11554,0.3900
1581991292.3486989,-0.04407,0.01575,0.99219,0.11560,0.3900
1581991292.353611,-0.04401,0.01575,0.99219,0.11566,0.3900
1581991292.3601012,-0.04401,0.01575,0.99219,0.11572,0.3900
1581991292.3641338,-0.04401,0.01575,0.99219,0.11578,0.3900
1581991292.370839,-0.04395,0.01575,0.99219,0.11584,0.3900
1581991292.37641,-0.04395,0.01575,0.99219,0.11591,0.3900
1581991292.382151,-0.04395,0.01575,0.99219,0.11591,0.3900
1581991292.386223,-0.04395,0.01575,0.99219,0.11597,0.3900
1581991292.391986,-0.04395,0.01575,0.99219,0.11597,0.3900
1581991292.397815,-0.04395,0.01581,0.99213,0.11597,0.3900
1581991292.403946,-0.04395,0.01581,0.99213,0.11597,0.3900
1581991292.409365,-0.04395,0.01581,0.99213,0.11597,0.3900
1581991292.4138072,-0.04395,0.01581,0.99213,0.11597,0.3900
1581991292.419429,-0.04395,0.01581,0.99213,0.11597,0.3900
1581991292.425098,-0.04395,0.01581,0.99213,0.11597,0.3900
1581991292.430023,-0.04395,0.01581,0.99213,0.11597,0.3900
1581991292.436296,-0.04395,0.01575,0.99219,0.11597,0.3900
1581991292.442114,-0.04395,0.01575,0.99219,0.11597,0.3900
1581991292.4471061,-0.04395,0.01575,0.99213,0.11597,0.3900
1581991292.453044,-0.04395,0.01569,0.99213,0.11597,0.3900
1581991292.458771,-0.04395,0.01569,0.99213,0.11597,0.3900
1581991292.463757,-0.04395,0.01569,0.99213,0.11603,0.3900
1581991292.470699,-0.04388,0.01563,0.99213,0.11603,0.3900
1581991292.4748092,-0.04388,0.01563,0.99213,0.11603,0.3900
1581991292.480045,-0.04388,0.01556,0.99213,0.11603,0.3900
1581991292.485785,-0.04382,0.01556,0.99213,0.11609,0.3900
1581991292.493197,-0.04382,0.01550,0.99213,0.11609,0.3900
1581991292.49761,-0.04382,0.01550,0.99213,0.11609,0.3900
1581991292.502955,-0.04382,0.01544,0.99213,0.11609,0.3900
1581991292.509266,-0.04376,0.01538,0.99213,0.11609,0.3900
1581991292.513742,-0.04376,0.01538,0.99213,0.11609,0.3900
1581991292.5190778,-0.04376,0.01538,0.99213,0.11609,0.3900
1581991292.524099,-0.04376,0.01532,0.99213,0.11609,0.3900
1581991292.5298939,-0.04376,0.01526,0.99213,0.11609,0.3900
1581991292.536438,-0.04376,0.01526,0.99219,0.11609,0.3901
1581991292.540544,-0.04376,0.01520,0.99219,0.11609,0.3901
1581991292.546182,-0.04370,0.01520,0.99219,0.11609,0.3901
1581991292.553049,-0.04370,0.01514,0.99219,0.11603,0.3901
1581991292.558016,-0.04376,0.01514,0.99219,0.11603,0.3901
1581991292.563138,-0.04370,0.01514,0.99219,0.11603,0.3901
1581991292.568367,-0.04370,0.01508,0.99219,0.11597,0.3901
1581991292.5738618,-0.04370,0.01508,0.99219,0.11597,0.3901
1581991292.578788,-0.04370,0.01508,0.99219,0.11591,0.3901
1581991292.584961,-0.04370,0.01508,0.99219,0.11591,0.3901
1581991292.590092,-0.04370,0.01508,0.99219,0.11584,0.3901
1581991292.595733,-0.04370,0.01508,0.99219,0.11578,0.3901
1581991292.6017659,-0.04370,0.01508,0.99219,0.11572,0.3901
1581991292.60782,-0.04364,0.01508,0.99219,0.11572,0.3901
1581991292.6133919,-0.04364,0.01514,0.99219,0.11566,0.3901
1581991292.61802,-0.04370,0.01514,0.99219,0.11566,0.3901
1581991292.623358,-0.04370,0.01520,0.99219,0.11560,0.3901
1581991292.629269,-0.04370,0.01526,0.99225,0.11560,0.3901
1581991292.6339042,-0.04370,0.01532,0.99225,0.11554,0.3901
1581991292.639732,-0.04364,0.01532,0.99225,0.11554,0.3901
1581991292.645301,-0.04364,0.01544,0.99225,0.11548,0.3901
1581991292.651603,-0.04364,0.01550,0.99225,0.11542,0.3901
1581991292.657577,-0.04364,0.01550,0.99225,0.11542,0.3901
1581991292.663651,-0.04364,0.01556,0.99225,0.11536,0.3901
1581991292.669504,-0.04364,0.01563,0.99225,0.11536,0.3901
1581991292.6760802,-0.04364,0.01563,0.99225,0.11536,0.3901
1581991292.6791198,-0.04364,0.01569,0.99225,0.11530,0.3901
1581991292.685314,-0.04364,0.01575,0.99225,0.11530,0.3901
1581991292.6904728,-0.04364,0.01581,0.99225,0.11523,0.3901
1581991292.69566,-0.04364,0.01587,0.99225,0.11523,0.3901
1581991292.701378,-0.04364,0.01593,0.99225,0.11523,0.3901
1581991292.706878,-0.04364,0.01599,0.99225,0.11523,0.3901
1581991292.7125592,-0.04370,0.01611,0.99225,0.11517,0.3901
1581991292.717759,-0.04370,0.01617,0.99225,0.11517,0.3901
1581991292.7233431,-0.04370,0.01624,0.99225,0.11517,0.3901
1581991292.728968,-0.04370,0.01630,0.99225,0.11511,0.3901
1581991292.7348769,-0.04370,0.01630,0.99225,0.11511,0.3901
1581991292.7406669,-0.04370,0.01636,0.99225,0.11505,0.3901
1581991292.7456892,-0.04370,0.01636,0.99225,0.11499,0.3901
1581991292.751607,-0.04370,0.01630,0.99225,0.11499,0.3901
1581991292.757801,-0.04370,0.01630,0.99231,0.11493,0.3901
1581991292.7629771,-0.04364,0.01624,0.99231,0.11487,0.3901
1581991292.7686021,-0.04364,0.01617,0.99231,0.11481,0.3901
1581991292.7736719,-0.04364,0.01605,0.99231,0.11475,0.3901
1581991292.779249,-0.04358,0.01599,0.99231,0.11469,0.3901
1581991292.785248,-0.04358,0.01587,0.99231,0.11456,0.3901
1581991292.790284,-0.04352,0.01556,0.99237,0.11432,0.3901
1581991292.796033,-0.04352,0.01544,0.99237,0.11420,0.3901
1581991292.801465,-0.04352,0.01526,0.99243,0.11401,0.3901
1581991292.807768,-0.04358,0.01508,0.99243,0.11383,0.3901
1581991292.813251,-0.04358,0.01495,0.99243,0.11365,0.3901
1581991292.8191009,-0.04364,0.01477,0.99249,0.11340,0.3901
1581991292.824411,-0.04364,0.01453,0.99249,0.11310,0.3902
1581991292.829566,-0.04376,0.01434,0.99255,0.11279,0.3902
1581991292.83483,-0.04376,0.01410,0.99261,0.11243,0.3902
1581991292.841314,-0.04395,0.01373,0.99268,0.11176,0.3902
1581991292.846129,-0.04401,0.01343,0.99274,0.11133,0.3902
1581991292.851678,-0.04413,0.01324,0.99274,0.11090,0.3902
1581991292.8580742,-0.04419,0.01300,0.99280,0.11053,0.3902
1581991292.863109,-0.04431,0.01276,0.99286,0.11005,0.3902
1581991292.868729,-0.04437,0.01245,0.99292,0.10962,0.3902
1581991292.873811,-0.04449,0.01215,0.99298,0.10907,0.3902
1581991292.88003,-0.04456,0.01190,0.99298,0.10864,0.3902
1581991292.883989,-0.04468,0.01166,0.99304,0.10815,0.3902
1581991292.889642,-0.04474,0.01135,0.99310,0.10760,0.3902
1581991292.8948932,-0.04486,0.01105,0.99316,0.10712,0.3902
1581991292.900324,-0.04504,0.01044,0.99329,0.10614,0.3902
1581991292.906537,-0.04510,0.01007,0.99335,0.10559,0.3902
1581991292.912095,-0.04517,0.00977,0.99341,0.10510,0.3902
1581991292.917452,-0.04523,0.00946,0.99341,0.10461,0.3902
1581991292.922803,-0.04535,0.00909,0.99347,0.10413,0.3902
1581991292.928521,-0.04541,0.00873,0.99353,0.10358,0.3902
1581991292.933578,-0.04547,0.00836,0.99359,0.10309,0.3902
1581991292.938735,-0.04559,0.00793,0.99365,0.10254,0.3902
1581991292.944179,-0.04565,0.00763,0.99371,0.10211,0.3902
1581991292.950138,-0.04572,0.00714,0.99377,0.10162,0.3902
1581991292.9553761,-0.04590,0.00629,0.99384,0.10065,0.3902
1581991292.9616902,-0.04602,0.00592,0.99390,0.10022,0.3902
1581991292.966908,-0.04608,0.00549,0.99390,0.09979,0.3902
1581991292.972894,-0.04620,0.00494,0.99396,0.09930,0.3902
1581991292.9785652,-0.04626,0.00458,0.99402,0.09894,0.3902
1581991292.983171,-0.04639,0.00409,0.99402,0.09851,0.3902
1581991292.989346,-0.04651,0.00360,0.99408,0.09808,0.3902
1581991292.994851,-0.04657,0.00311,0.99414,0.09766,0.3902
1581991292.9995131,-0.04669,0.00262,0.99414,0.09723,0.3902
1581991293.005209,-0.04687,0.00171,0.99420,0.09650,0.3902
1581991293.0098822,-0.04700,0.00122,0.99426,0.09607,0.3902
1581991293.0161479,-0.04706,0.00079,0.99432,0.09570,0.3902
1581991293.021709,-0.04718,0.00049,0.99432,0.09534,0.3902
1581991293.02753,-0.04724,0.00006,0.99438,0.09491,0.3902
1581991293.0333,-0.04730,-0.00024,0.99438,0.09460,0.3902
1581991293.0381598,-0.04736,-0.00055,0.99445,0.09424,0.3902
1581991293.044054,-0.04736,-0.00085,0.99445,0.09393,0.3902
1581991293.0490649,-0.04742,-0.00116,0.99451,0.09357,0.3902
1581991293.05511,-0.04749,-0.00140,0.99451,0.09320,0.3902
1581991293.059825,-0.04749,-0.00195,0.99457,0.09265,0.3902
1581991293.06586,-0.04755,-0.00220,0.99457,0.09235,0.3902
1581991293.0718012,-0.04755,-0.00244,0.99463,0.09204,0.3902
1581991293.0775628,-0.04761,-0.00269,0.99463,0.09174,0.3902
1581991293.083943,-0.04767,-0.00293,0.99469,0.09149,0.3902
1581991293.088625,-0.04767,-0.00323,0.99469,0.09119,0.3902
1581991293.0935528,-0.04773,-0.00348,0.99469,0.09094,0.3902
1581991293.099184,-0.04773,-0.00378,0.99475,0.09070,0.3902
1581991293.106503,-0.04779,-0.00397,0.99475,0.09045,0.3902
1581991293.110044,-0.04785,-0.00452,0.99481,0.08997,0.3902
1581991293.118114,-0.04785,-0.00476,0.99481,0.08972,0.3902
1581991293.121387,-0.04791,-0.00500,0.99481,0.08954,0.3902
1581991293.127659,-0.04797,-0.00525,0.99481,0.08929,0.3902
1581991293.1327622,-0.04797,-0.00537,0.99487,0.08911,0.3902
1581991293.13819,-0.04797,-0.00555,0.99487,0.08893,0.3902
1581991293.144921,-0.04797,-0.00568,0.99487,0.08868,0.3902
1581991293.1494899,-0.04803,-0.00592,0.99493,0.08832,0.3902
1581991293.15442,-0.04803,-0.00604,0.99493,0.08813,0.3902
1581991293.159841,-0.04803,-0.00610,0.99493,0.08795,0.3902
1581991293.165279,-0.04797,-0.00623,0.99493,0.08777,0.3902
1581991293.1708689,-0.04797,-0.00629,0.99500,0.08765,0.3902
1581991293.177027,-0.04797,-0.00641,0.99500,0.08746,0.3902
1581991293.181899,-0.04797,-0.00647,0.99500,0.08734,0.3902
1581991293.188066,-0.04797,-0.00659,0.99500,0.08722,0.3902
1581991293.193177,-0.04797,-0.00671,0.99500,0.08710,0.3902
1581991293.1989388,-0.04797,-0.00684,0.99506,0.08698,0.3902
1581991293.203957,-0.04797,-0.00690,0.99506,0.08685,0.3902
1581991293.208687,-0.04797,-0.00702,0.99506,0.08673,0.3902
1581991293.214664,-0.04797,-0.00708,0.99506,0.08661,0.3902
1581991293.219955,-0.04797,-0.00726,0.99506,0.08643,0.3902
1581991293.225775,-0.04797,-0.00739,0.99506,0.08636,0.3902
1581991293.232397,-0.04797,-0.00745,0.99512,0.08630,0.3902
1581991293.23864,-0.04797,-0.00751,0.99512,0.08624,0.3902
1581991293.243896,-0.04797,-0.00757,0.99512,0.08618,0.3902
1581991293.2487419,-0.04797,-0.00763,0.99512,0.08612,0.3902
1581991293.2548218,-0.04797,-0.00763,0.99512,0.08606,0.3902
1581991293.260802,-0.04797,-0.00775,0.99512,0.08600,0.3902
1581991293.265453,-0.04797,-0.00775,0.99512,0.08594,0.3902
1581991293.2719162,-0.04797,-0.00781,0.99512,0.08594,0.3902
1581991293.277823,-0.04797,-0.00787,0.99512,0.08588,0.3902
1581991293.283071,-0.04797,-0.00793,0.99512,0.08588,0.3902
1581991293.289145,-0.04797,-0.00793,0.99512,0.08582,0.3902
1581991293.2934039,-0.04797,-0.00800,0.99512,0.08582,0.3902
1581991293.299629,-0.04797,-0.00806,0.99512,0.08575,0.3902
1581991293.304907,-0.04797,-0.00812,0.99512,0.08575,0.3902
1581991293.31015,-0.04803,-0.00818,0.99512,0.08563,0.3902
1581991293.315063,-0.04803,-0.00824,0.99512,0.08563,0.3902
1581991293.320624,-0.04803,-0.00830,0.99512,0.08563,0.3902
1581991293.326463,-0.04810,-0.00830,0.99512,0.08557,0.3902
1581991293.332196,-0.04816,-0.00836,0.99512,0.08557,0.3902
1581991293.337617,-0.04816,-0.00836,0.99512,0.08551,0.3902
1581991293.3434849,-0.04822,-0.00842,0.99512,0.08551,0.3902
1581991293.348313,-0.04822,-0.00842,0.99512,0.08551,0.3902
1581991293.353893,-0.04828,-0.00842,0.99512,0.08545,0.3902
1581991293.36138,-0.04828,-0.00842,0.99512,0.08545,0.3902
1581991293.366386,-0.04834,-0.00848,0.99512,0.08539,0.3902
1581991293.371001,-0.04840,-0.00848,0.99512,0.08539,0.3902
1581991293.3773282,-0.04846,-0.00848,0.99512,0.08539,0.3903
1581991293.382563,-0.04846,-0.00848,0.99512,0.08533,0.3903
1581991293.388254,-0.04852,-0.00848,0.99512,0.08533,0.3903
1581991293.393335,-0.04852,-0.00848,0.99512,0.08533,0.3903
1581991293.398613,-0.04858,-0.00848,0.99512,0.08533,0.3903
1581991293.407159,-0.04858,-0.00842,0.99512,0.08533,0.3903
1581991293.411008,-0.04871,-0.00836,0.99512,0.08533,0.3903
1581991293.4170141,-0.04871,-0.00836,0.99512,0.08533,0.3903
1581991293.421816,-0.04877,-0.00836,0.99512,0.08539,0.3903
1581991293.427583,-0.04883,-0.00830,0.99512,0.08539,0.3903
1581991293.435076,-0.04883,-0.00830,0.99512,0.08545,0.3903
1581991293.438581,-0.04889,-0.00830,0.99512,0.08551,0.3903
1581991293.444124,-0.04895,-0.00830,0.99512,0.08551,0.3903
1581991293.4495502,-0.04895,-0.00824,0.99512,0.08557,0.3903
1581991293.45557,-0.04895,-0.00824,0.99512,0.08569,0.3903
1581991293.4614558,-0.04895,-0.00818,0.99506,0.08569,0.3903
1581991293.4671261,-0.04895,-0.00818,0.99506,0.08575,0.3903
1581991293.4727838,-0.04895,-0.00812,0.99506,0.08582,0.3903
1581991293.480214,-0.04895,-0.00812,0.99506,0.08582,0.3903
1581991293.483897,-0.04889,-0.00806,0.99506,0.08588,0.3903
1581991293.488972,-0.04889,-0.00806,0.99506,0.08594,0.3903
1581991293.494543,-0.04889,-0.00806,0.99506,0.08600,0.3903
1581991293.500716,-0.04883,-0.00793,0.99506,0.08606,0.3903
1581991293.5059352,-0.04883,-0.00793,0.99506,0.08612,0.3903
1581991293.513141,-0.04883,-0.00793,0.99506,0.08612,0.3903
1581991293.517233,-0.04883,-0.00787,0.99506,0.08618,0.3903
1581991293.522976,-0.04883,-0.00787,0.99506,0.08624,0.3903
1581991293.5299609,-0.04883,-0.00787,0.99506,0.08624,0.3903
1581991293.534783,-0.04883,-0.00781,0.99506,0.08624,0.3903
1581991293.539977,-0.04883,-0.00781,0.99506,0.08630,0.3903
1581991293.54547,-0.04877,-0.00775,0.99506,0.08630,0.3903
1581991293.551029,-0.04877,-0.00775,0.99506,0.08630,0.3903
1581991293.557991,-0.04877,-0.00769,0.99506,0.08630,0.3903
1581991293.562277,-0.04871,-0.00775,0.99506,0.08630,0.3903
1581991293.5678122,-0.04865,-0.00775,0.99506,0.08630,0.3903
1581991293.572961,-0.04865,-0.00781,0.99506,0.08624,0.3903
1581991293.5782511,-0.04858,-0.00781,0.99506,0.08624,0.3903
1581991293.583751,-0.04852,-0.00787,0.99506,0.08624,0.3903
1581991293.58946,-0.04852,-0.00787,0.99506,0.08618,0.3903
1581991293.594849,-0.04840,-0.00793,0.99506,0.08612,0.3903
1581991293.6009521,-0.04840,-0.00800,0.99506,0.08612,0.3903
1581991293.606125,-0.04834,-0.00800,0.99506,0.08606,0.3903
1581991293.6121721,-0.04828,-0.00806,0.99512,0.08600,0.3903
1581991293.617376,-0.04828,-0.00806,0.99512,0.08600,0.3903
1581991293.622682,-0.04822,-0.00806,0.99512,0.08594,0.3903
1581991293.628007,-0.04816,-0.00812,0.99512,0.08588,0.3903
1581991293.63421,-0.04816,-0.00812,0.99512,0.08588,0.3903
1581991293.6399941,-0.04810,-0.00812,0.99512,0.08582,0.3903
1581991293.646006,-0.04803,-0.00812,0.99512,0.08569,0.3903
1581991293.650634,-0.04797,-0.00812,0.99512,0.08569,0.3903
1581991293.6556532,-0.04797,-0.00812,0.99512,0.08563,0.3903
1581991293.660783,-0.04797,-0.00812,0.99512,0.08557,0.3903
1581991293.667101,-0.04797,-0.00812,0.99512,0.08551,0.3903
1581991293.6719732,-0.04797,-0.00812,0.99518,0.08551,0.3903
1581991293.677859,-0.04791,-0.00812,0.99518,0.08545,0.3903
1581991293.682852,-0.04791,-0.00812,0.99518,0.08545,0.3903
1581991293.689331,-0.04791,-0.00812,0.99518,0.08539,0.3903
1581991293.694519,-0.04791,-0.00812,0.99518,0.08533,0.3903
1581991293.69967,-0.04791,-0.00812,0.99518,0.08533,0.3903
1581991293.705058,-0.04791,-0.00812,0.99518,0.08527,0.3903
1581991293.713875,-0.04791,-0.00812,0.99518,0.08521,0.3903
1581991293.716652,-0.04791,-0.00812,0.99518,0.08514,0.3903
1581991293.7224371,-0.04791,-0.00818,0.99518,0.08514,0.3903
1581991293.727958,-0.04785,-0.00818,0.99518,0.08508,0.3903
1581991293.733443,-0.04785,-0.00818,0.99518,0.08502,0.3903
1581991293.738576,-0.04785,-0.00818,0.99518,0.08496,0.3903
1581991293.7445362,-0.04785,-0.00818,0.99518,0.08496,0.3903
1581991293.750269,-0.04779,-0.00824,0.99524,0.08484,0.3903
1581991293.7559319,-0.04779,-0.00824,0.99524,0.08478,0.3903
1581991293.7619169,-0.04779,-0.00830,0.99524,0.08478,0.3903
1581991293.76751,-0.04779,-0.00830,0.99524,0.08472,0.3903
1581991293.7734542,-0.04779,-0.00830,0.99524,0.08466,0.3903
1581991293.779079,-0.04779,-0.00830,0.99524,0.08459,0.3903
1581991293.783606,-0.04779,-0.00830,0.99524,0.08459,0.3903
1581991293.789397,-0.04773,-0.00830,0.99524,0.08453,0.3903
1581991293.794708,-0.04773,-0.00830,0.99524,0.08447,0.3903
1581991293.7999418,-0.04773,-0.00830,0.99524,0.08441,0.3903
1581991293.80545,-0.04773,-0.00830,0.99524,0.08435,0.3903
1581991293.8121321,-0.04767,-0.00836,0.99524,0.08429,0.3903
1581991293.817418,-0.04767,-0.00836,0.99524,0.08429,0.3903
1581991293.8225658,-0.04767,-0.00836,0.99524,0.08423,0.3903
1581991293.828693,-0.04767,-0.00836,0.99530,0.08423,0.3903
1581991293.834013,-0.04767,-0.00836,0.99530,0.08417,0.3903
1581991293.8386502,-0.04767,-0.00842,0.99530,0.08411,0.3903
1581991293.846178,-0.04767,-0.00842,0.99530,0.08405,0.3903
1581991293.849886,-0.04767,-0.00854,0.99530,0.08398,0.3903
1581991293.8555908,-0.04761,-0.00854,0.99530,0.08392,0.3903
1581991293.861092,-0.04761,-0.00861,0.99530,0.08392,0.3903
1581991293.867458,-0.04761,-0.00861,0.99530,0.08386,0.3903
1581991293.87306,-0.04761,-0.00867,0.99530,0.08380,0.3903
1581991293.87788,-0.04761,-0.00867,0.99530,0.08380,0.3903
1581991293.883363,-0.04755,-0.00873,0.99530,0.08374,0.3903
1581991293.8883789,-0.04755,-0.00873,0.99530,0.08368,0.3903
1581991293.894183,-0.04755,-0.00879,0.99530,0.08362,0.3903
1581991293.8995242,-0.04755,-0.00879,0.99530,0.08356,0.3903
1581991293.9048471,-0.04749,-0.00885,0.99536,0.08344,0.3903
1581991293.911201,-0.04749,-0.00891,0.99536,0.08337,0.3903
1581991293.916179,-0.04749,-0.00897,0.99536,0.08337,0.3903
1581991293.922386,-0.04749,-0.00897,0.99536,0.08331,0.3903
1581991293.927671,-0.04749,-0.00903,0.99536,0.08325,0.3903
1581991293.933675,-0.04749,-0.00903,0.99536,0.08319,0.3903
1581991293.937953,-0.04749,-0.00903,0.99536,0.08313,0.3903
1581991293.944802,-0.04742,-0.00903,0.99536,0.08307,0.3903
1581991293.950068,-0.04742,-0.00903,0.99536,0.08307,0.3903
1581991293.958287,-0.04736,-0.00897,0.99536,0.08301,0.3904
1581991293.960466,-0.04736,-0.00897,0.99536,0.08295,0.3904
1581991293.9658408,-0.04736,-0.00897,0.99536,0.08295,0.3904
1581991293.971401,-0.04730,-0.00891,0.99542,0.08289,0.3904
1581991293.978134,-0.04730,-0.00891,0.99542,0.08289,0.3904
1581991293.983047,-0.04724,-0.00891,0.99542,0.08289,0.3904
1581991293.9890811,-0.04724,-0.00891,0.99542,0.08289,0.3904
1581991293.995188,-0.04718,-0.00891,0.99542,0.08282,0.3904
1581991294.000152,-0.04712,-0.00891,0.99542,0.08289,0.3904
1581991294.0054588,-0.04706,-0.00885,0.99542,0.08289,0.3904
1581991294.01087,-0.04706,-0.00885,0.99542,0.08289,0.3904
1581991294.016572,-0.04700,-0.00885,0.99542,0.08289,0.3904
1581991294.022215,-0.04700,-0.00879,0.99542,0.08289,0.3904
1581991294.027296,-0.04700,-0.00873,0.99542,0.08289,0.3904
1581991294.033113,-0.04700,-0.00867,0.99542,0.08289,0.3904
1581991294.038364,-0.04694,-0.00867,0.99542,0.08289,0.3904
1581991294.0440478,-0.04694,-0.00861,0.99542,0.08289,0.3904
1581991294.049139,-0.04694,-0.00854,0.99542,0.08289,0.3904
1581991294.055506,-0.04687,-0.00848,0.99542,0.08289,0.3904
1581991294.0598772,-0.04681,-0.00836,0.99542,0.08295,0.3904
1581991294.066535,-0.04681,-0.00836,0.99542,0.08295,0.3904
1581991294.072682,-0.04681,-0.00830,0.99542,0.08295,0.3904
1581991294.0770812,-0.04681,-0.00824,0.99542,0.08295,0.3904
1581991294.083099,-0.04681,-0.00824,0.99542,0.08295,0.3904
1581991294.0887702,-0.04681,-0.00818,0.99542,0.08301,0.3904
1581991294.095115,-0.04681,-0.00812,0.99542,0.08301,0.3904
1581991294.099521,-0.04687,-0.00806,0.99542,0.08307,0.3904
1581991294.106264,-0.04687,-0.00806,0.99542,0.08313,0.3904
1581991294.110877,-0.04687,-0.00800,0.99542,0.08313,0.3904
1581991294.1157088,-0.04687,-0.00793,0.99542,0.08319,0.3904
1581991294.121566,-0.04687,-0.00787,0.99542,0.08325,0.3904
1581991294.127091,-0.04694,-0.00787,0.99536,0.08331,0.3904
1581991294.133352,-0.04694,-0.00781,0.99536,0.08337,0.3904
1581991294.137834,-0.04694,-0.00775,0.99536,0.08344,0.3904
1581991294.144141,-0.04694,-0.00775,0.99536,0.08344,0.3904
1581991294.149211,-0.04694,-0.00769,0.99536,0.08350,0.3904
1581991294.154995,-0.04687,-0.00769,0.99536,0.08362,0.3904
1581991294.1602602,-0.04687,-0.00769,0.99536,0.08368,0.3904
1581991294.166167,-0.04687,-0.00769,0.99536,0.08374,0.3904
1581991294.171125,-0.04687,-0.00769,0.99536,0.08380,0.3904
1581991294.1767292,-0.04687,-0.00769,0.99536,0.08386,0.3904
1581991294.182733,-0.04687,-0.00769,0.99536,0.08392,0.3904
1581991294.187757,-0.04687,-0.00769,0.99536,0.08398,0.3904
1581991294.1933281,-0.04681,-0.00769,0.99536,0.08405,0.3904
1581991294.1988149,-0.04681,-0.00769,0.99530,0.08405,0.3904
1581991294.204809,-0.04681,-0.00769,0.99530,0.08411,0.3904
1581991294.2095208,-0.04681,-0.00769,0.99530,0.08423,0.3904
1581991294.2145479,-0.04687,-0.00763,0.99530,0.08423,0.3904
1581991294.220076,-0.04687,-0.00763,0.99530,0.08429,0.3904
1581991294.2259352,-0.04687,-0.00763,0.99530,0.08435,0.3904
1581991294.23202,-0.04687,-0.00757,0.99530,0.08435,0.3904
1581991294.23728,-0.04694,-0.00757,0.99530,0.08441,0.3904
1581991294.24279,-0.04694,-0.00751,0.99530,0.08441,0.3904
1581991294.249067,-0.04700,-0.00751,0.99530,0.08447,0.3905
1581991294.253504,-0.04700,-0.00745,0.99530,0.08447,0.3905
1581991294.259518,-0.04700,-0.00745,0.99530,0.08453,0.3905
1581991294.2648692,-0.04706,-0.00739,0.99530,0.08459,0.3905
1581991294.270444,-0.04712,-0.00739,0.99530,0.08459,0.3905
1581991294.276524,-0.04712,-0.00739,0.99524,0.08466,0.3905
1581991294.282953,-0.04718,-0.00739,0.99524,0.08472,0.3905
1581991294.286859,-0.04724,-0.00739,0.99524,0.08472,0.3905
1581991294.292694,-0.04730,-0.00739,0.99524,0.08472,0.3905
1581991294.298018,-0.04730,-0.00739,0.99524,0.08478,0.3905
1581991294.304418,-0.04736,-0.00739,0.99524,0.08478,0.3905
1581991294.309452,-0.04742,-0.00739,0.99524,0.08484,0.3905
1581991294.314175,-0.04749,-0.00739,0.99524,0.08496,0.3905
1581991294.319534,-0.04755,-0.00739,0.99524,0.08496,0.3905
1581991294.325214,-0.04755,-0.00732,0.99524,0.08502,0.3905
1581991294.331499,-0.04761,-0.00732,0.99524,0.08508,0.3905
1581991294.336677,-0.04761,-0.00732,0.99518,0.08508,0.3905
1581991294.341971,-0.04761,-0.00732,0.99518,0.08514,0.3905
1581991294.350354,-0.04767,-0.00732,0.99518,0.08521,0.3905
1581991294.353128,-0.04767,-0.00726,0.99518,0.08527,0.3905
1581991294.3587148,-0.04773,-0.00726,0.99518,0.08533,0.3905
1581991294.364002,-0.04773,-0.00726,0.99518,0.08533,0.3905
1581991294.369644,-0.04779,-0.00726,0.99518,0.08545,0.3905
1581991294.376214,-0.04785,-0.00726,0.99518,0.08551,0.3905
1581991294.3812559,-0.04785,-0.00726,0.99518,0.08551,0.3905
1581991294.386635,-0.04785,-0.00720,0.99518,0.08557,0.3905
1581991294.392364,-0.04785,-0.00720,0.99518,0.08557,0.3905
1581991294.3991559,-0.04785,-0.00720,0.99518,0.08563,0.3905
1581991294.4041789,-0.04785,-0.00726,0.99518,0.08563,0.3905
1581991294.4095922,-0.04785,-0.00726,0.99518,0.08563,0.3905
1581991294.414079,-0.04785,-0.00726,0.99518,0.08563,0.3905
1581991294.4196138,-0.04785,-0.00726,0.99518,0.08563,0.3905
1581991294.426614,-0.04785,-0.00726,0.99518,0.08557,0.3905
1581991294.430439,-0.04785,-0.00732,0.99518,0.08557,0.3905
1581991294.4372292,-0.04779,-0.00732,0.99518,0.08557,0.3905
1581991294.441903,-0.04779,-0.00732,0.99518,0.08551,0.3905
1581991294.448184,-0.04779,-0.00732,0.99518,0.08545,0.3905
1581991294.453312,-0.04779,-0.00739,0.99518,0.08545,0.3905
1581991294.457938,-0.04779,-0.00739,0.99518,0.08539,0.3905
1581991294.463663,-0.04785,-0.00739,0.99518,0.08539,0.3905
1581991294.4692721,-0.04785,-0.00745,0.99518,0.08533,0.3905
1581991294.474496,-0.04785,-0.00751,0.99518,0.08521,0.3905
1581991294.4806678,-0.04791,-0.00751,0.99518,0.08521,0.3905
1581991294.4865658,-0.04791,-0.00751,0.99518,0.08514,0.3905
1581991294.491615,-0.04791,-0.00757,0.99518,0.08508,0.3905
1581991294.498703,-0.04797,-0.00757,0.99518,0.08502,0.3905
1581991294.5044742,-0.04797,-0.00763,0.99518,0.08496,0.3905
1581991294.5080729,-0.04797,-0.00763,0.99518,0.08496,0.3905
1581991294.51349,-0.04803,-0.00769,0.99518,0.08490,0.3905
1581991294.519104,-0.04803,-0.00769,0.99518,0.08484,0.3905
1581991294.524013,-0.04803,-0.00775,0.99524,0.08478,0.3905
1581991294.529629,-0.04803,-0.00781,0.99524,0.08472,0.3905
1581991294.534604,-0.04803,-0.00781,0.99524,0.08472,0.3905
1581991294.540234,-0.04803,-0.00787,0.99524,0.08466,0.3905
1581991294.545877,-0.04803,-0.00787,0.99524,0.08466,0.3905
1581991294.5518332,-0.04803,-0.00793,0.99524,0.08466,0.3905
1581991294.557772,-0.04803,-0.00793,0.99524,0.08466,0.3905
1581991294.562597,-0.04803,-0.00793,0.99524,0.08459,0.3905
1581991294.569301,-0.04803,-0.00793,0.99524,0.08459,0.3905
1581991294.573272,-0.04803,-0.00793,0.99524,0.08459,0.3905
1581991294.5790982,-0.04803,-0.00793,0.99524,0.08466,0.3905
1581991294.5848262,-0.04803,-0.00787,0.99524,0.08466,0.3905
1581991294.5894961,-0.04803,-0.00787,0.99524,0.08466,0.3905
1581991294.595218,-0.04803,-0.00787,0.99524,0.08466,0.3905
1581991294.601692,-0.04803,-0.00787,0.99524,0.08472,0.3905
1581991294.606455,-0.04803,-0.00787,0.99524,0.08472,0.3905
1581991294.6122491,-0.04803,-0.00787,0.99524,0.08472,0.3905
1581991294.618173,-0.04803,-0.00787,0.99524,0.08478,0.3905
1581991294.6247811,-0.04803,-0.00781,0.99524,0.08478,0.3905
1581991294.6286132,-0.04803,-0.00781,0.99518,0.08484,0.3905
1581991294.6345868,-0.04803,-0.00781,0.99518,0.08484,0.3905
1581991294.639421,-0.04803,-0.00781,0.99518,0.08490,0.3905
1581991294.6449962,-0.04803,-0.00781,0.99518,0.08490,0.3905
1581991294.650485,-0.04803,-0.00787,0.99518,0.08496,0.3905
1581991294.656466,-0.04803,-0.00787,0.99518,0.08496,0.3905
1581991294.662291,-0.04803,-0.00787,0.99518,0.08502,0.3905
1581991294.667289,-0.04803,-0.00787,0.99518,0.08502,0.3905
1581991294.672457,-0.04803,-0.00793,0.99518,0.08502,0.3905
1581991294.6777868,-0.04803,-0.00793,0.99518,0.08502,0.3905
1581991294.683428,-0.04803,-0.00793,0.99518,0.08508,0.3905
1581991294.688967,-0.04803,-0.00800,0.99518,0.08508,0.3905
1581991294.694128,-0.04797,-0.00800,0.99518,0.08514,0.3905
1581991294.700268,-0.04797,-0.00800,0.99518,0.08514,0.3905
1581991294.706333,-0.04797,-0.00806,0.99518,0.08514,0.3905
1581991294.711822,-0.04797,-0.00806,0.99518,0.08514,0.3905
1581991294.718085,-0.04791,-0.00806,0.99518,0.08514,0.3905
1581991294.722871,-0.04791,-0.00812,0.99518,0.08514,0.3905
1581991294.728663,-0.04791,-0.00812,0.99518,0.08514,0.3905
1581991294.73438,-0.04785,-0.00818,0.99518,0.08514,0.3905
1581991294.73983,-0.04785,-0.00818,0.99518,0.08514,0.3905
1581991294.7452219,-0.04785,-0.00824,0.99518,0.08514,0.3905
1581991294.7496011,-0.04785,-0.00830,0.99518,0.08514,0.3905
1581991294.754911,-0.04791,-0.00830,0.99518,0.08514,0.3905
1581991294.761757,-0.04791,-0.00836,0.99518,0.08514,0.3905
1581991294.766509,-0.04791,-0.00842,0.99518,0.08514,0.3905
1581991294.771904,-0.04791,-0.00842,0.99518,0.08514,0.3905
1581991294.777475,-0.04791,-0.00848,0.99518,0.08514,0.3905
1581991294.784045,-0.04797,-0.00848,0.99518,0.08514,0.3905
1581991294.7881129,-0.04797,-0.00854,0.99518,0.08514,0.3905
1581991294.794825,-0.04803,-0.00854,0.99518,0.08514,0.3905
1581991294.799486,-0.04810,-0.00861,0.99518,0.08514,0.3905
1581991294.80531,-0.04816,-0.00867,0.99518,0.08514,0.3905
1581991294.8099358,-0.04822,-0.00873,0.99518,0.08514,0.3905
1581991294.8153641,-0.04822,-0.00873,0.99518,0.08514,0.3905
1581991294.821064,-0.04828,-0.00879,0.99518,0.08514,0.3906
1581991294.8269062,-0.04828,-0.00885,0.99518,0.08521,0.3906
1581991294.832441,-0.04828,-0.00885,0.99518,0.08521,0.3906
1581991294.838359,-0.04828,-0.00891,0.99518,0.08521,0.3906
1581991294.843173,-0.04834,-0.00891,0.99518,0.08521,0.3906
1581991294.8488681,-0.04834,-0.00897,0.99518,0.08521,0.3906
1581991294.85458,-0.04834,-0.00903,0.99518,0.08521,0.3906
1581991294.859618,-0.04834,-0.00909,0.99518,0.08521,0.3906
1581991294.8646872,-0.04828,-0.00909,0.99512,0.08521,0.3906
1581991294.871257,-0.04828,-0.00916,0.99512,0.08527,0.3906
1581991294.876395,-0.04834,-0.00916,0.99512,0.08527,0.3906
1581991294.88198,-0.04828,-0.00922,0.99512,0.08527,0.3906
1581991294.88781,-0.04828,-0.00922,0.99512,0.08527,0.3906
1581991294.8933241,-0.04834,-0.00922,0.99512,0.08527,0.3906
1581991294.8983848,-0.04834,-0.00928,0.99512,0.08527,0.3906
1581991294.90448,-0.04834,-0.00928,0.99512,0.08521,0.3906
1581991294.910113,-0.04834,-0.00934,0.99512,0.08521,0.3906
1581991294.915039,-0.04840,-0.00934,0.99512,0.08521,0.3906
1581991294.92049,-0.04840,-0.00940,0.99512,0.08514,0.3906
1581991294.926486,-0.04840,-0.00940,0.99512,0.08514,0.3906
1581991294.9316192,-0.04846,-0.00946,0.99512,0.08514,0.3906
1581991294.938448,-0.04846,-0.00946,0.99512,0.08514,0.3906
1581991294.943085,-0.04846,-0.00946,0.99518,0.08508,0.3906
1581991294.948798,-0.04846,-0.00952,0.99518,0.08508,0.3906
1581991294.9530208,-0.04852,-0.00952,0.99518,0.08502,0.3906
1581991294.959326,-0.04852,-0.00952,0.99518,0.08496,0.3906
1581991294.965207,-0.04852,-0.00958,0.99518,0.08490,0.3906
1581991294.9699562,-0.04852,-0.00952,0.99518,0.08490,0.3906
1581991294.976426,-0.04852,-0.00952,0.99518,0.08484,0.3906
1581991294.983957,-0.04858,-0.00952,0.99518,0.08484,0.3906
1581991294.987284,-0.04858,-0.00952,0.99518,0.08478,0.3906
1581991294.9923341,-0.04858,-0.00952,0.99518,0.08478,0.3906
1581991294.99837,-0.04852,-0.00952,0.99518,0.08472,0.3906
1581991295.003111,-0.04852,-0.00952,0.99518,0.08466,0.3906
1581991295.008677,-0.04852,-0.00946,0.99518,0.08466,0.3906
1581991295.01406,-0.04852,-0.00946,0.99518,0.08453,0.3906
1581991295.019309,-0.04846,-0.00946,0.99518,0.08453,0.3906
1581991295.025145,-0.04846,-0.00946,0.99518,0.08447,0.3906
1581991295.031311,-0.04852,-0.00946,0.99518,0.08441,0.3906
1581991295.037615,-0.04852,-0.00946,0.99518,0.08441,0.3906
1581991295.04212,-0.04852,-0.00940,0.99518,0.08435,0.3906
1581991295.047499,-0.04852,-0.00940,0.99524,0.08429,0.3906
1581991295.0528471,-0.04852,-0.00940,0.99524,0.08429,0.3906
1581991295.0583198,-0.04852,-0.00940,0.99524,0.08423,0.3906
1581991295.065032,-0.04858,-0.00934,0.99524,0.08423,0.3906
1581991295.0700228,-0.04858,-0.00934,0.99524,0.08417,0.3906
1581991295.0756218,-0.04858,-0.00934,0.99524,0.08417,0.3906
1581991295.0813398,-0.04858,-0.00934,0.99524,0.08411,0.3906
1581991295.086504,-0.04858,-0.00934,0.99524,0.08411,0.3906
1581991295.092136,-0.04858,-0.00934,0.99524,0.08405,0.3906
1581991295.097738,-0.04858,-0.00934,0.99524,0.08405,0.3906
1581991295.1027682,-0.04858,-0.00934,0.99524,0.08398,0.3906
1581991295.108168,-0.04852,-0.00934,0.99524,0.08398,0.3906
1581991295.113982,-0.04852,-0.00934,0.99524,0.08392,0.3906
1581991295.119501,-0.04852,-0.00940,0.99524,0.08392,0.3906
1581991295.125412,-0.04852,-0.00940,0.99524,0.08392,0.3906
1581991295.130757,-0.04852,-0.00940,0.99524,0.08386,0.3906
1581991295.136343,-0.04852,-0.00946,0.99524,0.08386,0.3906
1581991295.141784,-0.04852,-0.00946,0.99524,0.08386,0.3906
1581991295.146997,-0.04852,-0.00946,0.99524,0.08380,0.3906
1581991295.153543,-0.04852,-0.00952,0.99524,0.08380,0.3906
1581991295.157847,-0.04858,-0.00952,0.99524,0.08380,0.3906
1581991295.164602,-0.04858,-0.00952,0.99524,0.08380,0.3906
1581991295.168972,-0.04858,-0.00958,0.99524,0.08380,0.3906
1581991295.174019,-0.04865,-0.00964,0.99524,0.08380,0.3906
1581991295.179637,-0.04865,-0.00964,0.99524,0.08380,0.3906
1581991295.186857,-0.04865,-0.00964,0.99524,0.08380,0.3906
1581991295.1914518,-0.04865,-0.00970,0.99524,0.08380,0.3906
1581991295.196574,-0.04871,-0.00970,0.99524,0.08380,0.3906
1581991295.2018921,-0.04871,-0.00970,0.99524,0.08380,0.3906
1581991295.209087,-0.04871,-0.00977,0.99524,0.08380,0.3906
1581991295.214874,-0.04871,-0.00977,0.99524,0.08380,0.3906
1581991295.218831,-0.04871,-0.00977,0.99524,0.08380,0.3906
1581991295.224863,-0.04871,-0.00983,0.99524,0.08380,0.3906
1581991295.2293031,-0.04871,-0.00983,0.99524,0.08380,0.3906
1581991295.2345479,-0.04871,-0.00983,0.99524,0.08386,0.3906
1581991295.2424572,-0.04871,-0.00983,0.99524,0.08386,0.3906
1581991295.245704,-0.04871,-0.00983,0.99524,0.08386,0.3906
1581991295.2521012,-0.04871,-0.00989,0.99524,0.08386,0.3906
1581991295.2570019,-0.04871,-0.00989,0.99524,0.08386,0.3906
1581991295.263069,-0.04865,-0.00989,0.99524,0.08392,0.3906
1581991295.2679942,-0.04865,-0.00989,0.99524,0.08392,0.3906
1581991295.273034,-0.04865,-0.00995,0.99524,0.08392,0.3906
1581991295.279829,-0.04858,-0.00995,0.99524,0.08392,0.3906
1581991295.285944,-0.04858,-0.01001,0.99524,0.08386,0.3906
1581991295.290121,-0.04858,-0.01007,0.99524,0.08386,0.3906
1581991295.295737,-0.04858,-0.01007,0.99524,0.08386,0.3906
1581991295.305553,-0.04858,-0.01013,0.99524,0.08386,0.3906
1581991295.308372,-0.04852,-0.01013,0.99524,0.08386,0.3906
1581991295.312258,-0.04852,-0.01019,0.99524,0.08386,0.3906
1581991295.318044,-0.04852,-0.01019,0.99524,0.08380,0.3906
1581991295.323103,-0.04852,-0.01025,0.99524,0.08380,0.3906
1581991295.328757,-0.04852,-0.01025,0.99524,0.08380,0.3906
1581991295.334006,-0.04852,-0.01031,0.99524,0.08380,0.3906
1581991295.339575,-0.04852,-0.01038,0.99524,0.08374,0.3906
1581991295.3458781,-0.04852,-0.01044,0.99524,0.08374,0.3906
1581991295.351649,-0.04852,-0.01044,0.99524,0.08374,0.3906
1581991295.3568509,-0.04852,-0.01050,0.99524,0.08374,0.3906
1581991295.3623471,-0.04852,-0.01056,0.99524,0.08374,0.3906
1581991295.368078,-0.04846,-0.01056,0.99524,0.08374,0.3906
1581991295.372976,-0.04846,-0.01062,0.99524,0.08368,0.3906
1581991295.383476,-0.04846,-0.01068,0.99524,0.08368,0.3906
1581991295.384298,-0.04846,-0.01068,0.99524,0.08368,0.3906
1581991295.390016,-0.04846,-0.01080,0.99524,0.08374,0.3906
1581991295.3975492,-0.04846,-0.01080,0.99524,0.08374,0.3906
1581991295.4004219,-0.04846,-0.01086,0.99524,0.08374,0.3907
1581991295.406765,-0.04840,-0.01086,0.99524,0.08380,0.3907
1581991295.4140842,-0.04840,-0.01093,0.99524,0.08386,0.3907
1581991295.417035,-0.04840,-0.01093,0.99524,0.08386,0.3907
1581991295.422783,-0.04834,-0.01099,0.99524,0.08392,0.3907
1581991295.4282281,-0.04834,-0.01099,0.99524,0.08398,0.3907
1581991295.434307,-0.04834,-0.01105,0.99524,0.08405,0.3907
1581991295.441074,-0.04834,-0.01105,0.99524,0.08411,0.3907
1581991295.4450638,-0.04834,-0.01117,0.99524,0.08423,0.3907
1581991295.450978,-0.04834,-0.01117,0.99518,0.08429,0.3907
1581991295.455563,-0.04834,-0.01123,0.99518,0.08435,0.3907
1581991295.4626749,-0.04834,-0.01123,0.99518,0.08441,0.3907
1581991295.4668941,-0.04834,-0.01129,0.99518,0.08447,0.3907
1581991295.472555,-0.04834,-0.01129,0.99518,0.08453,0.3907
1581991295.4774091,-0.04834,-0.01129,0.99518,0.08459,0.3907
1581991295.48326,-0.04834,-0.01135,0.99518,0.08466,0.3907
1581991295.489334,-0.04834,-0.01135,0.99518,0.08472,0.3907
1581991295.49395,-0.04834,-0.01141,0.99518,0.08484,0.3907
1581991295.499676,-0.04834,-0.01141,0.99512,0.08490,0.3907
1581991295.5060081,-0.04834,-0.01147,0.99512,0.08502,0.3907
1581991295.5119848,-0.04834,-0.01147,0.99512,0.08502,0.3907
1581991295.516469,-0.04834,-0.01154,0.99512,0.08508,0.3907
1581991295.5221388,-0.04828,-0.01154,0.99512,0.08514,0.3907
1581991295.5273879,-0.04822,-0.01160,0.99512,0.08521,0.3907
1581991295.53272,-0.04822,-0.01160,0.99512,0.08521,0.3907
1581991295.5386481,-0.04816,-0.01166,0.99512,0.08527,0.3907
1581991295.544596,-0.04810,-0.01178,0.99512,0.08533,0.3907
1581991295.549401,-0.04803,-0.01184,0.99512,0.08539,0.3907
1581991295.5548759,-0.04803,-0.01190,0.99512,0.08539,0.3907
1581991295.5618281,-0.04797,-0.01202,0.99512,0.08545,0.3907
1581991295.566943,-0.04791,-0.01208,0.99512,0.08545,0.3907
1581991295.571847,-0.04791,-0.01215,0.99512,0.08545,0.3907
1581991295.577711,-0.04785,-0.01227,0.99512,0.08545,0.3907
1581991295.582376,-0.04785,-0.01233,0.99512,0.08551,0.3907
1581991295.5884202,-0.04779,-0.01239,0.99512,0.08551,0.3907
1581991295.593131,-0.04779,-0.01251,0.99512,0.08551,0.3907
1581991295.5989382,-0.04779,-0.01257,0.99512,0.08551,0.3907
1581991295.604358,-0.04773,-0.01270,0.99512,0.08551,0.3907
1581991295.610414,-0.04767,-0.01276,0.99512,0.08551,0.3907
1581991295.615456,-0.04767,-0.01276,0.99512,0.08551,0.3907
1581991295.622344,-0.04761,-0.01282,0.99512,0.08551,0.3907
1581991295.627004,-0.04755,-0.01282,0.99512,0.08545,0.3907
1581991295.632129,-0.04755,-0.01282,0.99512,0.08545,0.3907
1581991295.6382651,-0.04749,-0.01282,0.99512,0.08551,0.3907
1581991295.643202,-0.04749,-0.01282,0.99512,0.08551,0.3907
1581991295.648384,-0.04742,-0.01282,0.99512,0.08551,0.3907
1581991295.654447,-0.04742,-0.01276,0.99512,0.08551,0.3907
1581991295.660365,-0.04742,-0.01276,0.99512,0.08551,0.3907
1581991295.6659892,-0.04742,-0.01270,0.99512,0.08557,0.3907
1581991295.6741471,-0.04736,-0.01270,0.99512,0.08557,0.3907
1581991295.676699,-0.04736,-0.01270,0.99512,0.08557,0.3907
1581991295.6836858,-0.04736,-0.01263,0.99512,0.08557,0.3907
1581991295.687726,-0.04736,-0.01263,0.99512,0.08563,0.3907
1581991295.693981,-0.04736,-0.01257,0.99512,0.08563,0.3908
1581991295.698963,-0.04742,-0.01257,0.99512,0.08569,0.3908
1581991295.704761,-0.04736,-0.01251,0.99512,0.08569,0.3908
1581991295.709876,-0.04736,-0.01251,0.99512,0.08575,0.3908
1581991295.714955,-0.04736,-0.01245,0.99512,0.08582,0.3908
1581991295.721141,-0.04736,-0.01239,0.99512,0.08582,0.3908
1581991295.7266822,-0.04742,-0.01239,0.99512,0.08588,0.3908
1581991295.731603,-0.04742,-0.01233,0.99512,0.08594,0.3908
1581991295.737691,-0.04742,-0.01227,0.99506,0.08606,0.3908
1581991295.742713,-0.04742,-0.01221,0.99506,0.08612,0.3908
1581991295.7478132,-0.04742,-0.01215,0.99506,0.08624,0.3908
1581991295.754731,-0.04742,-0.01208,0.99506,0.08636,0.3908
1581991295.759288,-0.04742,-0.01202,0.99506,0.08655,0.3908
1581991295.764608,-0.04742,-0.01196,0.99506,0.08667,0.3908
1581991295.770506,-0.04736,-0.01190,0.99506,0.08679,0.3908
1581991295.776862,-0.04730,-0.01184,0.99500,0.08691,0.3908
1581991295.781408,-0.04730,-0.01184,0.99500,0.08698,0.3908
1581991295.787029,-0.04724,-0.01178,0.99500,0.08710,0.3908
1581991295.792593,-0.04718,-0.01178,0.99500,0.08722,0.3908
1581991295.7981179,-0.04712,-0.01172,0.99500,0.08734,0.3908
1581991295.804676,-0.04706,-0.01172,0.99500,0.08740,0.3908
1581991295.808993,-0.04687,-0.01166,0.99500,0.08759,0.3908
1581991295.816121,-0.04681,-0.01160,0.99500,0.08771,0.3908
1581991295.8214269,-0.04669,-0.01154,0.99500,0.08777,0.3908
1581991295.82639,-0.04663,-0.01154,0.99500,0.08783,0.3908
1581991295.831878,-0.04657,-0.01147,0.99500,0.08789,0.3908
1581991295.837902,-0.04651,-0.01141,0.99500,0.08795,0.3908
1581991295.8430169,-0.04645,-0.01135,0.99500,0.08795,0.3908
1581991295.848015,-0.04639,-0.01135,0.99500,0.08801,0.3908
1581991295.854568,-0.04633,-0.01129,0.99500,0.08801,0.3908
1581991295.8588119,-0.04620,-0.01117,0.99500,0.08801,0.3908
1581991295.864806,-0.04620,-0.01117,0.99500,0.08801,0.3908
1581991295.870486,-0.04614,-0.01111,0.99500,0.08795,0.3908
1581991295.8781838,-0.04614,-0.01105,0.99500,0.08795,0.3908
1581991295.8820322,-0.04608,-0.01099,0.99500,0.08789,0.3908
1581991295.887994,-0.04608,-0.01099,0.99500,0.08789,0.3908
1581991295.893018,-0.04602,-0.01093,0.99500,0.08783,0.3908
1581991295.898753,-0.04596,-0.01086,0.99500,0.08771,0.3908
1581991295.905209,-0.04596,-0.01086,0.99506,0.08771,0.3908
1581991295.9099221,-0.04596,-0.01086,0.99506,0.08765,0.3908
1581991295.91665,-0.04590,-0.01080,0.99506,0.08759,0.3908
1581991295.921503,-0.04590,-0.01080,0.99506,0.08752,0.3908
1581991295.926934,-0.04590,-0.01080,0.99506,0.08752,0.3908
1581991295.932995,-0.04590,-0.01080,0.99506,0.08746,0.3908
1581991295.9382458,-0.04584,-0.01074,0.99506,0.08740,0.3908
1581991295.943578,-0.04584,-0.01074,0.99506,0.08734,0.3908
1581991295.949197,-0.04578,-0.01068,0.99506,0.08728,0.3908
1581991295.9566798,-0.04578,-0.01068,0.99506,0.08728,0.3908
1581991295.960381,-0.04572,-0.01068,0.99506,0.08722,0.3908
1581991295.965743,-0.04565,-0.01068,0.99506,0.08722,0.3908
1581991295.973129,-0.04565,-0.01068,0.99512,0.08716,0.3908
1581991295.977122,-0.04559,-0.01062,0.99512,0.08716,0.3908
1581991295.982599,-0.04559,-0.01062,0.99512,0.08710,0.3908
1581991295.987638,-0.04553,-0.01062,0.99512,0.08710,0.3908
1581991295.992755,-0.04547,-0.01062,0.99512,0.08704,0.3908
1581991295.9984431,-0.04547,-0.01068,0.99512,0.08704,0.3908
1581991296.00461,-0.04541,-0.01068,0.99512,0.08698,0.3908
1581991296.010171,-0.04535,-0.01068,0.99512,0.08698,0.3908
1581991296.015805,-0.04535,-0.01074,0.99512,0.08691,0.3908
1581991296.0217412,-0.04535,-0.01074,0.99512,0.08691,0.3908
1581991296.027061,-0.04529,-0.01074,0.99512,0.08691,0.3908
1581991296.033443,-0.04529,-0.01080,0.99512,0.08685,0.3908
1581991296.037686,-0.04529,-0.01080,0.99512,0.08685,0.3908
1581991296.042611,-0.04523,-0.01080,0.99512,0.08679,0.3908
1581991296.04877,-0.04523,-0.01086,0.99512,0.08679,0.3908
1581991296.054274,-0.04523,-0.01093,0.99518,0.08673,0.3908
1581991296.0598521,-0.04517,-0.01093,0.99518,0.08667,0.3908
1581991296.0652978,-0.04517,-0.01099,0.99518,0.08661,0.3908
1581991296.071599,-0.04517,-0.01099,0.99518,0.08661,0.3908
1581991296.076641,-0.04510,-0.01099,0.99518,0.08655,0.3908
1581991296.08195,-0.04510,-0.01105,0.99518,0.08649,0.3908
1581991296.087174,-0.04510,-0.01105,0.99518,0.08643,0.3908
1581991296.092917,-0.04510,-0.01111,0.99518,0.08636,0.3908
1581991296.0983,-0.04510,-0.01111,0.99518,0.08630,0.3908
1581991296.103799,-0.04510,-0.01117,0.99518,0.08618,0.3908
1581991296.109379,-0.04510,-0.01123,0.99518,0.08612,0.3908
1581991296.1149492,-0.04510,-0.01123,0.99518,0.08612,0.3908
1581991296.119929,-0.04510,-0.01129,0.99518,0.08606,0.3908
1581991296.125818,-0.04504,-0.01129,0.99524,0.08600,0.3908
1581991296.131166,-0.04504,-0.01129,0.99524,0.08594,0.3908
1581991296.1390421,-0.04504,-0.01135,0.99524,0.08588,0.3908
1581991296.142113,-0.04498,-0.01135,0.99524,0.08582,0.3908
1581991296.147965,-0.04498,-0.01135,0.99524,0.08575,0.3908
1581991296.1538482,-0.04498,-0.01135,0.99524,0.08569,0.3908
1581991296.158526,-0.04498,-0.01135,0.99524,0.08563,0.3908
1581991296.1639512,-0.04498,-0.01135,0.99524,0.08563,0.3908
1581991296.1698549,-0.04498,-0.01135,0.99524,0.08557,0.3908
1581991296.175879,-0.04498,-0.01135,0.99524,0.08551,0.3908
1581991296.1814148,-0.04498,-0.01135,0.99524,0.08551,0.3908
1581991296.187735,-0.04504,-0.01135,0.99524,0.08551,0.3908
1581991296.1922119,-0.04504,-0.01129,0.99524,0.08551,0.3908
1581991296.197524,-0.04510,-0.01129,0.99524,0.08545,0.3908
1581991296.203243,-0.04510,-0.01129,0.99524,0.08545,0.3908
1581991296.208938,-0.04510,-0.01129,0.99524,0.08545,0.3908
1581991296.214241,-0.04517,-0.01123,0.99524,0.08551,0.3908
1581991296.220742,-0.04517,-0.01123,0.99524,0.08551,0.3908
1581991296.2255738,-0.04517,-0.01117,0.99524,0.08557,0.3908
1581991296.231288,-0.04517,-0.01117,0.99524,0.08557,0.3908
1581991296.236439,-0.04517,-0.01111,0.99524,0.08557,0.3908
1581991296.241618,-0.04517,-0.01105,0.99524,0.08563,0.3908
1581991296.247437,-0.04517,-0.01099,0.99524,0.08563,0.3908
1581991296.252905,-0.04510,-0.01093,0.99524,0.08563,0.3908
1581991296.262666,-0.04510,-0.01086,0.99524,0.08569,0.3908
1581991296.2634711,-0.04504,-0.01080,0.99524,0.08569,0.3908
1581991296.2696462,-0.04498,-0.01062,0.99524,0.08569,0.3909
1581991296.2746382,-0.04498,-0.01050,0.99524,0.08575,0.3909
1581991296.2799768,-0.04492,-0.01044,0.99524,0.08575,0.3909
1581991296.2883358,-0.04492,-0.01025,0.99524,0.08575,0.3909
1581991296.293578,-0.04486,-0.01019,0.99524,0.08575,0.3909
1581991296.296552,-0.04480,-0.01001,0.99524,0.08575,0.3909
1581991296.306696,-0.04480,-0.00995,0.99524,0.08575,0.3909
1581991296.307439,-0.04474,-0.00983,0.99524,0.08575,0.3909
1581991296.313087,-0.04474,-0.00964,0.99524,0.08575,0.3909
1581991296.318752,-0.04468,-0.00958,0.99524,0.08575,0.3909
1581991296.324067,-0.04468,-0.00934,0.99530,0.08575,0.3909
1581991296.3298402,-0.04462,-0.00928,0.99530,0.08575,0.3909
1581991296.334385,-0.04456,-0.00916,0.99530,0.08569,0.3909
1581991296.3401148,-0.04456,-0.00909,0.99530,0.08569,0.3909
1581991296.3459241,-0.04456,-0.00897,0.99530,0.08569,0.3909
1581991296.353019,-0.04456,-0.00891,0.99530,0.08569,0.3909
1581991296.35795,-0.04449,-0.00879,0.99530,0.08569,0.3909
1581991296.3622599,-0.04449,-0.00867,0.99530,0.08569,0.3909
1581991296.367805,-0.04449,-0.00861,0.99530,0.08569,0.3909
1581991296.373387,-0.04449,-0.00848,0.99530,0.08569,0.3909
1581991296.378568,-0.04449,-0.00836,0.99530,0.08575,0.3909
1581991296.385946,-0.04443,-0.00824,0.99530,0.08575,0.3909
1581991296.390097,-0.04443,-0.00818,0.99530,0.08575,0.3909
1581991296.395374,-0.04443,-0.00806,0.99530,0.08582,0.3909
1581991296.401503,-0.04443,-0.00800,0.99530,0.08582,0.3909
1581991296.406558,-0.04443,-0.00793,0.99530,0.08582,0.3909
1581991296.41237,-0.04437,-0.00787,0.99530,0.08588,0.3909
1581991296.4173539,-0.04437,-0.00781,0.99530,0.08594,0.3909
1581991296.4224892,-0.04437,-0.00775,0.99530,0.08594,0.3909
1581991296.429872,-0.04437,-0.00763,0.99530,0.08600,0.3909
1581991296.434104,-0.04443,-0.00751,0.99530,0.08606,0.3909
1581991296.440397,-0.04443,-0.00745,0.99524,0.08612,0.3909
1581991296.446152,-0.04443,-0.00739,0.99524,0.08618,0.3909
1581991296.451772,-0.04449,-0.00732,0.99524,0.08624,0.3909
1581991296.456276,-0.04449,-0.00726,0.99524,0.08636,0.3909
1581991296.462532,-0.04456,-0.00714,0.99524,0.08643,0.3909
1581991296.4671192,-0.04456,-0.00708,0.99524,0.08649,0.3909
1581991296.474218,-0.04462,-0.00702,0.99524,0.08661,0.3909
1581991296.478733,-0.04462,-0.00696,0.99524,0.08667,0.3909
1581991296.483823,-0.04462,-0.00684,0.99518,0.08685,0.3909
1581991296.489967,-0.04462,-0.00677,0.99518,0.08691,0.3909
1581991296.495237,-0.04462,-0.00671,0.99518,0.08704,0.3909
1581991296.501704,-0.04462,-0.00665,0.99518,0.08710,0.3909
1581991296.50964,-0.04462,-0.00659,0.99518,0.08716,0.3909
1581991296.51187,-0.04462,-0.00653,0.99518,0.08728,0.3909
1581991296.517609,-0.04456,-0.00647,0.99518,0.08740,0.3909
1581991296.522665,-0.04456,-0.00641,0.99518,0.08746,0.3909
1581991296.527606,-0.04456,-0.00641,0.99512,0.08752,0.3909
1581991296.533545,-0.04456,-0.00635,0.99512,0.08765,0.3909
1581991296.539376,-0.04449,-0.00623,0.99512,0.08783,0.3909
1581991296.545259,-0.04449,-0.00616,0.99512,0.08789,0.3909
1581991296.553977,-0.04449,-0.00616,0.99512,0.08795,0.3909
1581991296.556156,-0.04449,-0.00610,0.99512,0.08801,0.3909
1581991296.561467,-0.04449,-0.00604,0.99512,0.08807,0.3909
1581991296.567607,-0.04449,-0.00598,0.99512,0.08813,0.3909
1581991296.571986,-0.04449,-0.00598,0.99512,0.08826,0.3909
1581991296.5776682,-0.04449,-0.00592,0.99506,0.08826,0.3909
1581991296.583186,-0.04449,-0.00586,0.99506,0.08832,0.3909
1581991296.588901,-0.04449,-0.00586,0.99506,0.08838,0.3909
1581991296.5949519,-0.04449,-0.00580,0.99506,0.08844,0.3909
1581991296.5997498,-0.04443,-0.00574,0.99506,0.08850,0.3909
1581991296.6057851,-0.04443,-0.00568,0.99506,0.08850,0.3909
1581991296.611479,-0.04443,-0.00568,0.99506,0.08856,0.3909
1581991296.61645,-0.04443,-0.00562,0.99506,0.08856,0.3909
1581991296.62198,-0.04443,-0.00562,0.99506,0.08856,0.3909
1581991296.629021,-0.04443,-0.00555,0.99506,0.08856,0.3909
1581991296.6325781,-0.04443,-0.00555,0.99506,0.08856,0.3909
1581991296.638389,-0.04443,-0.00555,0.99506,0.08862,0.3909
1581991296.643914,-0.04437,-0.00549,0.99506,0.08862,0.3909
1581991296.6489441,-0.04437,-0.00555,0.99506,0.08862,0.3909
1581991296.6547399,-0.04437,-0.00549,0.99506,0.08862,0.3909
1581991296.6607292,-0.04437,-0.00549,0.99506,0.08862,0.3909
1581991296.667017,-0.04437,-0.00549,0.99506,0.08862,0.3909
1581991296.671262,-0.04437,-0.00549,0.99506,0.08862,0.3909
1581991296.677124,-0.04437,-0.00549,0.99506,0.08862,0.3909
1581991296.682542,-0.04437,-0.00555,0.99506,0.08862,0.3909
1581991296.687768,-0.04437,-0.00555,0.99506,0.08862,0.3909
1581991296.6940749,-0.04437,-0.00555,0.99506,0.08862,0.3909
1581991296.699258,-0.04437,-0.00562,0.99506,0.08862,0.3909
1581991296.704582,-0.04437,-0.00562,0.99506,0.08856,0.3909
1581991296.71015,-0.04431,-0.00562,0.99506,0.08856,0.3909
1581991296.7158241,-0.04431,-0.00562,0.99506,0.08856,0.3909
1581991296.721453,-0.04431,-0.00568,0.99506,0.08850,0.3909
1581991296.727446,-0.04431,-0.00568,0.99506,0.08850,0.3909
1581991296.732522,-0.04431,-0.00568,0.99506,0.08844,0.3909
1581991296.73741,-0.04431,-0.00568,0.99506,0.08844,0.3909
1581991296.7425091,-0.04431,-0.00574,0.99506,0.08844,0.3909
1581991296.751329,-0.04431,-0.00574,0.99506,0.08838,0.3909
1581991296.7552278,-0.04431,-0.00580,0.99512,0.08832,0.3909
1581991296.7609081,-0.04431,-0.00580,0.99512,0.08826,0.3909
1581991296.765022,-0.04431,-0.00586,0.99512,0.08826,0.3909
1581991296.7703922,-0.04431,-0.00586,0.99512,0.08820,0.3909
1581991296.7765381,-0.04431,-0.00592,0.99512,0.08813,0.3909
1581991296.7819378,-0.04425,-0.00598,0.99512,0.08813,0.3909
1581991296.7866602,-0.04425,-0.00604,0.99512,0.08807,0.3909
1581991296.791914,-0.04425,-0.00610,0.99512,0.08801,0.3909
1581991296.79761,-0.04425,-0.00610,0.99512,0.08795,0.3909
1581991296.803769,-0.04425,-0.00616,0.99512,0.08795,0.3909
1581991296.80888,-0.04431,-0.00635,0.99512,0.08783,0.3909
1581991296.814014,-0.04431,-0.00641,0.99512,0.08777,0.3909
1581991296.820805,-0.04431,-0.00647,0.99512,0.08771,0.3909
1581991296.825088,-0.04437,-0.00659,0.99512,0.08771,0.3909
1581991296.831019,-0.04437,-0.00665,0.99512,0.08765,0.3909
1581991296.837085,-0.04437,-0.00677,0.99512,0.08759,0.3909
1581991296.841999,-0.04437,-0.00684,0.99518,0.08752,0.3909
1581991296.847587,-0.04437,-0.00696,0.99518,0.08746,0.3910
1581991296.856134,-0.04437,-0.00708,0.99518,0.08740,0.3910
1581991296.858835,-0.04443,-0.00732,0.99518,0.08734,0.3910
1581991296.86368,-0.04443,-0.00745,0.99518,0.08728,0.3910
1581991296.870013,-0.04443,-0.00757,0.99518,0.08722,0.3910
1581991296.875235,-0.04443,-0.00763,0.99518,0.08716,0.3910
1581991296.881001,-0.04443,-0.00775,0.99518,0.08716,0.3910
1581991296.886875,-0.04443,-0.00781,0.99518,0.08710,0.3910
1581991296.893182,-0.04449,-0.00793,0.99518,0.08704,0.3910
1581991296.8974762,-0.04449,-0.00806,0.99518,0.08704,0.3910
1581991296.9034188,-0.04449,-0.00818,0.99518,0.08698,0.3910
1581991296.909618,-0.04456,-0.00842,0.99518,0.08691,0.3910
1581991296.9160151,-0.04456,-0.00854,0.99518,0.08691,0.3910
1581991296.921914,-0.04456,-0.00867,0.99518,0.08685,0.3910
1581991296.926184,-0.04462,-0.00885,0.99518,0.08685,0.3910
1581991296.931829,-0.04462,-0.00897,0.99518,0.08685,0.3910
1581991296.937463,-0.04462,-0.00909,0.99518,0.08679,0.3910
1581991296.9423869,-0.04468,-0.00922,0.99518,0.08673,0.3910
1581991296.9480162,-0.04468,-0.00934,0.99518,0.08673,0.3910
1581991296.954582,-0.04468,-0.00952,0.99518,0.08667,0.3910
1581991296.958921,-0.04474,-0.00958,0.99518,0.08667,0.3910
1581991296.964001,-0.04474,-0.00970,0.99518,0.08661,0.3910
1581991296.970386,-0.04474,-0.00977,0.99518,0.08661,0.3910
1581991296.975747,-0.04480,-0.00989,0.99518,0.08655,0.3910
1581991296.9811032,-0.04480,-0.01001,0.99518,0.08655,0.3910
1581991296.9867678,-0.04480,-0.01007,0.99518,0.08649,0.3910
1581991296.9921339,-0.04480,-0.01019,0.99518,0.08649,0.3910
1581991296.998322,-0.04486,-0.01031,0.99518,0.08649,0.3910
1581991297.003231,-0.04486,-0.01044,0.99518,0.08643,0.3910
1581991297.009058,-0.04492,-0.01062,0.99518,0.08643,0.3910
1581991297.0139232,-0.04492,-0.01068,0.99518,0.08643,0.3910
1581991297.0205262,-0.04492,-0.01074,0.99518,0.08643,0.3910
1581991297.025732,-0.04498,-0.01080,0.99518,0.08643,0.3910
1581991297.0315242,-0.04498,-0.01086,0.99518,0.08643,0.3910
1581991297.0372128,-0.04498,-0.01093,0.99518,0.08643,0.3910
1581991297.0425642,-0.04498,-0.01099,0.99518,0.08643,0.3910
1581991297.04756,-0.04498,-0.01105,0.99518,0.08643,0.3910
1581991297.053154,-0.04498,-0.01111,0.99518,0.08643,0.3910
1581991297.0588028,-0.04498,-0.01123,0.99518,0.08643,0.3910
1581991297.0651488,-0.04498,-0.01129,0.99518,0.08643,0.3910
1581991297.0695071,-0.04504,-0.01135,0.99518,0.08643,0.3910
1581991297.07628,-0.04504,-0.01141,0.99518,0.08649,0.3910
1581991297.0809112,-0.04504,-0.01147,0.99518,0.08649,0.3910
1581991297.087009,-0.04504,-0.01154,0.99518,0.08649,0.3910
1581991297.091838,-0.04510,-0.01160,0.99518,0.08649,0.3910
1581991297.097119,-0.04510,-0.01166,0.99518,0.08649,0.3910
1581991297.10322,-0.04517,-0.01172,0.99518,0.08655,0.3910
1581991297.1083882,-0.04517,-0.01178,0.99518,0.08655,0.3910
1581991297.114068,-0.04523,-0.01184,0.99518,0.08655,0.3910
1581991297.119767,-0.04523,-0.01190,0.99518,0.08655,0.3910
1581991297.125802,-0.04523,-0.01190,0.99512,0.08655,0.3910
1581991297.13131,-0.04529,-0.01196,0.99512,0.08655,0.3911
1581991297.137606,-0.04529,-0.01196,0.99512,0.08655,0.3911
1581991297.14239,-0.04535,-0.01202,0.99512,0.08655,0.3911
1581991297.1476748,-0.04535,-0.01202,0.99512,0.08661,0.3911
1581991297.153026,-0.04541,-0.01208,0.99512,0.08661,0.3911
1581991297.159107,-0.04553,-0.01208,0.99512,0.08661,0.3911
1581991297.16507,-0.04553,-0.01208,0.99512,0.08661,0.3911
1581991297.172155,-0.04559,-0.01208,0.99512,0.08667,0.3911
1581991297.176074,-0.04559,-0.01208,0.99512,0.08667,0.3911
1581991297.181505,-0.04565,-0.01208,0.99512,0.08667,0.3911
1581991297.1870232,-0.04565,-0.01208,0.99512,0.08667,0.3911
1581991297.192554,-0.04572,-0.01208,0.99512,0.08673,0.3911
1581991297.199371,-0.04572,-0.01208,0.99512,0.08673,0.3911
1581991297.205034,-0.04578,-0.01208,0.99512,0.08679,0.3911
1581991297.209594,-0.04578,-0.01208,0.99512,0.08685,0.3911
1581991297.216156,-0.04578,-0.01208,0.99512,0.08685,0.3911
1581991297.2217758,-0.04584,-0.01208,0.99512,0.08691,0.3911
1581991297.226975,-0.04584,-0.01208,0.99506,0.08691,0.3911
1581991297.233196,-0.04590,-0.01215,0.99506,0.08698,0.3911
1581991297.237165,-0.04590,-0.01215,0.99506,0.08704,0.3911
1581991297.243097,-0.04590,-0.01215,0.99506,0.08704,0.3911
1581991297.249603,-0.04596,-0.01215,0.99506,0.08716,0.3911
1581991297.255556,-0.04596,-0.01208,0.99506,0.08716,0.3911
1581991297.261009,-0.04596,-0.01208,0.99506,0.08722,0.3911
1581991297.26636,-0.04602,-0.01208,0.99506,0.08722,0.3911
1581991297.271678,-0.04602,-0.01202,0.99506,0.08728,0.3911
1581991297.278511,-0.04602,-0.01202,0.99506,0.08728,0.3911
1581991297.2824252,-0.04602,-0.01196,0.99506,0.08734,0.3911
1581991297.2891068,-0.04608,-0.01196,0.99506,0.08734,0.3911
1581991297.2938292,-0.04608,-0.01190,0.99506,0.08740,0.3911
1581991297.29839,-0.04608,-0.01184,0.99506,0.08740,0.3911
1581991297.304513,-0.04608,-0.01178,0.99506,0.08740,0.3911
1581991297.309761,-0.04614,-0.01178,0.99506,0.08740,0.3911
1581991297.315445,-0.04614,-0.01178,0.99506,0.08740,0.3911
1581991297.3215969,-0.04614,-0.01178,0.99506,0.08740,0.3911
1581991297.3281732,-0.04620,-0.01172,0.99506,0.08740,0.3911
1581991297.333004,-0.04620,-0.01172,0.99506,0.08740,0.3911
1581991297.337164,-0.04620,-0.01178,0.99506,0.08740,0.3911
1581991297.3428411,-0.04626,-0.01178,0.99506,0.08740,0.3911
1581991297.34862,-0.04626,-0.01178,0.99500,0.08740,0.3911
1581991297.353944,-0.04633,-0.01178,0.99500,0.08740,0.3911
1581991297.359858,-0.04633,-0.01178,0.99500,0.08740,0.3911
1581991297.365742,-0.04633,-0.01178,0.99500,0.08740,0.3911
1581991297.370955,-0.04633,-0.01178,0.99500,0.08740,0.3911
1581991297.377556,-0.04633,-0.01178,0.99500,0.08740,0.3911
1581991297.382268,-0.04633,-0.01178,0.99500,0.08740,0.3911
1581991297.387775,-0.04633,-0.01178,0.99500,0.08746,0.3911
1581991297.393007,-0.04633,-0.01172,0.99500,0.08746,0.3911
1581991297.398935,-0.04633,-0.01172,0.99500,0.08746,0.3911
1581991297.403866,-0.04633,-0.01166,0.99500,0.08746,0.3911
1581991297.410005,-0.04633,-0.01166,0.99500,0.08746,0.3911
1581991297.4185019,-0.04626,-0.01166,0.99506,0.08740,0.3911
1581991297.420923,-0.04626,-0.01160,0.99506,0.08746,0.3911
1581991297.426665,-0.04626,-0.01160,0.99506,0.08746,0.3911
1581991297.431551,-0.04626,-0.01160,0.99506,0.08746,0.3911
1581991297.4377012,-0.04626,-0.01154,0.99506,0.08746,0.3911
1581991297.442538,-0.04620,-0.01154,0.99506,0.08746,0.3911
1581991297.448679,-0.04620,-0.01154,0.99506,0.08746,0.3911
1581991297.4534678,-0.04614,-0.01147,0.99506,0.08746,0.3911
1581991297.459457,-0.04608,-0.01147,0.99506,0.08746,0.3911
1581991297.4657621,-0.04608,-0.01147,0.99506,0.08746,0.3911
1581991297.4712708,-0.04602,-0.01147,0.99506,0.08746,0.3911
1581991297.476982,-0.04596,-0.01147,0.99506,0.08740,0.3911
1581991297.482872,-0.04596,-0.01147,0.99506,0.08740,0.3911
1581991297.488021,-0.04590,-0.01147,0.99506,0.08740,0.3911
1581991297.493267,-0.04584,-0.01141,0.99506,0.08734,0.3911
1581991297.4991791,-0.04578,-0.01141,0.99506,0.08728,0.3911
1581991297.505423,-0.04578,-0.01141,0.99506,0.08728,0.3911
1581991297.51052,-0.04578,-0.01141,0.99506,0.08722,0.3911
1581991297.516025,-0.04572,-0.01141,0.99506,0.08722,0.3911
1581991297.521573,-0.04572,-0.01141,0.99506,0.08716,0.3911
1581991297.5271308,-0.04572,-0.01141,0.99506,0.08710,0.3911
1581991297.532511,-0.04565,-0.01141,0.99512,0.08710,0.3911
1581991297.5382679,-0.04565,-0.01141,0.99512,0.08704,0.3911
1581991297.544343,-0.04559,-0.01147,0.99512,0.08698,0.3911
1581991297.549431,-0.04559,-0.01147,0.99512,0.08691,0.3911
1581991297.5550148,-0.04559,-0.01154,0.99512,0.08685,0.3911
1581991297.560555,-0.04559,-0.01154,0.99512,0.08685,0.3911
1581991297.566314,-0.04559,-0.01160,0.99512,0.08679,0.3911
1581991297.571441,-0.04559,-0.01160,0.99512,0.08679,0.3911
1581991297.576776,-0.04559,-0.01166,0.99512,0.08673,0.3911
1581991297.582774,-0.04559,-0.01166,0.99512,0.08673,0.3911
1581991297.588188,-0.04553,-0.01166,0.99512,0.08667,0.3911
1581991297.593364,-0.04553,-0.01166,0.99512,0.08661,0.3911
1581991297.598604,-0.04559,-0.01166,0.99512,0.08661,0.3911
1581991297.6044202,-0.04559,-0.01166,0.99512,0.08661,0.3911
1581991297.6116009,-0.04559,-0.01166,0.99512,0.08661,0.3911
1581991297.6159208,-0.04565,-0.01172,0.99512,0.08661,0.3911
1581991297.621048,-0.04565,-0.01172,0.99512,0.08661,0.3911
1581991297.626457,-0.04565,-0.01178,0.99512,0.08661,0.3911
1581991297.632758,-0.04572,-0.01178,0.99512,0.08661,0.3911
1581991297.638378,-0.04572,-0.01184,0.99512,0.08661,0.3911
1581991297.644783,-0.04572,-0.01184,0.99512,0.08661,0.3911
1581991297.649837,-0.04572,-0.01190,0.99512,0.08661,0.3911
1581991297.656472,-0.04572,-0.01196,0.99512,0.08667,0.3911
1581991297.661021,-0.04572,-0.01196,0.99512,0.08667,0.3911
1581991297.667138,-0.04572,-0.01202,0.99512,0.08667,0.3911
1581991297.671917,-0.04572,-0.01202,0.99512,0.08667,0.3911
1581991297.677851,-0.04572,-0.01202,0.99512,0.08667,0.3911
1581991297.683077,-0.04572,-0.01208,0.99512,0.08667,0.3911
1581991297.689847,-0.04565,-0.01208,0.99512,0.08673,0.3911
1581991297.693751,-0.04565,-0.01208,0.99512,0.08673,0.3911
1581991297.7010539,-0.04565,-0.01208,0.99512,0.08673,0.3911
1581991297.705761,-0.04565,-0.01202,0.99512,0.08673,0.3911
1581991297.711255,-0.04565,-0.01202,0.99512,0.08673,0.3912
1581991297.717036,-0.04559,-0.01208,0.99512,0.08673,0.3912
1581991297.722188,-0.04559,-0.01208,0.99512,0.08673,0.3912
1581991297.727026,-0.04559,-0.01208,0.99512,0.08673,0.3912
1581991297.733235,-0.04559,-0.01215,0.99512,0.08673,0.3912
1581991297.73873,-0.04553,-0.01215,0.99512,0.08673,0.3912
1581991297.7451022,-0.04553,-0.01221,0.99512,0.08667,0.3912
1581991297.7501361,-0.04553,-0.01221,0.99512,0.08667,0.3912
1581991297.755906,-0.04547,-0.01227,0.99512,0.08667,0.3912
1581991297.762914,-0.04547,-0.01227,0.99512,0.08661,0.3912
1581991297.767508,-0.04547,-0.01233,0.99512,0.08655,0.3912
1581991297.7734451,-0.04547,-0.01233,0.99512,0.08655,0.3912
1581991297.7786539,-0.04547,-0.01239,0.99512,0.08649,0.3912
1581991297.784319,-0.04547,-0.01239,0.99512,0.08643,0.3912
1581991297.7909691,-0.04547,-0.01239,0.99512,0.08636,0.3912
1581991297.795706,-0.04547,-0.01239,0.99518,0.08636,0.3912
1581991297.8001,-0.04547,-0.01239,0.99518,0.08630,0.3912
1581991297.805845,-0.04547,-0.01239,0.99518,0.08624,0.3912
1581991297.813257,-0.04547,-0.01239,0.99518,0.08618,0.3912
1581991297.816973,-0.04541,-0.01239,0.99518,0.08612,0.3912
1581991297.8219059,-0.04541,-0.01239,0.99518,0.08606,0.3912
1581991297.828009,-0.04547,-0.01239,0.99518,0.08600,0.3912
1581991297.833966,-0.04547,-0.01233,0.99518,0.08594,0.3912
1581991297.838901,-0.04547,-0.01233,0.99518,0.08588,0.3912
1581991297.844434,-0.04553,-0.01233,0.99518,0.08588,0.3912
1581991297.8516102,-0.04553,-0.01227,0.99518,0.08582,0.3912
1581991297.8561358,-0.04559,-0.01227,0.99518,0.08582,0.3912
1581991297.862039,-0.04559,-0.01221,0.99518,0.08582,0.3912
1581991297.866848,-0.04559,-0.01221,0.99518,0.08575,0.3912
1581991297.87363,-0.04559,-0.01215,0.99518,0.08575,0.3912
1581991297.87821,-0.04565,-0.01215,0.99518,0.08575,0.3912
1581991297.883805,-0.04565,-0.01208,0.99518,0.08575,0.3912
1581991297.889277,-0.04565,-0.01208,0.99518,0.08575,0.3912
1581991297.896436,-0.04565,-0.01202,0.99518,0.08575,0.3912
1581991297.901291,-0.04559,-0.01202,0.99518,0.08575,0.3912
1581991297.905909,-0.04559,-0.01196,0.99518,0.08575,0.3912
1581991297.9128351,-0.04559,-0.01196,0.99518,0.08582,0.3912
1581991297.916575,-0.04559,-0.01190,0.99518,0.08582,0.3912
1581991297.922187,-0.04559,-0.01190,0.99518,0.08588,0.3912
1581991297.928125,-0.04553,-0.01184,0.99518,0.08588,0.3912
1581991297.933323,-0.04553,-0.01184,0.99518,0.08594,0.3912
1581991297.9386408,-0.04553,-0.01178,0.99518,0.08594,0.3912
1581991297.944768,-0.04553,-0.01178,0.99518,0.08600,0.3912
1581991297.950495,-0.04553,-0.01172,0.99518,0.08600,0.3912
1581991297.95648,-0.04553,-0.01172,0.99518,0.08606,0.3912
1581991297.9617121,-0.04553,-0.01172,0.99518,0.08606,0.3912
1581991297.967863,-0.04553,-0.01166,0.99518,0.08606,0.3912
1581991297.9733498,-0.04553,-0.01166,0.99518,0.08612,0.3912
1581991297.977758,-0.04547,-0.01160,0.99518,0.08612,0.3912
1581991297.983189,-0.04547,-0.01160,0.99518,0.08618,0.3912
1581991297.98855,-0.04547,-0.01160,0.99518,0.08618,0.3912
1581991297.993931,-0.04547,-0.01154,0.99518,0.08618,0.3912
1581991298.0002618,-0.04547,-0.01154,0.99518,0.08618,0.3913
1581991298.006253,-0.04553,-0.01154,0.99518,0.08618,0.3913
1581991298.0112052,-0.04553,-0.01154,0.99518,0.08624,0.3913
1581991298.016706,-0.04553,-0.01154,0.99518,0.08624,0.3913
1581991298.022805,-0.04547,-0.01154,0.99518,0.08624,0.3913
1581991298.027754,-0.04547,-0.01147,0.99518,0.08624,0.3913
1581991298.032966,-0.04547,-0.01147,0.99518,0.08624,0.3913
1581991298.0394082,-0.04547,-0.01147,0.99518,0.08624,0.3913
1581991298.0452108,-0.04541,-0.01147,0.99518,0.08624,0.3913
1581991298.050841,-0.04541,-0.01147,0.99518,0.08624,0.3913
1581991298.057249,-0.04535,-0.01147,0.99518,0.08624,0.3913
1581991298.061229,-0.04535,-0.01147,0.99518,0.08624,0.3913
1581991298.066754,-0.04535,-0.01141,0.99518,0.08624,0.3913
1581991298.0719318,-0.04529,-0.01141,0.99518,0.08630,0.3913
1581991298.078532,-0.04523,-0.01141,0.99518,0.08630,0.3913
1581991298.083219,-0.04517,-0.01141,0.99518,0.08630,0.3913
1581991298.08999,-0.04517,-0.01141,0.99518,0.08630,0.3913
1581991298.09679,-0.04510,-0.01141,0.99518,0.08630,0.3913
1581991298.10153,-0.04504,-0.01141,0.99518,0.08630,0.3913
1581991298.105789,-0.04504,-0.01141,0.99518,0.08630,0.3913
1581991298.112193,-0.04498,-0.01141,0.99518,0.08630,0.3913
1581991298.116449,-0.04492,-0.01147,0.99518,0.08630,0.3913
1581991298.1217852,-0.04486,-0.01147,0.99518,0.08630,0.3913
1581991298.128862,-0.04486,-0.01147,0.99518,0.08630,0.3913
1581991298.133193,-0.04474,-0.01147,0.99518,0.08630,0.3913
1581991298.1382809,-0.04468,-0.01154,0.99518,0.08630,0.3913
1581991298.144565,-0.04468,-0.01154,0.99518,0.08630,0.3913
1581991298.150413,-0.04462,-0.01154,0.99518,0.08630,0.3913
1581991298.1558988,-0.04456,-0.01154,0.99518,0.08630,0.3913
1581991298.161242,-0.04456,-0.01160,0.99518,0.08630,0.3913
1581991298.166485,-0.04449,-0.01160,0.99518,0.08630,0.3913
1581991298.1721878,-0.04449,-0.01160,0.99518,0.08630,0.3913
1581991298.177068,-0.04443,-0.01160,0.99518,0.08630,0.3913
1581991298.184864,-0.04443,-0.01166,0.99518,0.08630,0.3913
1581991298.189707,-0.04437,-0.01166,0.99524,0.08630,0.3913
1581991298.194577,-0.04437,-0.01172,0.99524,0.08630,0.3913
1581991298.199945,-0.04437,-0.01172,0.99524,0.08630,0.3913
1581991298.2054899,-0.04437,-0.01172,0.99524,0.08630,0.3913
1581991298.211147,-0.04431,-0.01178,0.99524,0.08630,0.3913
1581991298.21616,-0.04431,-0.01178,0.99524,0.08630,0.3913
1581991298.223417,-0.04431,-0.01184,0.99524,0.08630,0.3913
1581991298.226825,-0.04431,-0.01184,0.99524,0.08630,0.3913
1581991298.232926,-0.04431,-0.01184,0.99524,0.08630,0.3913
1581991298.2381709,-0.04431,-0.01190,0.99524,0.08630,0.3913
1581991298.243469,-0.04431,-0.01190,0.99524,0.08636,0.3913
1581991298.2497761,-0.04431,-0.01190,0.99518,0.08636,0.3913
1581991298.2557461,-0.04431,-0.01190,0.99518,0.08636,0.3913
1581991298.261017,-0.04431,-0.01190,0.99518,0.08636,0.3913
1581991298.265857,-0.04431,-0.01190,0.99518,0.08643,0.3913
1581991298.271683,-0.04431,-0.01196,0.99518,0.08643,0.3913
1581991298.2778702,-0.04437,-0.01196,0.99518,0.08649,0.3913
1581991298.282568,-0.04437,-0.01196,0.99518,0.08649,0.3913
1581991298.289789,-0.04437,-0.01196,0.99518,0.08655,0.3913
1581991298.293043,-0.04437,-0.01196,0.99518,0.08661,0.3913
1581991298.298979,-0.04437,-0.01196,0.99518,0.08667,0.3913
1581991298.305182,-0.04437,-0.01202,0.99518,0.08667,0.3913
1581991298.311245,-0.04431,-0.01202,0.99518,0.08673,0.3913
1581991298.317892,-0.04431,-0.01202,0.99518,0.08673,0.3913
1581991298.321527,-0.04431,-0.01202,0.99518,0.08679,0.3913
1581991298.3265998,-0.04425,-0.01202,0.99518,0.08679,0.3913
1581991298.332076,-0.04425,-0.01202,0.99518,0.08685,0.3913
1581991298.3381472,-0.04425,-0.01202,0.99518,0.08685,0.3913
1581991298.3448162,-0.04419,-0.01202,0.99518,0.08691,0.3913
1581991298.349544,-0.04413,-0.01202,0.99518,0.08691,0.3913
1581991298.355288,-0.04413,-0.01208,0.99518,0.08691,0.3913
1581991298.362089,-0.04413,-0.01208,0.99518,0.08685,0.3913
1581991298.3662841,-0.04413,-0.01208,0.99518,0.08685,0.3913
1581991298.3723059,-0.04413,-0.01208,0.99518,0.08685,0.3913
1581991298.376896,-0.04413,-0.01208,0.99518,0.08685,0.3913
1581991298.3827069,-0.04413,-0.01208,0.99518,0.08685,0.3913
1581991298.388624,-0.04413,-0.01215,0.99518,0.08679,0.3913
1581991298.393451,-0.04413,-0.01215,0.99518,0.08673,0.3913
1581991298.39906,-0.04413,-0.01215,0.99518,0.08673,0.3913
1581991298.4048178,-0.04413,-0.01215,0.99518,0.08667,0.3913
1581991298.4102452,-0.04413,-0.01221,0.99518,0.08667,0.3913
1581991298.4157922,-0.04419,-0.01221,0.99518,0.08661,0.3913
1581991298.421611,-0.04419,-0.01221,0.99518,0.08661,0.3913
1581991298.427061,-0.04419,-0.01221,0.99518,0.08655,0.3913
1581991298.4327738,-0.04419,-0.01227,0.99518,0.08649,0.3913
1581991298.4381099,-0.04425,-0.01227,0.99518,0.08649,0.3913
1581991298.442976,-0.04431,-0.01227,0.99518,0.08643,0.3913
1581991298.45021,-0.04431,-0.01227,0.99518,0.08636,0.3913
1581991298.455262,-0.04431,-0.01227,0.99518,0.08636,0.3913
1581991298.460851,-0.04431,-0.01227,0.99518,0.08636,0.3913
1581991298.466389,-0.04437,-0.01227,0.99518,0.08636,0.3913
1581991298.4717052,-0.04437,-0.01227,0.99518,0.08636,0.3913
1581991298.4780102,-0.04437,-0.01227,0.99518,0.08630,0.3913
1581991298.48265,-0.04437,-0.01227,0.99518,0.08630,0.3913
1581991298.487848,-0.04437,-0.01227,0.99518,0.08630,0.3913
1581991298.493175,-0.04443,-0.01227,0.99518,0.08630,0.3913
1581991298.499035,-0.04443,-0.01227,0.99518,0.08630,0.3913
1581991298.504352,-0.04449,-0.01227,0.99518,0.08630,0.3913
1581991298.5099268,-0.04449,-0.01221,0.99518,0.08630,0.3913
1581991298.517014,-0.04456,-0.01221,0.99518,0.08636,0.3913
1581991298.521149,-0.04456,-0.01215,0.99518,0.08636,0.3913
1581991298.526443,-0.04456,-0.01215,0.99518,0.08636,0.3913
1581991298.532264,-0.04462,-0.01215,0.99518,0.08643,0.3913
1581991298.536981,-0.04462,-0.01208,0.99518,0.08643,0.3913
1581991298.542839,-0.04462,-0.01208,0.99518,0.08649,0.3913
1581991298.5491579,-0.04462,-0.01202,0.99518,0.08649,0.3913
1581991298.55422,-0.04456,-0.01196,0.99518,0.08655,0.3913
1581991298.558976,-0.04456,-0.01196,0.99518,0.08655,0.3913
1581991298.565355,-0.04456,-0.01196,0.99518,0.08655,0.3913
1581991298.570328,-0.04456,-0.01196,0.99518,0.08661,0.3913
1581991298.577301,-0.04456,-0.01190,0.99518,0.08661,0.3913
1581991298.581077,-0.04449,-0.01190,0.99518,0.08661,0.3914
1581991298.586903,-0.04449,-0.01184,0.99518,0.08661,0.3914
1581991298.592236,-0.04449,-0.01184,0.99518,0.08661,0.3914
1581991298.598298,-0.04449,-0.01178,0.99518,0.08661,0.3914
1581991298.6032588,-0.04449,-0.01178,0.99518,0.08661,0.3914
1581991298.609958,-0.04449,-0.01172,0.99518,0.08661,0.3914
1581991298.6153102,-0.04449,-0.01172,0.99518,0.08661,0.3914
1581991298.621333,-0.04449,-0.01166,0.99518,0.08661,0.3914
1581991298.626951,-0.04449,-0.01166,0.99518,0.08661,0.3914
1581991298.631474,-0.04449,-0.01160,0.99518,0.08661,0.3914
1581991298.63715,-0.04443,-0.01160,0.99518,0.08661,0.3914
1581991298.642072,-0.04443,-0.01160,0.99518,0.08655,0.3914
1581991298.648108,-0.04443,-0.01154,0.99518,0.08655,0.3914
1581991298.6544452,-0.04443,-0.01154,0.99518,0.08655,0.3914
1581991298.659809,-0.04443,-0.01147,0.99518,0.08649,0.3914
1581991298.6651578,-0.04443,-0.01147,0.99518,0.08649,0.3914
1581991298.6722739,-0.04437,-0.01147,0.99518,0.08649,0.3914
1581991298.67607,-0.04437,-0.01147,0.99518,0.08649,0.3914
1581991298.681748,-0.04437,-0.01141,0.99518,0.08649,0.3914
1581991298.687145,-0.04431,-0.01141,0.99518,0.08649,0.3914
1581991298.692669,-0.04431,-0.01141,0.99518,0.08649,0.3914
1581991298.6981602,-0.04431,-0.01141,0.99518,0.08643,0.3914
1581991298.7064261,-0.04425,-0.01141,0.99518,0.08643,0.3914
1581991298.711092,-0.04425,-0.01141,0.99518,0.08643,0.3914
1581991298.715432,-0.04425,-0.01147,0.99518,0.08643,0.3914
1581991298.7226958,-0.04419,-0.01147,0.99524,0.08643,0.3914
1581991298.7264252,-0.04419,-0.01147,0.99524,0.08643,0.3914
1581991298.7316391,-0.04413,-0.01147,0.99524,0.08643,0.3914
1581991298.736976,-0.04413,-0.01147,0.99524,0.08649,0.3914
1581991298.742506,-0.04407,-0.01147,0.99524,0.08649,0.3914
1581991298.747831,-0.04401,-0.01154,0.99524,0.08649,0.3914
1581991298.755959,-0.04401,-0.01154,0.99524,0.08649,0.3914
1581991298.759207,-0.04395,-0.01160,0.99524,0.08649,0.3914
1581991298.764642,-0.04395,-0.01166,0.99524,0.08649,0.3914
1581991298.771927,-0.04388,-0.01166,0.99524,0.08649,0.3914
1581991298.7771509,-0.04382,-0.01172,0.99524,0.08649,0.3914
1581991298.781062,-0.04382,-0.01172,0.99524,0.08649,0.3914
1581991298.78644,-0.04376,-0.01178,0.99524,0.08649,0.3914
1581991298.7926521,-0.04376,-0.01178,0.99524,0.08649,0.3914
1581991298.7976289,-0.04376,-0.01184,0.99524,0.08649,0.3914
