zmq_X,zmq_Y,phi,theta,zmq_confidence,ZMQtimestamp
0.22309080303581066,0.055325285886077546,-1.9102525392629308,2.4271018935503825,0.839430790394538,1580879789.035611
0.21801707387622452,0.053160011350978476,-1.941724936330641,2.437742228099077,0.45877216072939553,1580879789.036138
0.22110447459750468,0.059101056090565485,-1.9110431556236414,2.4124241748713295,0.7652018300425838,1580879789.036462
0.21920981202715417,0.053511871507642916,-1.9345112009829255,2.435755091692091,0.49947778508273594,1580879789.056631
0.22109170631839703,0.05831515618049532,-1.912904533264259,2.4155095002292617,0.7046631625884394,1580879789.074223
0.22026252273686958,0.0595102165362289,-1.9139465794966786,2.4106760418646234,0.8765110468782038,1580879789.088995
0.22150368932877243,0.05862359811391826,-1.9101723481642037,2.4141726460758077,0.8298307754696251,1580879789.107829
0.2221199203823363,0.05703348201221581,-1.9109817422995543,2.4205036679291108,0.8486030513545174,1580879789.10899
0.22285787486153277,0.05563737593792917,-1.9108899193465199,2.426232705713445,0.8099454880678814,1580879789.112488
0.21789713824986948,0.05334305471564371,-1.9418884370075085,2.4370784547504867,0.47250495195172937,1580879789.113023
0.22078880878835885,0.05840008630179727,-1.914321443609912,2.415437385730907,0.8919915439115225,1580879789.123651
0.2189588929772258,0.05292543577853981,-1.937470142576193,2.4383778839581023,0.5295493684971037,1580879789.133792
0.21900485247420004,0.05297259222573758,-1.9370493615098732,2.4380956258374313,0.46044906016207926,1580879789.134578
0.2209663179480014,0.058118280994053695,-1.913937946447244,2.416266567599826,0.7533999763466007,1580879789.136035
0.22163592156670883,0.05818815518714937,-1.91051107760918,2.4158317427798615,0.7648999101545657,1580879789.136769
0.22340588340738082,0.05482188838698976,-1.910008302957036,2.429201274689459,0.8502191711715001,1580879789.153903
0.22237979779149622,0.05596808776165574,-1.9123109952450266,2.4248136311949113,0.7403607286240454,1580879789.179487
0.22172105226647715,0.056417682468478114,-1.9144988520654822,2.423192184079938,0.8719054508659781,1580879789.184428
0.21890746146897158,0.05385170933590744,-1.935230959930781,2.4345463599074426,0.5351803514071491,1580879789.1969001
0.22102243350096468,0.05749113655696314,-1.9153459519022216,2.41903115237942,0.8391379136480939,1580879789.197622
0.221537512956556,0.0571332425019101,-1.9135102681643115,2.420116220724014,0.7155841415131989,1580879789.1983612
0.22289075097826294,0.05542144910967217,-1.9111498078996434,2.426958959744622,0.7910646902252083,1580879789.199123
0.22139236195167697,0.058826328622429425,-1.910244810939865,2.4133950227489924,0.7052874694319412,1580879789.199737
0.22171422934697427,0.057634219571579104,-1.9114527514691924,2.4180603940154577,0.7105902326977241,1580879789.2345119
0.22192543132341566,0.056010107283051,-1.9143411528573995,2.424598818381013,0.7581633857821837,1580879789.254186
0.22256505352393727,0.05510000819201677,-1.9135159505282358,2.4283001837472904,0.7493575757454449,1580879789.266005
0.2245564014983878,0.05483378877126077,-1.9044162701624785,2.429055772049696,0.798603860029369,1580879789.279218
0.22434737893431383,0.053821396023801316,-1.9079675586984377,2.4333220733927576,0.701957766874868,1580879789.3059351
0.2229400024070451,0.055561652415218155,-1.9104996282320286,2.4262838566108305,0.796894085580888,1580879789.332905
0.22328595651255173,0.055847600139786846,-1.9080926013009771,2.4250225514257,0.7448512470092457,1580879789.352704
0.22420101422866195,0.0561950886335334,-1.9025557041587489,2.4230775874748662,0.7594332989940522,1580879789.353494
0.2241185644401777,0.055929757930603397,-1.903650484655155,2.4242660513994756,0.4650881979915695,1580879789.354485
0.23363582777997136,0.05752048252300135,-1.8542141414896434,2.41519533316639,0.22087771460499406,1580879789.355351
0.24434976990268825,0.0764579104437717,-1.778069590520693,2.343166753997294,0.9844927883038133,1580879789.39357
0.24512664957732694,0.07760571906703972,-1.7735334131348093,2.339079506762166,0.30182104038617324,1580879789.4042351
0.24696890422948137,0.08032362469332277,-1.7630518764460292,2.329590925299282,0.32716789113021894,1580879789.416805
0.24715406336711915,0.08020760365700963,-1.762428945712973,2.3299651924125753,0.2914988925935952,1580879789.420249
0.2474828489197558,0.08032368207759266,-1.7609697122837555,2.329507399449297,0.27041130927266477,1580879789.42135
0.24957936545927803,0.08337396489084792,-1.7495012786157496,2.319044648867252,0.24640778655574674,1580879789.422059
0.249796320791393,0.08331851047987338,-1.7487179073089874,2.319271203266909,0.4063904669554143,1580879789.425222
0.25016407988351347,0.08349866009484297,-1.747097593776084,2.3186650580600103,0.40508534826233755,1580879789.447542
0.2505329160566222,0.08364861124124101,-1.7454674399557795,2.3180533151857308,0.4488456564404518,1580879789.464226
0.2509055763082467,0.08381691407613268,-1.7438274458473615,2.317435974643802,0.4770744681594493,1580879789.489424
0.25128133949115633,0.08399066401182442,-1.74217761145225,2.3168130364347586,0.44881028761102154,1580879789.5055401
0.24910956608122845,0.084271001036888,-1.7505179367697377,2.316184500558336,0.47607510634165434,1580879789.506187
0.24966362914237578,0.0844171129725747,-1.7481541707702022,2.3155503670142554,0.5840020962141258,1580879789.506687
0.25001037824469824,0.08458350379412094,-1.7466083055767962,2.314910635803068,0.5997047356627179,1580879789.531531
0.2503605216770649,0.08476345151843157,-1.745053240214162,2.3142653069245016,0.4938796866481044,1580879789.548009
0.24815818999367828,0.08504413385020848,-1.7534889746816194,2.31361438037827,0.5929908835637672,1580879789.579846
0.24868765781556307,0.08521572647948217,-1.7512212650899124,2.312957856164939,0.5299863008881983,1580879789.5998569
0.24975315164448056,0.08240740270016333,-1.7497720958720742,2.322295734284228,0.5553202806356222,1580879789.600781
0.2500204037122923,0.0827873917270362,-1.7483143666477,2.3209337742576372,0.45129382613741065,1580879789.6011992
0.24781827700869402,0.08303308368085471,-1.7568480774180526,2.320393956844903,0.5011651721257823,1580879789.6017349
0.24579704827435123,0.0832701386412501,-1.7646789910187042,2.319849181950349,0.5165997132271988,1580879789.6023932
0.2462694250598915,0.08340081394148335,-1.76263484909796,2.319299449573735,0.5748805671202849,1580879789.603359
0.24481753606922557,0.08070528972803959,-1.7714105272821172,2.328744759715539,0.535720993739345,1580879789.6180391
0.24519505189806493,0.08102310296490811,-1.7694846935207116,2.3274908800097793,0.5327430573155935,1580879789.6336918
0.24294055922228316,0.08124675405254111,-1.778379319838854,2.327059782481861,0.5050778568623744,1580879789.6457129
0.24335418432939812,0.08134520727865946,-1.7765730775414017,2.326624367712514,0.5276796262733072,1580879789.657973
0.243564495269219,0.08147154570576953,-1.7755879353283908,2.326184635701553,0.5695463533103854,1580879789.658835
0.24459447606225143,0.07865630747550445,-1.774596794037038,2.335740586448785,0.5595813575800884,1580879789.659559
0.24646049926308536,0.08479860208208623,-1.7605528024577644,2.3148775512180184,0.9978736019337383,1580879789.6600761
0.24635933960634238,0.08468834385000368,-1.7610647146767835,2.3152534294659812,0.9678138688332316,1580879789.660788
0.2456508688544546,0.0846026236714087,-1.7639695778274433,2.315623834534996,0.9336727253446818,1580879789.661356
0.2460825857195128,0.08294874702271571,-1.763976998119745,2.321163733423622,0.9927489975388064,1580879789.661942
0.2459918974571056,0.08185041417468453,-1.7655051095802103,2.3248976317682097,0.97720057652879,1580879789.6625931
0.24570556008804562,0.08235925684626533,-1.7660996576130754,2.323172109687922,0.8657360901586807,1580879789.663411
0.24552759191352064,0.08205249720650487,-1.7671328793547743,2.3242088545545037,0.9847966746345331,1580879789.6642828
0.24496024508806266,0.0811577592027315,-1.7703166004995263,2.327137546654232,0.9295001940713872,1580879789.6649978
0.24534296929036384,0.08108079493608333,-1.7688338169478452,2.3272997363109713,0.9288206653470275,1580879789.665776
0.2448982958998301,0.08189807191029597,-1.769743989314667,2.324589220877209,0.9995581157941315,1580879789.666372
0.24477460187308955,0.08079119354736264,-1.771473825108821,2.3284184938940125,0.9058024845132973,1580879789.6670568
0.24520207360924978,0.08065849893457966,-1.7699375117574265,2.3289361106099875,0.8676338202993039,1580879789.6675699
0.2441271703731565,0.08001467622648895,-1.7749267192124372,2.3310562392696625,0.9609081020527451,1580879789.668674
0.2444386836338286,0.0797870692464796,-1.7739331430811307,2.3318366005734976,0.9940240509255736,1580879789.6691682
0.24363612451759065,0.08036650889090724,-1.776550023925805,2.3299747251634026,0.9840470087699613,1580879789.669642
0.24350673671365297,0.07959716140810258,-1.77787276582055,2.332436364340953,0.9953483393224347,1580879789.6702201
0.24360673155982226,0.0773257132022086,-1.780150219300781,2.340359346323881,0.9343928865908753,1580879789.6709151
0.24277892915098365,0.07662902047538656,-1.7844101388116171,2.3429116768753846,0.9359101744457747,1580879789.696867
0.24182004184060357,0.07719041900153789,-1.7876393460918745,2.3409651276146035,0.9811286416053797,1580879789.7552571
0.24176460942924338,0.07718534140763567,-1.7878626831957933,2.340962918033081,0.9947479616075864,1580879789.7711139
0.241451145034319,0.07640350181190714,-1.7901707837532734,2.3438341420790403,0.8778826252683736,1580879789.803752
0.24070110639768885,0.07762906169652795,-1.7917719559932783,2.3396924584857337,0.9542970405212745,1580879789.818104
0.24015496237257555,0.07604520672844306,-1.7960076387086787,2.3452486974019973,0.9356102077326651,1580879789.838211
0.23934395956407198,0.07718057444817572,-1.7979533012910032,2.3414248672175333,0.9382802780468678,1580879789.854669
0.23855451776831654,0.07711913751021726,-1.8012569577600002,2.3416230157056916,0.8949830150556978,1580879789.871957
0.23851313465857027,0.0775957599116418,-1.8008126664615747,2.339955398522407,0.9908066649893342,1580879789.899557
0.23763908425568792,0.0770815896291609,-1.8051027037778797,2.34184510719492,0.9500155260311701,1580879789.937032
0.23784754463783192,0.07686399097710128,-1.8045204570876214,2.3425839296669673,0.9368186619932735,1580879789.9630258
0.23809393555721936,0.07631857046310975,-1.8042049022175024,2.344459453656933,0.9673262292577174,1580879789.977568
0.2373630065598879,0.07634847736517658,-1.8071859878971797,2.3443781612669174,0.9526266005231121,1580879789.9918232
0.23711434781060348,0.07810744891270671,-1.805934426085156,2.338300935127454,0.9523775489974331,1580879790.017725
0.23699381911740192,0.07672134025015132,-1.8082421212493147,2.3431342366844503,0.8766961674968134,1580879790.039802
0.23779299204460064,0.07766242114370359,-1.8036769985863061,2.3397315720210687,0.9839248193424699,1580879790.0776372
0.2370660581602193,0.07784315213871662,-1.80650874125427,2.339291303896719,0.8725043584024025,1580879790.087687
0.23753904465784847,0.07734852213833643,-1.805148895342849,2.340878681663752,0.975439161379423,1580879790.088771
0.2372463106349695,0.07754891427968247,-1.8061001145334967,2.3402052780159868,0.8700377169342544,1580879790.089896
0.23567556519425503,0.07805756706579414,-1.8119419052600272,2.338579886558734,0.9257813868655967,1580879790.090564
0.23575562102192302,0.07727016099442963,-1.8127246378401447,2.341457013352791,0.9910497162866629,1580879790.1225889
0.23602649746968032,0.0786195421215451,-1.8098470143107634,2.336790912166173,0.9785185418676099,1580879790.1379101
0.2360605091407071,0.07764446606774156,-1.810917459867368,2.340035893888428,0.8157548826071733,1580879790.151904
0.23492894560406147,0.07806154088528083,-1.815071613232221,2.3387117260957235,0.9467912000521743,1580879790.1528032
0.2345879567485051,0.07817394008762879,-1.816346335853269,2.33837101615452,0.953400234562972,1580879790.1533818
0.23475907339753466,0.07837342027333993,-1.8153587249589551,2.337639584794665,0.9805877521339315,1580879790.153984
0.23446360347778591,0.07859966083582726,-1.8162697358592967,2.3368561724610437,0.9954272924013916,1580879790.182964
0.23360298028871815,0.07772987573185475,-1.8210446369675701,2.3400079015360706,0.9561834208892549,1580879790.202631
0.23297939647129695,0.078844549411491,-1.822251379034986,2.3364437678437935,0.9270394487634604,1580879790.211801
0.23245823693947792,0.07862503632220474,-1.8246681644583962,2.3371572984764697,0.9906694657342427,1580879790.2127638
0.2302913974009832,0.07870862814669732,-1.8335858676401948,2.3370648410298744,0.9842509596922413,1580879790.214308
0.22944661073387357,0.07772270992887664,-1.838633947861559,2.3407577220258546,0.9409521223554164,1580879790.215347
0.22928664869323878,0.07507914774020563,-1.8431970354560405,2.350012052198876,0.9009854945450255,1580879790.233749
0.23034273883621328,0.07495875800777252,-1.838873233365757,2.350316909114196,0.9063736278616543,1580879790.273738
0.22909542373669606,0.07515401904007069,-1.8438897491694848,2.349750727266367,0.9306245148985622,1580879790.294698
0.2300895765954186,0.0731445947493633,-1.8426762070607583,2.356728353970758,0.9859375171823486,1580879790.309877
0.22951859441125055,0.07334073062728619,-1.8449422431821403,2.356296802642105,0.8960534665522372,1580879790.313219
0.22973912320060155,0.07416741321998332,-1.8426774492616036,2.3532460052055972,0.8850969248981121,1580879790.331875
0.2292839728359258,0.07319310589363037,-1.84612646067905,2.356751663101751,0.8602999849005307,1580879790.3482702
0.22997785075372165,0.07240731101370734,-1.8442861044958014,2.3593479901921506,0.8621387150689279,1580879790.3539798
0.2300524995598794,0.07298190518447589,-1.8431299599925897,2.357390536823644,0.8832425252150182,1580879790.3544052
0.23053049849809595,0.073631905023817,-1.840104386341749,2.355064008808674,0.938592279206065,1580879790.3549309
0.2307937800564992,0.07289708649243487,-1.8400824032844043,2.357628204288189,0.9936585318449631,1580879790.355413
0.23054115565454233,0.07283550284797069,-1.8412417607970701,2.35783737677456,0.9596741145755333,1580879790.356651
0.23191112306540437,0.07250929168193188,-1.8358245220091876,2.3587996505588538,0.8491565669475272,1580879790.358836
0.2312127774398796,0.07387288177004836,-1.8367772359337728,2.354052429926998,0.8575231784049507,1580879790.371861
0.23053085384815955,0.07395500979167335,-1.8394987588995677,2.3537076252602596,0.9702690248613179,1580879790.391382
0.23198103790983157,0.0726762864381989,-1.83517585954743,2.3580182042858238,0.7897620857756698,1580879790.402684
0.23224192822214812,0.0727419817456294,-1.8340360031968401,2.3578994828529187,0.8039394715780405,1580879790.408577
0.23309596449565192,0.07132896167263447,-1.8325102049659403,2.362877228903479,0.8597577275104759,1580879790.418962
0.23340087962413394,0.07117975520487885,-1.8314074364494477,2.3633499038278853,0.9626042416300965,1580879790.425246
0.23245011632921614,0.07229842304507772,-1.8337405102387776,2.359328543411247,0.9466416908780033,1580879790.4259782
0.23292930061065276,0.0725033602624291,-1.8314201996931103,2.3586232741214506,0.8237388501436467,1580879790.426615
0.23352533853163382,0.07137038863498946,-1.8305370463169537,2.362564577995467,0.9233637357819369,1580879790.428952
0.23346849402287914,0.07256635422985225,-1.8290601202456804,2.3584194654970707,0.9225030835707327,1580879790.461237
0.23304501871238426,0.07312500321606918,-1.830007029068153,2.3564054251959585,0.7932941465299502,1580879790.476925
0.2344153594819404,0.07147252825786721,-1.8265239281039858,2.3620318063128845,0.9286456587747671,1580879790.490976
0.23400462931697535,0.07249033102054447,-1.8268681082741933,2.3586109272338533,0.7888178745559571,1580879790.491771
0.2346621649547011,0.07152286527701446,-1.8254015429338297,2.36184556569894,0.8753935153647417,1580879790.4929018
0.2351282062167268,0.07249729565614937,-1.821967012491968,2.3582824853804287,0.8817507220395527,1580879790.493891
0.235219066941456,0.07131653085545253,-1.8233884623543577,2.3626605321749015,0.8979185049755798,1580879790.513526
0.23505057542571342,0.0720639223717725,-1.8229570294092996,2.3598936027211583,0.8451599729752871,1580879790.533963
0.23535258872343867,0.07187089982173911,-1.821992198320602,2.3606378374838655,0.9434691319859991,1580879790.557326
0.23530119772030256,0.07260259279764392,-1.8210937886896281,2.3579202214289263,0.8935714244475632,1580879790.561836
0.23518678175472046,0.07363601335726222,-1.8201179989527683,2.3542930853673263,0.8699820844253977,1580879790.563746
0.2351473016058144,0.0716352919545703,-1.8231988228685574,2.3614710745156553,0.910239740506603,1580879790.5951018
0.23640930779781252,0.07187605036707745,-1.8173787155786867,2.360320109478956,0.8977517093815682,1580879790.6054358
0.23629986626099794,0.072948159657788,-1.8164039195687187,2.356683466033525,0.7619046907818305,1580879790.631124
0.23483515572555708,0.07252322029951574,-1.823193742380269,2.3582501483775733,0.8520504685648643,1580879790.657587
0.23485408080199552,0.07313279390636085,-1.8221804845852676,2.3559781572133285,0.895202362499709,1580879790.691259
0.23568154066744879,0.07224642287918148,-1.8200214750324146,2.359218625547421,0.7881980648170522,1580879790.723571
0.23589032271087582,0.07234017891229927,-1.8189399622440734,2.3587495255899626,0.8436122306768645,1580879790.735179
0.2358732356471899,0.0720682390944074,-1.8193961468831614,2.359706280746978,0.84983386523952,1580879790.75697
0.23615697927862725,0.07178725817283904,-1.8186702065683764,2.3608376505841537,0.9551464802886059,1580879790.758019
0.23615488210184415,0.07078666119828303,-1.8201016577880367,2.364359483239305,0.8154739511874376,1580879790.75859
0.23586616333956972,0.07324067813412338,-1.8178717724472346,2.355771964512334,0.838260850652357,1580879790.762597
0.23529611546125445,0.07206049366523481,-1.822072768893489,2.3601919213570186,0.8557483690650732,1580879790.785998
0.23535753641268378,0.0712596117570854,-1.8228555373849555,2.3628048413892278,0.9054115528429156,1580879790.797905
0.23618619524169607,0.07048444549020993,-1.8205241925183193,2.3656651314642634,0.835205098911394,1580879790.811392
0.23632746043626476,0.07072125867808365,-1.819574475568435,2.364807794678477,0.8713841226279332,1580879790.8184562
0.2355695743061809,0.07198435568333583,-1.8209861237522031,2.3603782319188733,0.7933424357224788,1580879790.8317618
0.2356053423420154,0.0721247583945136,-1.8205960406792598,2.3598062889218685,0.7753207910639308,1580879790.8460119
0.23525211374217309,0.07204631020593566,-1.8222562238459754,2.360197934869063,0.9472564482468051,1580879790.868989
0.23692979264297995,0.07227228669618524,-1.8147272385092754,2.3591113017706054,0.9034385961496707,1580879790.884125
0.23649029759543225,0.07461292337392034,-1.8133021556377147,2.3508155935848425,0.8999444964624488,1580879790.8849568
0.23761210995062107,0.07774686808791387,-1.8044361039550805,2.3397072132087304,0.9619456296224157,1580879790.885518
0.2373835645860387,0.08395991550192206,-1.7976980216652663,2.318418711873267,0.9991206283459959,1580879790.885966
0.23774683714801936,0.08818560495055328,-1.7915608844810327,2.304553709111415,0.8046776608394257,1580879790.886503
0.23114353909010496,0.08523552457761485,-1.821672386017403,2.3152659824672424,0.3945645992600555,1580879790.887179
0.260369047292988,0.0698557501558642,-1.719092552714361,2.363984816270119,0.09543798081622212,1580879790.887701
0.5,0.5,0.0,0.0,0.0,1580879790.888195
0.5,0.5,0.0,0.0,0.0,1580879790.8887439
0.5,0.5,0.0,0.0,0.0,1580879790.8891609
0.5,0.5,0.0,0.0,0.0,1580879790.901387
0.5,0.5,0.0,0.0,0.0,1580879790.922912
0.2555884548634587,0.07098967333036366,-1.7376783729137917,2.3605762065590303,0.036599421264548605,1580879790.928909
0.22019000033920494,0.05464326077458792,-1.9264535538548169,2.430665734185474,0.16621391093704985,1580879790.956224
0.22960940732267748,0.08224884522712039,-1.8319798526224078,2.3257703079989676,0.09439938393344623,1580879790.96384
0.22585092438596321,0.0688308892237004,-1.868923074126068,2.373839898834894,0.4307619450107936,1580879790.9775412
0.22821445055920037,0.06948392623531019,-1.85707718266314,2.370739107526751,0.46351014204981966,1580879790.995584
0.2256435783147815,0.06961337527751088,-1.868440839584184,2.370955086103553,0.5759397589677187,1580879790.9965692
0.22906148341865307,0.08060842029509774,-1.8364021084812592,2.3312632976051946,0.784639380295778,1580879790.997555
0.2292246808504328,0.07907483559050499,-1.8378620184563703,2.3365108124913423,0.7518227557362474,1580879790.998653
0.22979773380837304,0.0768377225793212,-1.838686475779667,2.3442666522914175,0.9219670496515838,1580879791.007364
0.2294286561416637,0.07512308692768832,-1.8429239364050145,2.350559136268115,0.9008732772669243,1580879791.027364
0.22935786248538723,0.07520979621817925,-1.8430175300019713,2.350120698256563,0.9286713297211302,1580879791.050245
0.22932941913885058,0.07411940777712522,-1.8449869031659953,2.3543206271695905,0.9300730420230024,1580879791.0600839
0.2289364786889288,0.07377229796385198,-1.847140677347803,2.3554703151331267,0.8819995155038328,1580879791.060897
0.22814801852424998,0.07512095777734706,-1.8484847302583431,2.3508492249605792,0.8868875311202035,1580879791.061462
0.2286756197063334,0.0742783555697194,-1.8474847256045306,2.353712813308,0.8606512446719082,1580879791.062581
0.2285688770962821,0.07506250478535137,-1.846837340565772,2.3511254285619043,0.8567850725136337,1580879791.0635872
0.2282779390296569,0.07495661614722215,-1.8481103867786095,2.351292162321971,0.91769939910338,1580879791.0679271
0.22864740071238052,0.07307814742299534,-1.8495562215179608,2.3581211980307506,0.9165241705717061,1580879791.0941582
0.22844250260097562,0.07469989312487824,-1.8478252157059605,2.3522271782151827,0.9777881739020318,1580879791.1105459
0.2291555462976061,0.07357356630471534,-1.846436768655782,2.3560298982161623,0.8557807034276914,1580879791.1236212
0.2292031729060891,0.07284122089109235,-1.8474381276888014,2.358748387819529,0.9962995055735524,1580879791.124657
0.2292872465830146,0.07184146617948484,-1.8486346503265463,2.362282576037406,0.9324300265935779,1580879791.125481
0.22997778763218496,0.07227652332062773,-1.844928262564122,2.3605975809238466,0.9424211319586988,1580879791.126272
0.2299130691777263,0.07305284710006177,-1.8439695030367274,2.3577790871156212,0.902937816795431,1580879791.138182
0.2305222316495977,0.07081783281099041,-1.844794282640769,2.3656409622623094,0.8120214879749081,1580879791.156632
0.2299037316612081,0.07239099195171661,-1.8451119785567904,2.360272488053888,0.877169978028433,1580879791.160834
0.22922201267818876,0.07229165429758211,-1.8481383282210322,2.360562584443342,0.8918900364058929,1580879791.166285
0.22985147255191532,0.07289509003336514,-1.8444664141598508,2.3583250326247387,0.91352942339029,1580879791.166791
0.23003086645568124,0.07371369511086334,-1.842414836416547,2.355357357329277,0.9492747673734447,1580879791.167534
0.2293459145632127,0.07354853188981714,-1.8456154098438329,2.356025238966585,0.9197678087075687,1580879791.167969
0.23084062867980873,0.07283738430641373,-1.8402181554131642,2.3582827614691646,0.9435522816888862,1580879791.1683252
0.23077977876356343,0.07329157031374645,-1.8398416352717364,2.3567727497886555,0.9426252011202219,1580879791.1686752
0.23171294247611024,0.07257799481321503,-1.836880104604037,2.3591450928360405,0.87265751244643,1580879791.1691709
0.23171839912963277,0.07225619242924697,-1.8373219732215986,2.360247997989136,0.903185549862835,1580879791.1695108
0.232500378915163,0.07271378340503365,-1.8332166046779081,2.358431263752639,0.8074807871392864,1580879791.1699069
0.23175117419510533,0.07302149867643826,-1.8360121970836836,2.357500231746906,0.8229693594565206,1580879791.170221
0.23171353617597337,0.07241750597287822,-1.8370694431038275,2.359621728383198,0.974682463265484,1580879791.170759
0.23147689348168257,0.07335053575814332,-1.8365802310062413,2.35615270035167,0.8552666436922512,1580879791.1712692
0.2325402835839332,0.07292280656138983,-1.8327490904507069,2.357712625796647,0.8975734659122798,1580879791.1719549
0.23288161863707332,0.0722255948018099,-1.8322910270379587,2.3600902646227317,0.924138368684075,1580879791.1727428
0.23262125600917213,0.07249290589185164,-1.8330588431335448,2.359260812934047,0.8543865664605931,1580879791.173318
0.2335031226697503,0.07294722446971746,-1.8284558713078896,2.3572607742247103,0.9016165875409663,1580879791.173933
0.23294410549639197,0.0737104500595529,-1.8296970530184578,2.354565621647922,0.8104624534424261,1580879791.17541
0.23269792522561644,0.07403387679816475,-1.8303313773992227,2.3535581957407876,0.8170106685478468,1580879791.211628
0.23391407155890648,0.07332394268084796,-1.8261817803863585,2.355935660584998,0.8859975943605244,1580879791.239089
0.23314549229881595,0.07383839149622795,-1.8286579577505975,2.354101158192846,0.9291052859439989,1580879791.2738528
0.23404497518764944,0.07288265495158253,-1.8262455830552764,2.3574493168728123,0.8420010981146769,1580879791.284147
0.2338969942234023,0.0727719980919207,-1.8270242205727805,2.3578296653505264,0.7791850608652037,1580879791.303183
0.2338049795087203,0.07345696074551844,-1.8264456497862795,2.355460722126195,0.8655408367777482,1580879791.303797
0.2328830306784945,0.07372023610125356,-1.829934101768871,2.354520693148941,0.9551423665553016,1580879791.304497
0.23304645721076406,0.07453166394139976,-1.8280847478980258,2.3516819790372345,0.78445584054904,1580879791.305134
0.2323291231125919,0.07472685039374871,-1.8308116136379207,2.351002483229993,0.7877815461941229,1580879791.32808
0.23324033475164674,0.07409126971472835,-1.8278499571415152,2.3531252306467834,0.7248737127331034,1580879791.347219
0.23255584664087015,0.07432548661393956,-1.8304612136816867,2.352449623161528,0.7510614111301486,1580879791.353287
0.23392168194700047,0.0726347248888981,-1.8270321576776534,2.358147046677591,0.8047736586106835,1580879791.370481
0.23328145675697068,0.07342184072691227,-1.8286964558965748,2.3555811380794487,0.8231477379119867,1580879791.389267
0.2332783641947013,0.07404192541285615,-1.827743513207443,2.353264559961565,0.9951904636129743,1580879791.390357
0.23409409454215666,0.07223452275252173,-1.8269300167318188,2.3596437630283904,0.9310156150320776,1580879791.391807
0.23291083194117182,0.0734179015170715,-1.8302537062144568,2.3555790355340465,0.7784565132323533,1580879791.3932328
0.23295247168971925,0.07263920700249671,-1.8311915881847483,2.358274249150703,0.8281720441851588,1580879791.4242449
0.23334470532814883,0.07280400059501546,-1.8292187857307909,2.3575495764541903,0.945647552833555,1580879791.4334028
0.23353468398850447,0.07373524353770589,-1.827079396136066,2.3542867404050205,0.8478708878970919,1580879791.4348109
0.2330564471336844,0.07285856160290105,-1.8303509995523548,2.3573498719681245,0.9227121063865207,1580879791.442702
0.23379752684209648,0.0720722405672436,-1.828334831901446,2.360053818396966,0.8432726326630039,1580879791.462463
0.23331277059259614,0.07320557880469869,-1.8287579414297113,2.3561135489891165,0.9386091408625306,1580879791.491544
0.23383534825205268,0.07319485409091364,-1.8265901437493313,2.3561814499306886,0.8507019936939004,1580879791.507576
0.23346161559823803,0.07435160205183566,-1.8264608555664135,2.352040349551092,0.9686091339703569,1580879791.514774
0.23346891712504503,0.07488435531161686,-1.825603116526401,2.350037331171701,0.9196947895247869,1580879791.516135
0.2334587594616262,0.07471815433045892,-1.8258552223908033,2.3505699601726304,0.8408462581843739,1580879791.5169191
0.23323216688167775,0.07416390984599597,-1.8276951413003388,2.352708158973644,0.9095665544190886,1580879791.5176132
0.23380333092598074,0.07376430356859365,-1.8257841069226908,2.3539419144384093,0.8073333142204386,1580879791.544532
0.23462029308778715,0.07335783429593334,-1.8229257175241111,2.355350086544549,0.9747416898830927,1580879791.563679
0.23424496249793209,0.0731450637810066,-1.824757424269176,2.3560057837070363,0.9578750035282733,1580879791.580904
0.23420242750316927,0.07285918727373708,-1.82542207882782,2.3571578284694983,0.8179728446418184,1580879791.581813
0.23394522244971333,0.0741510511500536,-1.8246263006790142,2.352559886746305,0.9556001502559313,1580879791.582752
0.2340782191969102,0.07353455577429258,-1.8249267210092004,2.3546865470506853,0.9342028545284047,1580879791.583361
0.2340224709494816,0.0729846416345381,-1.826023455036738,2.3567635056606466,0.9345936153096743,1580879791.583873
0.23310413762440713,0.07227247348106858,-1.8308968795622196,2.359203916726755,0.8759384435723483,1580879791.60169
0.23265253333623134,0.07262951520253558,-1.8323816313073793,2.35813663381571,0.8933406991750141,1580879791.619484
0.2327335990108152,0.07406018342245979,-1.8299692827595424,2.353136222805213,0.978478129576144,1580879791.626666
0.23281945101987747,0.07317475820626995,-1.8308354806613139,2.3561371959011854,0.9098064344852425,1580879791.647093
0.2319325255585362,0.07395377538439074,-1.8334353124197813,2.3534090322848846,0.8681584164137474,1580879791.6716428
0.23251009267704817,0.07284998549942379,-1.8326575360572086,2.357358129897899,0.8641137573300263,1580879791.672462
0.2325725581151512,0.07192731455650658,-1.833801680368649,2.3606907573378324,0.8731984243734363,1580879791.6733792
0.2321614569564395,0.07237041277773637,-1.8348918907709264,2.3591420725111476,0.8238385780579943,1580879791.673934
0.2328330293066175,0.07268678410910567,-1.8315076427581114,2.357883463311603,0.7541145389316997,1580879791.6744819
0.23277152627175574,0.07215782272867044,-1.8325451245532784,2.3597438022064217,0.7824284440323667,1580879791.6982641
0.23200212338521214,0.07251916497344801,-1.835205139717199,2.358358490227871,0.9983486129298389,1580879791.719438
0.23220599109764634,0.07277191673863259,-1.8339952000700777,2.3575177134142793,0.8795963015494612,1580879791.7319412
0.23266952468137073,0.07220830505560583,-1.8328891310644468,2.359541367255046,0.8387044060559237,1580879791.7330382
0.2315422914828173,0.07316725294904813,-1.8362816716684152,2.3562543277892583,0.8135368131249554,1580879791.744999
0.2321472546897585,0.07247927216636307,-1.8347506056717617,2.3586849662720453,0.8774889568834188,1580879791.770656
0.2322071622947119,0.07202999615810346,-1.8351228410137004,2.3601890711122246,0.7991939050079896,1580879791.793652
0.23220542504371394,0.07135592062616758,-1.83618101240015,2.36264312739791,0.8906204104409204,1580879791.810427
0.2323539292616557,0.07022689250178149,-1.8373750608123531,2.36685142821758,0.7959841105677374,1580879791.811258
0.2313729472659663,0.07028898631325331,-1.8415035041742887,2.3666775231549786,0.9021647842282863,1580879791.812347
0.23139058200292922,0.07087747349601681,-1.840410274505159,2.364390197548399,0.751754461161198,1580879791.8131788
0.23213119551562858,0.07007395219098778,-1.8384856635082465,2.367253583020527,0.8106007159187568,1580879791.813545
0.23243909734994403,0.07077563397634756,-1.8360778073141517,2.36472451074893,0.8160705810239675,1580879791.821009
0.23086015685143718,0.07155999291836257,-1.8417264969358447,2.3621563978208204,0.9052029989000935,1580879791.842814
0.23137729333430235,0.07150535314799122,-1.8395066852068556,2.362166628019272,0.9303647307236543,1580879791.855874
0.2305077822547042,0.07103958428535251,-1.844112643080781,2.3641421689432165,0.8523466969074799,1580879791.866719
0.23173349719786868,0.06930153366500902,-1.841540216833835,2.3702750237056556,0.9102665294702373,1580879791.867624
0.23241591261657044,0.06950852609854474,-1.838215491842297,2.3694082555587053,0.8200218107622634,1580879791.8692648
0.23160782958842824,0.07072706708113707,-1.839899340153615,2.3652615983487655,0.8503168465381997,1580879791.869954
0.2302345561813916,0.07102882371491148,-1.845348741338396,2.3642711041628415,0.895008633511504,1580879791.901303
0.23061183307460237,0.07142187408382072,-1.8430197626787626,2.362685307021202,0.9673718829342568,1580879791.9132018
0.2305761313914833,0.07091506459650931,-1.8440544892587065,2.364656629499953,0.8738591418910117,1580879791.926079
0.23055083438895344,0.07127342853793572,-1.8436580370630615,2.363477867689083,0.833497743823235,1580879791.941975
0.2312014942049161,0.07063988280290723,-1.8416656038757373,2.365380103876186,0.897351421698658,1580879791.966998
0.23124467868062998,0.06999657675816828,-1.8426589551859938,2.367988778652757,0.924753073156587,1580879792.015615
0.2319808941215357,0.06909065432607031,-1.84086437553555,2.3711332096405915,0.7708189417380583,1580879792.024647
0.23175340402355568,0.07055740002623878,-1.8394553305279167,2.3657134728712026,0.8249927312920661,1580879792.05966
0.23162224438966222,0.06955734239334943,-1.8415663761409684,2.369269207336244,0.8007295963624497,1580879792.083531
0.2316857022903021,0.07019304534110637,-1.8403501484224454,2.3670867134216693,0.8929061035563316,1580879792.120672
0.23225418828947603,0.06988485575265502,-1.8382756399167004,2.367972654442599,0.9478940875057407,1580879792.121257
0.23227797379103504,0.0699552517780686,-1.8381230177166288,2.367827838331053,0.7572216214616998,1580879792.12868
0.2323215802010313,0.0712773649792573,-1.8358480874619314,2.363000025739398,0.7523541276389496,1580879792.14366
0.23237528649612765,0.07121291488258874,-1.8357243033440287,2.3632420889677546,0.8206726415026541,1580879792.144444
0.2314201011026676,0.0698751661490632,-1.8420869153366264,2.368405613490305,0.9324604072000668,1580879792.1601548
0.23221134026930126,0.07235986320105414,-1.8346868059143908,2.359161518245341,0.8836485615898925,1580879792.1684349
0.23437381733620644,0.0750855645614592,-1.8215161024124569,2.3492726446626624,0.888817069670699,1580879792.1742542
0.2346569864279994,0.07874399693456224,-1.8152361643468968,2.3362561582039603,0.9923511693259774,1580879792.199988
0.2360849379963069,0.08386515305982523,-1.8029501733097073,2.3186367651506576,0.9985216642900218,1580879792.2040918
0.2319907907484667,0.08084911811522433,-1.8236285938741235,2.3295765870726535,0.5052955266243532,1580879792.2046132
0.23968011739459202,0.0808379272901657,-1.7918626400930722,2.3282931744600335,0.05239314626510488,1580879792.20518
0.5,0.5,0.0,0.0,0.0,1580879792.205756
0.5,0.5,0.0,0.0,0.0,1580879792.206221
0.5,0.5,0.0,0.0,0.0,1580879792.206868
0.5,0.5,0.0,0.0,0.0,1580879792.211633
0.5,0.5,0.0,0.0,0.0,1580879792.22343
0.5,0.5,0.0,0.0,0.0,1580879792.2494621
0.5,0.5,0.0,0.0,0.0,1580879792.263579
0.5,0.5,0.0,0.0,0.0,1580879792.280114
0.5,0.5,0.0,0.0,0.0,1580879792.2812989
0.22770928742830338,0.08299920758457113,-1.8386404338842115,2.32309141344859,0.06790408322562135,1580879792.282454
0.22044688343852598,0.06154846276544734,-1.9084244076630075,2.402601774966226,0.2139377462997043,1580879792.2861881
0.24678840353656759,0.05128613207349142,-1.8037748582192803,2.4365687379967556,0.08753847855774295,1580879792.3157709
0.2417881292537211,0.054330047040817675,-1.821688190631083,2.425388855863744,0.1896604868217672,1580879792.3200908
0.23239208459243957,0.0621664542829109,-1.8509489076623618,2.397017991731852,0.24802544971793292,1580879792.320812
0.2320878031661139,0.06400287292594364,-1.8489340350525212,2.389926283121715,0.383155960223157,1580879792.32148
0.2298643120886717,0.06388586429809417,-1.8593990887209164,2.3910594534687695,0.4343562664381868,1580879792.322371
0.22994809413727318,0.06377850512676797,-1.8591641978064715,2.391365959550814,0.553991562446175,1580879792.3231528
0.2298489640045706,0.06371089207620506,-1.8597596539702488,2.39167341981837,0.521932174873359,1580879792.3236108
0.22752431660754474,0.0638093479985059,-1.8703577189463756,2.391981834271571,0.4266917197805184,1580879792.324162
0.22757959636220418,0.06370846380906625,-1.8702568164078348,2.3922912029105503,0.3818681470510604,1580879792.324842
0.22745147649922584,0.06362902536203663,-1.8709868461706847,2.3926015257350404,0.4373827808235348,1580879792.343153
0.22732389578479378,0.06355915989871186,-1.871720095233852,2.3929128027451747,0.4371514880458352,1580879792.355021
0.22719594297598703,0.06348957683163936,-1.8724565635976567,2.39322503394109,0.4602726326876985,1580879792.388944
0.22706657916721773,0.06340978665121777,-1.8731962512614606,2.393538219322515,0.4456450785540711,1580879792.417073
0.2269395010241948,0.06335698290011249,-1.8739391582255815,2.3938523588895833,0.34991793093625195,1580879792.420086
0.22680929309056053,0.06327666321789505,-1.8746852844903439,2.394167452642434,0.43643356395982824,1580879792.42095
0.22667909825811824,0.06320043005459752,-1.8754346300551012,2.3944835005807934,0.3822882216551298,1580879792.4385521
0.2265503025744084,0.06314206105121556,-1.8761871949201763,2.394800502704797,0.30306282412577595,1580879792.4516401
0.22641673189835468,0.06303994531824819,-1.8769429790858962,2.3951184590145824,0.321253684720055,1580879792.459902
0.22628805918156053,0.06299043208643007,-1.877701982551607,2.3954373695098754,0.28801271636078285,1580879792.4646971
0.22502068818950544,0.06559846463574948,-1.878464205317635,2.385757234190813,0.24206727954934604,1580879792.465496
0.22496740795414533,0.0653472455843026,-1.8792296473843124,2.3867780885275693,0.38899195314393387,1580879792.4665542
0.22481979411795794,0.06531882057672533,-1.879998308750977,2.3869716968378554,0.38000316562151737,1580879792.467286
0.22467024059024293,0.06527723568663224,-1.880770189417959,2.387165643322443,0.32587967040596505,1580879792.4870138
0.22452242022284558,0.06525644396830832,-1.8815452893855944,2.3873599279814157,0.32416752756569417,1580879792.502212
0.22437212455204486,0.06521757475655954,-1.8823236086532127,2.3875545508146074,0.30865312343409307,1580879792.521137
0.22422048996701655,0.06517118736503102,-1.883105147221148,2.3877495118221,0.301486872828143,1580879792.527649
0.22407073707755104,0.06514674103727669,-1.883889905089741,2.3879448110039805,0.23093540572476126,1580879792.529057
0.22277260914451952,0.06782208353660868,-1.8846778822583132,2.3781404483600794,0.19312422556303502,1580879792.5308
0.2226991030507426,0.06759966888721747,-1.8854690787272024,2.379035620279779,0.4544753559859825,1580879792.544176
0.22252843706360234,0.06758703482453654,-1.8862634944967538,2.379102997376619,0.3859501928645786,1580879792.560582
0.22459667796048927,0.06741349831463006,-1.8770611295662787,2.3791700937036313,0.33207560432501104,1580879792.574193
0.22426882239610144,0.06743054930125014,-1.8785608993524443,2.379236909260848,0.3926992024842303,1580879792.5987
0.22412407081550506,0.06741539708577693,-1.8792357779622837,2.379303444048296,0.4012870804439127,1580879792.599787
0.22397996976176993,0.06741092471487309,-1.8799132559577396,2.379369698065919,0.37787595382393874,1580879792.60096
0.22608007308330197,0.06722930709681596,-1.8705933333391038,2.3794356713137446,0.41772145104090846,1580879792.601692
0.22577752891261244,0.06724442398602026,-1.8719745768902516,2.3795013637918023,0.539873031763774,1580879792.6129699
0.22565971283026984,0.06723525333735414,-1.8725303373019115,2.379566775500035,0.5167679993999371,1580879792.6225128
0.22554134711106072,0.06722500691028421,-1.8730880759889224,2.3796319064384703,0.4706755799461348,1580879792.6316748
0.22542318898483252,0.0672206446965149,-1.8736477929515274,2.3796967566071365,0.5934236886464461,1580879792.637181
0.22530315253916866,0.06720301317497779,-1.8742094881892424,2.379761326005978,0.5099219707502869,1580879792.6589959
0.2251840572135601,0.06719796749893514,-1.8747731617023085,2.379825614635023,0.43225581687419107,1580879792.660057
0.2250648922316202,0.06719619529472476,-1.875338813490971,2.3798896224942996,0.4854125026542258,1580879792.6604428
0.22494433108138953,0.06718562023413333,-1.8759064435547406,2.379953349583751,0.44718148861255536,1580879792.660851
0.22482302401814672,0.06717220173609895,-1.8764760518938608,2.380016795903405,0.44784280401911336,1580879792.661358
0.2247033781186562,0.06717769771891868,-1.8770476385083321,2.3800799614532617,0.5077344878611746,1580879792.661977
0.2245805701128726,0.06715851306480025,-1.877621203398404,2.38014284623335,0.39357002547204656,1580879792.66243
0.2244586774896808,0.06715146718905662,-1.8781967465635787,2.3802054502436127,0.37806986348054683,1580879792.662889
0.22433565216156462,0.06713811577959339,-1.878774268004105,2.3802677734840794,0.3786761910625528,1580879792.663332
0.22421398342446092,0.06714073733783221,-1.8793537677202339,2.3803298159547763,0.423867810868929,1580879792.663806
0.22409137402429008,0.06713873907848655,-1.879935245711463,2.380391577655649,0.36938255294512073,1580879792.664372
0.22396782489926198,0.06713216529318211,-1.8805187019780438,2.380453058586725,0.4231815333516656,1580879792.6647732
0.22384379920074657,0.06712515266348973,-1.8811041365202297,2.3805142587480304,0.438566316008987,1580879792.665569
0.22371979792219263,0.06712212568710951,-1.8816915493375135,2.3805751781395124,0.3919833853506711,1580879792.6661189
0.2235947944105318,0.06711400871067619,-1.882280940430149,2.3806358167611985,0.3075499686040428,1580879792.6666691
0.22796184332826092,0.066782273808356,-1.8628723097983917,2.380696174613113,0.2845495601136599,1580879792.66748
0.22752009201044024,0.06680067763714947,-1.8648600564567621,2.3807562516952046,0.39952354431008047,1580879792.6680279
0.22745210167818491,0.06679703056450448,-1.865193835725039,2.3808160480075,0.48305869935046025,1580879792.6685781
0.22738407546467174,0.06679476023660225,-1.865528341794629,2.380875563550023,0.4513199643231755,1580879792.669177
0.2273146260370318,0.06678042152660046,-1.8658635746652443,2.380934798322724,0.45174107293049476,1580879792.6696079
0.2272454361418888,0.0667703466515478,-1.866199534337029,2.3809937523256286,0.4057216425384209,1580879792.6702871
0.22717691298614423,0.0667684460277963,-1.8665362208101284,2.381052425558761,0.43530499708532194,1580879792.671297
0.21963531998652996,0.06156974726880149,-1.9068736340842523,2.3911108180220717,0.38230961512880846,1580879792.67343
0.22158814730764026,0.058575938251369974,-1.9044244083467496,2.400472088262387,0.3364511103914893,1580879792.6755981
0.2212923167694206,0.05871060087704627,-1.9052876858193537,2.399964227348963,0.31269955142655814,1580879792.676359
0.2211206731498681,0.05864967658875031,-1.9061541978691847,2.400284652943756,0.2782431601245179,1580879792.677056
0.23903124618879418,0.05732440061642119,-1.8370239444966165,2.400606051815821,0.2608086241598931,1580879792.696477
0.22207075862953296,0.05839262192609607,-1.9027735414443174,2.400928423965299,0.3963963886035428,1580879792.715627
0.2231868998029971,0.05818945017778754,-1.8985511691199128,2.4012517693919095,0.31151450108054857,1580879792.731637
0.22304304358012486,0.05810100116284356,-1.8992951946548302,2.4015760880957933,0.32496322832933755,1580879792.771585
0.21893727834210147,0.061381500545827805,-1.910041828087487,2.3919013800770905,0.34311455112494654,1580879792.822994
0.2372911133886654,0.05978165384002143,-1.840094577345187,2.3929241374075683,0.30620074462312646,1580879792.8538911
0.22018127799389883,0.06091181080620045,-1.9058530173917438,2.393119951937095,0.3758504246117837,1580879792.87249
0.22128505222895,0.060746785751521815,-1.9016408218308951,2.393316111612261,0.3902587526210366,1580879792.903925
0.2211181970110198,0.06068882066171355,-1.9023949231259265,2.393512616432898,0.3712979339521087,1580879792.9167
0.2209539799732875,0.06065710367460919,-1.9031516329832048,2.3937094663990894,0.337141980851927,1580879792.929075
0.2207895165769552,0.06062691445214097,-1.9039109514030592,2.3939066615109206,0.3623984310769682,1580879792.939796
0.2304660383404588,0.07550635885207768,-1.8434944635705117,2.344061919904055,0.7484202768183207,1580879792.9625962
0.2305957893779893,0.07457901262246858,-1.8441871518506616,2.3467926458213197,0.8214665273260319,1580879793.001178
0.22991303624951714,0.07332230674259033,-1.8482640596625224,2.3506023976253663,0.8097622632748586,1580879793.033874
0.23032028882668865,0.07212649736306687,-1.8482556181287417,2.353999569901585,0.7497391537084032,1580879793.056534
0.23006299927322563,0.07305566353790371,-1.847954185710145,2.3511904412233573,0.8461780643569872,1580879793.108159
0.2303130061026953,0.07365228091080711,-1.8463371030802107,2.3494879481614124,0.8701389964337819,1580879793.133847
0.23002705903061876,0.07136592467790281,-1.8504337858450102,2.3565000151178297,0.8506182988761857,1580879793.151943
0.22972794065429306,0.07154844256851922,-1.8511872709476962,2.3558071362261073,0.7324494386511291,1580879793.1528919
0.22955183404548932,0.07237750363153883,-1.850783862315714,2.353418097165107,0.9332013410226987,1580879793.1538198
0.2297147639357539,0.07242357792022369,-1.8501198984025253,2.353247833210571,0.9092547536100472,1580879793.15496
0.2307895587473606,0.07320257562548393,-1.8451659601628279,2.350748518560318,0.8967010727151321,1580879793.1572108
0.2297624080734601,0.07319029898383878,-1.848991638634382,2.3510278267138394,0.9138570496740759,1580879793.193182
0.2297042016895113,0.07338157361976927,-1.8488531046664372,2.3502827899951226,0.8915086408396498,1580879793.213697
0.23016584881040786,0.07291770187058288,-1.8478602532765518,2.351771387509046,0.736196333085771,1580879793.2190342
0.229870081415834,0.07195137357252934,-1.850248056972731,2.3547793894976894,0.8514953058455623,1580879793.220066
0.22839872390450927,0.07463860974762537,-1.8520430608588851,2.346807717543943,0.8859718671010745,1580879793.221062
0.22898044487567787,0.07440839884729633,-1.8503391510338312,2.3476211648054806,0.7917321471664354,1580879793.2218492
0.22854091685786035,0.07491615072857882,-1.8512235025016688,2.346062101709231,0.9057559666585495,1580879793.252707
0.2293038451372847,0.07406559529737677,-1.8494423629655756,2.3483181574220393,0.8845019582362832,1580879793.2644339
0.22866035382960542,0.07217388514466117,-1.854448197980602,2.354354999032584,0.7257257751080824,1580879793.270933
0.22446491948988703,0.0633322230966693,-1.8840720213348514,2.383488170794582,0.3918017779777016,1580879793.271753
0.22939338046230598,0.07352234490862763,-1.849928590407077,2.35011914254307,0.7565652320377223,1580879793.2725859
0.22785191669315838,0.07407190485969195,-1.8549567251640187,2.3488763450048293,0.8335391366045601,1580879793.273066
0.22850173186177605,0.07329999620283212,-1.8534943614422041,2.3509251680891903,0.8682883946143996,1580879793.27351
0.22756285497704046,0.07501383391364957,-1.854790379928454,2.3461276041645243,0.8775172418641854,1580879793.2741299
0.22818481513107577,0.07490136351414178,-1.852578356698953,2.3462216502316258,0.952819704586789,1580879793.275451
0.22737276799054484,0.07271420019887276,-1.8584305874834715,2.3528491635955255,0.8750619360674743,1580879793.296064
0.2270263929890294,0.07443632795644595,-1.8574198795883292,2.3477686984412913,0.8553139411941587,1580879793.315465
0.22760922867052713,0.07293717028507696,-1.8573486811911404,2.352297031552112,0.841331532822697,1580879793.337327
0.22593834476000882,0.07392644767853995,-1.862168782902539,2.3495695801048475,0.8601436891063166,1580879793.34693
0.22715814519433125,0.0736580439078961,-1.8580843970056538,2.3502694076616715,0.9514375066132044,1580879793.35465
0.22564158962218542,0.07212240151386973,-1.8658538604969184,2.355228914814276,0.8570059173371052,1580879793.355526
0.22601164129735088,0.07238481478742942,-1.8639348899256263,2.3540798483566,0.7952402145016824,1580879793.356312
0.22461684567852247,0.07429601243856732,-1.8666494254141943,2.348842036147022,0.8472351604066084,1580879793.357159
0.2244324906310399,0.07360411950107704,-1.8682825996678587,2.350944925636528,0.8329442720556849,1580879793.35769
0.2237863403409234,0.07278819096599143,-1.871870418421093,2.3535782579673277,0.8367066592878523,1580879793.376374
0.2227461599222008,0.07514113919658982,-1.8723973898588426,2.3465984099173363,0.8553790002279127,1580879793.3993962
0.22284663068836238,0.07442602010199884,-1.8729647035893773,2.348636747513413,0.819782357570867,1580879793.4099882
0.22282943372228364,0.07210869937152153,-1.8761714194143528,2.35539749758409,0.8284145912387797,1580879793.410895
0.22256953248434544,0.07427809184410328,-1.874155493298641,2.34905346544989,0.7546260937138725,1580879793.411662
0.22266400891785382,0.07417074085189346,-1.8740194743176475,2.3494636524709183,0.7455692047444785,1580879793.412956
0.22212471399276157,0.07437446863579666,-1.8758153177491204,2.3490632757043146,0.7912900113295556,1580879793.422087
0.22147320636142206,0.07298432343445993,-1.880229772277107,2.3533519164516834,0.8914823571313519,1580879793.438623
0.22239655776531264,0.0728553255209623,-1.8768979312052654,2.3534940575606864,0.7656229664977854,1580879793.452273
0.22187274176750296,0.07256909927819277,-1.8793768901866015,2.3546104926725993,0.8136184917897613,1580879793.470886
0.2214252665396949,0.07144333561884864,-1.8827814281395014,2.35821299392776,0.8881826500835495,1580879793.479773
0.22177903345481997,0.07193826403393255,-1.880673425744845,2.3565782586080886,0.7525996110326396,1580879793.480701
0.22199803991536166,0.07164963053561257,-1.8802563165546158,2.3573942205782212,0.8551414868354075,1580879793.481303
0.2210828405605943,0.07318796460520738,-1.8813687520545703,2.3527558700213134,0.7302626154149182,1580879793.481689
0.22287892186188704,0.07086327482958288,-1.8780560215848434,2.3595872309485917,0.8490943631367649,1580879793.482147
0.22231367873521232,0.07166849029143718,-1.8789693077093057,2.3571721602218756,0.8532389458961381,1580879793.511281
0.2223492589927189,0.07156272866262958,-1.8790818169791448,2.357632437749808,0.8856566876771459,1580879793.525407
0.22263370439676633,0.07125175731971489,-1.8784766095791925,2.3585484505072887,0.8019499524266855,1580879793.527134
0.22164604758677658,0.07263652506449914,-1.880225723260429,2.354594701070287,0.9543712998330538,1580879793.5289779
0.22384962168278513,0.07177142983547369,-1.8730549482492929,2.3566057723061395,0.8390392815472958,1580879793.55971
0.2240946136324869,0.07293689884012411,-1.870471233156616,2.353013018368664,0.8518805730229205,1580879793.5716548
0.22415071673689094,0.07228732960750572,-1.8712341443228855,2.3550577609958534,0.8981233701154576,1580879793.577388
0.22455708082699735,0.07258596419994989,-1.8692902740754702,2.3540774497103385,0.93348616348517,1580879793.5782661
0.22564987239852066,0.07184345486651234,-1.866267650857059,2.3561627210438134,0.8668399349755144,1580879793.6104372
0.2257829147869752,0.07177208014776681,-1.865894497218203,2.356395411934673,0.8252662349941641,1580879793.616788
0.22543900529633315,0.07339719446781179,-1.8648431053124437,2.3514164579084444,0.8887758487975397,1580879793.63055
0.2266488668115833,0.0721550901235436,-1.8620250711697504,2.3549044460203894,0.8380974180386476,1580879793.645264
0.22662943511947958,0.07254862357579583,-1.8614919096837579,2.353610043302781,0.7462255239912416,1580879793.647111
0.22783408791978346,0.07299000059835137,-1.8564628679005775,2.3521279542105558,0.8232847401412304,1580879793.6477618
0.22913523253414594,0.07261359026558933,-1.8521719814575404,2.353062323666238,0.8965147817858307,1580879793.648279
0.22899028466178817,0.07120260829292979,-1.8546720614496586,2.3574722577784386,0.8251434259366571,1580879793.648818
0.2290000934755025,0.07246078808217549,-1.852785659474396,2.353392382637339,0.8697334962948502,1580879793.649251
0.22981618197376658,0.07175674822730649,-1.8507158153178462,2.3553937271379044,0.8519772533530217,1580879793.649792
0.23014255560514485,0.07240420287372629,-1.8485850966333568,2.353262320326146,0.9211579664024845,1580879793.650306
0.2291837170767052,0.07402228618610396,-1.8500812465565106,2.3487170033779594,0.9102321869062683,1580879793.65103
0.2295586471239191,0.07337919658206105,-1.8495293197430753,2.3505575009935433,0.7319863433894874,1580879793.6516852
0.22967900719426063,0.07224986809805933,-1.8505223418012038,2.353848953793356,0.8850693991271963,1580879793.6521559
0.23069475681370816,0.07216180630376157,-1.8468927266225534,2.35394151491868,0.8340993477976122,1580879793.652732
0.2250181157121812,0.06617340487090084,-1.8770155101655157,2.3737721653737025,0.5488245078118998,1580879793.6533802
0.23041610262623893,0.07167875692626613,-1.8486417610556756,2.355597278698727,0.7432603671826472,1580879793.6539662
0.22990345512174262,0.0723396498154052,-1.8496070191571978,2.3535950694499137,0.8481530003080179,1580879793.65443
0.22954935190689926,0.07237241574065778,-1.8508854582754575,2.3535833472591756,0.8597178938645047,1580879793.655137
0.23070600835545352,0.07087451596065342,-1.8485911645255326,2.357901207321655,0.8543436768771122,1580879793.656054
0.22937373818339432,0.07155834499436131,-1.8525589458280545,2.3559656213518045,0.8399352109822674,1580879793.659242
0.23005509784475198,0.07094191363921787,-1.8509903056307724,2.3579417278321326,0.8399482204979674,1580879793.682903
0.23022299586792916,0.07006916748153202,-1.851511403424591,2.360507487888992,0.8721625586904238,1580879793.7038238
0.22940780583068757,0.07070979919965414,-1.8536700068729988,2.358691337622877,0.8571430783644332,1580879793.731467
0.22985195445172826,0.07194822431470838,-1.8503026388207926,2.3547630283632777,0.8085208587897629,1580879793.74879
0.22896826051876004,0.07129511817521406,-1.854440685902602,2.35687251592011,0.8093116769442171,1580879793.7761521
0.2297117569479675,0.0714870421360928,-1.8513856495123389,2.356093883381441,0.844959831790333,1580879793.801457
0.22983069325072228,0.06952868651068489,-1.8536616438359432,2.3621364157871056,0.7455790952388875,1580879793.8185081
0.22882607541589417,0.07145126112814537,-1.8548006554484548,2.3564988311210158,0.7294589465962124,1580879793.843325
0.22896246488473665,0.06983986885317683,-1.856419440845228,2.3612410368938335,0.8669241142541688,1580879793.852803
0.2288224210054591,0.070199389799807,-1.856473732837452,2.360216300645401,0.8330518433115063,1580879793.853581
0.22801983775010956,0.06949558397490718,-1.860454721591573,2.3625033378781066,0.8709832789906675,1580879793.854105
0.2276750833300203,0.07043840332503537,-1.8604014116192231,2.359643907041103,0.7425272694097284,1580879793.855354
0.228168131969872,0.07079862408888526,-1.8580899014974173,2.35850878893702,0.8587876599116006,1580879793.878726
0.2278665003094778,0.06912648661041443,-1.8616285833087487,2.3637901826723726,0.8240291929210932,1580879793.89023
0.22847714323868482,0.06777902764469745,-1.86112478205288,2.3676175564218482,0.7796013154126575,1580879793.895496
0.22854277797887518,0.06904392355864353,-1.8590404528117708,2.3636468055888007,0.8571656808726089,1580879793.8966908
0.22579984360177682,0.07095193280852075,-1.8667126592077665,2.358434051920437,0.9054694079117314,1580879793.897795
0.22219787082591963,0.07285884688808109,-1.8775248188826843,2.353339670339017,0.9588392794657452,1580879793.910242
0.22402674869008896,0.07246997054917514,-1.8714034973397409,2.354468839653313,0.8750104168398736,1580879793.9267468
0.22506125876054872,0.07213688832024967,-1.8677614459411627,2.354895069595367,0.7509362137232939,1580879793.931951
0.22436429310279885,0.07167163991249836,-1.871051428337121,2.3564694021380164,0.9092134858632033,1580879793.9328818
0.22460498461629097,0.07183470488088095,-1.8699777676317615,2.356028846774989,0.8173798398018199,1580879793.949482
0.2238172515043821,0.07184379672235253,-1.872975746359402,2.356235704220591,0.8329379811005099,1580879793.98621
0.22531338929316663,0.07026591081627342,-1.8695790670963004,2.3607120927251697,0.8427945909991699,1580879793.994535
0.2248395968818318,0.07151800813560427,-1.8693852519110763,2.3566828138983147,0.8676800711350717,1580879793.996041
0.22415791950305683,0.07282179103064901,-1.8702346412010782,2.353086207620953,0.8166155932701227,1580879794.000431
0.22562063052436043,0.07155408607302738,-1.8665067845647576,2.3565905035811268,0.7632714790486157,1580879794.029953
0.22492774148538386,0.07243735488088088,-1.8679377563004136,2.354171835838357,0.8448338603076992,1580879794.055816
0.22505224267033333,0.07357874338847614,-1.8658196734170538,2.350591254876312,0.8477781045562969,1580879794.063722
0.22582179729938634,0.07343010139441164,-1.863173837620234,2.350911600879635,0.8402256553451473,1580879794.0643141
0.2249770529127512,0.07401207911806174,-1.8654696851309303,2.349245606208117,0.8511587160246223,1580879794.064885
0.22593862628675626,0.0738215736346709,-1.8621914369871366,2.3496862562023333,0.8604163889070697,1580879794.066151
0.22528551160753288,0.07469916056321257,-1.8634205609861105,2.347174885130278,0.9053135236572539,1580879794.0822039
0.2249464765078854,0.07374342709769777,-1.8659743235349115,2.350095830989716,0.7978226013616211,1580879794.101171
0.22602017573201535,0.07343752602610298,-1.8624694003776832,2.3509228839829315,0.8940892180844233,1580879794.124268
0.22549359951957215,0.07387190433007329,-1.863706942789661,2.3495078202819992,0.9352683162136475,1580879794.124897
0.22578815358067522,0.07385700643100968,-1.8626930043818986,2.349594305462903,0.9200591766821803,1580879794.125936
0.22526510912612183,0.07451372597119676,-1.863721366464173,2.3476914417816563,0.9047783922095856,1580879794.1264808
0.22649834057651558,0.07370270528963618,-1.8601961057914755,2.3498003038135953,0.7866653267378281,1580879794.128494
0.22559065251244892,0.07348803794917669,-1.8638656424889426,2.3506349088496785,0.9518068893953158,1580879794.1631181
0.22646123367611057,0.07345980861395651,-1.86071762407554,2.3506308845854407,0.9661840221881068,1580879794.168319
0.22690911774094086,0.07276903079746466,-1.8600184282485566,2.3526698141550555,0.8643503817424101,1580879794.170388
0.22651455141118557,0.07298443664124876,-1.861210248528522,2.352126787325531,0.8454870380110489,1580879794.18766
0.22618704374205745,0.07342303862197375,-1.8617997500051482,2.350818215423356,0.8461987968843991,1580879794.1892931
0.22658467959508774,0.07328076455185695,-1.8605368320799502,2.351204193326936,0.8055978968630795,1580879794.190432
0.22659464052363426,0.07410213098971374,-1.8593100634483357,2.3485960391185206,0.9006320512792494,1580879794.191387
0.22567924939174944,0.07442086638092371,-1.862341905071729,2.3479384009617164,0.9289339520137853,1580879794.228311
0.22698169107167576,0.07187748720995701,-1.8610036121683762,2.355409505464255,0.837990884357223,1580879794.231682
0.22601013936074957,0.07398924694569442,-1.8617392850219763,2.349236404471317,0.8720820226281624,1580879794.2321851
0.2270158728421256,0.074385307566469,-1.85748603347577,2.347854582295693,0.8444246681614677,1580879794.2328682
0.2255911115503711,0.07449748820359636,-1.8626112047836767,2.347803184677807,0.8376445090749224,1580879794.233425
0.22626035997510136,0.07376048732076501,-1.8611321810607302,2.349894142242039,0.8736852399843972,1580879794.233978
0.22571819560295453,0.07419783996492901,-1.862658121701261,2.3488650670398834,0.7324123861625828,1580879794.23456
0.22497686268698028,0.07422318397459027,-1.8651405099580955,2.3485436205326495,0.937055844756133,1580879794.235091
0.22609879145103323,0.0740970806035397,-1.8612563289697512,2.348881209136281,0.8317802884885566,1580879794.235609
0.2264584781494209,0.07303136057698023,-1.8613834065694461,2.3520441940576853,0.9520367998832067,1580879794.2362208
0.22594315716420343,0.07321054437744157,-1.863072364992127,2.3516319701540347,0.7674584864795735,1580879794.236923
0.2259230952708561,0.07324288224946662,-1.8630209871258125,2.351402142225453,0.8484406291385188,1580879794.237631
0.22601435776480275,0.07332182256994557,-1.862564887525267,2.3511320014305075,0.8244204851086047,1580879794.2389262
0.2254468387311949,0.07303878059880953,-1.8650749982796397,2.3521099628855078,0.9797992126969941,1580879794.239397
0.22686595471617213,0.07316159504472941,-1.8597762798778228,2.3517151167596144,0.8993902949732476,1580879794.2405581
0.22580973899470203,0.07445475166991522,-1.8617862520674706,2.347766890295674,0.9707317333182742,1580879794.247265
0.2239053706211925,0.07674932713965577,-1.8657536793875633,2.3413125507959154,0.8905955987816192,1580879794.275996
0.2245296993922868,0.07538148275689005,-1.86533844041779,2.3453509815887243,0.8042323780377961,1580879794.3038049
0.22534696422329353,0.07424540901974841,-1.8638854953683963,2.348652098575822,0.775055600485185,1580879794.323431
0.22499942436645984,0.07486568262636928,-1.864317059476288,2.3468351181073053,0.9207817696772692,1580879794.3510342
0.2256071104160376,0.07356363666289734,-1.863771814559537,2.3505219251396463,0.875146530546397,1580879794.3791301
0.2261176392108252,0.07428260810424636,-1.8609356291086163,2.3483197340827173,0.8846953755281575,1580879794.389141
0.22589749716993265,0.07393381988311232,-1.8622845829404624,2.3495122350578983,0.7670530190431529,1580879794.389714
0.2250274587154723,0.07457670279060691,-1.8647189771877648,2.347883899029988,0.8019992192775103,1580879794.39007
0.22470498582979276,0.07404179216666573,-1.8664842254633616,2.349281531875776,0.8301420010407531,1580879794.390395
0.22463345073821572,0.07399318915232711,-1.8669693413138735,2.3496917325100353,0.724411622844844,1580879794.390713
0.2251150240646549,0.07342775407137703,-1.865887919684139,2.3511888226744313,0.8322377121371098,1580879794.39103
0.2259216609190619,0.07218035378003207,-1.864643774891919,2.354863958813926,0.8910544579163554,1580879794.391567
0.2245990084222483,0.07396824398219903,-1.8670962645857805,2.3497148369699987,0.9538478295236346,1580879794.3971179
0.2250567662378657,0.07425527457550585,-1.864974740819015,2.348720927246432,0.785724179813122,1580879794.3978088
0.2243731482013585,0.07556005213180217,-1.8656229567953573,2.344760042055586,0.9807220519398485,1580879794.4255428
0.22474829128185844,0.07351280067738009,-1.8671368389385246,2.351003379926177,0.8478417763203683,1580879794.436775
0.22539246092089735,0.07256604994981697,-1.8661354534859702,2.3538822367475905,0.8105556483383473,1580879794.451638
0.22474225859438804,0.07405263478166191,-1.8665066229074492,2.3495313880856403,0.9393960639355257,1580879794.46851
0.22482068836424504,0.07364630229481572,-1.866680180545574,2.35058341511409,0.8941871505329444,1580879794.469266
0.22459217141515042,0.07292118356119748,-1.868555512064713,2.352839413002686,0.9137973295839938,1580879794.4701061
0.2241952610571464,0.07322412120980715,-1.8695731634961261,2.3519331284380507,0.9313749866071352,1580879794.470654
0.22379835841889326,0.07317944968097545,-1.8711818959145818,2.352245698367616,0.8124223610033259,1580879794.471194
0.22510648131048136,0.07217339364750164,-1.867752702491383,2.3551230541872887,0.9052579090283851,1580879794.471901
0.2241716706842992,0.07552064314152873,-1.866502371090996,2.3450497116441746,0.8588875793923332,1580879794.4819698
0.22378716707239396,0.07527376322920565,-1.8682917107329018,2.345909060830854,0.9591701197075118,1580879794.5074391
0.2241341768593287,0.0750332314527643,-1.8674461322371605,2.3467469641860492,0.8042124262255048,1580879794.519796
0.22382001917360883,0.07576158515155529,-1.8674878393378833,2.3444160321290974,0.8452897679979368,1580879794.5204191
0.2241739113274293,0.07374613166132249,-1.8690454519157278,2.3505601730676053,0.8867645560092774,1580879794.5209112
0.22323165722681448,0.07351658666396232,-1.8728442159084122,2.351365431419322,0.9384511291072133,1580879794.521426
0.22359589421643983,0.07423408844964541,-1.8704310271534739,2.349055787714715,0.9446322223283363,1580879794.5221481
0.22430078421955688,0.0745828053698332,-1.867405053373517,2.3480003979046726,0.8210748722499256,1580879794.523061
0.22462305775764307,0.07314600549836647,-1.8681949307915586,2.352266963326559,0.8971372654065912,1580879794.523946
0.22436192539780886,0.07360980246227389,-1.8685385817165954,2.3509425333136047,0.8174348592536985,1580879794.52467
0.2245201207604767,0.07387354463752349,-1.8675367690858964,2.350041391263563,0.900878580237849,1580879794.531311
0.2246558883322459,0.07457931038576782,-1.8660633345522692,2.3478967490033575,0.8253173061827597,1580879794.5556211
0.22430028109611358,0.07461177173207267,-1.8673520675745474,2.3478887902442,0.8008974753415291,1580879794.5894122
0.22491896972812456,0.07387864130313937,-1.866139340696054,2.350104446677822,0.8868277038367596,1580879794.610816
0.2243682658920722,0.07508644735433212,-1.8664908035344234,2.3465186870023818,0.8295466918701034,1580879794.611922
0.22465507574353677,0.07394158856018629,-1.8670008922439252,2.3499100164597926,0.8761032268504434,1580879794.612586
0.2251366195535743,0.07433592741341077,-1.8647061472714122,2.3486918606379756,0.8744804891870804,1580879794.613301
0.22356089981765032,0.07595860307500713,-1.868251714719987,2.3439967936753776,0.9457091480647575,1580879794.6172302
0.22390703355138664,0.07624205736996548,-1.8665940104238148,2.3430941498388203,0.9340994671537419,1580879794.63907
0.2247337728932944,0.07533949779595939,-1.864796277033065,2.3456955231384367,0.7883313482034153,1580879794.651426
0.22435500864585894,0.07569598880082362,-1.865715344931861,2.3447026658713783,0.7902990944458174,1580879794.667752
0.2236849534318021,0.07545785215932055,-1.8684722557165634,2.345465044200514,0.9203686851192627,1580879794.680398
0.22358938906713255,0.0744500203116556,-1.87022336326833,2.3485184611957877,0.9232436191069129,1580879794.689903
0.22433861432040123,0.07544842403016383,-1.8661138919316964,2.345450056778203,0.8193288765016874,1580879794.6914308
0.2240185792778086,0.07540481418921108,-1.8673472218779572,2.3456234929555673,0.8558539893006168,1580879794.692138
0.22429209845794623,0.07586308918936446,-1.8657247411190772,2.344219954413195,0.8449868049647343,1580879794.69295
0.22427948334459905,0.0752114079022157,-1.866789597084678,2.346391834184339,0.7597728137069026,1580879794.693729
0.22367602913673462,0.07722419580880435,-1.8661183756612776,2.3402012305436863,0.8413810298509193,1580879794.708456
0.2240984699090495,0.07619361266037028,-1.8659915297848928,2.343266357481849,0.8359081728996283,1580879794.7318761
0.22407508372012858,0.07561418441834822,-1.8667839684946723,2.3448727950283486,0.8841887653892375,1580879794.7463481
0.22479676007403177,0.07517440624618743,-1.8648600162690487,2.3462990431908053,0.9014601552071566,1580879794.7484329
0.22402323031609422,0.07558978693012486,-1.867268241701223,2.3453814607430075,0.8908953285701962,1580879794.749324
0.2242148570970151,0.07492383208264208,-1.8672632401593567,2.3470048259481695,0.9459026678312816,1580879794.7501812
0.22402843834501746,0.07555285026326375,-1.867182160069865,2.34529871119936,0.8598708742621831,1580879794.759858
0.22437105300012034,0.07750188565733696,-1.8633312709787935,2.3394702882584615,0.8161342622065748,1580879794.787791
0.22490766815308535,0.0748482386961532,-1.864917976165728,2.347298289137116,0.8867918794256386,1580879794.79208
0.22461985599547876,0.07455533423340932,-1.8662807549019513,2.3480594678273006,0.8591597537357054,1580879794.792973
0.22502861267261465,0.07591903628837049,-1.8630193438890768,2.3440605249890933,0.9836420183354575,1580879794.794039
0.22534322608407317,0.07410215406760934,-1.8642099378587027,2.3492747205567315,0.8713857728032774,1580879794.804801
0.22481990673414912,0.07585622987221541,-1.8638035847810248,2.344171092239545,0.8998042045920231,1580879794.817478
0.22510009249698104,0.07502970715304935,-1.86396366522298,2.3467254607019803,0.864678844238439,1580879794.8290071
0.22495884232780944,0.07503132737640406,-1.8643416961506476,2.346510672298452,0.9486976238069416,1580879794.833476
0.2256635757065979,0.0739803400384964,-1.8633100511994325,2.349785124905222,0.7834411440114413,1580879794.834453
0.22488354697192978,0.07542531841825484,-1.8641531612051059,2.345454540780392,0.9637346818430079,1580879794.834955
0.2241875081585838,0.07559285466902643,-1.8665293480224254,2.345133007166548,0.924795588726825,1580879794.8354938
0.22422027383680793,0.07481604591114033,-1.8674327244343683,2.3473958721478754,0.8958729876387739,1580879794.835955
0.22491408332759527,0.0750393782293226,-1.8646489261121102,2.3467478473423067,0.8240808201616352,1580879794.83651
0.22493497369802692,0.07430654223347011,-1.865508217987953,2.348840536786291,0.9026413843553069,1580879794.837196
0.22537012046412616,0.07567523379511176,-1.8621272663832626,2.3447933066571074,0.8420576321851341,1580879794.837795
0.22430575397563263,0.07673053593851387,-1.8646315404234934,2.341833561163376,0.8061093689777445,1580879794.838538
0.22512692310575533,0.07593199741368228,-1.8626963110368393,2.344098161784548,0.7823493510137964,1580879794.839492
0.224516787078168,0.07632135418925912,-1.8643997034535755,2.343009825386136,0.73256960241318,1580879794.8401349
0.2247496924960149,0.07470373981390943,-1.8656873420867237,2.3477398491091375,0.8681367716849783,1580879794.840714
0.22498231308914945,0.07489557473054953,-1.8646558512656741,2.347272796429138,0.9096008028440652,1580879794.8414478
0.22470494196880092,0.07462822048493445,-1.8658487183383576,2.347797090796403,0.9236173908345648,1580879794.8564742
0.2230802336862232,0.07613783349099446,-1.8698522194023228,2.343660920815574,0.9484504685132898,1580879794.8853602
0.22393429276357962,0.0746271511976957,-1.8687507078629046,2.3480107041375713,0.8574627387967234,1580879794.908473
0.2247011980847211,0.07236720530898078,-1.8691296504137087,2.354828370272824,0.8461192382827011,1580879794.948919
0.22468318002259496,0.07286402970262873,-1.868492980764203,2.353317921315646,0.9211643630495001,1580879794.966031
0.22436200910844387,0.07325313710336157,-1.8691015952868046,2.3521263452910577,0.934291001704703,1580879794.968668
0.22401478963595728,0.07289325587348894,-1.8709545530513971,2.353359803829753,0.8651237537169661,1580879794.970463
0.22437709464409675,0.07479972590010198,-1.8669668479642707,2.3475691042474662,0.9050463056390378,1580879794.999438
0.22538816359210453,0.07634024311310461,-1.8610787661311847,2.342644084790916,0.9543450759846983,1580879795.010937
0.22563335438944918,0.08077973941395533,-1.8545532429481906,2.3296220128928473,0.8866867755850556,1580879795.032345
0.22589926410168254,0.085698170242123,-1.8476711347162944,2.3153396691792953,0.9990422290971809,1580879795.033142
0.2270489795422776,0.09081312465994273,-1.8380897936775706,2.3009798371127737,0.8557121657406955,1580879795.034337
0.2235405787275595,0.08372135372709988,-1.8585083018828712,2.3215635861278887,0.5031606978026761,1580879795.049838
0.22784520531631064,0.08070120384175639,-1.8467119874967097,2.329499319925688,0.21404140043097947,1580879795.062447
0.24781593361073936,0.08004147161039943,-1.7772652328780663,2.328391683329637,0.040896359111627235,1580879795.073494
0.2700900912200061,0.26168155872459264,-1.6450550369818293,1.9216340043229474,0.8796205974761238,1580879795.089411
0.2651401639381087,0.22757031244547177,-1.6633775514289713,1.9896443484567243,0.2374502928375126,1580879795.105571
0.2666777372189366,0.2267521169354768,-1.6596718814113807,1.9912180059390288,0.2772836714876668,1580879795.141958
0.2691307568488611,0.20936885656763848,-1.656779317158128,2.0253803998332245,0.16382353582751802,1580879795.155939
0.2848919971911796,0.3442218453561239,-1.6038726099443035,1.7775625810021078,0.13035986045260628,1580879795.1571898
0.2949473741915501,0.34743149981437493,-1.580836632923656,1.7720169088333035,0.1511800159058577,1580879795.1580958
0.2544462521332455,0.30034846522156644,-1.6783294988340658,1.8548152287146342,0.027848325557145164,1580879795.1594439
0.2879312042841227,0.33669530365455613,-1.5973239593338304,1.7905825552646626,0.043356541948414797,1580879795.182058
0.5,0.5,0.0,0.0,0.0,1580879795.1848361
0.5,0.5,0.0,0.0,0.0,1580879795.1857579
0.23045786385939077,0.07760776681084336,-1.8408685954386776,2.3377473090343193,0.7325064275287939,1580879795.1867101
0.2285266014390345,0.07707965051777954,-1.848489186438968,2.3395964759489303,0.830618598247066,1580879795.187999
0.22775103572393557,0.07699025402379223,-1.851522472104195,2.3401716699540347,0.8331909417209078,1580879795.2101529
0.22658702729429417,0.07757455809568414,-1.8550360296754733,2.3386843333075618,0.9842357095184724,1580879795.212171
0.22497327350493337,0.07672100164154516,-1.861975027234688,2.3413801208948435,0.9958998536167106,1580879795.2133088
0.22647046531916465,0.07429015684396834,-1.8597381266662272,2.3484288648644163,0.9102812655090211,1580879795.214828
0.22657415999046027,0.07437830223669928,-1.8592656087248458,2.3481940247541844,0.8038999472862424,1580879795.233439
0.22556095786711294,0.0742816422010899,-1.8630808883967278,2.348565943545251,0.9789916955065155,1580879795.245169
0.2255712518299588,0.07335702955152146,-1.8643294140855762,2.3513851432419437,0.8685509496421246,1580879795.24637
0.22610097835820214,0.07369293066502414,-1.8617476945502094,2.350014953690281,0.9694901746157841,1580879795.247356
0.225389172807194,0.07452191870620573,-1.8634163428744994,2.3479188971026357,0.9569181199542847,1580879795.2482429
0.2252310213960893,0.07413446881265173,-1.8645009031912292,2.349063841220352,0.7989273641921534,1580879795.249323
0.22613612320764806,0.07293190318228426,-1.8628194423543079,2.3525740943012994,0.8670176053208952,1580879795.2622359
0.2258750619853152,0.07206305675441271,-1.8649566650283704,2.35518749856563,0.8211601510065591,1580879795.2815008
0.22585012641291566,0.07285334231488805,-1.8639771619312397,2.3528397074744234,0.8871134632061266,1580879795.295249
0.225704491684903,0.07384039479327198,-1.8632325599817339,2.3500044060918417,0.7495274017026546,1580879795.306268
0.2202573282736604,0.06742130203941277,-1.893355018736912,2.3706853572587314,0.5024549336371513,1580879795.310252
0.22547954893386296,0.07397655223947297,-1.863767370415462,2.3494470367845515,0.8375619873471533,1580879795.312225
0.22620231357973766,0.0740388565747302,-1.8609051334202094,2.348958399928071,0.9997180003392862,1580879795.33253
0.2271313807330008,0.07287433272534405,-1.8591537923557484,2.352486016396493,0.9322819253044018,1580879795.341123
0.2262576352280446,0.07361948548624853,-1.8612837743496735,2.350235358808175,0.7897881045669605,1580879795.34781
0.2271365622451799,0.0729800701362916,-1.859029525272525,2.3522310310001897,0.902667888721884,1580879795.350187
0.22872707440264334,0.07402535052008608,-1.8517246709829687,2.3487353010802794,0.9135559243407299,1580879795.359802
0.22811228381143014,0.07409960160252083,-1.8538533588595594,2.348561021853322,0.8049855361126026,1580879795.371279
0.22768169682471345,0.07435827841152587,-1.8551447867212734,2.3479450108925697,0.8497555363167383,1580879795.390684
0.2291036863057357,0.07215716699301067,-1.8527713087112516,2.3542274728014783,0.8596597255096798,1580879795.391968
0.22950354588397923,0.07217615839650315,-1.8513554640104561,2.354253580199659,0.8822174335604223,1580879795.4303691
0.22900902588276786,0.07299110087758076,-1.8520372879223987,2.3517736465843515,0.7116599068395035,1580879795.467607
0.22966150525605716,0.0717197522608477,-1.8513022358605502,2.3554709218231578,0.8086873739677249,1580879795.469293
0.22974261961266768,0.07271708755473627,-1.8495977725029702,2.352301745763388,0.7958800903474805,1580879795.47068
0.22879821263772343,0.07519747047918235,-1.8499075640048266,2.345158873055605,0.8295617728819881,1580879795.4833899
0.22962298508056977,0.0741893684448155,-1.8482692627789925,2.3481687081381004,0.863070671480723,1580879795.515108
