imu_packets,1167
IMUtimestamp,quatI,quatJ,quatK,quatReal,quatRadianAccuracy
1581403913.040489,0.06171,0.00629,-0.40002,0.91437,0.0203
1581403913.0459368,0.06171,0.00623,-0.40002,0.91437,0.0203
1581403913.05202,0.06171,0.00623,-0.40002,0.91437,0.0203
1581403913.058688,0.06171,0.00623,-0.40002,0.91437,0.0203
1581403913.0663161,0.06171,0.00623,-0.40002,0.91437,0.0203
1581403913.068427,0.06171,0.00623,-0.40002,0.91437,0.0203
1581403913.075553,0.06171,0.00623,-0.40009,0.91437,0.0203
1581403913.079505,0.06165,0.00623,-0.40009,0.91437,0.0203
1581403913.084861,0.06165,0.00629,-0.40009,0.91437,0.0203
1581403913.091021,0.06165,0.00629,-0.40015,0.91437,0.0203
1581403913.096021,0.06165,0.00635,-0.40015,0.91437,0.0203
1581403913.10284,0.06158,0.00647,-0.40021,0.91431,0.0203
1581403913.106726,0.06158,0.00659,-0.40027,0.91431,0.0203
1581403913.112592,0.06152,0.00665,-0.40033,0.91431,0.0203
1581403913.118521,0.06152,0.00671,-0.40039,0.91425,0.0203
1581403913.124439,0.06152,0.00677,-0.40045,0.91425,0.0203
1581403913.130118,0.06152,0.00684,-0.40051,0.91418,0.0203
1581403913.135438,0.06146,0.00690,-0.40057,0.91418,0.0203
1581403913.1407812,0.06146,0.00696,-0.40063,0.91412,0.0203
1581403913.146296,0.06146,0.00702,-0.40070,0.91412,0.0203
1581403913.151794,0.06146,0.00702,-0.40076,0.91412,0.0203
1581403913.1573088,0.06146,0.00708,-0.40082,0.91406,0.0203
1581403913.163091,0.06152,0.00708,-0.40082,0.91406,0.0203
1581403913.1689951,0.06152,0.00714,-0.40082,0.91406,0.0203
1581403913.176197,0.06152,0.00714,-0.40082,0.91406,0.0203
1581403913.1802151,0.06158,0.00714,-0.40082,0.91406,0.0203
1581403913.1854432,0.06158,0.00714,-0.40082,0.91406,0.0203
1581403913.190718,0.06165,0.00714,-0.40082,0.91406,0.0203
1581403913.196407,0.06171,0.00714,-0.40082,0.91406,0.0203
1581403913.2027578,0.06177,0.00720,-0.40076,0.91406,0.0203
1581403913.2075899,0.06177,0.00720,-0.40076,0.91406,0.0203
1581403913.213511,0.06183,0.00714,-0.40070,0.91406,0.0203
1581403913.220101,0.06189,0.00714,-0.40070,0.91412,0.0203
1581403913.226586,0.06189,0.00714,-0.40063,0.91412,0.0203
1581403913.229619,0.06195,0.00714,-0.40057,0.91412,0.0203
1581403913.236348,0.06195,0.00714,-0.40057,0.91412,0.0203
1581403913.243125,0.06195,0.00708,-0.40051,0.91418,0.0203
1581403913.246805,0.06201,0.00708,-0.40045,0.91418,0.0203
1581403913.254307,0.06201,0.00708,-0.40045,0.91418,0.0203
1581403913.257376,0.06201,0.00702,-0.40033,0.91425,0.0203
1581403913.263324,0.06201,0.00702,-0.40033,0.91425,0.0203
1581403913.2706308,0.06201,0.00702,-0.40027,0.91425,0.0203
1581403913.2755048,0.06201,0.00696,-0.40021,0.91431,0.0203
1581403913.2815108,0.06201,0.00696,-0.40015,0.91431,0.0203
1581403913.28564,0.06201,0.00690,-0.40015,0.91431,0.0203
1581403913.290709,0.06201,0.00690,-0.40009,0.91437,0.0203
1581403913.295679,0.06201,0.00684,-0.40002,0.91437,0.0203
1581403913.303002,0.06207,0.00684,-0.40002,0.91437,0.0203
1581403913.308022,0.06207,0.00671,-0.39996,0.91443,0.0203
1581403913.314189,0.06207,0.00665,-0.39990,0.91443,0.0203
1581403913.319249,0.06213,0.00665,-0.39990,0.91443,0.0203
1581403913.325077,0.06213,0.00659,-0.39990,0.91443,0.0203
1581403913.331407,0.06213,0.00653,-0.39984,0.91443,0.0203
1581403913.3355489,0.06213,0.00647,-0.39984,0.91443,0.0203
1581403913.343487,0.06213,0.00647,-0.39984,0.91443,0.0203
1581403913.347024,0.06213,0.00635,-0.39984,0.91443,0.0203
1581403913.3521311,0.06213,0.00629,-0.39984,0.91443,0.0203
1581403913.360965,0.06213,0.00629,-0.39984,0.91443,0.0203
1581403913.3646998,0.06213,0.00623,-0.39984,0.91443,0.0203
1581403913.3699598,0.06213,0.00616,-0.39984,0.91443,0.0203
1581403913.374923,0.06213,0.00610,-0.39984,0.91443,0.0203
1581403913.380289,0.06213,0.00604,-0.39990,0.91443,0.0203
1581403913.386136,0.06213,0.00604,-0.39990,0.91443,0.0203
1581403913.39135,0.06213,0.00598,-0.39996,0.91443,0.0203
1581403913.397074,0.06213,0.00592,-0.40002,0.91437,0.0203
1581403913.404172,0.06213,0.00586,-0.40009,0.91437,0.0203
1581403913.408101,0.06219,0.00586,-0.40015,0.91431,0.0203
1581403913.4137018,0.06219,0.00586,-0.40021,0.91431,0.0203
1581403913.41962,0.06219,0.00586,-0.40027,0.91425,0.0203
1581403913.42447,0.06226,0.00580,-0.40039,0.91425,0.0203
1581403913.430224,0.06226,0.00580,-0.40045,0.91418,0.0203
1581403913.435072,0.06232,0.00580,-0.40057,0.91412,0.0203
1581403913.441341,0.06232,0.00586,-0.40070,0.91406,0.0203
1581403913.447099,0.06232,0.00586,-0.40082,0.91400,0.0203
1581403913.451547,0.06232,0.00592,-0.40112,0.91388,0.0203
1581403913.457526,0.06232,0.00598,-0.40125,0.91382,0.0203
1581403913.46421,0.06226,0.00604,-0.40143,0.91376,0.0203
1581403913.469852,0.06226,0.00604,-0.40155,0.91370,0.0203
1581403913.475002,0.06219,0.00610,-0.40173,0.91364,0.0203
1581403913.482516,0.06213,0.00616,-0.40192,0.91357,0.0203
1581403913.487081,0.06207,0.00629,-0.40210,0.91345,0.0203
1581403913.4913762,0.06195,0.00635,-0.40228,0.91339,0.0203
1581403913.4971972,0.06183,0.00647,-0.40265,0.91327,0.0203
1581403913.5028942,0.06171,0.00653,-0.40283,0.91315,0.0203
1581403913.508893,0.06165,0.00659,-0.40302,0.91309,0.0203
1581403913.514467,0.06152,0.00665,-0.40314,0.91302,0.0203
1581403913.5209432,0.06146,0.00671,-0.40332,0.91296,0.0203
1581403913.5262778,0.06134,0.00677,-0.40356,0.91284,0.0203
1581403913.532464,0.06122,0.00684,-0.40375,0.91278,0.0203
1581403913.537668,0.06104,0.00696,-0.40411,0.91266,0.0203
1581403913.5417368,0.06091,0.00702,-0.40430,0.91260,0.0203
1581403913.548779,0.06085,0.00708,-0.40448,0.91248,0.0203
1581403913.553918,0.06073,0.00714,-0.40466,0.91241,0.0203
1581403913.559158,0.06067,0.00720,-0.40485,0.91235,0.0203
1581403913.5645728,0.06055,0.00726,-0.40503,0.91223,0.0203
1581403913.572285,0.06042,0.00739,-0.40527,0.91217,0.0203
1581403913.575993,0.06030,0.00739,-0.40546,0.91211,0.0203
1581403913.581014,0.06018,0.00745,-0.40570,0.91199,0.0203
1581403913.586987,0.05994,0.00763,-0.40619,0.91180,0.0203
1581403913.5927172,0.05981,0.00769,-0.40643,0.91168,0.0203
1581403913.6005561,0.05969,0.00781,-0.40668,0.91156,0.0203
1581403913.607083,0.05957,0.00793,-0.40692,0.91150,0.0203
1581403913.609419,0.05939,0.00806,-0.40723,0.91138,0.0203
1581403913.6150038,0.05927,0.00818,-0.40753,0.91119,0.0203
1581403913.6202261,0.05908,0.00836,-0.40784,0.91107,0.0203
1581403913.6266408,0.05896,0.00848,-0.40820,0.91095,0.0203
1581403913.631613,0.05859,0.00885,-0.40894,0.91064,0.0203
1581403913.6380942,0.05847,0.00903,-0.40924,0.91052,0.0203
1581403913.6431758,0.05823,0.00922,-0.40967,0.91034,0.0203
1581403913.6505349,0.05804,0.00940,-0.41010,0.91016,0.0203
1581403913.655055,0.05786,0.00958,-0.41046,0.90997,0.0203
1581403913.662654,0.05762,0.00983,-0.41095,0.90979,0.0203
1581403913.6663702,0.05737,0.01001,-0.41138,0.90961,0.0203
1581403913.671251,0.05713,0.01031,-0.41187,0.90936,0.0203
1581403913.678761,0.05664,0.01093,-0.41284,0.90900,0.0203
1581403913.683163,0.05640,0.01129,-0.41339,0.90875,0.0203
1581403913.688321,0.05615,0.01172,-0.41400,0.90845,0.0203
1581403913.6942499,0.05597,0.01208,-0.41449,0.90826,0.0203
1581403913.6996422,0.05579,0.01257,-0.41510,0.90796,0.0203
1581403913.7059789,0.05554,0.01306,-0.41577,0.90765,0.0203
1581403913.711471,0.05536,0.01355,-0.41638,0.90741,0.0203
1581403913.7169,0.05518,0.01398,-0.41705,0.90710,0.0203
1581403913.7232902,0.05481,0.01483,-0.41840,0.90649,0.0203
1581403913.728297,0.05463,0.01526,-0.41907,0.90619,0.0204
1581403913.734245,0.05438,0.01575,-0.41980,0.90582,0.0204
1581403913.7401888,0.05426,0.01611,-0.42041,0.90558,0.0204
1581403913.7446568,0.05402,0.01654,-0.42114,0.90521,0.0204
1581403913.750883,0.05383,0.01703,-0.42194,0.90485,0.0204
1581403913.7563741,0.05371,0.01740,-0.42261,0.90454,0.0204
1581403913.761187,0.05353,0.01794,-0.42346,0.90417,0.0204
1581403913.766964,0.05322,0.01886,-0.42505,0.90338,0.0204
1581403913.772802,0.05310,0.01941,-0.42596,0.90295,0.0204
1581403913.778028,0.05304,0.01984,-0.42676,0.90259,0.0204
1581403913.78479,0.05292,0.02032,-0.42761,0.90216,0.0204
1581403913.7896068,0.05286,0.02081,-0.42847,0.90179,0.0204
1581403913.7949572,0.05273,0.02130,-0.42944,0.90131,0.0204
1581403913.800616,0.05261,0.02173,-0.43030,0.90088,0.0204
1581403913.80777,0.05249,0.02228,-0.43134,0.90039,0.0204
1581403913.811624,0.05231,0.02319,-0.43317,0.89948,0.0204
1581403913.8175218,0.05219,0.02362,-0.43408,0.89905,0.0204
1581403913.823533,0.05206,0.02411,-0.43512,0.89856,0.0204
1581403913.831274,0.05194,0.02460,-0.43610,0.89807,0.0204
1581403913.834555,0.05182,0.02496,-0.43695,0.89764,0.0204
1581403913.839585,0.05170,0.02539,-0.43799,0.89716,0.0204
1581403913.84539,0.05151,0.02582,-0.43890,0.89667,0.0204
1581403913.8504791,0.05139,0.02625,-0.43994,0.89618,0.0204
1581403913.856259,0.05121,0.02661,-0.44092,0.89569,0.0205
1581403913.8616068,0.05090,0.02716,-0.44275,0.89478,0.0205
1581403913.8675041,0.05072,0.02740,-0.44366,0.89435,0.0205
1581403913.874381,0.05048,0.02765,-0.44464,0.89386,0.0205
1581403913.8794508,0.05035,0.02783,-0.44543,0.89343,0.0205
1581403913.884646,0.05017,0.02795,-0.44635,0.89301,0.0205
1581403913.890614,0.04999,0.02808,-0.44720,0.89258,0.0205
1581403913.895922,0.04987,0.02814,-0.44812,0.89215,0.0205
1581403913.900309,0.04974,0.02820,-0.44885,0.89178,0.0205
1581403913.906799,0.04962,0.02814,-0.44971,0.89136,0.0205
1581403913.911459,0.04944,0.02808,-0.45117,0.89062,0.0205
1581403913.918539,0.04932,0.02802,-0.45190,0.89026,0.0205
1581403913.9232728,0.04919,0.02795,-0.45264,0.88989,0.0205
1581403913.928596,0.04913,0.02789,-0.45325,0.88959,0.0205
1581403913.93428,0.04901,0.02783,-0.45386,0.88928,0.0205
1581403913.939743,0.04889,0.02777,-0.45447,0.88898,0.0205
1581403913.9451368,0.04871,0.02771,-0.45514,0.88867,0.0205
1581403913.9512372,0.04858,0.02771,-0.45569,0.88837,0.0205
1581403913.9566221,0.04828,0.02777,-0.45667,0.88788,0.0205
1581403913.962453,0.04810,0.02783,-0.45721,0.88763,0.0205
1581403913.9681,0.04791,0.02789,-0.45764,0.88739,0.0205
1581403913.974623,0.04773,0.02808,-0.45813,0.88715,0.0205
1581403913.97901,0.04755,0.02820,-0.45850,0.88696,0.0205
1581403913.985437,0.04736,0.02838,-0.45892,0.88678,0.0205
1581403913.991411,0.04712,0.02869,-0.45935,0.88654,0.0205
1581403913.995251,0.04687,0.02893,-0.45972,0.88635,0.0205
1581403914.000951,0.04669,0.02917,-0.46008,0.88617,0.0205
1581403914.006301,0.04620,0.02985,-0.46082,0.88580,0.0205
1581403914.011704,0.04590,0.03027,-0.46118,0.88562,0.0205
1581403914.01788,0.04565,0.03064,-0.46149,0.88544,0.0205
1581403914.02265,0.04535,0.03113,-0.46185,0.88525,0.0205
1581403914.0288389,0.04498,0.03162,-0.46222,0.88507,0.0205
1581403914.036822,0.04468,0.03204,-0.46252,0.88489,0.0205
1581403914.040092,0.04437,0.03259,-0.46295,0.88470,0.0205
1581403914.0456681,0.04395,0.03320,-0.46332,0.88446,0.0205
1581403914.0515661,0.04358,0.03375,-0.46368,0.88428,0.0205
1581403914.05659,0.04279,0.03485,-0.46442,0.88391,0.0205
1581403914.0625122,0.04230,0.03552,-0.46484,0.88367,0.0205
1581403914.068133,0.04187,0.03607,-0.46527,0.88342,0.0205
1581403914.075166,0.04138,0.03662,-0.46564,0.88324,0.0205
1581403914.080302,0.04089,0.03723,-0.46606,0.88306,0.0205
1581403914.084815,0.04041,0.03784,-0.46649,0.88281,0.0205
1581403914.090368,0.03986,0.03845,-0.46692,0.88257,0.0205
1581403914.096062,0.03943,0.03900,-0.46729,0.88239,0.0205
1581403914.101171,0.03833,0.04016,-0.46826,0.88184,0.0205
1581403914.107925,0.03784,0.04065,-0.46869,0.88159,0.0205
1581403914.112611,0.03729,0.04120,-0.46912,0.88141,0.0205
1581403914.119854,0.03674,0.04169,-0.46960,0.88110,0.0205
1581403914.123744,0.03619,0.04230,-0.47009,0.88086,0.0205
1581403914.129098,0.03564,0.04279,-0.47052,0.88062,0.0205
1581403914.1346781,0.03510,0.04333,-0.47101,0.88037,0.0205
1581403914.140018,0.03461,0.04382,-0.47150,0.88013,0.0205
1581403914.146056,0.03406,0.04437,-0.47205,0.87982,0.0205
1581403914.152444,0.03314,0.04535,-0.47296,0.87927,0.0205
1581403914.1577852,0.03278,0.04584,-0.47339,0.87903,0.0205
1581403914.164137,0.03229,0.04633,-0.47388,0.87878,0.0205
1581403914.169149,0.03192,0.04675,-0.47424,0.87854,0.0205
1581403914.176448,0.03149,0.04724,-0.47467,0.87830,0.0205
1581403914.180368,0.03113,0.04779,-0.47504,0.87811,0.0205
1581403914.185794,0.03027,0.04877,-0.47577,0.87769,0.0205
1581403914.191581,0.02985,0.04926,-0.47607,0.87750,0.0205
1581403914.196446,0.02942,0.04968,-0.47632,0.87738,0.0205
1581403914.2028952,0.02899,0.05017,-0.47662,0.87720,0.0205
1581403914.2074509,0.02856,0.05060,-0.47681,0.87708,0.0205
1581403914.213396,0.02814,0.05096,-0.47699,0.87695,0.0205
1581403914.2205482,0.02777,0.05127,-0.47711,0.87689,0.0205
1581403914.224436,0.02734,0.05157,-0.47729,0.87683,0.0205
1581403914.230009,0.02692,0.05188,-0.47742,0.87677,0.0205
1581403914.235266,0.02655,0.05212,-0.47748,0.87671,0.0206
1581403914.2426639,0.02612,0.05237,-0.47754,0.87665,0.0206
1581403914.247221,0.02545,0.05267,-0.47754,0.87665,0.0206
1581403914.2525382,0.02515,0.05280,-0.47754,0.87665,0.0206
1581403914.259051,0.02484,0.05286,-0.47748,0.87671,0.0206
1581403914.264912,0.02460,0.05286,-0.47742,0.87671,0.0206
1581403914.2712262,0.02435,0.05292,-0.47736,0.87677,0.0206
1581403914.2749069,0.02405,0.05286,-0.47723,0.87683,0.0206
1581403914.281044,0.02386,0.05280,-0.47711,0.87689,0.0206
1581403914.2868302,0.02356,0.05255,-0.47687,0.87708,0.0206
1581403914.291755,0.02338,0.05237,-0.47668,0.87720,0.0206
1581403914.297354,0.02325,0.05219,-0.47650,0.87732,0.0206
1581403914.303164,0.02307,0.05188,-0.47632,0.87744,0.0205
1581403914.310401,0.02301,0.05157,-0.47614,0.87756,0.0206
1581403914.314175,0.02289,0.05133,-0.47595,0.87769,0.0206
1581403914.319315,0.02283,0.05096,-0.47577,0.87781,0.0205
1581403914.324457,0.02277,0.05054,-0.47552,0.87799,0.0205
1581403914.330189,0.02271,0.05017,-0.47528,0.87811,0.0205
1581403914.335249,0.02264,0.04974,-0.47504,0.87823,0.0205
1581403914.341144,0.02264,0.04932,-0.47479,0.87842,0.0205
1581403914.34775,0.02264,0.04834,-0.47430,0.87872,0.0205
1581403914.351711,0.02264,0.04785,-0.47400,0.87891,0.0206
1581403914.356995,0.02264,0.04736,-0.47382,0.87909,0.0206
1581403914.363168,0.02271,0.04687,-0.47351,0.87927,0.0206
1581403914.368545,0.02271,0.04639,-0.47321,0.87946,0.0206
1581403914.3755572,0.02277,0.04596,-0.47290,0.87958,0.0206
1581403914.379786,0.02283,0.04553,-0.47266,0.87976,0.0206
1581403914.38657,0.02289,0.04504,-0.47229,0.88000,0.0206
1581403914.39024,0.02301,0.04462,-0.47198,0.88019,0.0206
1581403914.3973818,0.02307,0.04425,-0.47168,0.88037,0.0206
1581403914.4023051,0.02332,0.04352,-0.47101,0.88074,0.0206
1581403914.407542,0.02344,0.04315,-0.47064,0.88092,0.0206
1581403914.414274,0.02356,0.04279,-0.47034,0.88110,0.0206
1581403914.419266,0.02374,0.04242,-0.47003,0.88135,0.0206
1581403914.4243672,0.02393,0.04211,-0.46967,0.88153,0.0206
1581403914.4302568,0.02417,0.04169,-0.46930,0.88171,0.0206
1581403914.435238,0.02441,0.04132,-0.46893,0.88190,0.0206
1581403914.441802,0.02472,0.04083,-0.46863,0.88214,0.0206
1581403914.4474099,0.02533,0.03992,-0.46790,0.88251,0.0206
1581403914.45247,0.02563,0.03949,-0.46753,0.88275,0.0206
1581403914.457749,0.02594,0.03900,-0.46716,0.88293,0.0206
1581403914.464619,0.02631,0.03857,-0.46680,0.88312,0.0206
1581403914.470776,0.02661,0.03815,-0.46649,0.88330,0.0206
1581403914.4745028,0.02692,0.03778,-0.46613,0.88348,0.0206
1581403914.4799922,0.02722,0.03735,-0.46576,0.88373,0.0206
1581403914.485424,0.02759,0.03693,-0.46539,0.88391,0.0206
1581403914.491253,0.02789,0.03650,-0.46497,0.88409,0.0206
1581403914.498595,0.02844,0.03577,-0.46429,0.88452,0.0206
1581403914.50354,0.02875,0.03540,-0.46393,0.88470,0.0206
1581403914.5116549,0.02905,0.03503,-0.46356,0.88489,0.0206
1581403914.514294,0.02930,0.03473,-0.46320,0.88507,0.0206
1581403914.5194812,0.02966,0.03436,-0.46283,0.88525,0.0206
1581403914.5250702,0.02991,0.03406,-0.46246,0.88550,0.0206
1581403914.531441,0.03027,0.03375,-0.46204,0.88568,0.0206
1581403914.536652,0.03088,0.03320,-0.46136,0.88605,0.0206
1581403914.541766,0.03119,0.03296,-0.46100,0.88623,0.0206
1581403914.547764,0.03149,0.03271,-0.46063,0.88641,0.0206
1581403914.554255,0.03180,0.03253,-0.46027,0.88660,0.0206
1581403914.558689,0.03210,0.03235,-0.45996,0.88678,0.0206
1581403914.5647519,0.03241,0.03217,-0.45966,0.88690,0.0206
1581403914.5715342,0.03271,0.03204,-0.45935,0.88708,0.0206
1581403914.576225,0.03302,0.03192,-0.45898,0.88727,0.0206
1581403914.5810728,0.03326,0.03186,-0.45868,0.88739,0.0206
1581403914.587487,0.03375,0.03168,-0.45807,0.88770,0.0206
1581403914.594389,0.03394,0.03168,-0.45770,0.88788,0.0206
1581403914.598591,0.03412,0.03162,-0.45740,0.88806,0.0206
1581403914.604961,0.03430,0.03162,-0.45703,0.88824,0.0206
1581403914.609854,0.03442,0.03162,-0.45667,0.88843,0.0206
1581403914.61522,0.03448,0.03168,-0.45624,0.88861,0.0206
1581403914.6207051,0.03461,0.03174,-0.45593,0.88879,0.0206
1581403914.626187,0.03479,0.03198,-0.45514,0.88916,0.0206
1581403914.631486,0.03497,0.03223,-0.45471,0.88934,0.0206
1581403914.637623,0.03510,0.03241,-0.45441,0.88953,0.0206
1581403914.644674,0.03522,0.03265,-0.45398,0.88971,0.0206
1581403914.648854,0.03540,0.03296,-0.45361,0.88989,0.0206
1581403914.655802,0.03552,0.03320,-0.45331,0.89001,0.0206
1581403914.6596868,0.03571,0.03357,-0.45294,0.89020,0.0206
1581403914.665448,0.03589,0.03394,-0.45258,0.89038,0.0206
1581403914.671094,0.03601,0.03442,-0.45221,0.89050,0.0206
1581403914.675933,0.03613,0.03485,-0.45190,0.89062,0.0206
1581403914.6822882,0.03638,0.03577,-0.45135,0.89087,0.0206
1581403914.6871018,0.03644,0.03632,-0.45105,0.89099,0.0206
1581403914.693352,0.03656,0.03687,-0.45081,0.89111,0.0206
1581403914.698752,0.03668,0.03729,-0.45056,0.89124,0.0206
1581403914.703914,0.03674,0.03778,-0.45032,0.89130,0.0206
1581403914.709175,0.03687,0.03827,-0.45013,0.89136,0.0206
1581403914.71446,0.03693,0.03876,-0.44995,0.89148,0.0206
1581403914.7199,0.03699,0.03925,-0.44977,0.89154,0.0206
1581403914.7252622,0.03699,0.03979,-0.44958,0.89160,0.0206
1581403914.731118,0.03699,0.04022,-0.44940,0.89166,0.0206
1581403914.738537,0.03693,0.04114,-0.44916,0.89172,0.0206
1581403914.742929,0.03687,0.04163,-0.44904,0.89178,0.0206
1581403914.7506938,0.03674,0.04205,-0.44897,0.89178,0.0206
1581403914.7546291,0.03662,0.04248,-0.44885,0.89185,0.0206
1581403914.758945,0.03650,0.04285,-0.44879,0.89185,0.0206
1581403914.764212,0.03632,0.04321,-0.44873,0.89191,0.0206
1581403914.7701929,0.03613,0.04358,-0.44861,0.89191,0.0206
1581403914.7782028,0.03571,0.04419,-0.44849,0.89197,0.0206
1581403914.7824168,0.03552,0.04449,-0.44836,0.89203,0.0206
1581403914.786088,0.03528,0.04474,-0.44830,0.89209,0.0206
1581403914.79214,0.03503,0.04498,-0.44818,0.89209,0.0206
1581403914.7985458,0.03485,0.04517,-0.44812,0.89215,0.0206
1581403914.803095,0.03461,0.04535,-0.44806,0.89221,0.0206
1581403914.809174,0.03442,0.04547,-0.44800,0.89221,0.0206
1581403914.81497,0.03424,0.04559,-0.44794,0.89227,0.0206
1581403914.819482,0.03400,0.04565,-0.44781,0.89227,0.0206
1581403914.825245,0.03375,0.04565,-0.44775,0.89233,0.0206
1581403914.8310559,0.03351,0.04559,-0.44775,0.89240,0.0206
1581403914.8384798,0.03302,0.04523,-0.44763,0.89246,0.0206
1581403914.8422909,0.03278,0.04498,-0.44757,0.89252,0.0206
1581403914.849654,0.03253,0.04468,-0.44751,0.89258,0.0206
1581403914.85505,0.03229,0.04431,-0.44745,0.89264,0.0206
1581403914.859225,0.03204,0.04388,-0.44739,0.89270,0.0206
1581403914.864455,0.03174,0.04340,-0.44733,0.89276,0.0206
1581403914.869657,0.03149,0.04285,-0.44727,0.89282,0.0206
1581403914.876537,0.03125,0.04230,-0.44720,0.89288,0.0206
1581403914.882302,0.03088,0.04120,-0.44708,0.89301,0.0206
1581403914.8870242,0.03076,0.04059,-0.44696,0.89307,0.0206
1581403914.894264,0.03064,0.03998,-0.44690,0.89319,0.0206
1581403914.898603,0.03052,0.03949,-0.44684,0.89325,0.0206
1581403914.903446,0.03046,0.03888,-0.44678,0.89331,0.0206
1581403914.90945,0.03046,0.03833,-0.44666,0.89337,0.0206
1581403914.914706,0.03046,0.03778,-0.44659,0.89343,0.0207
1581403914.922633,0.03046,0.03735,-0.44647,0.89349,0.0207
1581403914.927804,0.03058,0.03687,-0.44641,0.89355,0.0207
1581403914.9311638,0.03082,0.03607,-0.44623,0.89368,0.0207
1581403914.936662,0.03094,0.03571,-0.44611,0.89374,0.0207
1581403914.942367,0.03113,0.03540,-0.44604,0.89380,0.0207
1581403914.9483361,0.03131,0.03516,-0.44592,0.89380,0.0207
1581403914.953768,0.03149,0.03491,-0.44580,0.89386,0.0207
1581403914.959563,0.03162,0.03479,-0.44568,0.89392,0.0207
1581403914.9659588,0.03284,0.03314,-0.44550,0.89404,0.0207
1581403914.970855,0.03363,0.03217,-0.44537,0.89417,0.0208
1581403914.9755552,0.03375,0.03210,-0.44519,0.89423,0.0208
1581403914.98189,0.03394,0.03204,-0.44507,0.89429,0.0208
1581403914.9870012,0.03406,0.03229,-0.44476,0.89441,0.0208
1581403914.9934049,0.03412,0.03247,-0.44458,0.89447,0.0208
1581403914.999051,0.03418,0.03265,-0.44446,0.89453,0.0208
1581403915.00427,0.03418,0.03290,-0.44427,0.89459,0.0208
1581403915.010628,0.03424,0.03314,-0.44415,0.89471,0.0208
1581403915.018657,0.03430,0.03345,-0.44397,0.89478,0.0208
1581403915.021421,0.03430,0.03369,-0.44385,0.89484,0.0208
1581403915.027363,0.03430,0.03430,-0.44354,0.89496,0.0208
1581403915.032434,0.03430,0.03461,-0.44342,0.89496,0.0208
1581403915.038338,0.03430,0.03491,-0.44330,0.89502,0.0208
1581403915.044153,0.03430,0.03516,-0.44324,0.89508,0.0208
1581403915.049492,0.03430,0.03540,-0.44312,0.89508,0.0208
1581403915.054456,0.03436,0.03564,-0.44299,0.89514,0.0208
1581403915.0614789,0.03436,0.03577,-0.44293,0.89520,0.0208
1581403915.06691,0.03455,0.03583,-0.44287,0.89520,0.0208
1581403915.0710258,0.03479,0.03577,-0.44281,0.89526,0.0209
1581403915.0766988,0.03497,0.03564,-0.44275,0.89526,0.0209
1581403915.08203,0.03510,0.03558,-0.44275,0.89526,0.0209
1581403915.087771,0.03528,0.03546,-0.44275,0.89526,0.0209
1581403915.093625,0.03540,0.03528,-0.44275,0.89526,0.0209
1581403915.098898,0.03552,0.03510,-0.44275,0.89526,0.0209
1581403915.104628,0.03571,0.03479,-0.44281,0.89526,0.0209
1581403915.111138,0.03589,0.03448,-0.44281,0.89520,0.0209
1581403915.115608,0.03619,0.03387,-0.44287,0.89520,0.0209
1581403915.1210449,0.03638,0.03351,-0.44287,0.89520,0.0209
1581403915.1273432,0.03656,0.03320,-0.44293,0.89520,0.0209
1581403915.132352,0.03668,0.03284,-0.44299,0.89520,0.0209
1581403915.1376991,0.03680,0.03253,-0.44305,0.89514,0.0210
1581403915.143146,0.03693,0.03217,-0.44312,0.89514,0.0210
1581403915.1496441,0.03705,0.03186,-0.44318,0.89508,0.0210
1581403915.154749,0.03711,0.03156,-0.44324,0.89508,0.0210
1581403915.161131,0.03717,0.03125,-0.44336,0.89502,0.0210
1581403915.1665568,0.03729,0.03088,-0.44348,0.89496,0.0210
1581403915.170671,0.03741,0.03052,-0.44354,0.89496,0.0210
1581403915.177623,0.03754,0.02991,-0.44379,0.89484,0.0210
1581403915.182246,0.03754,0.02972,-0.44391,0.89478,0.0210
1581403915.188137,0.03754,0.02954,-0.44409,0.89471,0.0210
1581403915.194512,0.03748,0.02936,-0.44415,0.89465,0.0210
1581403915.19937,0.03748,0.02924,-0.44434,0.89459,0.0210
1581403915.204462,0.03741,0.02899,-0.44452,0.89453,0.0210
1581403915.210315,0.03741,0.02881,-0.44464,0.89447,0.0211
1581403915.2165189,0.03735,0.02863,-0.44476,0.89441,0.0211
1581403915.2227368,0.03723,0.02826,-0.44507,0.89429,0.0211
1581403915.227169,0.03711,0.02820,-0.44519,0.89423,0.0211
1581403915.234345,0.03699,0.02814,-0.44537,0.89417,0.0211
1581403915.238517,0.03680,0.02808,-0.44550,0.89410,0.0211
1581403915.244779,0.03662,0.02802,-0.44562,0.89404,0.0211
1581403915.250466,0.03644,0.02795,-0.44574,0.89398,0.0211
1581403915.254996,0.03619,0.02795,-0.44586,0.89392,0.0211
1581403915.26079,0.03595,0.02789,-0.44598,0.89386,0.0211
1581403915.266474,0.03540,0.02777,-0.44623,0.89380,0.0211
1581403915.2726898,0.03516,0.02777,-0.44635,0.89374,0.0211
1581403915.278943,0.03491,0.02765,-0.44647,0.89368,0.0211
1581403915.2835689,0.03467,0.02759,-0.44659,0.89362,0.0211
1581403915.28937,0.03442,0.02747,-0.44672,0.89355,0.0211
1581403915.295062,0.03418,0.02734,-0.44690,0.89349,0.0211
1581403915.299561,0.03400,0.02722,-0.44702,0.89349,0.0211
1581403915.30591,0.03369,0.02710,-0.44714,0.89343,0.0211
1581403915.311456,0.03326,0.02679,-0.44733,0.89331,0.0211
1581403915.317481,0.03302,0.02667,-0.44745,0.89331,0.0211
1581403915.322678,0.03278,0.02655,-0.44751,0.89325,0.0211
1581403915.328298,0.03253,0.02637,-0.44757,0.89325,0.0211
1581403915.334811,0.03235,0.02625,-0.44763,0.89325,0.0211
1581403915.339682,0.03217,0.02606,-0.44769,0.89325,0.0211
1581403915.345048,0.03204,0.02582,-0.44775,0.89325,0.0211
1581403915.3505018,0.03198,0.02551,-0.44775,0.89319,0.0212
1581403915.35711,0.03198,0.02496,-0.44781,0.89319,0.0212
1581403915.362665,0.03198,0.02466,-0.44781,0.89319,0.0213
1581403915.370284,0.03210,0.02435,-0.44781,0.89319,0.0213
1581403915.373575,0.03217,0.02399,-0.44781,0.89319,0.0213
1581403915.3795571,0.03223,0.02368,-0.44781,0.89319,0.0213
1581403915.384543,0.03229,0.02338,-0.44781,0.89325,0.0213
1581403915.3898518,0.03235,0.02307,-0.44781,0.89325,0.0213
1581403915.395743,0.03247,0.02283,-0.44781,0.89325,0.0213
1581403915.401045,0.03265,0.02234,-0.44769,0.89331,0.0213
1581403915.407404,0.03278,0.02216,-0.44763,0.89331,0.0213
1581403915.413523,0.03284,0.02197,-0.44757,0.89337,0.0213
1581403915.419492,0.03290,0.02179,-0.44751,0.89343,0.0213
1581403915.423914,0.03302,0.02167,-0.44739,0.89349,0.0213
1581403915.4304068,0.03308,0.02148,-0.44727,0.89349,0.0213
1581403915.43464,0.03314,0.02142,-0.44720,0.89355,0.0213
1581403915.440321,0.03320,0.02130,-0.44708,0.89362,0.0213
1581403915.446151,0.03351,0.02100,-0.44684,0.89374,0.0213
1581403915.450975,0.03369,0.02087,-0.44678,0.89374,0.0214
1581403915.4578402,0.03394,0.02075,-0.44672,0.89380,0.0214
1581403915.4633229,0.03424,0.02057,-0.44666,0.89380,0.0214
1581403915.4677482,0.03448,0.02039,-0.44659,0.89380,0.0214
1581403915.4742458,0.03485,0.02020,-0.44659,0.89380,0.0214
1581403915.4792671,0.03516,0.01996,-0.44659,0.89380,0.0214
1581403915.4842198,0.03546,0.01971,-0.44659,0.89380,0.0215
1581403915.489658,0.03571,0.01953,-0.44659,0.89380,0.0215
1581403915.495614,0.03589,0.01929,-0.44666,0.89380,0.0215
1581403915.501696,0.03619,0.01892,-0.44666,0.89374,0.0216
1581403915.506002,0.03632,0.01880,-0.44672,0.89374,0.0216
1581403915.5142112,0.03644,0.01862,-0.44672,0.89374,0.0216
1581403915.518077,0.03656,0.01849,-0.44672,0.89374,0.0216
1581403915.5243342,0.03662,0.01837,-0.44678,0.89374,0.0216
1581403915.5305119,0.03674,0.01819,-0.44678,0.89374,0.0217
1581403915.5343559,0.03680,0.01801,-0.44678,0.89368,0.0217
1581403915.539819,0.03687,0.01782,-0.44678,0.89368,0.0217
1581403915.546305,0.03699,0.01758,-0.44678,0.89368,0.0217
1581403915.550551,0.03723,0.01709,-0.44678,0.89368,0.0217
1581403915.5559208,0.03735,0.01685,-0.44678,0.89368,0.0218
1581403915.56323,0.03748,0.01660,-0.44678,0.89368,0.0217
1581403915.5674539,0.03760,0.01636,-0.44678,0.89374,0.0217
1581403915.5733912,0.03772,0.01611,-0.44672,0.89374,0.0217
1581403915.579118,0.03784,0.01587,-0.44672,0.89374,0.0217
1581403915.584744,0.03802,0.01563,-0.44666,0.89374,0.0217
1581403915.5905569,0.03815,0.01544,-0.44659,0.89380,0.0217
1581403915.596096,0.03833,0.01501,-0.44653,0.89380,0.0217
1581403915.601388,0.03839,0.01483,-0.44647,0.89386,0.0217
1581403915.607635,0.03851,0.01471,-0.44635,0.89392,0.0217
1581403915.613193,0.03857,0.01453,-0.44629,0.89392,0.0217
1581403915.618464,0.03870,0.01440,-0.44623,0.89398,0.0217
1581403915.623571,0.03876,0.01428,-0.44617,0.89398,0.0217
1581403915.630272,0.03882,0.01410,-0.44604,0.89404,0.0217
1581403915.6361952,0.03888,0.01398,-0.44598,0.89410,0.0217
1581403915.6409621,0.03894,0.01385,-0.44592,0.89410,0.0217
1581403915.64693,0.03912,0.01355,-0.44580,0.89417,0.0218
1581403915.651503,0.03925,0.01343,-0.44568,0.89423,0.0218
1581403915.658902,0.03937,0.01331,-0.44568,0.89423,0.0219
1581403915.663219,0.03943,0.01324,-0.44562,0.89423,0.0219
1581403915.668545,0.03949,0.01312,-0.44562,0.89423,0.0219
1581403915.673989,0.03955,0.01306,-0.44562,0.89423,0.0219
1581403915.680801,0.03967,0.01306,-0.44562,0.89423,0.0219
1581403915.685102,0.03979,0.01300,-0.44568,0.89423,0.0219
1581403915.6910982,0.04004,0.01306,-0.44580,0.89417,0.0219
1581403915.696078,0.04016,0.01312,-0.44586,0.89410,0.0219
1581403915.702785,0.04028,0.01331,-0.44598,0.89404,0.0219
1581403915.708183,0.04034,0.01349,-0.44611,0.89398,0.0219
1581403915.715061,0.04041,0.01373,-0.44623,0.89392,0.0220
1581403915.719133,0.04041,0.01404,-0.44635,0.89386,0.0220
1581403915.724513,0.04041,0.01447,-0.44653,0.89374,0.0220
1581403915.729943,0.04034,0.01489,-0.44666,0.89368,0.0220
1581403915.735457,0.04022,0.01532,-0.44684,0.89355,0.0220
1581403915.741077,0.04010,0.01630,-0.44720,0.89337,0.0220
1581403915.7467241,0.03998,0.01685,-0.44739,0.89331,0.0220
1581403915.752809,0.03992,0.01740,-0.44757,0.89319,0.0220
1581403915.7583969,0.03979,0.01794,-0.44775,0.89307,0.0220
1581403915.76367,0.03967,0.01855,-0.44800,0.89294,0.0221
1581403915.769154,0.03955,0.01917,-0.44818,0.89282,0.0221
1581403915.774434,0.03949,0.01971,-0.44836,0.89276,0.0221
1581403915.780179,0.03943,0.02026,-0.44861,0.89264,0.0222
1581403915.785704,0.03937,0.02124,-0.44904,0.89240,0.0222
1581403915.7915452,0.03937,0.02167,-0.44922,0.89233,0.0222
1581403915.797506,0.03937,0.02203,-0.44934,0.89221,0.0222
1581403915.803157,0.03937,0.02240,-0.44952,0.89209,0.0222
1581403915.808704,0.03937,0.02277,-0.44965,0.89203,0.0223
1581403915.8140721,0.03943,0.02307,-0.44977,0.89197,0.0223
1581403915.820817,0.03943,0.02338,-0.44989,0.89191,0.0223
1581403915.825116,0.03943,0.02368,-0.44995,0.89185,0.0223
1581403915.8309162,0.03937,0.02399,-0.45001,0.89185,0.0223
1581403915.837022,0.03931,0.02460,-0.45007,0.89178,0.0223
1581403915.84231,0.03931,0.02484,-0.45007,0.89178,0.0223
1581403915.848695,0.03925,0.02509,-0.45007,0.89178,0.0224
1581403915.853578,0.03925,0.02533,-0.45001,0.89178,0.0224
1581403915.860066,0.03918,0.02563,-0.44995,0.89185,0.0224
1581403915.865321,0.03912,0.02588,-0.44989,0.89185,0.0224
1581403915.8703308,0.03900,0.02618,-0.44977,0.89191,0.0224
1581403915.8767219,0.03870,0.02667,-0.44946,0.89203,0.0225
1581403915.882768,0.03851,0.02692,-0.44928,0.89215,0.0225
1581403915.886956,0.03833,0.02710,-0.44910,0.89221,0.0225
1581403915.893615,0.03815,0.02734,-0.44891,0.89233,0.0225
1581403915.8993149,0.03796,0.02747,-0.44873,0.89246,0.0225
1581403915.903491,0.03778,0.02765,-0.44849,0.89258,0.0225
1581403915.908979,0.03760,0.02777,-0.44824,0.89270,0.0225
1581403915.914412,0.03741,0.02795,-0.44794,0.89282,0.0226
1581403915.91974,0.03723,0.02808,-0.44769,0.89301,0.0226
1581403915.9258938,0.03699,0.02820,-0.44739,0.89313,0.0226
1581403915.931326,0.03656,0.02850,-0.44678,0.89343,0.0227
1581403915.937286,0.03625,0.02863,-0.44647,0.89362,0.0227
1581403915.9428868,0.03595,0.02881,-0.44611,0.89380,0.0227
1581403915.948419,0.03571,0.02899,-0.44580,0.89398,0.0227
1581403915.953677,0.03540,0.02911,-0.44543,0.89417,0.0227
1581403915.959368,0.03516,0.02930,-0.44507,0.89435,0.0227
1581403915.964062,0.03485,0.02948,-0.44464,0.89453,0.0228
1581403915.971191,0.03461,0.02960,-0.44427,0.89471,0.0228
1581403915.9755368,0.03436,0.02979,-0.44379,0.89496,0.0228
1581403915.982615,0.03418,0.02985,-0.44342,0.89514,0.0228
1581403915.98619,0.03387,0.03003,-0.44250,0.89563,0.0228
1581403915.992961,0.03375,0.03003,-0.44202,0.89587,0.0229
1581403915.9988842,0.03369,0.03003,-0.44159,0.89606,0.0229
1581403916.0030231,0.03369,0.03003,-0.44110,0.89630,0.0229
1581403916.0092711,0.03369,0.03003,-0.44061,0.89655,0.0229
1581403916.0157151,0.03369,0.03003,-0.44006,0.89685,0.0229
1581403916.019731,0.03375,0.03003,-0.43964,0.89703,0.0229
1581403916.0256882,0.03394,0.02997,-0.43854,0.89758,0.0229
1581403916.030381,0.03406,0.02991,-0.43799,0.89783,0.0230
1581403916.0385458,0.03418,0.02991,-0.43750,0.89807,0.0230
1581403916.042769,0.03436,0.02985,-0.43695,0.89832,0.0230
1581403916.0479748,0.03455,0.02985,-0.43640,0.89862,0.0230
1581403916.053469,0.03473,0.02979,-0.43585,0.89886,0.0230
1581403916.060009,0.03491,0.02972,-0.43530,0.89911,0.0230
1581403916.064297,0.03522,0.02966,-0.43420,0.89960,0.0231
1581403916.069489,0.03540,0.02960,-0.43365,0.89990,0.0231
1581403916.075657,0.03558,0.02960,-0.43311,0.90015,0.0231
1581403916.0801458,0.03583,0.02954,-0.43256,0.90039,0.0231
1581403916.086751,0.03601,0.02954,-0.43201,0.90063,0.0231
1581403916.094126,0.03625,0.02948,-0.43152,0.90088,0.0231
1581403916.0970051,0.03650,0.02942,-0.43103,0.90112,0.0231
1581403916.102946,0.03687,0.02936,-0.43048,0.90137,0.0231
1581403916.108169,0.03711,0.02930,-0.43005,0.90155,0.0231
1581403916.113557,0.03748,0.02917,-0.42963,0.90179,0.0231
1581403916.1197078,0.03778,0.02911,-0.42914,0.90198,0.0232
1581403916.12468,0.03809,0.02899,-0.42871,0.90216,0.0232
1581403916.130547,0.03839,0.02893,-0.42822,0.90240,0.0232
1581403916.135838,0.03894,0.02875,-0.42743,0.90277,0.0233
1581403916.141641,0.03931,0.02863,-0.42700,0.90295,0.0233
1581403916.147232,0.03961,0.02856,-0.42670,0.90308,0.0233
1581403916.153238,0.04004,0.02844,-0.42627,0.90326,0.0233
1581403916.1610181,0.04047,0.02832,-0.42596,0.90338,0.0233
1581403916.16462,0.04095,0.02814,-0.42560,0.90356,0.0233
1581403916.1692202,0.04150,0.02795,-0.42523,0.90369,0.0234
1581403916.175953,0.04199,0.02777,-0.42499,0.90381,0.0234
1581403916.180436,0.04248,0.02753,-0.42468,0.90393,0.0234
1581403916.187563,0.04327,0.02716,-0.42413,0.90417,0.0235
1581403916.191201,0.04358,0.02704,-0.42383,0.90430,0.0235
1581403916.19648,0.04382,0.02692,-0.42358,0.90436,0.0235
1581403916.20298,0.04413,0.02679,-0.42334,0.90448,0.0235
1581403916.2111309,0.04437,0.02667,-0.42310,0.90460,0.0235
1581403916.213831,0.04462,0.02655,-0.42285,0.90472,0.0236
1581403916.219699,0.04492,0.02637,-0.42261,0.90485,0.0236
1581403916.2244868,0.04517,0.02625,-0.42230,0.90497,0.0236
1581403916.230947,0.04547,0.02606,-0.42206,0.90503,0.0236
1581403916.236442,0.04590,0.02576,-0.42169,0.90521,0.0236
1581403916.241965,0.04608,0.02557,-0.42145,0.90533,0.0236
1581403916.247406,0.04620,0.02545,-0.42126,0.90540,0.0237
1581403916.252933,0.04639,0.02527,-0.42108,0.90552,0.0237
1581403916.2590249,0.04645,0.02509,-0.42090,0.90558,0.0237
1581403916.263725,0.04657,0.02490,-0.42072,0.90564,0.0237
1581403916.269658,0.04669,0.02472,-0.42053,0.90576,0.0238
1581403916.2747478,0.04681,0.02454,-0.42035,0.90582,0.0238
1581403916.280303,0.04694,0.02411,-0.42004,0.90594,0.0238
1581403916.287364,0.04694,0.02393,-0.41992,0.90601,0.0238
1581403916.291296,0.04694,0.02380,-0.41974,0.90613,0.0238
1581403916.296749,0.04694,0.02368,-0.41962,0.90619,0.0239
1581403916.302952,0.04681,0.02350,-0.41949,0.90625,0.0239
1581403916.3076322,0.04675,0.02338,-0.41937,0.90631,0.0239
1581403916.313215,0.04663,0.02332,-0.41919,0.90643,0.0239
1581403916.319384,0.04645,0.02319,-0.41901,0.90649,0.0239
1581403916.324091,0.04633,0.02307,-0.41882,0.90656,0.0239
1581403916.330173,0.04626,0.02301,-0.41870,0.90668,0.0239
1581403916.335089,0.04614,0.02289,-0.41852,0.90674,0.0239
1581403916.340419,0.04602,0.02264,-0.41815,0.90692,0.0240
1581403916.3460171,0.04596,0.02252,-0.41797,0.90704,0.0240
1581403916.3530838,0.04590,0.02240,-0.41779,0.90710,0.0241
1581403916.357568,0.04584,0.02228,-0.41754,0.90723,0.0241
1581403916.363793,0.04578,0.02216,-0.41736,0.90735,0.0241
1581403916.370677,0.04572,0.02209,-0.41711,0.90741,0.0241
1581403916.374382,0.04553,0.02197,-0.41687,0.90759,0.0241
1581403916.379961,0.04541,0.02191,-0.41656,0.90771,0.0241
1581403916.386797,0.04523,0.02185,-0.41626,0.90784,0.0241
1581403916.390568,0.04474,0.02173,-0.41565,0.90814,0.0242
1581403916.3966231,0.04449,0.02173,-0.41534,0.90833,0.0242
1581403916.401723,0.04413,0.02173,-0.41492,0.90851,0.0242
1581403916.4071949,0.04376,0.02179,-0.41449,0.90875,0.0242
1581403916.413022,0.04333,0.02191,-0.41412,0.90894,0.0242
1581403916.420139,0.04297,0.02203,-0.41376,0.90912,0.0242
1581403916.424286,0.04248,0.02216,-0.41333,0.90936,0.0243
1581403916.4299881,0.04193,0.02234,-0.41284,0.90955,0.0243
1581403916.435785,0.04089,0.02264,-0.41199,0.90997,0.0244
1581403916.442392,0.04028,0.02283,-0.41156,0.91022,0.0244
1581403916.4487581,0.03973,0.02301,-0.41107,0.91046,0.0244
1581403916.454313,0.03912,0.02319,-0.41058,0.91071,0.0244
1581403916.4584022,0.03857,0.02332,-0.41016,0.91089,0.0244
1581403916.464277,0.03796,0.02344,-0.40973,0.91113,0.0244
1581403916.470102,0.03735,0.02356,-0.40924,0.91138,0.0244
1581403916.475502,0.03680,0.02362,-0.40875,0.91156,0.0245
1581403916.4802911,0.03632,0.02362,-0.40833,0.91180,0.0245
1581403916.487545,0.03534,0.02356,-0.40747,0.91223,0.0246
1581403916.491144,0.03479,0.02344,-0.40704,0.91248,0.0246
1581403916.497047,0.03442,0.02332,-0.40662,0.91266,0.0246
1581403916.503076,0.03406,0.02313,-0.40619,0.91284,0.0246
1581403916.50827,0.03375,0.02295,-0.40588,0.91302,0.0246
1581403916.513561,0.03345,0.02271,-0.40546,0.91321,0.0246
1581403916.519305,0.03320,0.02246,-0.40509,0.91339,0.0246
1581403916.524365,0.03302,0.02228,-0.40479,0.91357,0.0247
1581403916.530868,0.03284,0.02197,-0.40436,0.91376,0.0247
1581403916.536432,0.03265,0.02148,-0.40375,0.91406,0.0247
1581403916.542231,0.03259,0.02118,-0.40344,0.91418,0.0247
1581403916.5481658,0.03259,0.02094,-0.40308,0.91437,0.0247
1581403916.554964,0.03259,0.02063,-0.40283,0.91449,0.0247
1581403916.5586839,0.03265,0.02039,-0.40259,0.91455,0.0248
1581403916.5647318,0.03271,0.02008,-0.40228,0.91467,0.0248
1581403916.570595,0.03284,0.01984,-0.40210,0.91479,0.0248
1581403916.57535,0.03302,0.01959,-0.40186,0.91492,0.0249
1581403916.581441,0.03339,0.01910,-0.40149,0.91504,0.0249
1581403916.5869281,0.03363,0.01892,-0.40137,0.91510,0.0249
1581403916.592257,0.03381,0.01874,-0.40125,0.91516,0.0249
1581403916.598136,0.03406,0.01862,-0.40112,0.91522,0.0249
1581403916.6052978,0.03430,0.01843,-0.40106,0.91522,0.0249
1581403916.608911,0.03455,0.01831,-0.40094,0.91528,0.0249
1581403916.614026,0.03479,0.01825,-0.40088,0.91528,0.0250
1581403916.619701,0.03497,0.01813,-0.40088,0.91528,0.0250
1581403916.626049,0.03522,0.01807,-0.40082,0.91528,0.0250
1581403916.631891,0.03571,0.01788,-0.40082,0.91528,0.0250
1581403916.636596,0.03589,0.01782,-0.40082,0.91528,0.0250
1581403916.6419709,0.03619,0.01776,-0.40088,0.91528,0.0250
1581403916.648664,0.03638,0.01770,-0.40088,0.91522,0.0251
1581403916.65446,0.03668,0.01764,-0.40100,0.91516,0.0251
1581403916.658564,0.03693,0.01752,-0.40106,0.91516,0.0251
1581403916.6642702,0.03729,0.01746,-0.40118,0.91510,0.0251
1581403916.671741,0.03760,0.01733,-0.40131,0.91498,0.0252
1581403916.6748412,0.03784,0.01727,-0.40149,0.91492,0.0252
1581403916.68047,0.03809,0.01715,-0.40167,0.91486,0.0252
1581403916.6875021,0.03851,0.01691,-0.40204,0.91467,0.0252
1581403916.692457,0.03876,0.01672,-0.40222,0.91455,0.0252
1581403916.699169,0.03894,0.01660,-0.40247,0.91449,0.0252
1581403916.703763,0.03912,0.01636,-0.40271,0.91437,0.0253
1581403916.7090828,0.03937,0.01605,-0.40295,0.91425,0.0253
1581403916.715338,0.03961,0.01575,-0.40320,0.91412,0.0253
1581403916.720243,0.04004,0.01489,-0.40369,0.91388,0.0253
1581403916.726217,0.04034,0.01440,-0.40399,0.91376,0.0253
1581403916.7315562,0.04065,0.01379,-0.40424,0.91364,0.0253
1581403916.73939,0.04095,0.01324,-0.40454,0.91351,0.0254
1581403916.7430038,0.04132,0.01257,-0.40485,0.91333,0.0254
1581403916.7491882,0.04175,0.01190,-0.40521,0.91321,0.0254
1581403916.755143,0.04224,0.01117,-0.40552,0.91302,0.0255
1581403916.7592802,0.04260,0.01050,-0.40588,0.91290,0.0255
1581403916.764438,0.04315,0.00970,-0.40625,0.91272,0.0255
1581403916.77011,0.04364,0.00897,-0.40662,0.91254,0.0255
1581403916.776072,0.04462,0.00757,-0.40729,0.91217,0.0255
1581403916.782482,0.04510,0.00684,-0.40765,0.91199,0.0255
1581403916.788267,0.04559,0.00616,-0.40802,0.91180,0.0256
1581403916.793808,0.04608,0.00549,-0.40845,0.91162,0.0256
1581403916.798975,0.04639,0.00500,-0.40875,0.91144,0.0256
1581403916.8045938,0.04681,0.00439,-0.40912,0.91125,0.0256
1581403916.809888,0.04718,0.00397,-0.40948,0.91107,0.0257
1581403916.815038,0.04797,0.00323,-0.41016,0.91077,0.0257
1581403916.822206,0.04858,0.00275,-0.41052,0.91052,0.0257
1581403916.826804,0.04913,0.00238,-0.41083,0.91040,0.0257
1581403916.832364,0.04987,0.00183,-0.41125,0.91016,0.0257
1581403916.838343,0.05048,0.00134,-0.41156,0.90997,0.0258
1581403916.843735,0.05115,0.00073,-0.41187,0.90979,0.0258
1581403916.849213,0.05176,0.00012,-0.41223,0.90961,0.0258
1581403916.8544488,0.05225,-0.00043,-0.41260,0.90942,0.0258
1581403916.860037,0.05255,-0.00085,-0.41290,0.90924,0.0258
1581403916.866401,0.05286,-0.00140,-0.41351,0.90900,0.0258
1581403916.870978,0.05280,-0.00153,-0.41376,0.90887,0.0259
1581403916.8766878,0.05261,-0.00153,-0.41394,0.90875,0.0259
1581403916.882731,0.05225,-0.00140,-0.41418,0.90869,0.0259
1581403916.887726,0.05176,-0.00122,-0.41437,0.90863,0.0259
1581403916.8930519,0.05121,-0.00104,-0.41449,0.90863,0.0260
1581403916.8985898,0.05054,-0.00073,-0.41461,0.90857,0.0260
1581403916.90452,0.04974,-0.00037,-0.41473,0.90857,0.0260
1581403916.9095502,0.04889,0.00000,-0.41479,0.90857,0.0260
1581403916.915651,0.04810,0.00031,-0.41486,0.90863,0.0260
1581403916.9205399,0.04657,0.00073,-0.41498,0.90863,0.0260
1581403916.92641,0.04590,0.00085,-0.41504,0.90863,0.0261
1581403916.932381,0.04529,0.00092,-0.41510,0.90863,0.0261
1581403916.939153,0.04486,0.00092,-0.41516,0.90863,0.0261
1581403916.9447072,0.04443,0.00079,-0.41522,0.90863,0.0261
1581403916.94946,0.04413,0.00061,-0.41528,0.90863,0.0261
1581403916.954506,0.04376,0.00012,-0.41534,0.90863,0.0261
1581403916.960449,0.04364,-0.00012,-0.41541,0.90863,0.0262
1581403916.966249,0.04358,-0.00043,-0.41541,0.90863,0.0262
1581403916.971837,0.04358,-0.00067,-0.41541,0.90863,0.0262
1581403916.9764428,0.04352,-0.00085,-0.41534,0.90863,0.0262
1581403916.9826481,0.04358,-0.00104,-0.41528,0.90863,0.0263
1581403916.988172,0.04358,-0.00116,-0.41522,0.90869,0.0263
1581403916.993716,0.04358,-0.00116,-0.41510,0.90875,0.0263
1581403916.9990232,0.04364,-0.00104,-0.41498,0.90881,0.0263
1581403917.0055392,0.04364,-0.00085,-0.41479,0.90887,0.0263
1581403917.011658,0.04370,-0.00055,-0.41461,0.90894,0.0263
1581403917.0164979,0.04370,0.00037,-0.41431,0.90912,0.0263
1581403917.023707,0.04364,0.00098,-0.41406,0.90918,0.0264
1581403917.028615,0.04358,0.00177,-0.41388,0.90930,0.0264
1581403917.033667,0.04352,0.00256,-0.41364,0.90942,0.0264
1581403917.0385761,0.04333,0.00348,-0.41339,0.90948,0.0264
1581403917.045568,0.04321,0.00452,-0.41315,0.90961,0.0264
1581403917.050146,0.04303,0.00568,-0.41290,0.90973,0.0264
1581403917.0550249,0.04279,0.00677,-0.41266,0.90985,0.0264
1581403917.0604281,0.04230,0.00903,-0.41217,0.91010,0.0265
1581403917.067606,0.04193,0.01031,-0.41193,0.91022,0.0265
1581403917.072881,0.04163,0.01160,-0.41168,0.91028,0.0266
1581403917.078101,0.04138,0.01270,-0.41144,0.91040,0.0266
1581403917.083719,0.04102,0.01392,-0.41125,0.91052,0.0266
1581403917.0894122,0.04071,0.01520,-0.41101,0.91058,0.0266
1581403917.094808,0.04041,0.01642,-0.41083,0.91064,0.0266
1581403917.100179,0.04010,0.01758,-0.41064,0.91071,0.0266
1581403917.107074,0.03961,0.01990,-0.41034,0.91083,0.0267
1581403917.111594,0.03943,0.02087,-0.41028,0.91089,0.0267
1581403917.1182358,0.03925,0.02197,-0.41016,0.91089,0.0267
1581403917.1241379,0.03906,0.02289,-0.41003,0.91095,0.0267
1581403917.1294878,0.03894,0.02380,-0.40997,0.91095,0.0267
1581403917.134933,0.03882,0.02478,-0.40991,0.91095,0.0267
1581403917.140795,0.03876,0.02551,-0.40985,0.91095,0.0267
1581403917.145431,0.03864,0.02698,-0.40985,0.91095,0.0268
1581403917.150555,0.03857,0.02765,-0.40985,0.91095,0.0268
1581403917.1561038,0.03851,0.02820,-0.40985,0.91089,0.0268
1581403917.1622322,0.03851,0.02869,-0.40985,0.91089,0.0269
1581403917.167935,0.03845,0.02917,-0.40985,0.91089,0.0269
1581403917.173507,0.03845,0.02942,-0.40985,0.91089,0.0269
1581403917.178535,0.03845,0.02972,-0.40979,0.91089,0.0269
1581403917.184138,0.03839,0.02997,-0.40985,0.91089,0.0269
1581403917.1900392,0.03839,0.03009,-0.40985,0.91089,0.0269
1581403917.195832,0.03845,0.03027,-0.40979,0.91089,0.0270
1581403917.2032828,0.03845,0.03033,-0.40979,0.91089,0.0270
1581403917.2076612,0.03845,0.03040,-0.40973,0.91089,0.0270
1581403917.214077,0.03845,0.03040,-0.40967,0.91089,0.0270
1581403917.21943,0.03839,0.03040,-0.40961,0.91095,0.0270
1581403917.224033,0.03839,0.03040,-0.40955,0.91101,0.0271
1581403917.2309601,0.03833,0.03040,-0.40942,0.91101,0.0271
1581403917.2352178,0.03821,0.03040,-0.40918,0.91113,0.0271
1581403917.240617,0.03815,0.03033,-0.40906,0.91119,0.0271
1581403917.246495,0.03809,0.03033,-0.40887,0.91132,0.0271
1581403917.252274,0.03802,0.03027,-0.40875,0.91138,0.0271
1581403917.258683,0.03796,0.03027,-0.40857,0.91144,0.0272
1581403917.263464,0.03796,0.03015,-0.40839,0.91150,0.0272
1581403917.2695491,0.03790,0.03009,-0.40820,0.91162,0.0272
1581403917.2746801,0.03796,0.02997,-0.40802,0.91168,0.0272
1581403917.279159,0.03796,0.02991,-0.40784,0.91180,0.0272
1581403917.2856882,0.03802,0.02985,-0.40765,0.91187,0.0272
1581403917.290708,0.03821,0.02985,-0.40735,0.91199,0.0272
1581403917.296309,0.03839,0.02985,-0.40717,0.91205,0.0273
1581403917.302664,0.03851,0.02985,-0.40698,0.91211,0.0273
1581403917.30769,0.03864,0.02991,-0.40686,0.91217,0.0273
1581403917.312938,0.03882,0.02997,-0.40668,0.91223,0.0273
1581403917.3185768,0.03900,0.02997,-0.40656,0.91229,0.0274
1581403917.3234408,0.03918,0.02997,-0.40637,0.91235,0.0274
1581403917.3293529,0.03931,0.03003,-0.40619,0.91241,0.0274
1581403917.3351932,0.03949,0.02997,-0.40601,0.91254,0.0274
1581403917.340084,0.03973,0.02997,-0.40570,0.91266,0.0274
1581403917.345386,0.03986,0.02991,-0.40552,0.91272,0.0274
1581403917.352012,0.03998,0.02991,-0.40533,0.91278,0.0274
1581403917.356129,0.04004,0.02985,-0.40515,0.91290,0.0275
1581403917.362219,0.04010,0.02985,-0.40503,0.91296,0.0275
1581403917.36812,0.04016,0.02979,-0.40485,0.91302,0.0275
1581403917.373442,0.04016,0.02979,-0.40472,0.91309,0.0275
1581403917.3797219,0.04016,0.02979,-0.40454,0.91315,0.0275
1581403917.384544,0.04022,0.02991,-0.40430,0.91327,0.0275
1581403917.389905,0.04022,0.02997,-0.40424,0.91327,0.0275
1581403917.395208,0.04022,0.03003,-0.40417,0.91333,0.0276
1581403917.401797,0.04028,0.03009,-0.40411,0.91333,0.0276
1581403917.406409,0.04041,0.03015,-0.40405,0.91333,0.0276
1581403917.413915,0.04053,0.03021,-0.40399,0.91333,0.0276
1581403917.4187038,0.04071,0.03015,-0.40399,0.91333,0.0277
1581403917.423433,0.04089,0.03003,-0.40399,0.91339,0.0277
1581403917.429458,0.04108,0.02985,-0.40393,0.91339,0.0277
1581403917.4339771,0.04126,0.02972,-0.40393,0.91339,0.0277
1581403917.4405298,0.04132,0.02954,-0.40387,0.91339,0.0277
1581403917.446028,0.04132,0.02948,-0.40381,0.91345,0.0277
1581403917.4543018,0.04126,0.02954,-0.40375,0.91345,0.0277
1581403917.457623,0.04120,0.02972,-0.40369,0.91351,0.0277
1581403917.4636538,0.04114,0.02991,-0.40363,0.91351,0.0278
1581403917.468958,0.04108,0.03015,-0.40356,0.91351,0.0278
1581403917.473744,0.04102,0.03052,-0.40350,0.91357,0.0278
1581403917.479646,0.04095,0.03082,-0.40344,0.91357,0.0278
1581403917.4853451,0.04089,0.03113,-0.40332,0.91357,0.0278
1581403917.490131,0.04071,0.03180,-0.40326,0.91364,0.0278
1581403917.496288,0.04065,0.03204,-0.40320,0.91364,0.0279
1581403917.503778,0.04059,0.03235,-0.40314,0.91370,0.0279
1581403917.507583,0.04053,0.03259,-0.40308,0.91370,0.0279
1581403917.513111,0.04053,0.03278,-0.40308,0.91370,0.0279
1581403917.5184891,0.04053,0.03302,-0.40302,0.91370,0.0279
1581403917.524833,0.04053,0.03320,-0.40302,0.91370,0.0280
1581403917.529906,0.04053,0.03333,-0.40302,0.91370,0.0280
1581403917.535535,0.04041,0.03351,-0.40302,0.91370,0.0280
1581403917.541153,0.04028,0.03357,-0.40302,0.91370,0.0280
1581403917.547413,0.04010,0.03357,-0.40302,0.91370,0.0280
1581403917.553754,0.03998,0.03351,-0.40302,0.91370,0.0280
1581403917.558458,0.03979,0.03339,-0.40302,0.91370,0.0280
1581403917.564051,0.03967,0.03326,-0.40308,0.91370,0.0281
1581403917.5706,0.03955,0.03302,-0.40314,0.91370,0.0281
1581403917.57538,0.03955,0.03241,-0.40332,0.91364,0.0281
1581403917.580847,0.03961,0.03192,-0.40344,0.91357,0.0282
1581403917.586686,0.03973,0.03149,-0.40356,0.91357,0.0282
1581403917.592108,0.03986,0.03101,-0.40369,0.91351,0.0282
1581403917.5977979,0.03998,0.03064,-0.40381,0.91345,0.0282
1581403917.603426,0.04010,0.03021,-0.40393,0.91339,0.0282
1581403917.610276,0.04028,0.02972,-0.40411,0.91333,0.0282
1581403917.615344,0.04041,0.02942,-0.40424,0.91327,0.0282
1581403917.6195982,0.04053,0.02905,-0.40436,0.91327,0.0282
1581403917.625164,0.04065,0.02856,-0.40454,0.91321,0.0283
1581403917.63075,0.04071,0.02832,-0.40460,0.91315,0.0283
1581403917.636417,0.04077,0.02820,-0.40460,0.91315,0.0283
1581403917.64183,0.04077,0.02814,-0.40460,0.91315,0.0283
1581403917.6472309,0.04077,0.02808,-0.40460,0.91315,0.0283
1581403917.652705,0.04077,0.02808,-0.40454,0.91321,0.0283
1581403917.6582348,0.04071,0.02814,-0.40448,0.91321,0.0283
1581403917.663444,0.04071,0.02820,-0.40436,0.91327,0.0284
1581403917.670553,0.04065,0.02832,-0.40424,0.91333,0.0284
1581403917.675309,0.04053,0.02844,-0.40405,0.91339,0.0284
1581403917.682291,0.04028,0.02881,-0.40369,0.91357,0.0285
1581403917.687465,0.04010,0.02899,-0.40344,0.91370,0.0285
1581403917.691797,0.03986,0.02924,-0.40314,0.91382,0.0285
1581403917.698436,0.03961,0.02948,-0.40283,0.91394,0.0285
1581403917.7026072,0.03931,0.02966,-0.40265,0.91406,0.0285
1581403917.7086442,0.03894,0.02991,-0.40234,0.91418,0.0284
1581403917.7168498,0.03851,0.03021,-0.40204,0.91431,0.0284
1581403917.718743,0.03809,0.03046,-0.40173,0.91443,0.0284
1581403917.724614,0.03754,0.03076,-0.40125,0.91467,0.0284
1581403917.730725,0.03656,0.03131,-0.40027,0.91510,0.0284
1581403917.735625,0.03613,0.03156,-0.39984,0.91534,0.0285
1581403917.741198,0.03564,0.03186,-0.39929,0.91559,0.0285
1581403917.747434,0.03522,0.03204,-0.39899,0.91571,0.0284
1581403917.752495,0.03491,0.03217,-0.39868,0.91589,0.0284
1581403917.7589068,0.03467,0.03223,-0.39832,0.91602,0.0283
1581403917.763229,0.03442,0.03235,-0.39789,0.91620,0.0284
1581403917.768702,0.03424,0.03235,-0.39746,0.91638,0.0284
1581403917.7758741,0.03412,0.03235,-0.39709,0.91656,0.0284
1581403917.779706,0.03394,0.03229,-0.39642,0.91687,0.0285
1581403917.7853818,0.03387,0.03223,-0.39606,0.91705,0.0285
1581403917.791284,0.03387,0.03217,-0.39581,0.91718,0.0285
1581403917.797695,0.03387,0.03210,-0.39551,0.91730,0.0285
1581403917.8059142,0.03394,0.03204,-0.39526,0.91742,0.0285
1581403917.808737,0.03400,0.03198,-0.39502,0.91748,0.0285
1581403917.813685,0.03406,0.03186,-0.39478,0.91760,0.0285
1581403917.819482,0.03412,0.03180,-0.39459,0.91766,0.0285
1581403917.8244748,0.03430,0.03174,-0.39441,0.91772,0.0285
1581403917.831264,0.03455,0.03156,-0.39417,0.91785,0.0286
1581403917.836187,0.03467,0.03143,-0.39410,0.91791,0.0286
1581403917.841969,0.03491,0.03131,-0.39417,0.91785,0.0286
1581403917.847669,0.03510,0.03119,-0.39423,0.91779,0.0285
1581403917.854081,0.03522,0.03107,-0.39435,0.91772,0.0285
1581403917.859165,0.03546,0.03094,-0.39453,0.91766,0.0285
1581403917.8640451,0.03564,0.03088,-0.39471,0.91760,0.0285
1581403917.8697238,0.03583,0.03076,-0.39490,0.91748,0.0284
1581403917.8753128,0.03613,0.03070,-0.39532,0.91730,0.0283
1581403917.883193,0.03625,0.03064,-0.39563,0.91718,0.0283
1581403917.887779,0.03644,0.03070,-0.39594,0.91705,0.0283
1581403917.8927329,0.03656,0.03070,-0.39624,0.91693,0.0283
1581403917.898797,0.03668,0.03082,-0.39655,0.91675,0.0282
1581403917.90389,0.03674,0.03094,-0.39691,0.91663,0.0282
1581403917.9097931,0.03680,0.03107,-0.39722,0.91644,0.0282
1581403917.9152708,0.03687,0.03119,-0.39758,0.91626,0.0282
1581403917.920326,0.03680,0.03149,-0.39819,0.91602,0.0282
1581403917.9262059,0.03674,0.03168,-0.39850,0.91589,0.0282
1581403917.93154,0.03668,0.03180,-0.39874,0.91577,0.0282
1581403917.939479,0.03662,0.03186,-0.39905,0.91565,0.0282
1581403917.942705,0.03656,0.03192,-0.39948,0.91547,0.0282
1581403917.948224,0.03650,0.03198,-0.39996,0.91528,0.0281
1581403917.954371,0.03638,0.03204,-0.40039,0.91504,0.0281
1581403917.959326,0.03632,0.03210,-0.40088,0.91486,0.0280
1581403917.964554,0.03625,0.03223,-0.40137,0.91461,0.0280
1581403917.9703941,0.03619,0.03247,-0.40240,0.91418,0.0280
1581403917.975691,0.03613,0.03259,-0.40289,0.91394,0.0279
1581403917.982719,0.03613,0.03271,-0.40344,0.91370,0.0279
1581403917.986978,0.03619,0.03278,-0.40393,0.91345,0.0279
1581403917.9949539,0.03619,0.03290,-0.40454,0.91321,0.0278
1581403918.00032,0.03625,0.03296,-0.40503,0.91302,0.0278
1581403918.00443,0.03632,0.03302,-0.40546,0.91278,0.0278
1581403918.008777,0.03632,0.03308,-0.40576,0.91266,0.0278
1581403918.0158799,0.03638,0.03308,-0.40619,0.91248,0.0278
1581403918.021037,0.03650,0.03308,-0.40704,0.91205,0.0278
1581403918.0253272,0.03662,0.03302,-0.40759,0.91187,0.0278
1581403918.031382,0.03674,0.03296,-0.40808,0.91162,0.0278
1581403918.037153,0.03680,0.03290,-0.40857,0.91138,0.0278
1581403918.042701,0.03693,0.03284,-0.40900,0.91119,0.0277
1581403918.048116,0.03705,0.03284,-0.40948,0.91101,0.0277
1581403918.053392,0.03717,0.03284,-0.40997,0.91077,0.0277
1581403918.059679,0.03735,0.03284,-0.41040,0.91058,0.0277
1581403918.067153,0.03766,0.03290,-0.41071,0.91040,0.0277
1581403918.0698931,0.03796,0.03296,-0.41107,0.91022,0.0277
1581403918.0760388,0.03870,0.03290,-0.41168,0.90991,0.0277
1581403918.0823958,0.03925,0.03271,-0.41217,0.90967,0.0277
1581403918.086515,0.03967,0.03247,-0.41266,0.90942,0.0277
1581403918.093001,0.04010,0.03229,-0.41309,0.90924,0.0277
1581403918.098998,0.04047,0.03198,-0.41351,0.90900,0.0276
1581403918.103633,0.04077,0.03180,-0.41394,0.90881,0.0276
1581403918.10957,0.04102,0.03162,-0.41437,0.90863,0.0275
1581403918.115262,0.04120,0.03156,-0.41504,0.90833,0.0275
1581403918.1212502,0.04126,0.03168,-0.41534,0.90820,0.0275
1581403918.126667,0.04120,0.03180,-0.41565,0.90802,0.0275
1581403918.1323462,0.04114,0.03198,-0.41589,0.90790,0.0275
1581403918.138816,0.04108,0.03217,-0.41614,0.90778,0.0274
1581403918.143311,0.04095,0.03241,-0.41644,0.90765,0.0274
1581403918.14864,0.04077,0.03265,-0.41675,0.90753,0.0274
1581403918.154328,0.04065,0.03290,-0.41699,0.90741,0.0273
1581403918.16045,0.04041,0.03345,-0.41760,0.90710,0.0272
1581403918.1663418,0.04034,0.03363,-0.41785,0.90698,0.0272
1581403918.172213,0.04028,0.03387,-0.41809,0.90686,0.0272
1581403918.177543,0.04028,0.03406,-0.41833,0.90674,0.0272
1581403918.184893,0.04034,0.03418,-0.41864,0.90662,0.0272
1581403918.188415,0.04053,0.03436,-0.41895,0.90643,0.0271
1581403918.1936,0.04071,0.03448,-0.41925,0.90631,0.0271
1581403918.200172,0.04095,0.03461,-0.41956,0.90613,0.0271
1581403918.2047,0.04156,0.03473,-0.42017,0.90582,0.0271
1581403918.210912,0.04193,0.03479,-0.42047,0.90570,0.0271
1581403918.2155159,0.04230,0.03485,-0.42072,0.90552,0.0270
1581403918.222118,0.04266,0.03485,-0.42102,0.90540,0.0270
1581403918.228438,0.04309,0.03491,-0.42126,0.90521,0.0269
1581403918.234646,0.04346,0.03497,-0.42157,0.90509,0.0269
1581403918.239052,0.04382,0.03503,-0.42181,0.90497,0.0269
1581403918.2442229,0.04425,0.03516,-0.42206,0.90479,0.0269
1581403918.25047,0.04468,0.03534,-0.42236,0.90466,0.0269
1581403918.254924,0.04504,0.03552,-0.42261,0.90448,0.0268
1581403918.261247,0.04572,0.03613,-0.42303,0.90424,0.0268
1581403918.268229,0.04596,0.03644,-0.42328,0.90411,0.0267
1581403918.272199,0.04620,0.03680,-0.42346,0.90399,0.0267
1581403918.278132,0.04633,0.03723,-0.42365,0.90387,0.0267
1581403918.282785,0.04651,0.03766,-0.42389,0.90375,0.0267
1581403918.2880971,0.04663,0.03815,-0.42413,0.90356,0.0267
1581403918.293658,0.04669,0.03864,-0.42438,0.90344,0.0266
1581403918.29938,0.04675,0.03918,-0.42462,0.90332,0.0266
1581403918.3050501,0.04675,0.03973,-0.42487,0.90320,0.0266
1581403918.3108108,0.04675,0.04095,-0.42542,0.90289,0.0266
1581403918.316562,0.04669,0.04156,-0.42566,0.90271,0.0266
1581403918.3228219,0.04663,0.04230,-0.42596,0.90253,0.0265
1581403918.328303,0.04657,0.04291,-0.42627,0.90240,0.0265
1581403918.333518,0.04645,0.04358,-0.42657,0.90222,0.0265
1581403918.338717,0.04633,0.04425,-0.42694,0.90204,0.0264
1581403918.3449879,0.04620,0.04498,-0.42731,0.90179,0.0264
1581403918.350206,0.04602,0.04572,-0.42767,0.90161,0.0264
1581403918.355732,0.04584,0.04687,-0.42847,0.90118,0.0264
1581403918.3613892,0.04572,0.04742,-0.42883,0.90100,0.0264
1581403918.367867,0.04565,0.04797,-0.42926,0.90076,0.0263
1581403918.373118,0.04559,0.04840,-0.42969,0.90051,0.0263
1581403918.3781068,0.04559,0.04883,-0.43011,0.90033,0.0263
1581403918.383605,0.04559,0.04913,-0.43054,0.90009,0.0263
1581403918.389605,0.04572,0.04950,-0.43097,0.89984,0.0263
1581403918.3949592,0.04578,0.04974,-0.43146,0.89960,0.0263
1581403918.401897,0.04608,0.05011,-0.43231,0.89917,0.0262
1581403918.406008,0.04626,0.05035,-0.43262,0.89899,0.0262
1581403918.413008,0.04645,0.05054,-0.43286,0.89886,0.0263
1581403918.41778,0.04657,0.05072,-0.43311,0.89868,0.0263
1581403918.423114,0.04675,0.05084,-0.43347,0.89850,0.0263
1581403918.429586,0.04694,0.05096,-0.43390,0.89832,0.0262
1581403918.435036,0.04712,0.05109,-0.43427,0.89813,0.0262
1581403918.43976,0.04724,0.05121,-0.43457,0.89795,0.0262
1581403918.445537,0.04749,0.05145,-0.43518,0.89764,0.0261
1581403918.451197,0.04767,0.05157,-0.43542,0.89746,0.0261
1581403918.457081,0.04779,0.05170,-0.43573,0.89734,0.0261
1581403918.4637592,0.04797,0.05182,-0.43591,0.89722,0.0261
1581403918.468704,0.04816,0.05194,-0.43616,0.89709,0.0261
1581403918.474721,0.04834,0.05206,-0.43640,0.89691,0.0260
1581403918.479734,0.04852,0.05212,-0.43658,0.89685,0.0260
1581403918.484572,0.04883,0.05231,-0.43683,0.89673,0.0260
1581403918.4899552,0.04938,0.05255,-0.43719,0.89648,0.0260
1581403918.4960341,0.04968,0.05273,-0.43738,0.89636,0.0260
1581403918.50123,0.05011,0.05298,-0.43744,0.89630,0.0260
1581403918.507623,0.05054,0.05316,-0.43750,0.89618,0.0260
1581403918.512589,0.05096,0.05341,-0.43756,0.89612,0.0260
1581403918.5188138,0.05145,0.05365,-0.43768,0.89606,0.0260
1581403918.523631,0.05200,0.05389,-0.43793,0.89587,0.0260
1581403918.5294988,0.05249,0.05408,-0.43817,0.89575,0.0260
1581403918.536882,0.05341,0.05444,-0.43878,0.89532,0.0260
1581403918.541179,0.05377,0.05469,-0.43903,0.89520,0.0260
1581403918.5477388,0.05420,0.05493,-0.43927,0.89502,0.0260
1581403918.552572,0.05450,0.05518,-0.43958,0.89484,0.0260
1581403918.559187,0.05481,0.05542,-0.43982,0.89471,0.0260
1581403918.5638871,0.05511,0.05560,-0.44031,0.89441,0.0260
1581403918.568728,0.05542,0.05573,-0.44073,0.89417,0.0260
1581403918.574377,0.05579,0.05591,-0.44110,0.89398,0.0260
1581403918.579699,0.05688,0.05646,-0.44196,0.89343,0.0260
1581403918.5867898,0.05731,0.05682,-0.44214,0.89331,0.0260
1581403918.591591,0.05774,0.05707,-0.44226,0.89319,0.0260
1581403918.597472,0.05823,0.05737,-0.44244,0.89307,0.0260
1581403918.6034071,0.05878,0.05768,-0.44269,0.89288,0.0260
1581403918.608222,0.05927,0.05792,-0.44293,0.89276,0.0260
1581403918.614225,0.05981,0.05811,-0.44312,0.89258,0.0260
1581403918.620003,0.06030,0.05835,-0.44330,0.89246,0.0259
1581403918.6244118,0.06079,0.05859,-0.44348,0.89227,0.0259
1581403918.630048,0.06116,0.05872,-0.44366,0.89215,0.0259
1581403918.6353102,0.06158,0.05890,-0.44385,0.89203,0.0258
1581403918.641458,0.06195,0.05908,-0.44397,0.89191,0.0258
1581403918.646633,0.06226,0.05920,-0.44415,0.89185,0.0258
1581403918.652467,0.06256,0.05933,-0.44427,0.89172,0.0258
1581403918.658514,0.06287,0.05945,-0.44440,0.89166,0.0258
1581403918.663852,0.06311,0.05963,-0.44440,0.89160,0.0258
1581403918.668534,0.06329,0.05975,-0.44440,0.89160,0.0258
1581403918.673918,0.06354,0.05988,-0.44440,0.89154,0.0258
1581403918.6808908,0.06372,0.06000,-0.44440,0.89154,0.0258
1581403918.686752,0.06415,0.06018,-0.44440,0.89148,0.0259
1581403918.690561,0.06439,0.06024,-0.44440,0.89148,0.0259
1581403918.6960452,0.06470,0.06036,-0.44440,0.89142,0.0259
1581403918.7021282,0.06506,0.06049,-0.44446,0.89142,0.0260
1581403918.707159,0.06549,0.06055,-0.44446,0.89136,0.0260
1581403918.713005,0.06610,0.06061,-0.44452,0.89124,0.0260
1581403918.7180538,0.06671,0.06055,-0.44458,0.89117,0.0260
1581403918.7247381,0.06738,0.06042,-0.44482,0.89105,0.0260
1581403918.7308512,0.06812,0.06024,-0.44507,0.89087,0.0260
1581403918.735494,0.06927,0.06000,-0.44550,0.89062,0.0259
1581403918.740551,0.06982,0.05994,-0.44568,0.89044,0.0259
1581403918.74801,0.07031,0.06000,-0.44574,0.89038,0.0259
1581403918.751502,0.07068,0.06012,-0.44580,0.89032,0.0260
1581403918.757182,0.07104,0.06036,-0.44586,0.89026,0.0260
1581403918.7627819,0.07141,0.06067,-0.44586,0.89020,0.0260
1581403918.768165,0.07172,0.06104,-0.44592,0.89008,0.0260
1581403918.773757,0.07208,0.06146,-0.44592,0.89001,0.0260
1581403918.781009,0.07233,0.06189,-0.44598,0.88995,0.0260
1581403918.7845361,0.07257,0.06250,-0.44598,0.88989,0.0260
1581403918.789856,0.07288,0.06366,-0.44611,0.88977,0.0261
1581403918.798086,0.07300,0.06433,-0.44617,0.88965,0.0261
1581403918.8023129,0.07306,0.06500,-0.44623,0.88959,0.0261
1581403918.807325,0.07306,0.06567,-0.44629,0.88947,0.0261
1581403918.8122392,0.07306,0.06641,-0.44635,0.88940,0.0261
1581403918.817599,0.07306,0.06708,-0.44641,0.88928,0.0261
1581403918.823097,0.07312,0.06781,-0.44653,0.88922,0.0262
1581403918.828243,0.07312,0.06836,-0.44666,0.88910,0.0262
1581403918.833712,0.07318,0.06891,-0.44678,0.88898,0.0262
1581403918.83971,0.07330,0.06927,-0.44696,0.88885,0.0262
1581403918.846174,0.07373,0.06982,-0.44733,0.88861,0.0263
1581403918.851182,0.07397,0.06995,-0.44757,0.88843,0.0263
1581403918.857821,0.07428,0.06995,-0.44781,0.88824,0.0263
1581403918.862987,0.07452,0.06989,-0.44812,0.88812,0.0263
1581403918.868193,0.07483,0.06976,-0.44849,0.88794,0.0263
1581403918.873333,0.07513,0.06958,-0.44885,0.88776,0.0263
1581403918.8792489,0.07538,0.06940,-0.44916,0.88757,0.0264
1581403918.8849459,0.07581,0.06897,-0.44995,0.88715,0.0264
1581403918.889726,0.07593,0.06873,-0.45032,0.88696,0.0264
1581403918.895651,0.07605,0.06848,-0.45074,0.88678,0.0264
1581403918.9014468,0.07605,0.06824,-0.45123,0.88654,0.0264
1581403918.9072928,0.07605,0.06805,-0.45160,0.88635,0.0264
1581403918.9124422,0.07599,0.06781,-0.45209,0.88617,0.0264
1581403918.9180832,0.07587,0.06763,-0.45258,0.88593,0.0265
1581403918.9234931,0.07568,0.06750,-0.45306,0.88568,0.0265
1581403918.930511,0.07550,0.06738,-0.45355,0.88550,0.0265
1581403918.934784,0.07495,0.06720,-0.45447,0.88507,0.0266
1581403918.940066,0.07458,0.06720,-0.45502,0.88483,0.0266
1581403918.9456708,0.07422,0.06714,-0.45551,0.88458,0.0266
1581403918.951583,0.07385,0.06714,-0.45593,0.88440,0.0266
1581403918.95799,0.07343,0.06714,-0.45642,0.88422,0.0266
1581403918.962556,0.07300,0.06720,-0.45685,0.88397,0.0266
1581403918.969093,0.07245,0.06726,-0.45734,0.88379,0.0266
1581403918.973724,0.07202,0.06732,-0.45776,0.88361,0.0267
1581403918.979604,0.07141,0.06750,-0.45813,0.88342,0.0267
1581403918.985125,0.07019,0.06787,-0.45886,0.88312,0.0267
1581403918.990491,0.06952,0.06812,-0.45917,0.88300,0.0267
1581403918.996248,0.06885,0.06836,-0.45947,0.88287,0.0267
1581403919.001583,0.06799,0.06860,-0.45972,0.88281,0.0267
1581403919.0074198,0.06732,0.06885,-0.45990,0.88275,0.0268
1581403919.01247,0.06653,0.06903,-0.46002,0.88269,0.0268
1581403919.018976,0.06573,0.06921,-0.46014,0.88269,0.0268
1581403919.023614,0.06488,0.06934,-0.46027,0.88269,0.0268
1581403919.031043,0.06409,0.06946,-0.46027,0.88275,0.0269
1581403919.035159,0.06268,0.06946,-0.46027,0.88281,0.0269
1581403919.0417101,0.06201,0.06940,-0.46021,0.88293,0.0269
1581403919.04705,0.06134,0.06934,-0.46002,0.88306,0.0269
1581403919.052554,0.06085,0.06927,-0.45990,0.88318,0.0269
1581403919.058081,0.06030,0.06915,-0.45972,0.88330,0.0269
1581403919.063869,0.05981,0.06909,-0.45947,0.88348,0.0270
1581403919.069738,0.05939,0.06909,-0.45923,0.88367,0.0270
1581403919.0750651,0.05865,0.06909,-0.45862,0.88397,0.0270
1581403919.08037,0.05835,0.06915,-0.45825,0.88422,0.0271
1581403919.0865438,0.05804,0.06927,-0.45789,0.88440,0.0271
1581403919.0930188,0.05774,0.06940,-0.45752,0.88458,0.0271
1581403919.098312,0.05756,0.06952,-0.45721,0.88477,0.0271
1581403919.1027288,0.05731,0.06958,-0.45685,0.88495,0.0271
1581403919.108633,0.05713,0.06970,-0.45642,0.88519,0.0271
1581403919.1143,0.05695,0.06976,-0.45605,0.88538,0.0271
1581403919.119479,0.05676,0.06982,-0.45563,0.88562,0.0272
1581403919.128278,0.05640,0.06995,-0.45490,0.88599,0.0272
1581403919.131256,0.05621,0.06995,-0.45459,0.88617,0.0272
1581403919.13696,0.05609,0.06995,-0.45428,0.88635,0.0272
1581403919.142805,0.05591,0.06989,-0.45392,0.88654,0.0272
1581403919.148007,0.05573,0.06989,-0.45361,0.88672,0.0272
1581403919.153099,0.05554,0.06976,-0.45325,0.88690,0.0272
1581403919.1598191,0.05536,0.06970,-0.45300,0.88708,0.0273
1581403919.164116,0.05524,0.06958,-0.45264,0.88727,0.0273
1581403919.1699982,0.05493,0.06934,-0.45209,0.88757,0.0273
1581403919.1761012,0.05481,0.06927,-0.45184,0.88770,0.0274
1581403919.181695,0.05469,0.06909,-0.45154,0.88788,0.0274
1581403919.187155,0.05463,0.06897,-0.45129,0.88806,0.0274
1581403919.192949,0.05457,0.06891,-0.45105,0.88812,0.0274
1581403919.198712,0.05450,0.06879,-0.45081,0.88831,0.0274
1581403919.2033799,0.05450,0.06873,-0.45062,0.88843,0.0274
1581403919.210944,0.05457,0.06860,-0.45044,0.88849,0.0274
1581403919.2149692,0.05463,0.06848,-0.45007,0.88867,0.0275
1581403919.220597,0.05469,0.06842,-0.44995,0.88873,0.0275
1581403919.227722,0.05481,0.06830,-0.44983,0.88879,0.0275
1581403919.232882,0.05487,0.06818,-0.44977,0.88885,0.0275
1581403919.23983,0.05493,0.06799,-0.44971,0.88892,0.0275
1581403919.243992,0.05499,0.06781,-0.44965,0.88892,0.0275
1581403919.248645,0.05505,0.06763,-0.44958,0.88898,0.0275
1581403919.2557912,0.05511,0.06732,-0.44958,0.88898,0.0275
1581403919.2600691,0.05524,0.06659,-0.44971,0.88898,0.0276
1581403919.265541,0.05530,0.06616,-0.44977,0.88898,0.0276
1581403919.27118,0.05530,0.06567,-0.44983,0.88898,0.0276
1581403919.278235,0.05536,0.06525,-0.45001,0.88892,0.0277
1581403919.2842638,0.05542,0.06470,-0.45013,0.88885,0.0277
1581403919.288448,0.05554,0.06415,-0.45038,0.88879,0.0277
1581403919.294136,0.05560,0.06366,-0.45062,0.88873,0.0277
1581403919.299954,0.05591,0.06256,-0.45117,0.88849,0.0277
1581403919.3061152,0.05603,0.06207,-0.45148,0.88837,0.0277
1581403919.31082,0.05615,0.06152,-0.45178,0.88824,0.0278
1581403919.315507,0.05627,0.06110,-0.45209,0.88812,0.0278
1581403919.321244,0.05634,0.06061,-0.45239,0.88794,0.0278
1581403919.327147,0.05646,0.06018,-0.45270,0.88782,0.0278
1581403919.332275,0.05658,0.05969,-0.45306,0.88770,0.0278
1581403919.33797,0.05664,0.05927,-0.45337,0.88751,0.0278
1581403919.343294,0.05676,0.05884,-0.45374,0.88739,0.0278
1581403919.348125,0.05688,0.05847,-0.45404,0.88727,0.0278
1581403919.354935,0.05695,0.05804,-0.45441,0.88708,0.0279
1581403919.359563,0.05719,0.05731,-0.45508,0.88678,0.0279
1581403919.366542,0.05737,0.05682,-0.45544,0.88660,0.0279
1581403919.369976,0.05762,0.05634,-0.45581,0.88641,0.0280
1581403919.3757088,0.05792,0.05579,-0.45624,0.88623,0.0280
1581403919.3823419,0.05829,0.05518,-0.45667,0.88605,0.0280
1581403919.387488,0.05872,0.05444,-0.45715,0.88580,0.0280
1581403919.3941891,0.05902,0.05383,-0.45752,0.88562,0.0280
1581403919.399248,0.05939,0.05310,-0.45801,0.88538,0.0280
1581403919.403284,0.05969,0.05255,-0.45844,0.88513,0.0280
1581403919.410586,0.05994,0.05194,-0.45892,0.88495,0.0280
1581403919.414516,0.06030,0.05109,-0.45978,0.88452,0.0281
1581403919.421443,0.06049,0.05072,-0.46027,0.88428,0.0281
1581403919.426811,0.06067,0.05042,-0.46069,0.88403,0.0281
1581403919.431531,0.06085,0.05017,-0.46112,0.88379,0.0282
1581403919.4376278,0.06104,0.04993,-0.46155,0.88361,0.0282
1581403919.4426591,0.06116,0.04974,-0.46198,0.88342,0.0282
1581403919.4481049,0.06128,0.04962,-0.46240,0.88318,0.0282
1581403919.453969,0.06140,0.04950,-0.46283,0.88293,0.0282
1581403919.459358,0.06158,0.04932,-0.46368,0.88251,0.0282
1581403919.465183,0.06165,0.04926,-0.46411,0.88226,0.0283
1581403919.470977,0.06171,0.04919,-0.46448,0.88202,0.0283
1581403919.476568,0.06183,0.04919,-0.46497,0.88184,0.0283
1581403919.482322,0.06195,0.04913,-0.46539,0.88159,0.0283
1581403919.487921,0.06201,0.04913,-0.46576,0.88135,0.0283
1581403919.495115,0.06201,0.04919,-0.46625,0.88110,0.0283
1581403919.4986072,0.06201,0.04926,-0.46661,0.88092,0.0283
1581403919.504035,0.06201,0.04932,-0.46704,0.88068,0.0283
1581403919.51038,0.06177,0.04932,-0.46771,0.88031,0.0284
1581403919.517015,0.06158,0.04932,-0.46802,0.88019,0.0284
1581403919.5216372,0.06140,0.04919,-0.46838,0.88000,0.0284
1581403919.5279381,0.06116,0.04901,-0.46869,0.87988,0.0285
1581403919.5323641,0.06104,0.04883,-0.46893,0.87976,0.0285
1581403919.5378501,0.06085,0.04852,-0.46918,0.87970,0.0285
1581403919.543639,0.06073,0.04816,-0.46930,0.87964,0.0285
