imu_packets,1173
IMUtimestamp,quatI,quatJ,quatK,quatReal,quatRadianAccuracy
1581554965.759073,0.05560,-0.00580,-0.99762,0.03998,0.0167
1581554965.7651331,0.05560,-0.00580,-0.99762,0.03992,0.0167
1581554965.7726169,0.05560,-0.00580,-0.99762,0.03992,0.0167
1581554965.776024,0.05560,-0.00580,-0.99762,0.03986,0.0167
1581554965.781582,0.05554,-0.00586,-0.99762,0.03986,0.0167
1581554965.786828,0.05554,-0.00586,-0.99762,0.03979,0.0167
1581554965.792516,0.05554,-0.00586,-0.99762,0.03979,0.0167
1581554965.7984278,0.05548,-0.00586,-0.99768,0.03973,0.0167
1581554965.804019,0.05548,-0.00586,-0.99768,0.03967,0.0167
1581554965.81006,0.05542,-0.00586,-0.99768,0.03967,0.0167
1581554965.816222,0.05542,-0.00586,-0.99768,0.03967,0.0167
1581554965.821912,0.05536,-0.00586,-0.99768,0.03967,0.0167
1581554965.826525,0.05530,-0.00586,-0.99768,0.03961,0.0167
1581554965.832692,0.05530,-0.00586,-0.99768,0.03961,0.0167
1581554965.838424,0.05524,-0.00586,-0.99768,0.03955,0.0167
1581554965.843245,0.05518,-0.00586,-0.99768,0.03955,0.0167
1581554965.84913,0.05511,-0.00586,-0.99768,0.03955,0.0167
1581554965.85471,0.05511,-0.00586,-0.99768,0.03949,0.0167
1581554965.860321,0.05511,-0.00586,-0.99768,0.03949,0.0167
1581554965.8663611,0.05511,-0.00586,-0.99768,0.03949,0.0167
1581554965.871335,0.05518,-0.00586,-0.99768,0.03943,0.0167
1581554965.876692,0.05518,-0.00586,-0.99768,0.03943,0.0167
1581554965.882686,0.05518,-0.00586,-0.99768,0.03943,0.0167
1581554965.888016,0.05524,-0.00586,-0.99768,0.03937,0.0167
1581554965.894119,0.05524,-0.00586,-0.99768,0.03937,0.0167
1581554965.900085,0.05524,-0.00586,-0.99768,0.03937,0.0167
1581554965.905594,0.05524,-0.00580,-0.99768,0.03931,0.0167
1581554965.9111931,0.05524,-0.00580,-0.99768,0.03931,0.0167
1581554965.918068,0.05524,-0.00574,-0.99768,0.03931,0.0167
1581554965.9218931,0.05524,-0.00568,-0.99768,0.03931,0.0167
1581554965.9276092,0.05524,-0.00562,-0.99768,0.03925,0.0167
1581554965.934884,0.05518,-0.00555,-0.99768,0.03925,0.0167
1581554965.9394078,0.05518,-0.00549,-0.99768,0.03925,0.0167
1581554965.94501,0.05518,-0.00543,-0.99768,0.03918,0.0167
1581554965.950392,0.05518,-0.00537,-0.99768,0.03918,0.0167
1581554965.955838,0.05518,-0.00531,-0.99768,0.03918,0.0167
1581554965.961142,0.05518,-0.00531,-0.99768,0.03912,0.0167
1581554965.96832,0.05518,-0.00525,-0.99768,0.03912,0.0167
1581554965.972563,0.05511,-0.00525,-0.99768,0.03906,0.0167
1581554965.978807,0.05511,-0.00525,-0.99768,0.03906,0.0167
1581554965.9848,0.05511,-0.00519,-0.99768,0.03900,0.0167
1581554965.989561,0.05511,-0.00519,-0.99768,0.03900,0.0167
1581554965.9944398,0.05511,-0.00519,-0.99768,0.03900,0.0167
1581554966.000257,0.05505,-0.00519,-0.99768,0.03900,0.0167
1581554966.005345,0.05505,-0.00513,-0.99768,0.03900,0.0167
1581554966.011113,0.05505,-0.00513,-0.99768,0.03900,0.0167
1581554966.016596,0.05505,-0.00513,-0.99768,0.03894,0.0167
1581554966.021298,0.05505,-0.00513,-0.99768,0.03894,0.0167
1581554966.026788,0.05505,-0.00507,-0.99768,0.03894,0.0167
1581554966.0327308,0.05505,-0.00507,-0.99768,0.03894,0.0167
1581554966.0382662,0.05505,-0.00507,-0.99774,0.03894,0.0167
1581554966.0442939,0.05505,-0.00500,-0.99774,0.03894,0.0167
1581554966.050167,0.05505,-0.00500,-0.99774,0.03894,0.0167
1581554966.054812,0.05499,-0.00494,-0.99774,0.03894,0.0167
1581554966.060908,0.05499,-0.00494,-0.99774,0.03888,0.0167
1581554966.066735,0.05499,-0.00494,-0.99774,0.03888,0.0167
1581554966.0713222,0.05493,-0.00488,-0.99774,0.03888,0.0167
1581554966.077135,0.05493,-0.00488,-0.99774,0.03888,0.0167
1581554966.08203,0.05487,-0.00488,-0.99774,0.03888,0.0167
1581554966.087373,0.05487,-0.00482,-0.99774,0.03888,0.0167
1581554966.093298,0.05487,-0.00482,-0.99774,0.03888,0.0167
1581554966.1007638,0.05487,-0.00482,-0.99774,0.03894,0.0167
1581554966.104738,0.05487,-0.00482,-0.99774,0.03894,0.0167
1581554966.1105988,0.05487,-0.00482,-0.99774,0.03894,0.0167
1581554966.116319,0.05487,-0.00482,-0.99774,0.03894,0.0167
1581554966.1210601,0.05487,-0.00482,-0.99774,0.03894,0.0167
1581554966.1285498,0.05481,-0.00482,-0.99774,0.03900,0.0167
1581554966.1321568,0.05481,-0.00482,-0.99774,0.03900,0.0167
1581554966.1382148,0.05481,-0.00476,-0.99774,0.03900,0.0167
1581554966.144881,0.05481,-0.00476,-0.99774,0.03906,0.0167
1581554966.1498392,0.05481,-0.00470,-0.99774,0.03906,0.0167
1581554966.1559181,0.05475,-0.00470,-0.99774,0.03906,0.0167
1581554966.161815,0.05475,-0.00464,-0.99774,0.03906,0.0167
1581554966.16643,0.05475,-0.00458,-0.99774,0.03912,0.0167
1581554966.172309,0.05475,-0.00458,-0.99774,0.03912,0.0167
1581554966.177647,0.05469,-0.00439,-0.99774,0.03912,0.0167
1581554966.184337,0.05469,-0.00433,-0.99774,0.03912,0.0167
1581554966.189696,0.05469,-0.00427,-0.99774,0.03912,0.0167
1581554966.194941,0.05469,-0.00415,-0.99774,0.03912,0.0167
1581554966.200715,0.05469,-0.00409,-0.99774,0.03912,0.0167
1581554966.206269,0.05463,-0.00397,-0.99774,0.03912,0.0167
1581554966.2128,0.05463,-0.00385,-0.99774,0.03912,0.0167
1581554966.217108,0.05463,-0.00378,-0.99774,0.03912,0.0167
1581554966.22333,0.05463,-0.00348,-0.99774,0.03912,0.0167
1581554966.228627,0.05463,-0.00336,-0.99774,0.03912,0.0167
1581554966.233823,0.05463,-0.00323,-0.99774,0.03912,0.0167
1581554966.241121,0.05463,-0.00299,-0.99774,0.03912,0.0167
1581554966.245776,0.05463,-0.00287,-0.99774,0.03912,0.0167
1581554966.253084,0.05469,-0.00269,-0.99774,0.03906,0.0167
1581554966.256387,0.05469,-0.00244,-0.99774,0.03906,0.0167
1581554966.26251,0.05469,-0.00220,-0.99774,0.03906,0.0167
1581554966.268607,0.05469,-0.00171,-0.99774,0.03906,0.0167
1581554966.274661,0.05469,-0.00134,-0.99774,0.03906,0.0167
1581554966.279295,0.05469,-0.00110,-0.99774,0.03906,0.0167
1581554966.285131,0.05469,-0.00079,-0.99774,0.03900,0.0167
1581554966.290431,0.05469,-0.00049,-0.99774,0.03906,0.0167
1581554966.296844,0.05469,-0.00012,-0.99774,0.03900,0.0167
1581554966.3011708,0.05469,0.00024,-0.99774,0.03900,0.0167
1581554966.307074,0.05469,0.00061,-0.99774,0.03906,0.0167
1581554966.312526,0.05469,0.00146,-0.99774,0.03906,0.0167
1581554966.3179882,0.05469,0.00189,-0.99774,0.03906,0.0167
1581554966.3249128,0.05469,0.00232,-0.99774,0.03906,0.0167
1581554966.329878,0.05475,0.00281,-0.99774,0.03906,0.0167
1581554966.3350232,0.05475,0.00330,-0.99774,0.03912,0.0167
1581554966.3405702,0.05475,0.00378,-0.99774,0.03912,0.0167
1581554966.346257,0.05475,0.00427,-0.99774,0.03912,0.0167
1581554966.351684,0.05469,0.00476,-0.99774,0.03912,0.0167
1581554966.357492,0.05469,0.00525,-0.99774,0.03912,0.0167
1581554966.362891,0.05463,0.00629,-0.99774,0.03918,0.0167
1581554966.368011,0.05463,0.00677,-0.99774,0.03918,0.0167
1581554966.373881,0.05457,0.00732,-0.99774,0.03918,0.0167
1581554966.3820999,0.05450,0.00787,-0.99774,0.03918,0.0167
1581554966.385789,0.05450,0.00836,-0.99774,0.03918,0.0167
1581554966.39092,0.05444,0.00891,-0.99768,0.03918,0.0167
1581554966.397682,0.05438,0.00946,-0.99768,0.03912,0.0167
1581554966.4018402,0.05432,0.01001,-0.99768,0.03912,0.0167
1581554966.4075289,0.05432,0.01056,-0.99768,0.03912,0.0167
1581554966.412701,0.05426,0.01166,-0.99768,0.03906,0.0167
1581554966.419654,0.05426,0.01221,-0.99768,0.03906,0.0167
1581554966.424132,0.05420,0.01282,-0.99768,0.03906,0.0167
1581554966.4307048,0.05420,0.01331,-0.99768,0.03906,0.0167
1581554966.436578,0.05414,0.01385,-0.99768,0.03906,0.0167
1581554966.442806,0.05414,0.01447,-0.99768,0.03906,0.0167
1581554966.44702,0.05408,0.01508,-0.99768,0.03906,0.0167
1581554966.453512,0.05396,0.01617,-0.99762,0.03906,0.0167
1581554966.458383,0.05396,0.01672,-0.99762,0.03906,0.0167
1581554966.464991,0.05389,0.01733,-0.99762,0.03912,0.0167
1581554966.4701838,0.05383,0.01782,-0.99762,0.03912,0.0167
1581554966.4755268,0.05377,0.01837,-0.99762,0.03912,0.0167
1581554966.480937,0.05371,0.01898,-0.99762,0.03912,0.0167
1581554966.487201,0.05365,0.01947,-0.99762,0.03918,0.0167
1581554966.4916532,0.05365,0.02002,-0.99762,0.03918,0.0167
1581554966.497416,0.05359,0.02057,-0.99756,0.03918,0.0167
1581554966.5028,0.05347,0.02167,-0.99756,0.03925,0.0167
1581554966.50844,0.05341,0.02209,-0.99756,0.03925,0.0167
1581554966.514035,0.05341,0.02264,-0.99756,0.03925,0.0167
1581554966.519354,0.05334,0.02307,-0.99756,0.03925,0.0167
1581554966.525034,0.05328,0.02356,-0.99756,0.03925,0.0167
1581554966.530875,0.05328,0.02399,-0.99750,0.03925,0.0167
1581554966.535626,0.05322,0.02448,-0.99750,0.03925,0.0167
1581554966.5411499,0.05322,0.02490,-0.99750,0.03925,0.0168
1581554966.548661,0.05316,0.02533,-0.99750,0.03918,0.0167
1581554966.5520341,0.05310,0.02606,-0.99750,0.03918,0.0168
1581554966.5574322,0.05304,0.02643,-0.99750,0.03918,0.0168
1581554966.563133,0.05304,0.02673,-0.99750,0.03912,0.0168
1581554966.56966,0.05298,0.02704,-0.99744,0.03912,0.0168
1581554966.575281,0.05298,0.02734,-0.99744,0.03912,0.0168
1581554966.580014,0.05298,0.02765,-0.99744,0.03906,0.0168
1581554966.585935,0.05292,0.02789,-0.99744,0.03906,0.0168
1581554966.590982,0.05292,0.02814,-0.99744,0.03900,0.0168
1581554966.596405,0.05292,0.02838,-0.99744,0.03900,0.0168
1581554966.602293,0.05292,0.02856,-0.99744,0.03894,0.0168
1581554966.607434,0.05286,0.02893,-0.99744,0.03888,0.0168
1581554966.612683,0.05286,0.02911,-0.99744,0.03882,0.0168
1581554966.618826,0.05286,0.02924,-0.99744,0.03876,0.0168
1581554966.6245172,0.05292,0.02942,-0.99744,0.03870,0.0168
1581554966.62991,0.05292,0.02954,-0.99744,0.03870,0.0168
1581554966.635974,0.05292,0.02966,-0.99744,0.03864,0.0168
1581554966.64165,0.05298,0.02979,-0.99744,0.03857,0.0168
1581554966.648285,0.05298,0.02991,-0.99738,0.03851,0.0168
1581554966.6520152,0.05304,0.03009,-0.99738,0.03839,0.0168
1581554966.6580539,0.05304,0.03021,-0.99738,0.03833,0.0168
1581554966.663984,0.05304,0.03027,-0.99738,0.03827,0.0168
1581554966.66941,0.05310,0.03040,-0.99738,0.03821,0.0168
1581554966.675732,0.05310,0.03052,-0.99738,0.03815,0.0168
1581554966.6811252,0.05310,0.03058,-0.99738,0.03809,0.0168
1581554966.686403,0.05310,0.03070,-0.99738,0.03802,0.0167
1581554966.691458,0.05316,0.03076,-0.99738,0.03796,0.0168
1581554966.6974149,0.05316,0.03088,-0.99738,0.03784,0.0167
1581554966.702398,0.05316,0.03113,-0.99738,0.03772,0.0167
1581554966.708721,0.05316,0.03125,-0.99738,0.03766,0.0168
1581554966.714099,0.05322,0.03143,-0.99738,0.03760,0.0167
1581554966.7207701,0.05322,0.03156,-0.99738,0.03748,0.0168
1581554966.725609,0.05322,0.03168,-0.99738,0.03741,0.0168
1581554966.730874,0.05328,0.03186,-0.99738,0.03735,0.0167
1581554966.7365491,0.05328,0.03204,-0.99738,0.03723,0.0168
1581554966.742042,0.05328,0.03223,-0.99738,0.03717,0.0167
1581554966.748684,0.05334,0.03259,-0.99738,0.03705,0.0168
1581554966.753547,0.05334,0.03278,-0.99738,0.03693,0.0167
1581554966.7592099,0.05334,0.03296,-0.99738,0.03687,0.0167
1581554966.765527,0.05341,0.03314,-0.99731,0.03680,0.0168
1581554966.770879,0.05341,0.03339,-0.99731,0.03674,0.0167
1581554966.7758982,0.05341,0.03363,-0.99731,0.03662,0.0167
1581554966.7818098,0.05341,0.03381,-0.99731,0.03656,0.0168
1581554966.787054,0.05347,0.03400,-0.99731,0.03650,0.0168
1581554966.792384,0.05347,0.03442,-0.99731,0.03638,0.0167
1581554966.7982678,0.05347,0.03461,-0.99731,0.03632,0.0168
1581554966.803977,0.05353,0.03479,-0.99731,0.03619,0.0168
1581554966.809958,0.05353,0.03497,-0.99731,0.03613,0.0168
1581554966.8160949,0.05353,0.03516,-0.99731,0.03607,0.0167
1581554966.821274,0.05359,0.03534,-0.99731,0.03595,0.0167
1581554966.826854,0.05359,0.03546,-0.99731,0.03589,0.0168
1581554966.832275,0.05365,0.03583,-0.99725,0.03571,0.0168
1581554966.837155,0.05365,0.03595,-0.99725,0.03558,0.0168
1581554966.843124,0.05365,0.03613,-0.99725,0.03552,0.0168
1581554966.848256,0.05365,0.03625,-0.99725,0.03540,0.0168
1581554966.855967,0.05365,0.03644,-0.99725,0.03534,0.0168
1581554966.859018,0.05371,0.03656,-0.99725,0.03522,0.0168
1581554966.866166,0.05371,0.03674,-0.99725,0.03510,0.0167
1581554966.870466,0.05371,0.03687,-0.99725,0.03497,0.0168
1581554966.875799,0.05371,0.03699,-0.99725,0.03491,0.0167
1581554966.880979,0.05371,0.03711,-0.99725,0.03479,0.0168
1581554966.887166,0.05377,0.03729,-0.99725,0.03467,0.0167
1581554966.8926039,0.05377,0.03760,-0.99725,0.03442,0.0167
1581554966.898587,0.05377,0.03772,-0.99725,0.03430,0.0168
1581554966.904046,0.05383,0.03790,-0.99725,0.03418,0.0168
1581554966.909963,0.05383,0.03802,-0.99725,0.03406,0.0168
1581554966.9168792,0.05383,0.03815,-0.99725,0.03394,0.0167
1581554966.9209442,0.05383,0.03833,-0.99725,0.03381,0.0167
1581554966.927329,0.05383,0.03851,-0.99725,0.03375,0.0168
1581554966.9322371,0.05377,0.03888,-0.99725,0.03351,0.0167
1581554966.9389381,0.05377,0.03906,-0.99725,0.03345,0.0168
1581554966.9441721,0.05383,0.03925,-0.99719,0.03333,0.0168
1581554966.949301,0.05383,0.03949,-0.99719,0.03326,0.0168
1581554966.955063,0.05383,0.03967,-0.99719,0.03314,0.0167
1581554966.960234,0.05389,0.03986,-0.99719,0.03308,0.0167
1581554966.9654222,0.05396,0.04010,-0.99719,0.03302,0.0167
1581554966.970916,0.05396,0.04028,-0.99719,0.03290,0.0168
1581554966.9766269,0.05402,0.04053,-0.99719,0.03284,0.0167
1581554966.981972,0.05408,0.04077,-0.99719,0.03278,0.0168
1581554966.9873421,0.05414,0.04120,-0.99713,0.03265,0.0168
1581554966.993747,0.05414,0.04144,-0.99713,0.03259,0.0168
1581554966.99976,0.05414,0.04169,-0.99713,0.03253,0.0168
1581554967.0049899,0.05420,0.04193,-0.99713,0.03247,0.0168
1581554967.011168,0.05420,0.04211,-0.99713,0.03247,0.0168
1581554967.0165288,0.05420,0.04236,-0.99713,0.03241,0.0168
1581554967.021385,0.05426,0.04260,-0.99707,0.03235,0.0168
1581554967.02833,0.05426,0.04285,-0.99707,0.03235,0.0168
1581554967.033171,0.05432,0.04327,-0.99707,0.03223,0.0168
1581554967.0391161,0.05432,0.04346,-0.99707,0.03223,0.0168
1581554967.044394,0.05432,0.04370,-0.99707,0.03217,0.0168
1581554967.0502982,0.05438,0.04382,-0.99707,0.03217,0.0168
1581554967.055821,0.05438,0.04401,-0.99701,0.03217,0.0168
1581554967.061374,0.05438,0.04419,-0.99701,0.03210,0.0167
1581554967.066265,0.05438,0.04431,-0.99701,0.03210,0.0168
1581554967.073339,0.05438,0.04443,-0.99701,0.03210,0.0168
1581554967.0774798,0.05444,0.04468,-0.99701,0.03210,0.0168
1581554967.0841322,0.05444,0.04480,-0.99701,0.03210,0.0168
1581554967.089271,0.05444,0.04492,-0.99701,0.03210,0.0168
1581554967.094335,0.05444,0.04504,-0.99701,0.03210,0.0168
1581554967.100051,0.05444,0.04510,-0.99701,0.03210,0.0168
1581554967.1061041,0.05444,0.04523,-0.99695,0.03217,0.0168
1581554967.111413,0.05444,0.04535,-0.99695,0.03217,0.0167
1581554967.1162932,0.05444,0.04541,-0.99695,0.03217,0.0168
1581554967.122477,0.05444,0.04553,-0.99695,0.03223,0.0168
1581554967.1274571,0.05444,0.04565,-0.99695,0.03229,0.0168
1581554967.1338,0.05444,0.04572,-0.99695,0.03229,0.0167
1581554967.13885,0.05444,0.04578,-0.99695,0.03235,0.0168
1581554967.14478,0.05444,0.04584,-0.99695,0.03235,0.0168
1581554967.150055,0.05438,0.04590,-0.99695,0.03241,0.0167
1581554967.1557271,0.05438,0.04596,-0.99695,0.03247,0.0167
1581554967.1609972,0.05438,0.04596,-0.99695,0.03247,0.0167
1581554967.166064,0.05438,0.04602,-0.99695,0.03253,0.0167
1581554967.17154,0.05438,0.04602,-0.99695,0.03259,0.0167
1581554967.17745,0.05438,0.04602,-0.99695,0.03259,0.0167
1581554967.183386,0.05438,0.04596,-0.99695,0.03265,0.0167
1581554967.1893609,0.05438,0.04596,-0.99695,0.03271,0.0167
1581554967.194159,0.05438,0.04590,-0.99695,0.03271,0.0167
1581554967.199231,0.05438,0.04590,-0.99695,0.03278,0.0167
1581554967.20466,0.05438,0.04584,-0.99695,0.03278,0.0167
1581554967.210165,0.05438,0.04578,-0.99695,0.03284,0.0167
1581554967.216178,0.05438,0.04572,-0.99695,0.03284,0.0167
1581554967.22101,0.05438,0.04565,-0.99695,0.03290,0.0167
1581554967.226631,0.05438,0.04559,-0.99695,0.03290,0.0167
1581554967.232043,0.05438,0.04547,-0.99695,0.03296,0.0167
1581554967.2373261,0.05438,0.04541,-0.99695,0.03302,0.0167
1581554967.242542,0.05438,0.04535,-0.99695,0.03302,0.0167
1581554967.248456,0.05438,0.04529,-0.99695,0.03308,0.0167
1581554967.254153,0.05438,0.04517,-0.99695,0.03308,0.0167
1581554967.260243,0.05438,0.04510,-0.99695,0.03308,0.0167
1581554967.2650082,0.05438,0.04504,-0.99695,0.03314,0.0167
1581554967.270389,0.05438,0.04492,-0.99695,0.03314,0.0167
1581554967.277032,0.05438,0.04486,-0.99695,0.03314,0.0167
1581554967.281248,0.05444,0.04480,-0.99695,0.03314,0.0167
1581554967.286625,0.05444,0.04468,-0.99695,0.03314,0.0167
1581554967.2922702,0.05444,0.04462,-0.99695,0.03314,0.0167
1581554967.298052,0.05450,0.04443,-0.99695,0.03314,0.0167
1581554967.304493,0.05450,0.04437,-0.99695,0.03314,0.0167
1581554967.309831,0.05457,0.04431,-0.99695,0.03308,0.0167
1581554967.3151722,0.05457,0.04425,-0.99701,0.03308,0.0167
1581554967.320792,0.05457,0.04419,-0.99701,0.03308,0.0167
1581554967.326215,0.05457,0.04413,-0.99701,0.03308,0.0167
1581554967.3319108,0.05463,0.04413,-0.99701,0.03302,0.0167
1581554967.33718,0.05463,0.04407,-0.99701,0.03302,0.0167
1581554967.342874,0.05469,0.04407,-0.99701,0.03290,0.0167
1581554967.348406,0.05469,0.04407,-0.99701,0.03290,0.0167
1581554967.354112,0.05469,0.04407,-0.99701,0.03284,0.0167
1581554967.360681,0.05475,0.04407,-0.99701,0.03278,0.0167
1581554967.365126,0.05475,0.04407,-0.99701,0.03278,0.0167
1581554967.370105,0.05475,0.04407,-0.99701,0.03271,0.0167
1581554967.375544,0.05475,0.04413,-0.99701,0.03265,0.0167
1581554967.381288,0.05475,0.04413,-0.99701,0.03259,0.0167
1581554967.386539,0.05475,0.04419,-0.99701,0.03259,0.0167
1581554967.3918562,0.05475,0.04425,-0.99701,0.03247,0.0167
1581554967.397342,0.05481,0.04425,-0.99701,0.03241,0.0167
1581554967.4025002,0.05481,0.04431,-0.99701,0.03241,0.0167
1581554967.408273,0.05481,0.04431,-0.99701,0.03235,0.0167
1581554967.414048,0.05481,0.04437,-0.99701,0.03229,0.0167
1581554967.420844,0.05481,0.04443,-0.99701,0.03223,0.0167
1581554967.4256809,0.05481,0.04443,-0.99701,0.03223,0.0167
1581554967.4308941,0.05481,0.04449,-0.99701,0.03217,0.0167
1581554967.436501,0.05481,0.04456,-0.99701,0.03217,0.0167
1581554967.4413161,0.05487,0.04456,-0.99701,0.03210,0.0167
1581554967.4471118,0.05487,0.04462,-0.99701,0.03210,0.0167
1581554967.4529338,0.05487,0.04462,-0.99701,0.03204,0.0167
1581554967.4590652,0.05487,0.04468,-0.99701,0.03198,0.0167
1581554967.4640892,0.05487,0.04468,-0.99701,0.03198,0.0167
1581554967.469672,0.05487,0.04468,-0.99701,0.03192,0.0167
1581554967.475181,0.05487,0.04468,-0.99701,0.03192,0.0167
1581554967.480704,0.05487,0.04468,-0.99701,0.03186,0.0167
1581554967.486214,0.05487,0.04468,-0.99701,0.03186,0.0167
1581554967.4915981,0.05487,0.04468,-0.99701,0.03180,0.0167
1581554967.4971368,0.05481,0.04468,-0.99701,0.03180,0.0167
1581554967.502514,0.05481,0.04468,-0.99701,0.03174,0.0167
1581554967.508147,0.05475,0.04468,-0.99701,0.03174,0.0167
1581554967.513946,0.05481,0.04468,-0.99701,0.03168,0.0167
1581554967.519246,0.05481,0.04468,-0.99701,0.03168,0.0167
1581554967.5245812,0.05481,0.04468,-0.99701,0.03168,0.0167
1581554967.530522,0.05487,0.04468,-0.99701,0.03162,0.0167
1581554967.535667,0.05487,0.04462,-0.99701,0.03156,0.0167
1581554967.5406232,0.05493,0.04462,-0.99701,0.03156,0.0167
1581554967.546613,0.05493,0.04456,-0.99701,0.03149,0.0167
1581554967.551984,0.05499,0.04456,-0.99701,0.03143,0.0167
1581554967.5572429,0.05499,0.04449,-0.99701,0.03137,0.0167
1581554967.5643709,0.05499,0.04449,-0.99701,0.03131,0.0167
1581554967.568307,0.05499,0.04443,-0.99701,0.03131,0.0167
1581554967.5742872,0.05499,0.04443,-0.99701,0.03125,0.0167
1581554967.580056,0.05499,0.04437,-0.99701,0.03119,0.0167
1581554967.585234,0.05499,0.04431,-0.99701,0.03119,0.0167
1581554967.592103,0.05499,0.04431,-0.99701,0.03113,0.0167
1581554967.596639,0.05499,0.04425,-0.99701,0.03101,0.0167
1581554967.60211,0.05499,0.04419,-0.99701,0.03101,0.0167
1581554967.607229,0.05505,0.04413,-0.99701,0.03094,0.0167
1581554967.613776,0.05505,0.04407,-0.99701,0.03088,0.0167
1581554967.620266,0.05505,0.04407,-0.99701,0.03082,0.0167
1581554967.624919,0.05505,0.04401,-0.99701,0.03082,0.0167
1581554967.630361,0.05511,0.04395,-0.99701,0.03076,0.0167
1581554967.6361651,0.05511,0.04395,-0.99707,0.03070,0.0167
1581554967.64206,0.05511,0.04388,-0.99707,0.03064,0.0167
1581554967.6475992,0.05511,0.04388,-0.99707,0.03058,0.0167
1581554967.652412,0.05511,0.04382,-0.99707,0.03052,0.0167
1581554967.658237,0.05511,0.04376,-0.99707,0.03046,0.0167
1581554967.664321,0.05511,0.04376,-0.99707,0.03040,0.0167
1581554967.6695309,0.05518,0.04376,-0.99707,0.03040,0.0167
1581554967.675162,0.05518,0.04376,-0.99707,0.03033,0.0167
1581554967.6809652,0.05518,0.04376,-0.99707,0.03027,0.0167
1581554967.686059,0.05518,0.04382,-0.99707,0.03021,0.0167
1581554967.6913779,0.05518,0.04382,-0.99707,0.03021,0.0167
1581554967.697351,0.05518,0.04382,-0.99707,0.03015,0.0167
1581554967.702374,0.05518,0.04382,-0.99707,0.03009,0.0167
1581554967.708135,0.05518,0.04388,-0.99707,0.03003,0.0167
1581554967.713981,0.05511,0.04388,-0.99707,0.02997,0.0167
1581554967.719548,0.05511,0.04388,-0.99707,0.02991,0.0167
1581554967.725208,0.05511,0.04382,-0.99707,0.02991,0.0167
1581554967.730502,0.05511,0.04382,-0.99707,0.02985,0.0167
1581554967.735886,0.05511,0.04382,-0.99707,0.02985,0.0167
1581554967.741229,0.05511,0.04382,-0.99707,0.02979,0.0167
1581554967.7471628,0.05511,0.04382,-0.99707,0.02972,0.0167
1581554967.7534158,0.05511,0.04376,-0.99707,0.02966,0.0167
1581554967.7583401,0.05511,0.04370,-0.99707,0.02960,0.0167
1581554967.764699,0.05518,0.04370,-0.99707,0.02960,0.0167
1581554967.769674,0.05518,0.04364,-0.99707,0.02954,0.0167
1581554967.7759738,0.05518,0.04358,-0.99707,0.02948,0.0167
1581554967.7805738,0.05518,0.04358,-0.99707,0.02948,0.0167
1581554967.7864819,0.05518,0.04352,-0.99707,0.02942,0.0167
1581554967.791728,0.05518,0.04346,-0.99707,0.02936,0.0167
1581554967.797049,0.05518,0.04340,-0.99713,0.02930,0.0167
1581554967.803325,0.05518,0.04333,-0.99713,0.02930,0.0167
1581554967.80937,0.05518,0.04327,-0.99713,0.02924,0.0167
1581554967.814362,0.05518,0.04327,-0.99713,0.02917,0.0167
1581554967.8201752,0.05518,0.04321,-0.99713,0.02917,0.0167
1581554967.825391,0.05518,0.04315,-0.99713,0.02911,0.0167
1581554967.830421,0.05518,0.04315,-0.99713,0.02911,0.0167
1581554967.837315,0.05518,0.04309,-0.99713,0.02905,0.0167
1581554967.841876,0.05518,0.04309,-0.99713,0.02905,0.0167
1581554967.847441,0.05518,0.04303,-0.99713,0.02899,0.0167
1581554967.853795,0.05524,0.04297,-0.99713,0.02899,0.0167
1581554967.858892,0.05524,0.04291,-0.99713,0.02899,0.0167
1581554967.865139,0.05524,0.04285,-0.99713,0.02899,0.0167
1581554967.870004,0.05524,0.04279,-0.99713,0.02899,0.0167
1581554967.875475,0.05524,0.04279,-0.99713,0.02899,0.0167
1581554967.880929,0.05524,0.04272,-0.99713,0.02899,0.0167
1581554967.886025,0.05530,0.04266,-0.99713,0.02899,0.0167
1581554967.892403,0.05530,0.04260,-0.99713,0.02899,0.0167
1581554967.897625,0.05530,0.04254,-0.99713,0.02899,0.0167
1581554967.9030771,0.05530,0.04248,-0.99713,0.02899,0.0167
1581554967.908535,0.05530,0.04242,-0.99713,0.02899,0.0167
1581554967.914429,0.05530,0.04236,-0.99713,0.02899,0.0167
1581554967.920097,0.05530,0.04236,-0.99713,0.02893,0.0167
1581554967.9250612,0.05530,0.04230,-0.99713,0.02893,0.0167
1581554967.931762,0.05530,0.04230,-0.99713,0.02893,0.0167
1581554967.936599,0.05536,0.04224,-0.99713,0.02893,0.0167
1581554967.942456,0.05536,0.04224,-0.99713,0.02887,0.0167
1581554967.948739,0.05536,0.04218,-0.99713,0.02887,0.0167
1581554967.953127,0.05536,0.04218,-0.99713,0.02887,0.0167
1581554967.960514,0.05536,0.04218,-0.99713,0.02887,0.0167
1581554967.964653,0.05536,0.04218,-0.99713,0.02887,0.0167
1581554967.9701,0.05542,0.04218,-0.99713,0.02887,0.0167
1581554967.9758,0.05542,0.04218,-0.99713,0.02881,0.0167
1581554967.981615,0.05542,0.04211,-0.99713,0.02881,0.0167
1581554967.9868648,0.05542,0.04211,-0.99713,0.02881,0.0167
1581554967.992485,0.05548,0.04211,-0.99713,0.02875,0.0167
1581554967.998407,0.05548,0.04211,-0.99713,0.02875,0.0167
1581554968.0036569,0.05548,0.04211,-0.99713,0.02875,0.0167
1581554968.009739,0.05548,0.04205,-0.99713,0.02875,0.0167
1581554968.015703,0.05554,0.04205,-0.99713,0.02869,0.0167
1581554968.020421,0.05554,0.04205,-0.99713,0.02869,0.0167
1581554968.0256472,0.05554,0.04199,-0.99713,0.02869,0.0167
1581554968.032703,0.05548,0.04199,-0.99719,0.02869,0.0167
1581554968.036882,0.05548,0.04193,-0.99719,0.02869,0.0167
1581554968.0428228,0.05548,0.04193,-0.99719,0.02863,0.0167
1581554968.048478,0.05548,0.04187,-0.99719,0.02863,0.0167
1581554968.0576022,0.05542,0.04187,-0.99719,0.02863,0.0167
1581554968.0595148,0.05542,0.04187,-0.99719,0.02863,0.0167
1581554968.065493,0.05542,0.04181,-0.99719,0.02863,0.0167
1581554968.073335,0.05542,0.04181,-0.99719,0.02863,0.0167
1581554968.076973,0.05542,0.04175,-0.99719,0.02863,0.0167
1581554968.08262,0.05542,0.04175,-0.99719,0.02869,0.0167
1581554968.088407,0.05548,0.04169,-0.99719,0.02869,0.0167
1581554968.093395,0.05554,0.04169,-0.99719,0.02869,0.0167
1581554968.100567,0.05554,0.04163,-0.99719,0.02869,0.0167
1581554968.1048,0.05560,0.04163,-0.99719,0.02869,0.0167
1581554968.1102662,0.05560,0.04163,-0.99719,0.02869,0.0167
1581554968.11604,0.05566,0.04163,-0.99719,0.02869,0.0167
1581554968.1208441,0.05566,0.04163,-0.99719,0.02869,0.0167
1581554968.127114,0.05566,0.04163,-0.99719,0.02875,0.0167
1581554968.1324959,0.05566,0.04156,-0.99719,0.02875,0.0167
1581554968.138804,0.05560,0.04156,-0.99719,0.02875,0.0167
1581554968.144483,0.05560,0.04156,-0.99719,0.02881,0.0167
1581554968.149726,0.05560,0.04150,-0.99719,0.02881,0.0167
1581554968.155529,0.05560,0.04150,-0.99719,0.02881,0.0167
1581554968.160853,0.05560,0.04150,-0.99719,0.02887,0.0167
1581554968.1659782,0.05560,0.04144,-0.99719,0.02887,0.0167
1581554968.1746528,0.05560,0.04144,-0.99719,0.02887,0.0167
1581554968.1772091,0.05554,0.04144,-0.99719,0.02893,0.0167
1581554968.18491,0.05554,0.04144,-0.99719,0.02893,0.0167
1581554968.1893198,0.05554,0.04138,-0.99719,0.02899,0.0167
1581554968.1945732,0.05554,0.04138,-0.99719,0.02905,0.0167
1581554968.200316,0.05548,0.04138,-0.99719,0.02905,0.0167
1581554968.20557,0.05548,0.04138,-0.99719,0.02911,0.0167
1581554968.2110348,0.05548,0.04138,-0.99719,0.02917,0.0167
1581554968.216379,0.05548,0.04138,-0.99719,0.02924,0.0167
1581554968.224395,0.05548,0.04132,-0.99719,0.02936,0.0167
1581554968.2287621,0.05548,0.04132,-0.99719,0.02936,0.0167
1581554968.2338402,0.05548,0.04132,-0.99719,0.02942,0.0167
1581554968.239445,0.05548,0.04132,-0.99719,0.02948,0.0167
1581554968.244986,0.05548,0.04132,-0.99719,0.02954,0.0167
1581554968.250514,0.05548,0.04132,-0.99719,0.02960,0.0167
1581554968.255836,0.05548,0.04132,-0.99719,0.02960,0.0167
1581554968.261701,0.05554,0.04132,-0.99713,0.02966,0.0167
1581554968.26815,0.05554,0.04132,-0.99713,0.02972,0.0167
1581554968.2730298,0.05554,0.04132,-0.99713,0.02979,0.0167
1581554968.2795992,0.05554,0.04132,-0.99713,0.02979,0.0167
1581554968.2856781,0.05554,0.04132,-0.99713,0.02979,0.0167
1581554968.290158,0.05554,0.04132,-0.99713,0.02985,0.0167
1581554968.2957351,0.05554,0.04132,-0.99713,0.02985,0.0167
1581554968.3023,0.05554,0.04126,-0.99713,0.02985,0.0167
1581554968.3067882,0.05560,0.04126,-0.99713,0.02985,0.0167
1581554968.312567,0.05560,0.04120,-0.99713,0.02979,0.0167
1581554968.317892,0.05566,0.04120,-0.99713,0.02979,0.0167
1581554968.323515,0.05566,0.04114,-0.99713,0.02979,0.0167
1581554968.3297322,0.05566,0.04114,-0.99713,0.02972,0.0167
1581554968.335959,0.05573,0.04114,-0.99713,0.02972,0.0167
1581554968.340171,0.05573,0.04108,-0.99713,0.02966,0.0167
1581554968.3457541,0.05573,0.04102,-0.99713,0.02966,0.0167
1581554968.351978,0.05579,0.04102,-0.99719,0.02966,0.0167
1581554968.358839,0.05579,0.04095,-0.99719,0.02960,0.0167
1581554968.362561,0.05579,0.04089,-0.99719,0.02954,0.0167
1581554968.369303,0.05579,0.04089,-0.99719,0.02954,0.0167
1581554968.373357,0.05585,0.04089,-0.99719,0.02948,0.0167
1581554968.379067,0.05585,0.04083,-0.99719,0.02948,0.0167
1581554968.384606,0.05585,0.04083,-0.99719,0.02948,0.0167
1581554968.3899179,0.05585,0.04083,-0.99719,0.02948,0.0167
1581554968.3951402,0.05585,0.04077,-0.99719,0.02948,0.0167
1581554968.400703,0.05591,0.04077,-0.99719,0.02948,0.0167
1581554968.406423,0.05591,0.04071,-0.99719,0.02942,0.0167
1581554968.41257,0.05591,0.04059,-0.99719,0.02942,0.0167
1581554968.417034,0.05591,0.04053,-0.99719,0.02942,0.0167
1581554968.423866,0.05591,0.04047,-0.99719,0.02942,0.0167
1581554968.4282281,0.05597,0.04041,-0.99719,0.02942,0.0167
1581554968.4347038,0.05597,0.04034,-0.99719,0.02948,0.0167
1581554968.43996,0.05597,0.04028,-0.99719,0.02948,0.0167
1581554968.4450428,0.05597,0.04022,-0.99719,0.02948,0.0167
1581554968.4500082,0.05597,0.04022,-0.99719,0.02948,0.0167
1581554968.455324,0.05597,0.04016,-0.99719,0.02948,0.0167
1581554968.460893,0.05597,0.04010,-0.99719,0.02954,0.0167
1581554968.466696,0.05597,0.04010,-0.99719,0.02954,0.0167
1581554968.471921,0.05597,0.03998,-0.99719,0.02960,0.0167
1581554968.4780831,0.05597,0.03998,-0.99719,0.02960,0.0167
1581554968.483938,0.05597,0.03998,-0.99719,0.02960,0.0167
1581554968.48946,0.05597,0.03992,-0.99719,0.02966,0.0167
1581554968.494953,0.05603,0.03992,-0.99719,0.02966,0.0167
1581554968.501106,0.05597,0.03992,-0.99719,0.02966,0.0167
1581554968.5057092,0.05597,0.03992,-0.99719,0.02960,0.0167
1581554968.511691,0.05597,0.03992,-0.99719,0.02960,0.0167
1581554968.5174558,0.05597,0.03992,-0.99719,0.02960,0.0167
1581554968.523317,0.05597,0.03992,-0.99719,0.02966,0.0167
1581554968.529126,0.05597,0.03998,-0.99719,0.02960,0.0167
1581554968.5344121,0.05591,0.03998,-0.99719,0.02960,0.0167
1581554968.5399091,0.05591,0.03998,-0.99719,0.02960,0.0167
1581554968.545389,0.05591,0.03998,-0.99719,0.02960,0.0167
1581554968.5504158,0.05591,0.03998,-0.99719,0.02954,0.0167
1581554968.556635,0.05585,0.04004,-0.99719,0.02954,0.0167
1581554968.562154,0.05585,0.04004,-0.99719,0.02954,0.0167
1581554968.568328,0.05585,0.04004,-0.99719,0.02954,0.0167
1581554968.573361,0.05579,0.04004,-0.99719,0.02948,0.0167
1581554968.579133,0.05579,0.04004,-0.99719,0.02948,0.0167
1581554968.5849721,0.05579,0.04004,-0.99719,0.02948,0.0167
1581554968.5900779,0.05573,0.04004,-0.99719,0.02948,0.0167
1581554968.595876,0.05573,0.04010,-0.99719,0.02948,0.0167
1581554968.600812,0.05566,0.04010,-0.99719,0.02948,0.0167
1581554968.606724,0.05566,0.04010,-0.99719,0.02948,0.0167
1581554968.611906,0.05560,0.04010,-0.99719,0.02948,0.0167
1581554968.618067,0.05560,0.04016,-0.99719,0.02948,0.0167
1581554968.6232479,0.05560,0.04016,-0.99719,0.02948,0.0167
1581554968.629131,0.05560,0.04016,-0.99719,0.02948,0.0167
1581554968.6351612,0.05560,0.04016,-0.99719,0.02954,0.0167
1581554968.639912,0.05566,0.04016,-0.99719,0.02954,0.0167
1581554968.6460102,0.05566,0.04016,-0.99719,0.02954,0.0167
1581554968.651217,0.05573,0.04022,-0.99719,0.02954,0.0167
1581554968.656518,0.05573,0.04022,-0.99719,0.02954,0.0167
1581554968.661922,0.05579,0.04022,-0.99719,0.02954,0.0167
1581554968.6672451,0.05579,0.04028,-0.99719,0.02954,0.0167
1581554968.6736221,0.05579,0.04028,-0.99719,0.02954,0.0167
1581554968.679265,0.05579,0.04034,-0.99719,0.02954,0.0167
1581554968.684851,0.05579,0.04034,-0.99719,0.02954,0.0167
1581554968.690615,0.05579,0.04041,-0.99719,0.02954,0.0167
1581554968.695698,0.05579,0.04041,-0.99719,0.02954,0.0167
1581554968.701122,0.05579,0.04041,-0.99719,0.02948,0.0167
1581554968.706429,0.05579,0.04041,-0.99719,0.02948,0.0167
1581554968.7129102,0.05573,0.04047,-0.99719,0.02948,0.0167
1581554968.719511,0.05573,0.04047,-0.99719,0.02948,0.0167
1581554968.724389,0.05573,0.04041,-0.99719,0.02942,0.0167
1581554968.729462,0.05573,0.04041,-0.99719,0.02942,0.0167
1581554968.7370398,0.05566,0.04041,-0.99719,0.02942,0.0167
1581554968.740671,0.05566,0.04041,-0.99719,0.02942,0.0167
1581554968.746112,0.05566,0.04041,-0.99719,0.02942,0.0167
1581554968.7513962,0.05560,0.04034,-0.99719,0.02942,0.0167
1581554968.757191,0.05560,0.04034,-0.99719,0.02942,0.0167
1581554968.762927,0.05560,0.04034,-0.99719,0.02942,0.0167
1581554968.767495,0.05554,0.04034,-0.99719,0.02948,0.0167
1581554968.7738922,0.05554,0.04028,-0.99719,0.02948,0.0167
1581554968.780738,0.05554,0.04028,-0.99719,0.02948,0.0167
1581554968.7856221,0.05554,0.04028,-0.99719,0.02954,0.0167
1581554968.790578,0.05554,0.04034,-0.99719,0.02954,0.0167
1581554968.795946,0.05554,0.04034,-0.99719,0.02954,0.0167
1581554968.801603,0.05554,0.04034,-0.99719,0.02960,0.0167
1581554968.806602,0.05554,0.04041,-0.99719,0.02960,0.0167
1581554968.812042,0.05554,0.04041,-0.99719,0.02966,0.0167
1581554968.818284,0.05554,0.04041,-0.99719,0.02966,0.0167
1581554968.8245351,0.05554,0.04041,-0.99719,0.02966,0.0167
1581554968.829443,0.05554,0.04047,-0.99719,0.02966,0.0167
1581554968.834753,0.05554,0.04047,-0.99719,0.02972,0.0167
1581554968.839963,0.05554,0.04047,-0.99719,0.02972,0.0167
1581554968.845495,0.05548,0.04053,-0.99719,0.02972,0.0167
1581554968.851501,0.05548,0.04053,-0.99719,0.02972,0.0167
1581554968.856812,0.05548,0.04053,-0.99719,0.02972,0.0167
1581554968.862277,0.05548,0.04047,-0.99719,0.02972,0.0167
1581554968.867983,0.05548,0.04047,-0.99719,0.02972,0.0167
1581554968.874069,0.05554,0.04047,-0.99719,0.02972,0.0167
1581554968.879012,0.05554,0.04047,-0.99719,0.02972,0.0167
1581554968.8865511,0.05554,0.04047,-0.99719,0.02972,0.0167
1581554968.88944,0.05554,0.04047,-0.99719,0.02972,0.0167
1581554968.895265,0.05554,0.04041,-0.99719,0.02972,0.0167
1581554968.900637,0.05554,0.04041,-0.99719,0.02966,0.0167
1581554968.905449,0.05554,0.04041,-0.99719,0.02966,0.0167
1581554968.911464,0.05554,0.04041,-0.99719,0.02966,0.0167
1581554968.916779,0.05560,0.04047,-0.99719,0.02966,0.0167
1581554968.922189,0.05560,0.04047,-0.99719,0.02966,0.0167
1581554968.927864,0.05560,0.04047,-0.99719,0.02966,0.0167
1581554968.933599,0.05560,0.04053,-0.99719,0.02960,0.0167
1581554968.939104,0.05560,0.04053,-0.99719,0.02960,0.0167
1581554968.944221,0.05560,0.04059,-0.99719,0.02960,0.0167
1581554968.949634,0.05560,0.04059,-0.99719,0.02960,0.0167
1581554968.955601,0.05560,0.04065,-0.99719,0.02960,0.0167
1581554968.960696,0.05560,0.04071,-0.99719,0.02960,0.0167
1581554968.966073,0.05560,0.04077,-0.99719,0.02960,0.0167
1581554968.972502,0.05560,0.04089,-0.99719,0.02954,0.0167
1581554968.977598,0.05560,0.04095,-0.99719,0.02954,0.0167
1581554968.982651,0.05560,0.04095,-0.99719,0.02954,0.0167
1581554968.9879549,0.05560,0.04102,-0.99719,0.02954,0.0167
1581554968.9944892,0.05560,0.04108,-0.99719,0.02954,0.0167
1581554969.000939,0.05560,0.04108,-0.99719,0.02954,0.0167
1581554969.00478,0.05566,0.04114,-0.99719,0.02954,0.0167
1581554969.009957,0.05566,0.04120,-0.99719,0.02954,0.0167
1581554969.015326,0.05566,0.04126,-0.99713,0.02954,0.0167
1581554969.021014,0.05566,0.04132,-0.99713,0.02954,0.0167
1581554969.0271392,0.05566,0.04138,-0.99713,0.02948,0.0167
1581554969.032908,0.05566,0.04150,-0.99713,0.02948,0.0167
1581554969.038532,0.05566,0.04156,-0.99713,0.02948,0.0167
1581554969.044039,0.05573,0.04163,-0.99713,0.02948,0.0167
1581554969.049532,0.05573,0.04169,-0.99713,0.02948,0.0167
1581554969.055611,0.05573,0.04181,-0.99713,0.02948,0.0167
1581554969.061718,0.05573,0.04187,-0.99713,0.02948,0.0167
1581554969.067599,0.05573,0.04193,-0.99713,0.02948,0.0167
1581554969.072053,0.05566,0.04211,-0.99713,0.02942,0.0167
1581554969.078198,0.05566,0.04218,-0.99713,0.02942,0.0167
1581554969.0844429,0.05566,0.04224,-0.99713,0.02942,0.0167
1581554969.088964,0.05566,0.04230,-0.99713,0.02936,0.0167
1581554969.095482,0.05566,0.04242,-0.99713,0.02936,0.0167
1581554969.1008902,0.05566,0.04248,-0.99713,0.02930,0.0167
1581554969.105582,0.05566,0.04254,-0.99713,0.02930,0.0167
1581554969.1116428,0.05566,0.04260,-0.99713,0.02924,0.0167
1581554969.11643,0.05566,0.04272,-0.99713,0.02917,0.0167
1581554969.121954,0.05566,0.04279,-0.99713,0.02917,0.0167
1581554969.1285062,0.05566,0.04279,-0.99713,0.02911,0.0167
1581554969.1333592,0.05566,0.04285,-0.99713,0.02911,0.0167
1581554969.14011,0.05566,0.04291,-0.99713,0.02905,0.0167
1581554969.145323,0.05566,0.04297,-0.99713,0.02905,0.0167
1581554969.150054,0.05566,0.04297,-0.99713,0.02899,0.0167
1581554969.155367,0.05566,0.04303,-0.99707,0.02899,0.0167
1581554969.161098,0.05566,0.04303,-0.99707,0.02893,0.0167
1581554969.166612,0.05566,0.04309,-0.99713,0.02887,0.0167
1581554969.1733718,0.05566,0.04309,-0.99713,0.02887,0.0167
1581554969.1786828,0.05560,0.04309,-0.99713,0.02887,0.0167
1581554969.184646,0.05560,0.04315,-0.99713,0.02881,0.0167
1581554969.189238,0.05560,0.04315,-0.99713,0.02881,0.0167
1581554969.19547,0.05554,0.04315,-0.99713,0.02881,0.0167
1581554969.2001212,0.05554,0.04315,-0.99713,0.02875,0.0167
1581554969.205494,0.05548,0.04315,-0.99713,0.02875,0.0167
1581554969.211082,0.05548,0.04315,-0.99713,0.02875,0.0167
1581554969.2172558,0.05548,0.04315,-0.99713,0.02869,0.0167
1581554969.222059,0.05554,0.04315,-0.99713,0.02869,0.0167
1581554969.227796,0.05554,0.04315,-0.99713,0.02869,0.0167
1581554969.233844,0.05554,0.04309,-0.99713,0.02869,0.0167
1581554969.2393181,0.05560,0.04309,-0.99713,0.02869,0.0167
1581554969.244983,0.05560,0.04309,-0.99713,0.02863,0.0167
1581554969.251272,0.05560,0.04309,-0.99713,0.02863,0.0167
1581554969.256056,0.05560,0.04309,-0.99713,0.02863,0.0167
1581554969.262389,0.05560,0.04309,-0.99713,0.02863,0.0167
1581554969.267592,0.05560,0.04309,-0.99713,0.02863,0.0167
1581554969.272802,0.05560,0.04309,-0.99713,0.02863,0.0167
1581554969.278613,0.05554,0.04315,-0.99713,0.02863,0.0167
1581554969.2844899,0.05554,0.04315,-0.99713,0.02863,0.0167
1581554969.289491,0.05554,0.04321,-0.99713,0.02856,0.0167
1581554969.29489,0.05554,0.04321,-0.99713,0.02856,0.0167
1581554969.300856,0.05548,0.04327,-0.99713,0.02856,0.0167
1581554969.306123,0.05548,0.04333,-0.99713,0.02856,0.0167
1581554969.312151,0.05548,0.04340,-0.99713,0.02850,0.0167
1581554969.317316,0.05542,0.04340,-0.99713,0.02844,0.0167
1581554969.323501,0.05542,0.04346,-0.99713,0.02844,0.0167
1581554969.329251,0.05536,0.04346,-0.99713,0.02844,0.0167
1581554969.334514,0.05536,0.04352,-0.99713,0.02844,0.0167
1581554969.340147,0.05536,0.04352,-0.99713,0.02838,0.0167
1581554969.346024,0.05536,0.04358,-0.99713,0.02838,0.0167
1581554969.351798,0.05530,0.04358,-0.99713,0.02832,0.0167
1581554969.356886,0.05530,0.04364,-0.99713,0.02832,0.0167
1581554969.3629591,0.05524,0.04370,-0.99713,0.02826,0.0167
1581554969.369014,0.05524,0.04370,-0.99713,0.02826,0.0167
1581554969.3737211,0.05524,0.04376,-0.99713,0.02820,0.0167
1581554969.379501,0.05524,0.04382,-0.99713,0.02820,0.0167
1581554969.385089,0.05524,0.04388,-0.99713,0.02820,0.0167
1581554969.390146,0.05524,0.04388,-0.99713,0.02814,0.0167
1581554969.396671,0.05524,0.04395,-0.99713,0.02814,0.0167
1581554969.4009972,0.05524,0.04407,-0.99713,0.02808,0.0167
1581554969.406461,0.05524,0.04413,-0.99713,0.02802,0.0167
1581554969.4120052,0.05524,0.04419,-0.99713,0.02802,0.0167
1581554969.4181309,0.05524,0.04419,-0.99707,0.02802,0.0167
1581554969.423702,0.05524,0.04425,-0.99707,0.02795,0.0167
1581554969.4293242,0.05524,0.04431,-0.99707,0.02795,0.0167
1581554969.4345012,0.05524,0.04437,-0.99707,0.02795,0.0167
1581554969.441396,0.05524,0.04437,-0.99707,0.02789,0.0167
1581554969.4457788,0.05524,0.04443,-0.99707,0.02789,0.0167
1581554969.452084,0.05524,0.04443,-0.99707,0.02789,0.0167
1581554969.4568262,0.05524,0.04443,-0.99707,0.02783,0.0167
1581554969.462232,0.05524,0.04443,-0.99707,0.02783,0.0167
1581554969.467637,0.05524,0.04443,-0.99707,0.02783,0.0167
1581554969.472974,0.05524,0.04443,-0.99707,0.02783,0.0167
1581554969.478765,0.05524,0.04437,-0.99707,0.02777,0.0167
1581554969.483904,0.05524,0.04437,-0.99707,0.02777,0.0167
1581554969.489442,0.05524,0.04431,-0.99713,0.02777,0.0167
1581554969.4952252,0.05524,0.04425,-0.99713,0.02777,0.0167
1581554969.500159,0.05524,0.04425,-0.99713,0.02777,0.0167
1581554969.506023,0.05524,0.04419,-0.99713,0.02777,0.0167
1581554969.512196,0.05524,0.04419,-0.99713,0.02777,0.0167
1581554969.517065,0.05518,0.04413,-0.99713,0.02777,0.0167
1581554969.5228958,0.05518,0.04413,-0.99713,0.02771,0.0167
1581554969.5289059,0.05518,0.04413,-0.99713,0.02771,0.0167
1581554969.5360608,0.05518,0.04413,-0.99713,0.02771,0.0167
1581554969.5395,0.05518,0.04413,-0.99713,0.02771,0.0167
1581554969.545203,0.05518,0.04413,-0.99713,0.02771,0.0167
1581554969.550186,0.05518,0.04407,-0.99713,0.02771,0.0167
1581554969.556664,0.05518,0.04407,-0.99713,0.02771,0.0167
1581554969.561684,0.05518,0.04407,-0.99713,0.02771,0.0167
1581554969.5667992,0.05518,0.04413,-0.99713,0.02771,0.0167
1581554969.572267,0.05518,0.04413,-0.99713,0.02771,0.0167
1581554969.578521,0.05518,0.04413,-0.99713,0.02771,0.0167
1581554969.584049,0.05524,0.04413,-0.99713,0.02771,0.0167
1581554969.589704,0.05524,0.04413,-0.99713,0.02771,0.0167
1581554969.594771,0.05524,0.04413,-0.99713,0.02771,0.0167
1581554969.600401,0.05524,0.04413,-0.99713,0.02771,0.0167
1581554969.605581,0.05524,0.04413,-0.99713,0.02777,0.0167
1581554969.613236,0.05524,0.04419,-0.99713,0.02777,0.0167
1581554969.6167,0.05524,0.04419,-0.99713,0.02777,0.0167
1581554969.621962,0.05524,0.04425,-0.99713,0.02777,0.0167
1581554969.628143,0.05524,0.04425,-0.99713,0.02777,0.0167
1581554969.633367,0.05524,0.04425,-0.99713,0.02783,0.0167
1581554969.6391199,0.05524,0.04431,-0.99713,0.02783,0.0167
1581554969.6447601,0.05524,0.04431,-0.99713,0.02783,0.0167
1581554969.649877,0.05518,0.04431,-0.99713,0.02783,0.0167
1581554969.65561,0.05518,0.04431,-0.99713,0.02783,0.0167
1581554969.661377,0.05518,0.04431,-0.99713,0.02783,0.0167
1581554969.666427,0.05518,0.04431,-0.99713,0.02783,0.0167
1581554969.672561,0.05518,0.04431,-0.99713,0.02783,0.0167
1581554969.678338,0.05518,0.04431,-0.99713,0.02783,0.0167
1581554969.683691,0.05518,0.04431,-0.99713,0.02783,0.0167
1581554969.6891038,0.05518,0.04431,-0.99713,0.02783,0.0167
1581554969.694301,0.05518,0.04431,-0.99713,0.02783,0.0167
1581554969.699519,0.05518,0.04437,-0.99713,0.02783,0.0167
1581554969.705181,0.05518,0.04437,-0.99713,0.02777,0.0167
1581554969.710437,0.05518,0.04437,-0.99713,0.02777,0.0167
1581554969.7163851,0.05518,0.04437,-0.99713,0.02777,0.0167
1581554969.7214231,0.05518,0.04437,-0.99713,0.02771,0.0167
1581554969.728322,0.05518,0.04437,-0.99713,0.02771,0.0167
1581554969.73295,0.05518,0.04437,-0.99713,0.02771,0.0167
1581554969.738559,0.05518,0.04437,-0.99713,0.02771,0.0167
1581554969.7439628,0.05524,0.04437,-0.99713,0.02765,0.0167
1581554969.749069,0.05524,0.04437,-0.99713,0.02765,0.0167
1581554969.754457,0.05524,0.04437,-0.99713,0.02765,0.0167
1581554969.759872,0.05524,0.04437,-0.99713,0.02765,0.0167
1581554969.766027,0.05524,0.04437,-0.99713,0.02765,0.0167
1581554969.772311,0.05524,0.04431,-0.99713,0.02759,0.0167
1581554969.7768471,0.05524,0.04431,-0.99713,0.02765,0.0167
1581554969.7821922,0.05524,0.04431,-0.99713,0.02765,0.0167
1581554969.787669,0.05518,0.04425,-0.99713,0.02765,0.0167
1581554969.7931452,0.05518,0.04425,-0.99713,0.02765,0.0167
1581554969.798572,0.05511,0.04425,-0.99713,0.02765,0.0167
1581554969.804634,0.05511,0.04425,-0.99713,0.02765,0.0167
1581554969.809945,0.05511,0.04425,-0.99713,0.02771,0.0167
1581554969.814861,0.05505,0.04419,-0.99713,0.02771,0.0167
1581554969.820195,0.05505,0.04419,-0.99713,0.02771,0.0167
1581554969.825866,0.05505,0.04419,-0.99713,0.02771,0.0167
1581554969.831309,0.05511,0.04413,-0.99713,0.02777,0.0167
1581554969.837143,0.05511,0.04407,-0.99713,0.02777,0.0167
1581554969.8429902,0.05518,0.04407,-0.99713,0.02777,0.0167
1581554969.848763,0.05518,0.04401,-0.99713,0.02777,0.0167
1581554969.854744,0.05518,0.04395,-0.99713,0.02777,0.0167
1581554969.860954,0.05518,0.04395,-0.99713,0.02777,0.0167
1581554969.865079,0.05524,0.04395,-0.99713,0.02777,0.0167
1581554969.871583,0.05524,0.04388,-0.99713,0.02777,0.0167
1581554969.877022,0.05524,0.04388,-0.99713,0.02777,0.0167
1581554969.8814259,0.05524,0.04388,-0.99713,0.02771,0.0167
1581554969.888204,0.05518,0.04388,-0.99713,0.02771,0.0167
1581554969.893596,0.05518,0.04388,-0.99713,0.02771,0.0167
1581554969.899318,0.05518,0.04388,-0.99713,0.02765,0.0167
1581554969.903584,0.05518,0.04388,-0.99713,0.02765,0.0167
1581554969.909624,0.05518,0.04388,-0.99713,0.02759,0.0167
1581554969.914258,0.05518,0.04388,-0.99713,0.02759,0.0167
1581554969.920253,0.05518,0.04388,-0.99713,0.02759,0.0167
1581554969.92502,0.05518,0.04388,-0.99713,0.02753,0.0167
1581554969.933007,0.05518,0.04388,-0.99713,0.02753,0.0167
1581554969.93615,0.05518,0.04388,-0.99713,0.02747,0.0167
1581554969.941935,0.05511,0.04395,-0.99713,0.02740,0.0167
1581554969.947412,0.05511,0.04395,-0.99713,0.02740,0.0167
1581554969.953022,0.05511,0.04395,-0.99713,0.02740,0.0167
1581554969.958851,0.05511,0.04395,-0.99713,0.02734,0.0167
1581554969.9654882,0.05511,0.04401,-0.99713,0.02734,0.0167
1581554969.969408,0.05511,0.04401,-0.99713,0.02734,0.0167
1581554969.974863,0.05511,0.04401,-0.99713,0.02728,0.0167
1581554969.980999,0.05511,0.04407,-0.99713,0.02728,0.0167
1581554969.986491,0.05511,0.04407,-0.99713,0.02728,0.0167
1581554969.9917078,0.05518,0.04413,-0.99713,0.02728,0.0167
1581554969.996382,0.05518,0.04413,-0.99713,0.02722,0.0167
1581554970.001778,0.05518,0.04413,-0.99713,0.02722,0.0167
1581554970.00803,0.05518,0.04413,-0.99713,0.02722,0.0167
1581554970.013302,0.05518,0.04419,-0.99713,0.02722,0.0167
1581554970.019108,0.05518,0.04419,-0.99713,0.02722,0.0167
1581554970.0243342,0.05518,0.04419,-0.99713,0.02716,0.0167
1581554970.02975,0.05518,0.04419,-0.99713,0.02716,0.0167
1581554970.035033,0.05518,0.04419,-0.99713,0.02716,0.0167
1581554970.041009,0.05518,0.04419,-0.99713,0.02716,0.0167
1581554970.046955,0.05518,0.04419,-0.99713,0.02710,0.0167
1581554970.052423,0.05518,0.04413,-0.99713,0.02710,0.0167
1581554970.058135,0.05518,0.04413,-0.99713,0.02710,0.0167
1581554970.064737,0.05518,0.04413,-0.99713,0.02710,0.0167
1581554970.0691142,0.05518,0.04407,-0.99713,0.02710,0.0167
1581554970.074653,0.05524,0.04401,-0.99713,0.02710,0.0167
1581554970.079762,0.05524,0.04401,-0.99713,0.02704,0.0167
1581554970.0851378,0.05524,0.04395,-0.99713,0.02704,0.0167
1581554970.09149,0.05524,0.04395,-0.99713,0.02704,0.0167
1581554970.096298,0.05524,0.04382,-0.99713,0.02704,0.0167
1581554970.102171,0.05524,0.04382,-0.99713,0.02704,0.0167
1581554970.1083038,0.05524,0.04376,-0.99713,0.02704,0.0167
1581554970.11341,0.05524,0.04376,-0.99713,0.02704,0.0167
1581554970.1190772,0.05518,0.04370,-0.99713,0.02704,0.0167
1581554970.1243079,0.05518,0.04364,-0.99713,0.02704,0.0167
1581554970.130181,0.05518,0.04364,-0.99713,0.02704,0.0167
1581554970.1363158,0.05518,0.04358,-0.99713,0.02704,0.0167
1581554970.1411772,0.05518,0.04358,-0.99713,0.02704,0.0167
1581554970.14813,0.05518,0.04358,-0.99713,0.02710,0.0167
1581554970.152412,0.05518,0.04352,-0.99713,0.02710,0.0167
1581554970.1585128,0.05518,0.04352,-0.99713,0.02710,0.0167
1581554970.1639109,0.05518,0.04346,-0.99713,0.02710,0.0167
1581554970.169577,0.05518,0.04346,-0.99713,0.02716,0.0167
1581554970.175592,0.05518,0.04346,-0.99713,0.02716,0.0167
1581554970.180039,0.05518,0.04346,-0.99713,0.02716,0.0167
1581554970.185746,0.05518,0.04346,-0.99713,0.02716,0.0167
1581554970.192034,0.05518,0.04346,-0.99713,0.02722,0.0167
1581554970.19714,0.05518,0.04346,-0.99713,0.02722,0.0167
1581554970.2049558,0.05518,0.04340,-0.99719,0.02722,0.0167
1581554970.210078,0.05518,0.04340,-0.99719,0.02722,0.0167
1581554970.213987,0.05518,0.04340,-0.99719,0.02722,0.0167
1581554970.219133,0.05511,0.04340,-0.99719,0.02722,0.0167
1581554970.22467,0.05511,0.04340,-0.99719,0.02728,0.0167
1581554970.23006,0.05518,0.04340,-0.99719,0.02728,0.0167
1581554970.236306,0.05518,0.04340,-0.99713,0.02728,0.0167
1581554970.241188,0.05518,0.04346,-0.99713,0.02722,0.0167
1581554970.247212,0.05518,0.04352,-0.99713,0.02722,0.0167
1581554970.254943,0.05518,0.04352,-0.99713,0.02722,0.0167
1581554970.260205,0.05518,0.04358,-0.99713,0.02722,0.0167
1581554970.264562,0.05518,0.04358,-0.99713,0.02722,0.0167
1581554970.269695,0.05518,0.04358,-0.99713,0.02722,0.0167
1581554970.275564,0.05511,0.04364,-0.99713,0.02716,0.0167
1581554970.282161,0.05511,0.04364,-0.99713,0.02716,0.0167
1581554970.2872179,0.05511,0.04370,-0.99713,0.02716,0.0167
1581554970.293033,0.05511,0.04370,-0.99713,0.02716,0.0167
1581554970.298059,0.05505,0.04370,-0.99713,0.02716,0.0167
1581554970.305043,0.05505,0.04370,-0.99713,0.02716,0.0167
1581554970.309356,0.05505,0.04370,-0.99713,0.02716,0.0167
1581554970.31438,0.05499,0.04376,-0.99713,0.02710,0.0167
1581554970.3198972,0.05499,0.04376,-0.99713,0.02710,0.0167
1581554970.326661,0.05499,0.04376,-0.99713,0.02710,0.0167
1581554970.3311381,0.05499,0.04382,-0.99713,0.02710,0.0167
1581554970.337704,0.05499,0.04382,-0.99713,0.02716,0.0167
1581554970.342489,0.05499,0.04382,-0.99713,0.02716,0.0167
1581554970.348755,0.05499,0.04382,-0.99713,0.02716,0.0167
1581554970.353673,0.05505,0.04388,-0.99713,0.02716,0.0167
1581554970.359623,0.05505,0.04388,-0.99713,0.02716,0.0167
1581554970.364407,0.05505,0.04388,-0.99713,0.02716,0.0167
1581554970.370024,0.05505,0.04388,-0.99713,0.02716,0.0167
1581554970.375883,0.05505,0.04388,-0.99713,0.02716,0.0167
1581554970.3819242,0.05505,0.04388,-0.99713,0.02716,0.0167
1581554970.3864162,0.05505,0.04388,-0.99713,0.02716,0.0167
1581554970.392886,0.05499,0.04388,-0.99713,0.02716,0.0167
1581554970.397873,0.05499,0.04388,-0.99713,0.02716,0.0167
1581554970.403496,0.05493,0.04388,-0.99713,0.02716,0.0167
1581554970.4092932,0.05493,0.04388,-0.99713,0.02716,0.0167
1581554970.414717,0.05487,0.04395,-0.99713,0.02716,0.0167
1581554970.42159,0.05487,0.04395,-0.99713,0.02716,0.0167
1581554970.4249558,0.05481,0.04395,-0.99713,0.02716,0.0167
1581554970.431521,0.05481,0.04395,-0.99713,0.02716,0.0167
1581554970.4367979,0.05481,0.04395,-0.99713,0.02716,0.0167
1581554970.4421802,0.05487,0.04388,-0.99713,0.02716,0.0167
1581554970.4475121,0.05487,0.04388,-0.99713,0.02716,0.0167
1581554970.453739,0.05487,0.04388,-0.99713,0.02716,0.0167
1581554970.458602,0.05487,0.04388,-0.99713,0.02716,0.0167
1581554970.464452,0.05493,0.04388,-0.99713,0.02716,0.0167
1581554970.4696178,0.05493,0.04395,-0.99713,0.02716,0.0167
1581554970.475866,0.05493,0.04395,-0.99713,0.02710,0.0167
1581554970.480609,0.05493,0.04395,-0.99713,0.02710,0.0167
1581554970.485953,0.05487,0.04395,-0.99713,0.02710,0.0167
1581554970.491536,0.05487,0.04401,-0.99713,0.02710,0.0167
1581554970.497501,0.05487,0.04401,-0.99713,0.02710,0.0167
1581554970.502441,0.05487,0.04401,-0.99713,0.02710,0.0167
1581554970.508346,0.05487,0.04401,-0.99713,0.02710,0.0167
1581554970.5134668,0.05487,0.04407,-0.99713,0.02710,0.0167
1581554970.518821,0.05481,0.04407,-0.99713,0.02710,0.0167
1581554970.524182,0.05481,0.04407,-0.99713,0.02710,0.0167
1581554970.5295,0.05481,0.04407,-0.99713,0.02716,0.0167
1581554970.536072,0.05481,0.04407,-0.99713,0.02716,0.0167
1581554970.540832,0.05481,0.04407,-0.99713,0.02716,0.0167
1581554970.54605,0.05481,0.04407,-0.99713,0.02716,0.0167
1581554970.551975,0.05475,0.04407,-0.99713,0.02716,0.0167
1581554970.55859,0.05475,0.04407,-0.99713,0.02716,0.0167
1581554970.563443,0.05475,0.04413,-0.99713,0.02722,0.0167
1581554970.569026,0.05475,0.04413,-0.99713,0.02722,0.0167
1581554970.5743191,0.05475,0.04413,-0.99713,0.02722,0.0167
1581554970.580572,0.05475,0.04419,-0.99713,0.02728,0.0167
1581554970.5856159,0.05469,0.04419,-0.99713,0.02728,0.0167
1581554970.591257,0.05469,0.04425,-0.99713,0.02728,0.0167
1581554970.59711,0.05469,0.04425,-0.99713,0.02734,0.0167
1581554970.603646,0.05469,0.04431,-0.99713,0.02734,0.0167
1581554970.6084511,0.05469,0.04431,-0.99713,0.02734,0.0167
1581554970.614298,0.05463,0.04437,-0.99713,0.02734,0.0167
1581554970.620615,0.05463,0.04443,-0.99713,0.02734,0.0167
1581554970.6253262,0.05463,0.04443,-0.99713,0.02728,0.0167
1581554970.630618,0.05463,0.04449,-0.99713,0.02728,0.0167
1581554970.636174,0.05457,0.04456,-0.99713,0.02728,0.0167
1581554970.641131,0.05457,0.04456,-0.99713,0.02728,0.0167
1581554970.646873,0.05457,0.04456,-0.99713,0.02722,0.0167
1581554970.652396,0.05450,0.04456,-0.99713,0.02722,0.0167
1581554970.658619,0.05450,0.04456,-0.99713,0.02722,0.0167
1581554970.664567,0.05450,0.04456,-0.99713,0.02716,0.0167
1581554970.671197,0.05450,0.04456,-0.99713,0.02716,0.0167
1581554970.674665,0.05450,0.04449,-0.99713,0.02716,0.0167
1581554970.681277,0.05450,0.04449,-0.99713,0.02710,0.0167
1581554970.685931,0.05457,0.04437,-0.99713,0.02710,0.0167
1581554970.692389,0.05457,0.04437,-0.99713,0.02704,0.0167
1581554970.698431,0.05457,0.04431,-0.99713,0.02704,0.0167
1581554970.703949,0.05457,0.04425,-0.99719,0.02704,0.0167
1581554970.709546,0.05457,0.04419,-0.99719,0.02698,0.0167
1581554970.714686,0.05463,0.04413,-0.99719,0.02698,0.0167
1581554970.720192,0.05463,0.04407,-0.99719,0.02698,0.0167
1581554970.726061,0.05463,0.04395,-0.99719,0.02698,0.0167
1581554970.731599,0.05463,0.04395,-0.99719,0.02698,0.0167
1581554970.736386,0.05463,0.04388,-0.99719,0.02698,0.0167
1581554970.741472,0.05469,0.04388,-0.99719,0.02698,0.0167
1581554970.74744,0.05469,0.04382,-0.99719,0.02698,0.0167
1581554970.753493,0.05469,0.04382,-0.99719,0.02692,0.0167
1581554970.758782,0.05469,0.04376,-0.99719,0.02692,0.0167
1581554970.764639,0.05469,0.04376,-0.99719,0.02692,0.0167
1581554970.769918,0.05475,0.04376,-0.99719,0.02692,0.0167
1581554970.775247,0.05475,0.04370,-0.99719,0.02686,0.0167
1581554970.7823958,0.05475,0.04364,-0.99719,0.02686,0.0167
1581554970.7858691,0.05475,0.04364,-0.99719,0.02686,0.0167
1581554970.791919,0.05481,0.04364,-0.99719,0.02679,0.0167
1581554970.7979462,0.05481,0.04358,-0.99719,0.02679,0.0167
1581554970.8042738,0.05481,0.04358,-0.99719,0.02679,0.0167
1581554970.808845,0.05481,0.04358,-0.99719,0.02673,0.0167
1581554970.813914,0.05481,0.04352,-0.99719,0.02673,0.0167
1581554970.8200161,0.05481,0.04352,-0.99719,0.02673,0.0167
1581554970.8252218,0.05481,0.04352,-0.99719,0.02667,0.0167
1581554970.8304691,0.05487,0.04352,-0.99719,0.02667,0.0167
1581554970.835864,0.05487,0.04352,-0.99719,0.02661,0.0167
1581554970.8426208,0.05487,0.04352,-0.99719,0.02661,0.0167
1581554970.8476632,0.05487,0.04352,-0.99719,0.02661,0.0167
1581554970.85317,0.05487,0.04352,-0.99719,0.02655,0.0167
1581554970.8584251,0.05487,0.04352,-0.99719,0.02655,0.0167
1581554970.864775,0.05487,0.04352,-0.99719,0.02649,0.0167
1581554970.8695302,0.05487,0.04358,-0.99719,0.02649,0.0167
1581554970.874902,0.05487,0.04358,-0.99719,0.02649,0.0167
1581554970.881939,0.05487,0.04358,-0.99719,0.02649,0.0167
1581554970.886164,0.05487,0.04364,-0.99719,0.02643,0.0167
1581554970.892879,0.05487,0.04364,-0.99719,0.02643,0.0167
1581554970.8978162,0.05487,0.04370,-0.99719,0.02643,0.0167
1581554970.903542,0.05487,0.04370,-0.99719,0.02643,0.0167
1581554970.908917,0.05487,0.04370,-0.99719,0.02643,0.0167
1581554970.9142761,0.05487,0.04376,-0.99719,0.02637,0.0167
1581554970.9200041,0.05487,0.04376,-0.99719,0.02637,0.0167
1581554970.9254122,0.05487,0.04376,-0.99719,0.02637,0.0167
1581554970.931072,0.05487,0.04376,-0.99719,0.02637,0.0167
1581554970.936938,0.05487,0.04376,-0.99719,0.02637,0.0167
1581554970.9437819,0.05487,0.04376,-0.99719,0.02637,0.0167
1581554970.9483788,0.05487,0.04376,-0.99719,0.02637,0.0167
1581554970.954442,0.05487,0.04382,-0.99719,0.02637,0.0167
1581554970.959388,0.05487,0.04382,-0.99719,0.02637,0.0167
1581554970.964802,0.05487,0.04382,-0.99719,0.02637,0.0167
1581554970.970289,0.05487,0.04382,-0.99719,0.02637,0.0167
1581554970.976747,0.05487,0.04382,-0.99719,0.02637,0.0167
1581554970.981364,0.05487,0.04382,-0.99719,0.02637,0.0167
1581554970.986431,0.05487,0.04382,-0.99719,0.02637,0.0167
1581554970.9921129,0.05487,0.04382,-0.99719,0.02637,0.0167
1581554970.999982,0.05487,0.04382,-0.99719,0.02637,0.0167
1581554971.003895,0.05487,0.04382,-0.99719,0.02637,0.0167
1581554971.00931,0.05487,0.04382,-0.99719,0.02637,0.0167
1581554971.0159192,0.05487,0.04382,-0.99719,0.02637,0.0167
1581554971.0196,0.05487,0.04382,-0.99719,0.02637,0.0167
1581554971.025293,0.05487,0.04382,-0.99719,0.02637,0.0167
1581554971.031125,0.05481,0.04382,-0.99719,0.02637,0.0167
1581554971.0364,0.05481,0.04382,-0.99719,0.02637,0.0167
1581554971.042104,0.05481,0.04376,-0.99719,0.02637,0.0167
1581554971.048459,0.05481,0.04370,-0.99719,0.02637,0.0167
1581554971.054541,0.05487,0.04364,-0.99719,0.02637,0.0167
1581554971.059032,0.05487,0.04364,-0.99719,0.02637,0.0167
1581554971.065411,0.05493,0.04358,-0.99719,0.02637,0.0167
1581554971.069906,0.05499,0.04352,-0.99719,0.02637,0.0167
1581554971.0753868,0.05499,0.04346,-0.99719,0.02637,0.0167
1581554971.080682,0.05505,0.04340,-0.99719,0.02637,0.0167
1581554971.086347,0.05511,0.04333,-0.99719,0.02631,0.0167
1581554971.092335,0.05511,0.04333,-0.99719,0.02631,0.0167
1581554971.097488,0.05511,0.04327,-0.99719,0.02631,0.0167
1581554971.102973,0.05511,0.04327,-0.99719,0.02631,0.0167
1581554971.10917,0.05518,0.04327,-0.99719,0.02631,0.0167
1581554971.114314,0.05518,0.04327,-0.99719,0.02625,0.0167
1581554971.1193652,0.05518,0.04327,-0.99719,0.02625,0.0167
1581554971.1253288,0.05518,0.04327,-0.99719,0.02625,0.0167
1581554971.1305668,0.05518,0.04327,-0.99719,0.02625,0.0167
1581554971.135711,0.05524,0.04327,-0.99719,0.02618,0.0167
1581554971.1409988,0.05524,0.04327,-0.99719,0.02618,0.0167
1581554971.146516,0.05530,0.04327,-0.99719,0.02618,0.0167
1581554971.152265,0.05530,0.04327,-0.99719,0.02618,0.0167
1581554971.158048,0.05530,0.04327,-0.99719,0.02618,0.0167
1581554971.1639209,0.05536,0.04327,-0.99719,0.02618,0.0167
1581554971.168889,0.05536,0.04327,-0.99719,0.02618,0.0167
1581554971.1746402,0.05542,0.04327,-0.99719,0.02618,0.0167
1581554971.1801522,0.05542,0.04327,-0.99719,0.02618,0.0167
1581554971.1854239,0.05542,0.04333,-0.99719,0.02618,0.0167
1581554971.1915689,0.05548,0.04333,-0.99719,0.02625,0.0167
1581554971.196838,0.05548,0.04340,-0.99719,0.02625,0.0167
1581554971.2030551,0.05554,0.04340,-0.99719,0.02625,0.0167
1581554971.208161,0.05554,0.04346,-0.99719,0.02625,0.0167
1581554971.213661,0.05554,0.04346,-0.99719,0.02625,0.0167
1581554971.21889,0.05560,0.04352,-0.99713,0.02631,0.0167
1581554971.224919,0.05560,0.04352,-0.99713,0.02631,0.0167
1581554971.2296,0.05560,0.04358,-0.99713,0.02631,0.0167
1581554971.236598,0.05566,0.04358,-0.99713,0.02631,0.0167
1581554971.24109,0.05566,0.04370,-0.99713,0.02631,0.0167
1581554971.246612,0.05573,0.04370,-0.99713,0.02631,0.0167
1581554971.252414,0.05573,0.04376,-0.99713,0.02631,0.0167
1581554971.258068,0.05573,0.04376,-0.99713,0.02625,0.0167
1581554971.2632792,0.05573,0.04376,-0.99713,0.02625,0.0167
1581554971.2685041,0.05573,0.04376,-0.99713,0.02625,0.0167
1581554971.273822,0.05573,0.04376,-0.99713,0.02618,0.0167
1581554971.28018,0.05573,0.04376,-0.99713,0.02618,0.0167
1581554971.285069,0.05573,0.04376,-0.99713,0.02618,0.0167
1581554971.290355,0.05579,0.04376,-0.99713,0.02612,0.0167
1581554971.295978,0.05579,0.04370,-0.99713,0.02612,0.0167
1581554971.3011541,0.05579,0.04370,-0.99713,0.02606,0.0167
1581554971.307286,0.05579,0.04370,-0.99713,0.02606,0.0167
1581554971.312099,0.05585,0.04364,-0.99713,0.02606,0.0167
1581554971.318021,0.05585,0.04364,-0.99713,0.02606,0.0167
1581554971.324911,0.05585,0.04358,-0.99713,0.02600,0.0167
1581554971.329026,0.05585,0.04358,-0.99713,0.02600,0.0167
1581554971.334629,0.05585,0.04352,-0.99713,0.02600,0.0167
1581554971.3403058,0.05585,0.04352,-0.99713,0.02600,0.0167
1581554971.346161,0.05585,0.04346,-0.99713,0.02594,0.0167
1581554971.352376,0.05591,0.04346,-0.99713,0.02594,0.0167
1581554971.3565922,0.05591,0.04346,-0.99713,0.02594,0.0167
1581554971.362825,0.05591,0.04346,-0.99713,0.02594,0.0167
1581554971.368713,0.05591,0.04346,-0.99713,0.02588,0.0167
1581554971.3741288,0.05591,0.04346,-0.99713,0.02588,0.0167
1581554971.3790479,0.05591,0.04346,-0.99713,0.02588,0.0167
1581554971.384366,0.05597,0.04346,-0.99713,0.02588,0.0167
1581554971.390466,0.05597,0.04346,-0.99713,0.02588,0.0167
1581554971.3956459,0.05597,0.04346,-0.99713,0.02588,0.0167
1581554971.400835,0.05603,0.04346,-0.99713,0.02588,0.0167
1581554971.4072561,0.05609,0.04340,-0.99713,0.02588,0.0167
1581554971.412135,0.05609,0.04340,-0.99713,0.02594,0.0167
1581554971.41814,0.05609,0.04340,-0.99713,0.02594,0.0167
1581554971.4230258,0.05615,0.04340,-0.99713,0.02594,0.0167
1581554971.428931,0.05621,0.04340,-0.99713,0.02594,0.0167
1581554971.433897,0.05621,0.04340,-0.99713,0.02594,0.0167
1581554971.4393759,0.05627,0.04340,-0.99713,0.02594,0.0167
1581554971.444437,0.05627,0.04340,-0.99713,0.02594,0.0167
1581554971.450346,0.05634,0.04340,-0.99713,0.02594,0.0167
1581554971.4556339,0.05640,0.04340,-0.99713,0.02600,0.0167
1581554971.461424,0.05640,0.04340,-0.99713,0.02600,0.0167
1581554971.4667048,0.05646,0.04340,-0.99713,0.02600,0.0167
1581554971.472545,0.05646,0.04340,-0.99713,0.02600,0.0167
1581554971.4785511,0.05646,0.04340,-0.99713,0.02600,0.0167
1581554971.484174,0.05646,0.04340,-0.99713,0.02600,0.0167
1581554971.488548,0.05652,0.04340,-0.99713,0.02600,0.0167
1581554971.4943318,0.05652,0.04340,-0.99713,0.02594,0.0167
1581554971.4995918,0.05652,0.04340,-0.99713,0.02594,0.0167
1581554971.5053198,0.05652,0.04340,-0.99713,0.02594,0.0167
1581554971.510561,0.05652,0.04340,-0.99713,0.02594,0.0167
1581554971.516971,0.05652,0.04340,-0.99713,0.02594,0.0167
1581554971.5218182,0.05652,0.04340,-0.99713,0.02588,0.0167
1581554971.527769,0.05652,0.04340,-0.99713,0.02588,0.0167
1581554971.5332968,0.05652,0.04340,-0.99713,0.02588,0.0167
1581554971.538665,0.05646,0.04346,-0.99713,0.02588,0.0167
1581554971.5452569,0.05646,0.04346,-0.99713,0.02588,0.0167
1581554971.549394,0.05646,0.04346,-0.99713,0.02588,0.0167
1581554971.5548851,0.05646,0.04346,-0.99713,0.02588,0.0167
1581554971.560426,0.05646,0.04346,-0.99713,0.02582,0.0167
1581554971.566143,0.05646,0.04340,-0.99713,0.02582,0.0167
1581554971.572074,0.05646,0.04340,-0.99713,0.02582,0.0167
1581554971.577475,0.05646,0.04340,-0.99713,0.02588,0.0167
1581554971.583097,0.05646,0.04340,-0.99713,0.02588,0.0167
1581554971.588709,0.05646,0.04333,-0.99713,0.02588,0.0167
1581554971.593908,0.05646,0.04333,-0.99713,0.02588,0.0167
1581554971.6006021,0.05646,0.04333,-0.99713,0.02588,0.0167
1581554971.604597,0.05646,0.04327,-0.99713,0.02588,0.0167
1581554971.610608,0.05646,0.04327,-0.99713,0.02594,0.0167
1581554971.6158762,0.05640,0.04327,-0.99713,0.02594,0.0167
1581554971.62193,0.05640,0.04321,-0.99713,0.02594,0.0167
1581554971.627816,0.05634,0.04321,-0.99713,0.02600,0.0167
1581554971.634219,0.05634,0.04321,-0.99713,0.02600,0.0167
1581554971.6386108,0.05634,0.04315,-0.99713,0.02600,0.0167
1581554971.64466,0.05627,0.04315,-0.99713,0.02606,0.0167
1581554971.6498408,0.05627,0.04315,-0.99713,0.02606,0.0167
1581554971.65505,0.05627,0.04309,-0.99713,0.02612,0.0167
1581554971.660501,0.05634,0.04303,-0.99713,0.02612,0.0167
1581554971.665513,0.05634,0.04303,-0.99713,0.02612,0.0167
1581554971.6721249,0.05634,0.04303,-0.99713,0.02612,0.0167
1581554971.677435,0.05640,0.04303,-0.99713,0.02612,0.0167
1581554971.683393,0.05640,0.04303,-0.99713,0.02612,0.0167
1581554971.6893692,0.05640,0.04303,-0.99713,0.02618,0.0167
1581554971.69403,0.05640,0.04303,-0.99713,0.02618,0.0167
1581554971.6994529,0.05640,0.04303,-0.99713,0.02618,0.0167
1581554971.705636,0.05640,0.04309,-0.99713,0.02618,0.0167
1581554971.7107258,0.05640,0.04309,-0.99713,0.02618,0.0167
1581554971.715987,0.05640,0.04303,-0.99713,0.02618,0.0167
1581554971.721927,0.05640,0.04303,-0.99713,0.02618,0.0167
1581554971.728489,0.05640,0.04303,-0.99713,0.02618,0.0167
1581554971.7330189,0.05640,0.04303,-0.99713,0.02618,0.0167
1581554971.738413,0.05640,0.04297,-0.99713,0.02618,0.0167
1581554971.744587,0.05640,0.04297,-0.99713,0.02612,0.0167
1581554971.750182,0.05640,0.04297,-0.99713,0.02612,0.0167
1581554971.7565398,0.05640,0.04291,-0.99713,0.02612,0.0167
1581554971.7601888,0.05640,0.04291,-0.99713,0.02612,0.0167
1581554971.765663,0.05640,0.04291,-0.99713,0.02612,0.0167
1581554971.7717278,0.05640,0.04291,-0.99713,0.02612,0.0167
1581554971.777132,0.05634,0.04291,-0.99713,0.02612,0.0167
1581554971.78285,0.05634,0.04291,-0.99713,0.02612,0.0167
1581554971.788529,0.05634,0.04291,-0.99713,0.02612,0.0167
1581554971.793601,0.05634,0.04291,-0.99713,0.02612,0.0167
1581554971.799241,0.05634,0.04291,-0.99713,0.02612,0.0167
1581554971.804579,0.05634,0.04291,-0.99713,0.02612,0.0167
1581554971.8100932,0.05634,0.04285,-0.99713,0.02612,0.0167
1581554971.8160572,0.05634,0.04285,-0.99713,0.02612,0.0167
1581554971.8209019,0.05634,0.04285,-0.99713,0.02618,0.0167
1581554971.8262331,0.05634,0.04285,-0.99713,0.02618,0.0167
1581554971.831975,0.05634,0.04279,-0.99713,0.02618,0.0167
1581554971.8385432,0.05634,0.04279,-0.99713,0.02618,0.0167
1581554971.844085,0.05634,0.04272,-0.99713,0.02625,0.0167
1581554971.849239,0.05634,0.04272,-0.99713,0.02625,0.0167
1581554971.854222,0.05634,0.04266,-0.99713,0.02625,0.0167
1581554971.859982,0.05634,0.04266,-0.99713,0.02625,0.0167
1581554971.8685381,0.05634,0.04260,-0.99713,0.02631,0.0167
1581554971.872706,0.05634,0.04260,-0.99713,0.02637,0.0167
1581554971.876933,0.05634,0.04254,-0.99713,0.02637,0.0167
1581554971.883372,0.05634,0.04248,-0.99713,0.02637,0.0167
1581554971.8883688,0.05634,0.04242,-0.99713,0.02637,0.0167
1581554971.893445,0.05634,0.04236,-0.99719,0.02643,0.0167
1581554971.898465,0.05634,0.04230,-0.99719,0.02643,0.0167
1581554971.904489,0.05640,0.04224,-0.99719,0.02643,0.0167
1581554971.9091709,0.05640,0.04218,-0.99719,0.02643,0.0167
1581554971.915725,0.05640,0.04211,-0.99719,0.02649,0.0167
1581554971.920311,0.05640,0.04193,-0.99719,0.02649,0.0167
1581554971.9265358,0.05640,0.04193,-0.99719,0.02649,0.0167
1581554971.932491,0.05640,0.04187,-0.99719,0.02649,0.0167
1581554971.936987,0.05640,0.04181,-0.99719,0.02649,0.0167
1581554971.9430678,0.05640,0.04175,-0.99719,0.02649,0.0167
1581554971.949091,0.05640,0.04169,-0.99719,0.02649,0.0167
1581554971.953629,0.05640,0.04169,-0.99719,0.02649,0.0167
1581554971.958986,0.05640,0.04169,-0.99719,0.02649,0.0167
1581554971.965307,0.05646,0.04169,-0.99719,0.02649,0.0167
1581554971.970391,0.05652,0.04169,-0.99719,0.02649,0.0167
1581554971.9755871,0.05652,0.04169,-0.99719,0.02643,0.0167
1581554971.9815848,0.05658,0.04169,-0.99719,0.02643,0.0167
1581554971.986994,0.05658,0.04175,-0.99719,0.02643,0.0167
1581554971.992069,0.05664,0.04175,-0.99719,0.02637,0.0167
1581554971.998612,0.05670,0.04181,-0.99719,0.02637,0.0167
1581554972.003781,0.05670,0.04181,-0.99719,0.02631,0.0167
1581554972.0089521,0.05670,0.04187,-0.99719,0.02631,0.0167
1581554972.0152938,0.05676,0.04187,-0.99719,0.02625,0.0167
1581554972.019989,0.05676,0.04193,-0.99719,0.02618,0.0167
1581554972.02526,0.05682,0.04199,-0.99713,0.02612,0.0167
1581554972.030484,0.05682,0.04205,-0.99713,0.02612,0.0167
1581554972.036541,0.05682,0.04211,-0.99713,0.02606,0.0167
1581554972.04229,0.05682,0.04211,-0.99713,0.02606,0.0167
1581554972.048322,0.05682,0.04218,-0.99713,0.02600,0.0167
1581554972.0533,0.05688,0.04224,-0.99713,0.02600,0.0167
1581554972.058496,0.05688,0.04224,-0.99713,0.02594,0.0167
1581554972.0641768,0.05688,0.04230,-0.99713,0.02594,0.0167
1581554972.070108,0.05688,0.04230,-0.99713,0.02594,0.0167
1581554972.07541,0.05688,0.04236,-0.99713,0.02594,0.0167
1581554972.081434,0.05688,0.04242,-0.99713,0.02594,0.0167
1581554972.08698,0.05688,0.04242,-0.99713,0.02594,0.0167
1581554972.0929658,0.05688,0.04242,-0.99713,0.02594,0.0167
1581554972.0987709,0.05688,0.04242,-0.99713,0.02600,0.0167
1581554972.103555,0.05688,0.04242,-0.99713,0.02600,0.0167
1581554972.1089768,0.05688,0.04242,-0.99713,0.02600,0.0167
1581554972.114927,0.05688,0.04242,-0.99713,0.02606,0.0167
1581554972.1201868,0.05688,0.04242,-0.99713,0.02606,0.0167
1581554972.126262,0.05688,0.04236,-0.99713,0.02612,0.0167
1581554972.1324,0.05688,0.04236,-0.99713,0.02612,0.0167
1581554972.137611,0.05688,0.04230,-0.99713,0.02618,0.0167
1581554972.1444402,0.05688,0.04230,-0.99713,0.02618,0.0167
1581554972.1489742,0.05688,0.04224,-0.99713,0.02625,0.0167
1581554972.154496,0.05695,0.04224,-0.99713,0.02625,0.0167
1581554972.16029,0.05695,0.04218,-0.99713,0.02631,0.0167
1581554972.165427,0.05695,0.04218,-0.99713,0.02631,0.0167
1581554972.170521,0.05695,0.04211,-0.99713,0.02637,0.0167
1581554972.176959,0.05695,0.04205,-0.99713,0.02643,0.0167
1581554972.182106,0.05688,0.04205,-0.99713,0.02643,0.0167
1581554972.1894941,0.05688,0.04205,-0.99713,0.02643,0.0167
1581554972.1934268,0.05688,0.04205,-0.99713,0.02649,0.0167
1581554972.198379,0.05688,0.04205,-0.99713,0.02649,0.0167
1581554972.204221,0.05682,0.04205,-0.99713,0.02655,0.0167
1581554972.2096808,0.05682,0.04205,-0.99713,0.02655,0.0167
1581554972.214512,0.05676,0.04205,-0.99713,0.02655,0.0167
1581554972.221636,0.05676,0.04205,-0.99713,0.02661,0.0167
1581554972.2253509,0.05676,0.04205,-0.99713,0.02661,0.0167
1581554972.231553,0.05676,0.04199,-0.99713,0.02667,0.0167
1581554972.239458,0.05676,0.04199,-0.99713,0.02667,0.0167
1581554972.24285,0.05682,0.04193,-0.99713,0.02667,0.0167
1581554972.248652,0.05682,0.04193,-0.99713,0.02667,0.0167
1581554972.254507,0.05688,0.04193,-0.99713,0.02673,0.0167
1581554972.2594361,0.05688,0.04193,-0.99713,0.02673,0.0167
1581554972.265483,0.05695,0.04199,-0.99713,0.02673,0.0167
1581554972.271111,0.05695,0.04199,-0.99713,0.02679,0.0167
