SaveFileName,FrameCount,UTC,TimeSinceStart,HeadPositionX,HeadPositionY,HeadPositionZ,HeadForwardVectorX,HeadForwardVectorY,HeadForwardVectorZ,HeadAngleX,HeadAngleY,HeadAngleZ,HeadQuaternionX,HeadQuaternionY,HeadQuaternionZ,HeadQuaternionW,TargetPositionX,TargetPositionY,TargetPositionZ,AngleDifference,OverTarget
T4_EU_PS_B3_C2_P297869_S14_0821105453.csv,10878,1566352803602,312.8749,-0.04528912,0.08128247,0.06859969,0.01382269,-0.01958119,0.9997127,1.121991,0.7921586,1.018335,0.00985187,0.006825223,0.00881821,0.9998893,-1.311342E-07,-1.5,10,7.942233,0
T4_EU_PS_B3_C2_P297869_S14_0821105453.csv,10879,1566352803637,312.9101,-0.04560118,0.08107573,0.068533,0.01233586,-0.02177995,0.9996867,1.247998,0.7069783,1.084305,0.0109483,0.006065821,0.009394275,0.9998776,-2.622683E-08,-0.3,2.0686,9.555182,0
T4_EU_PS_B3_C2_P297869_S14_0821105453.csv,10880,1566352803669,312.9417,-0.04605313,0.0808567,0.06848369,0.01016045,-0.02373645,0.9996666,1.360126,0.5823252,0.9591832,0.01191102,0.004981841,0.008309344,0.9998822,-2.622683E-08,-0.3,2.068533,9.446853,0
T4_EU_PS_B3_C2_P297869_S14_0821105453.csv,10881,1566352803705,312.9791,-0.04641674,0.0806158,0.06831886,0.008431157,-0.02684717,0.999604,1.538414,0.4832497,1.048028,0.01346268,0.004093803,0.009088129,0.9998597,-2.622683E-08,-0.3,2.068484,9.271036,0
T4_EU_PS_B3_C2_P297869_S14_0821105453.csv,10882,1566352803736,313.0096,-0.04674134,0.08052425,0.06832151,0.007160603,-0.02702874,0.999609,1.548821,0.4104258,1.120853,0.0135499,0.003448937,0.009731767,0.9998549,-2.622683E-08,-0.3,2.068319,9.266752,0
T4_EU_PS_B3_C2_P297869_S14_0821105453.csv,10883,1566352803771,313.0437,-0.04693166,0.08045854,0.06835023,0.006891115,-0.02720601,0.9996061,1.558982,0.3949811,1.163067,0.01363846,0.003308282,0.01010161,0.9998505,-2.622683E-08,-0.3,2.068321,9.257035,0
T4_EU_PS_B3_C2_P297869_S14_0821105453.csv,10884,1566352803801,313.0754,-0.04708943,0.08033495,0.06841835,0.005171833,-0.02821127,0.9995886,1.616601,0.2964435,1.196435,0.01413323,0.00243927,0.01040311,0.9998431,-2.622683E-08,-0.3,2.06835,9.207587,0
T4_EU_PS_B3_C2_P297869_S14_0821105453.csv,10885,1566352803838,313.1107,-0.04716106,0.08036141,0.06861224,0.004355103,-0.0268815,0.9996291,1.540382,0.24962,1.191235,0.01346385,0.002038297,0.01036506,0.9998536,-2.622683E-08,-0.3,2.068418,9.290285,0
T4_EU_PS_B3_C2_P297869_S14_0821105453.csv,10886,1566352803868,313.1415,-0.04710611,0.0803647,0.06871149,0.003921425,-0.02674197,0.9996347,1.532385,0.2247621,1.119531,0.01339068,0.001830508,0.009742477,0.9998612,-2.622683E-08,-0.3,2.068612,9.300582,0
T4_EU_PS_B3_C2_P297869_S14_0821105453.csv,10887,1566352803904,313.1769,-0.0468927,0.08013974,0.06881825,0.004922732,-0.02905748,0.9995656,1.665106,0.282172,1.088378,0.01455296,0.002324037,0.009460936,0.9998467,-2.622683E-08,-0.3,2.068712,9.155256,0
T4_EU_PS_B3_C2_P297869_S14_0821105453.csv,10888,1566352803935,313.2087,-0.04654974,0.07997,0.06894734,0.00649672,-0.03180562,0.999473,1.822635,0.3724257,1.033025,0.01593338,0.003106102,0.008961844,0.9998281,-2.622683E-08,-0.3,2.068818,8.983145,0
T4_EU_PS_B3_C2_P297869_S14_0821105453.csv,10889,1566352803970,313.2427,-0.04616805,0.08004567,0.06911032,0.0084147,-0.03123002,0.9994768,1.789639,0.4823678,1.011515,0.01565332,0.004070913,0.008760133,0.9998308,-2.622683E-08,-0.3,2.068947,9.006365,0
T4_EU_PS_B3_C2_P297869_S14_0821105453.csv,10890,1566352804001,313.2753,-0.04583009,0.08011489,0.06913963,0.0102017,-0.02975932,0.999505,1.705335,0.5847832,0.9251753,0.01492182,0.004982299,0.007996651,0.9998443,-2.622683E-08,-0.3,2.06911,9.082011,0
T4_EU_PS_B3_C2_P297869_S14_0821105453.csv,10891,1566352804036,313.31,-0.04569026,0.08034633,0.06906482,0.01039719,-0.02772576,0.9995615,1.588772,0.5959551,0.9332277,0.01390591,0.005087087,0.008070864,0.9998578,-2.622683E-08,-0.3,2.06914,9.20289,0
T4_EU_PS_B3_C2_P297869_S14_0821105453.csv,10892,1566352804068,313.3416,-0.0454465,0.0806141,0.06887881,0.01167403,-0.02574682,0.9996004,1.475347,0.6691096,0.8902471,0.01291923,0.005738372,0.007692845,0.9998705,-2.622683E-08,-0.3,2.069065,9.317112,0
T4_EU_PS_B3_C2_P297869_S14_0821105453.csv,10893,1566352804103,313.3771,-0.04520486,0.08070751,0.06864409,0.0128125,-0.02533167,0.999597,1.451553,0.734358,0.8570831,0.01271417,0.006313007,0.007397465,0.9998719,-2.622683E-08,-0.3,2.068879,9.338625,0
T4_EU_PS_B3_C2_P297869_S14_0821105453.csv,10894,1566352804135,313.4087,-0.0449595,0.08054827,0.06842309,0.01376718,-0.02712682,0.9995372,1.554443,0.7891166,0.8273029,0.0136137,0.006787546,0.007125274,0.9998589,-2.622683E-08,-0.3,2.068644,9.22816,0
T4_EU_PS_B3_C2_P297869_S14_0821105453.csv,10895,1566352804170,313.4426,-0.04478,0.08001608,0.06815644,0.01543854,-0.03228142,0.9993595,1.849911,0.8850594,0.7213268,0.01619062,0.007620752,0.006169037,0.9998208,-2.622683E-08,-0.3,2.068423,8.913215,0
T4_EU_PS_B3_C2_P297869_S14_0821105453.csv,10896,1566352804202,313.4759,-0.04453386,0.07872705,0.06765254,0.01894716,-0.04441806,0.9988334,2.545805,1.08673,0.4322038,0.02224912,0.009397173,0.003559913,0.999702,-2.622683E-08,-0.3,2.068156,8.173875,0
T4_EU_PS_B3_C2_P297869_S14_0821105453.csv,10897,1566352804236,313.5088,-0.04397415,0.07673962,0.0669447,0.02602394,-0.06593282,0.9974846,3.780415,1.494483,0.06040258,0.03298842,0.01301697,9.661637E-05,0.999371,-2.622683E-08,-0.3,2.067652,6.885127,0
T4_EU_PS_B3_C2_P297869_S14_0821105453.csv,10898,1566352804268,313.5413,-0.0434071,0.0742331,0.06630053,0.03258003,-0.09439063,0.995002,5.416248,1.875405,359.9245,0.04723097,0.01637812,-0.001431528,0.9987487,-2.622683E-08,-0.3,2.066945,5.214136,0
T4_EU_PS_B3_C2_P297869_S14_0821105453.csv,10899,1566352804303,313.5761,-0.04322001,0.07189117,0.0661012,0.03767451,-0.1213353,0.9918963,6.969175,2.17518,359.9174,0.06075542,0.01898956,-0.001872466,0.9979703,-2.622683E-08,-0.3,2.066301,3.67951,0
T4_EU_PS_B3_C2_P297869_S14_0821105453.csv,10900,1566352804335,313.6083,-0.04298492,0.07204179,0.06733559,0.04196187,-0.1164149,0.9923139,6.68524,2.421418,0.2292736,0.0583357,0.02097666,0.0007649632,0.9980763,-2.622683E-08,-0.3,2.066101,4.031772,0
T4_EU_PS_B3_C2_P297869_S14_0821105453.csv,10901,1566352804369,313.6422,-0.04320147,0.07298777,0.0685497,0.04112571,-0.1027883,0.9938527,5.899755,2.369552,0.3616554,0.05151624,0.02048689,0.002087109,0.9984598,-2.622683E-08,-0.3,2.067336,4.800406,0
T4_EU_PS_B3_C2_P297869_S14_0821105453.csv,10902,1566352804401,313.6749,-0.04387034,0.07231688,0.06827394,0.03711913,-0.1107195,0.9931583,6.356793,2.140424,0.4059487,0.05550108,0.01845241,0.002500921,0.998285,-2.622683E-08,-0.3,2.06855,4.274985,0
T4_EU_PS_B3_C2_P297869_S14_0821105453.csv,10903,1566352804437,313.7097,-0.04463351,0.07278997,0.06834133,0.03108301,-0.1056993,0.9939122,6.06746,1.79125,0.5098341,0.0529863,0.01537347,0.003615107,0.9984704,-2.622683E-08,-0.3,2.068274,4.517396,0
T4_EU_PS_B3_C2_P297869_S14_0821105453.csv,10904,1566352804469,313.7426,-0.04531628,0.07307799,0.06844315,0.02533639,-0.1018845,0.9944735,5.847696,1.459419,0.5565075,0.05106566,0.01247106,0.004200098,0.9986086,-2.622683E-08,-0.3,2.068341,4.71937,0
T4_EU_PS_B3_C2_P297869_S14_0821105453.csv,10905,1566352804502,313.776,-0.04571215,0.07274432,0.06835182,0.02185715,-0.1058156,0.9941455,6.074161,1.259494,0.6001166,0.05303578,0.0106979,0.004646994,0.9985245,-2.622683E-08,-0.3,2.068443,4.480171,0
T4_EU_PS_B3_C2_P297869_S14_0821105453.csv,10906,1566352804536,313.8097,-0.04587336,0.07197191,0.06835236,0.02078744,-0.1140393,0.9932587,6.548216,1.198941,0.69493,0.05717203,0.01009894,0.005456606,0.9982983,-2.622683E-08,-0.3,2.068352,3.98659,0
T4_EU_PS_B3_C2_P297869_S14_0821105453.csv,10907,1566352804571,313.8426,-0.04577682,0.07045417,0.06832354,0.02161742,-0.1297178,0.9913153,7.453283,1.24924,0.7330258,0.0650607,0.01046244,0.005674368,0.9978104,-2.622683E-08,-0.3,2.068352,3.038218,0
T4_EU_PS_B3_C2_P297869_S14_0821105453.csv,10908,1566352804602,313.8755,-0.04563175,0.06818552,0.06825199,0.02430278,-0.1533369,0.987875,8.820357,1.409253,0.5910589,0.07695256,0.01186457,0.004196642,0.9969553,-2.622683E-08,-0.3,2.068324,1.610705,0
T4_EU_PS_B3_C2_P297869_S14_0821105453.csv,10909,1566352804638,313.9102,-0.04543602,0.06600326,0.06826545,0.02665768,-0.1764321,0.9839517,10.16201,1.551904,0.5434257,0.08861893,0.01306918,0.003523831,0.9959736,-2.622683E-08,-0.3,2.068252,0.3214254,0
T4_EU_PS_B3_C2_P297869_S14_0821105453.csv,10910,1566352804668,313.9412,-0.04533626,0.0641159,0.0685712,0.02708393,-0.1945975,0.9805092,11.22121,1.58224,0.4164401,0.09780711,0.01338571,0.002266481,0.9951128,-2.622683E-08,-0.3,2.068265,0.9460534,1
T4_EU_PS_B3_C2_P297869_S14_0821105453.csv,10911,1566352804702,313.9757,-0.04513172,0.06240435,0.06906213,0.02854413,-0.2118395,0.9768875,12.23017,1.673675,0.335944,0.1065566,0.01420962,0.001358858,0.9942042,-2.622683E-08,-0.3,2.068571,1.994883,1
T4_EU_PS_B3_C2_P297869_S14_0821105453.csv,10912,1566352804736,314.009,-0.04503001,0.06324925,0.07083032,0.02978177,-0.1989868,0.9795495,11.47772,1.741458,0.3157564,0.1000243,0.01484478,0.001221801,0.9948735,-2.622683E-08,-0.3,2.069062,1.257722,0
T4_EU_PS_B3_C2_P297869_S14_0821105453.csv,10913,1566352804770,314.0424,-0.04492886,0.06331892,0.07165675,0.03112737,-0.1948871,0.9803317,11.23813,1.818638,0.3441539,0.0979487,0.01549958,0.001434615,0.9950697,-2.622683E-08,-0.3,2.07083,1.075746,0
T4_EU_PS_B3_C2_P297869_S14_0821105453.csv,10914,1566352804800,314.0741,-0.04486097,0.06188214,0.07088423,0.03156142,-0.2140516,0.9763123,12.35989,1.851565,0.365723,0.1076881,0.01571975,0.001433227,0.9940594,-2.622683E-08,-0.3,2.071657,2.182116,1
T4_EU_PS_B3_C2_P297869_S14_0821105453.csv,10915,1566352804836,314.1093,-0.04489169,0.0612809,0.07090148,0.03197793,-0.2204596,0.9748718,12.73603,1.878753,0.3875566,0.1109537,0.01591817,0.001542375,0.9936969,-2.622683E-08,-0.3,2.070884,2.565672,0
T4_EU_PS_B3_C2_P297869_S14_0821105453.csv,10916,1566352804869,314.1419,-0.04480226,0.0621268,0.07175951,0.03196173,-0.2094718,0.9772922,12.0914,1.873155,0.4523287,0.1053709,0.01583891,0.002203289,0.9943044,-2.622683E-08,-0.3,2.070901,1.915915,0
T4_EU_PS_B3_C2_P297869_S14_0821105453.csv,10917,1566352804902,314.1756,-0.04487474,0.06243972,0.0719365,0.03035134,-0.2067192,0.9779294,11.93016,1.77768,0.3903124,0.1039618,0.01507455,0.00177517,0.9944655,-2.622683E-08,-0.3,2.071759,1.728956,0
T4_EU_PS_B3_C2_P297869_S14_0821105453.csv,10918,1566352804935,314.2083,-0.0448522,0.06248768,0.0718034,0.02883871,-0.2070629,0.9779025,11.95029,1.689184,0.3670341,0.1041321,0.01432684,0.001650803,0.994459,-2.622683E-08,-0.3,2.071937,1.726804,0
T4_EU_PS_B3_C2_P297869_S14_0821105453.csv,10919,1566352804969,314.2418,-0.04476535,0.06281216,0.07184466,0.02834594,-0.203091,0.9787495,11.71777,1.658901,0.3832825,0.1021156,0.01405905,0.001849246,0.9946715,-2.622683E-08,-0.3,2.071803,1.484904,0
T4_EU_PS_B3_C2_P297869_S14_0821105453.csv,10920,1566352805001,314.2745,-0.04472834,0.0632991,0.07182553,0.02754827,-0.1983783,0.9797383,11.44214,1.610618,0.4404556,0.09972884,0.01360159,0.002423113,0.9949188,-2.622683E-08,-0.3,2.071845,1.19403,0
T4_EU_PS_B3_C2_P297869_S14_0821105453.csv,10921,1566352805036,314.3093,-0.04464787,0.06398793,0.07180153,0.02647702,-0.1914436,0.9811465,11.03705,1.545797,0.5453818,0.0962216,0.01296889,0.003439636,0.9952695,-2.622683E-08,-0.3,2.071826,0.7710097,0
T4_EU_PS_B3_C2_P297869_S14_0821105453.csv,10922,1566352805069,314.3424,-0.04461543,0.06438174,0.07165647,0.02509435,-0.1886373,0.9817262,10.87327,1.464245,0.5009589,0.09479184,0.01230584,0.003141056,0.9954161,-2.622683E-08,-0.3,2.071801,0.5804718,1
T4_EU_PS_B3_C2_P297869_S14_0821105453.csv,10923,1566352805102,314.3762,-0.04461652,0.06460924,0.07155681,0.02401667,-0.1873692,0.9819959,10.7993,1.401003,0.4539053,0.09414263,0.01179869,0.002792727,0.9954849,-2.622683E-08,-0.3,2.071656,0.4857778,1
T4_EU_PS_B3_C2_P297869_S14_0821105453.csv,10924,1566352805134,314.4076,-0.04444505,0.06482953,0.07151726,0.02426969,-0.1848434,0.9824682,10.65201,1.415077,0.5050626,0.09286868,0.01188605,0.003241912,0.9956021,-2.622683E-08,-0.3,2.071557,0.3466151,1
T4_EU_PS_B3_C2_P297869_S14_0821105453.csv,10925,1566352805170,314.4431,-0.04423298,0.06494394,0.07153013,0.02487181,-0.1836427,0.9826784,10.58201,1.449859,0.5162683,0.09226272,0.01218262,0.003319031,0.9956546,-2.622683E-08,-0.3,2.071517,0.302612,1
T4_EU_PS_B3_C2_P297869_S14_0821105453.csv,10926,1566352805200,314.4738,-0.0439998,0.06491259,0.07153054,0.02469748,-0.1839319,0.9826286,10.59887,1.439774,0.5269536,0.09241,0.01208554,0.003418091,0.9956418,-2.622683E-08,-0.3,2.07153,0.3146578,1
T4_EU_PS_B3_C2_P297869_S14_0821105453.csv,10927,1566352805236,314.5085,-0.0438709,0.06506524,0.07169542,0.02356378,-0.1827599,0.9828752,10.53056,1.373365,0.5100465,0.09181276,0.01152547,0.003332102,0.9957041,-2.622683E-08,-0.3,2.071531,0.2193969,1
T4_EU_PS_B3_C2_P297869_S14_0821105453.csv,10928,1566352805269,314.542,-0.04369959,0.06523632,0.07187475,0.02263041,-0.1808273,0.9832545,10.41795,1.318476,0.5167869,0.09083332,0.01104858,0.003446311,0.9957989,-2.622683E-08,-0.3,2.071695,0.09691329,1
T4_EU_PS_B3_C2_P297869_S14_0821105453.csv,10929,1566352805303,314.576,-0.04354771,0.06513786,0.07201284,0.0223342,-0.1815468,0.9831287,10.45987,1.301392,0.4441862,0.09119014,0.01095587,0.002824687,0.9957693,-2.622683E-08,-0.3,2.071875,0.1266688,1
T4_EU_PS_B3_C2_P297869_S14_0821105453.csv,10930,1566352805334,314.6076,-0.04322753,0.06503274,0.07211058,0.02314852,-0.1833127,0.9827821,10.56277,1.3493,0.4386262,0.09208492,0.01137221,0.002727404,0.9956825,-2.622683E-08,-0.3,2.072013,0.2470816,1
T4_EU_PS_B3_C2_P297869_S14_0821105453.csv,10931,1566352805369,314.6413,-0.0429743,0.06520852,0.07242319,0.0240548,-0.1807504,0.9832348,10.41347,1.401459,0.4513925,0.09079014,0.01182173,0.002812749,0.9957959,-2.622683E-08,-0.3,2.072111,0.1802258,1
T4_EU_PS_B3_C2_P297869_S14_0821105453.csv,10932,1566352805400,314.6736,-0.04275381,0.06536491,0.07270565,0.02517736,-0.1797479,0.9833905,10.35508,1.466601,0.436975,0.09028271,0.01240175,0.002642523,0.9958355,-2.622683E-08,-0.3,2.072423,0.2390311,1
T4_EU_PS_B3_C2_P297869_S14_0821105453.csv,10933,1566352805436,314.7088,-0.0424864,0.06528275,0.07286711,0.02510682,-0.1809474,0.9831722,10.42495,1.462818,0.4215874,0.09088816,0.01237806,0.002503825,0.9957811,-2.622683E-08,-0.3,2.072706,0.2533378,1
T4_EU_PS_B3_C2_P297869_S14_0821105453.csv,10934,1566352805466,314.7402,-0.0423355,0.06539865,0.07311036,0.02527154,-0.1799562,0.9833499,10.36721,1.472145,0.4086519,0.09038518,0.01247175,0.00239063,0.9958259,-2.622683E-08,-0.3,2.072867,0.2556444,1
T4_EU_PS_B3_C2_P297869_S14_0821105453.csv,10935,1566352805503,314.776,-0.04217298,0.0654501,0.07319003,0.02560829,-0.1800546,0.9833232,10.37294,1.491794,0.3957845,0.09043398,0.01265242,0.002262647,0.9958196,-2.622683E-08,-0.3,2.07311,0.2804634,1
T4_EU_PS_B3_C2_P297869_S14_0821105453.csv,10936,1566352805533,314.8066,-0.04208269,0.06536053,0.07304893,0.02558399,-0.1814985,0.9830584,10.45706,1.49078,0.3933071,0.09116463,0.01264219,0.00223218,0.9957531,-2.622683E-08,-0.3,2.07319,0.3006659,1
T4_EU_PS_B3_C2_P297869_S14_0821105453.csv,10937,1566352805570,314.8424,-0.04211666,0.0656062,0.07306536,0.0248089,-0.179434,0.9834571,10.3368,1.445049,0.4268494,0.09012226,0.01222321,0.002573565,0.9958524,-2.622683E-08,-0.3,2.073049,0.2349025,1
T4_EU_PS_B3_C2_P297869_S14_0821105453.csv,10938,1566352805600,314.8741,-0.04218649,0.06590587,0.07295822,0.02368595,-0.1764374,0.9840268,10.16232,1.378868,0.422461,0.08860391,0.01165874,0.002606225,0.9959953,-2.622683E-08,-0.3,2.073065,0.2624426,1
T4_EU_PS_B3_C2_P297869_S14_0821105453.csv,10939,1566352805636,314.9083,-0.04230369,0.06601422,0.07273459,0.02327546,-0.1746699,0.9843519,10.05945,1.354533,0.4118842,0.08770816,0.01145956,0.002543964,0.9960771,-2.622683E-08,-0.3,2.072958,0.3380413,1
T4_EU_PS_B3_C2_P297869_S14_0821105453.csv,10940,1566352805667,314.9405,-0.04235788,0.06629717,0.07261847,0.0233747,-0.1718514,0.9848455,9.895481,1.359625,0.4285223,0.0862846,0.01149789,0.002702071,0.9962006,-2.622683E-08,-0.3,2.072735,0.501241,1
T4_EU_PS_B3_C2_P297869_S14_0821105453.csv,10941,1566352805710,314.9788,-0.04246452,0.06644242,0.07249299,0.0242748,-0.1706585,0.9850312,9.826109,1.411693,0.4410094,0.08568402,0.0119441,0.00277905,0.9962469,-2.622683E-08,-0.3,2.072618,0.5855064,1
T4_EU_PS_B3_C2_P297869_S14_0821105453.csv,10942,1566352805734,315.0075,-0.04253897,0.06644587,0.07241937,0.02485246,-0.1701714,0.985101,9.797785,1.445171,0.4663756,0.08544131,0.01221745,0.00297774,0.9962639,-2.622683E-08,-0.3,2.072493,0.6233823,1
T4_EU_PS_B3_C2_P297869_S14_0821105453.csv,10943,1566352805770,315.0418,-0.04267664,0.06648035,0.07231282,0.02472343,-0.1707408,0.9850057,9.830892,1.43781,0.4654251,0.08572882,0.01215269,0.002971252,0.99624,-2.622683E-08,-0.3,2.072419,0.589503,1
T4_EU_PS_B3_C2_P297869_S14_0821105453.csv,10944,1566352805800,315.0737,-0.042942,0.06666765,0.07240376,0.02435816,-0.1683174,0.9854318,9.690005,1.415964,0.4660999,0.08450344,0.01196853,0.003009024,0.9963468,-2.622683E-08,-0.3,2.072313,0.7203645,1
T4_EU_PS_B3_C2_P297869_S14_0821105453.csv,10945,1566352805836,315.1084,-0.04311443,0.06651704,0.07237649,0.02404095,-0.169941,0.9851609,9.784388,1.397915,0.6051103,0.08533782,0.0117039,0.004220616,0.9962744,-2.622683E-08,-0.3,2.072404,0.6189722,1
T4_EU_PS_B3_C2_P297869_S14_0821105453.csv,10946,1566352805867,315.14,-0.04334236,0.06654717,0.07261383,0.02364846,-0.1683314,0.9854468,9.69082,1.374703,0.6825913,0.08453122,0.01145007,0.004921705,0.9963429,-2.622683E-08,-0.3,2.072376,0.7058211,1
T4_EU_PS_B3_C2_P297869_S14_0821105453.csv,10947,1566352805901,315.1737,-0.04356029,0.06656261,0.0730034,0.02203107,-0.1676105,0.9856071,9.648914,1.280507,0.6969283,0.08416411,0.01062304,0.005120107,0.9963821,-2.622683E-08,-0.3,2.072614,0.7375443,1
T4_EU_PS_B3_C2_P297869_S14_0821105453.csv,10948,1566352805933,315.2068,-0.04366837,0.06607455,0.0732514,0.02084079,-0.1719775,0.9848804,9.902818,1.21224,0.6690718,0.08636609,0.01003502,0.004903574,0.9962009,-2.622683E-08,-0.3,2.073003,0.4698059,1
T4_EU_PS_B3_C2_P297869_S14_0821105453.csv,10949,1566352805969,315.2419,-0.04361099,0.06570524,0.0735359,0.02084625,-0.1756331,0.9842349,10.1155,1.213352,0.6629556,0.08821442,0.01003689,0.004829051,0.9960393,-2.622683E-08,-0.3,2.073251,0.2486604,1
T4_EU_PS_B3_C2_P297869_S14_0821105453.csv,10950,1566352805999,315.2729,-0.04342144,0.0656931,0.07398065,0.02225179,-0.1743686,0.984429,10.04192,1.294879,0.5936292,0.0875717,0.01080284,0.004171222,0.9960909,-2.622683E-08,-0.3,2.073536,0.3238513,1
T4_EU_PS_B3_C2_P297869_S14_0821105453.csv,10951,1566352806037,315.3095,-0.0431967,0.06541935,0.07406835,0.02338503,-0.1775309,0.9838374,10.22598,1.361618,0.5908615,0.08917363,0.01137515,0.004076419,0.9959428,-2.622683E-08,-0.3,2.073981,0.1758294,1
T4_EU_PS_B3_C2_P297869_S14_0821105453.csv,10952,1566352806067,315.34,-0.04298894,0.0652106,0.07422309,0.02391238,-0.1790125,0.9835562,10.31224,1.39271,0.6172999,0.08992715,0.01161995,0.004272529,0.9958714,-2.622683E-08,-0.3,2.074068,0.1631294,1
T4_EU_PS_B3_C2_P297869_S14_0821105453.csv,10953,1566352806108,315.3777,-0.04275832,0.06523047,0.0743138,0.02291544,-0.1785461,0.9836647,10.28508,1.33452,0.5859406,0.08968589,0.01114031,0.004048518,0.9958996,-2.622683E-08,-0.3,2.074223,0.1219466,1
T4_EU_PS_B3_C2_P297869_S14_0821105453.csv,10954,1566352806134,315.4076,-0.04246613,0.06490268,0.0743443,0.02117223,-0.1813761,0.9831859,10.44993,1.233635,0.5058187,0.09110761,0.0103185,0.003415144,0.9957818,-2.622683E-08,-0.3,2.074314,0.1136409,1
T4_EU_PS_B3_C2_P297869_S14_0821105453.csv,10955,1566352806169,315.4418,-0.04214192,0.06449342,0.07418557,0.01927373,-0.185504,0.9824545,10.69052,1.123881,0.383641,0.09318478,0.009452986,0.002419536,0.9956011,-2.622683E-08,-0.3,2.074344,0.373777,1
T4_EU_PS_B3_C2_P297869_S14_0821105453.csv,10956,1566352806199,315.4726,-0.04169613,0.06432427,0.07405323,0.0189181,-0.1863468,0.9823019,10.73967,1.10332,0.2916252,0.09360388,0.009347699,0.001632583,0.9955643,-2.622683E-08,-0.3,2.074186,0.4279585,1
T4_EU_PS_B3_C2_P297869_S14_0821105453.csv,10957,1566352806235,315.508,-0.04123045,0.06422569,0.07373802,0.01976285,-0.1872602,0.9821115,10.79293,1.152797,0.2081519,0.0940602,0.009844452,0.0008622255,0.9955175,-2.622683E-08,-0.3,2.074053,0.4768338,1
T4_EU_PS_B3_C2_P297869_S14_0821105453.csv,10958,1566352806266,315.5395,-0.04082698,0.06438326,0.07337666,0.02102474,-0.1852603,0.9824646,10.67631,1.225942,0.2307025,0.09304956,0.01046445,0.001009125,0.995606,-2.622683E-08,-0.3,2.073738,0.3593647,1
T4_EU_PS_B3_C2_P297869_S14_0821105453.csv,10959,1566352806301,315.5744,-0.04059573,0.06479998,0.07309177,0.02158321,-0.1804585,0.9833457,10.39647,1.257369,0.2313956,0.09061832,0.0107443,0.001016762,0.9958273,-2.622683E-08,-0.3,2.073377,0.1136409,1
T4_EU_PS_B3_C2_P297869_S14_0821105453.csv,10960,1566352806333,315.6064,-0.04044765,0.06508004,0.07268932,0.02119568,-0.1776106,0.9838725,10.23062,1.234139,0.1901829,0.08917292,0.01057881,0.0006927241,0.9959598,-2.622683E-08,-0.3,2.073092,0.132704,1
T4_EU_PS_B3_C2_P297869_S14_0821105453.csv,10961,1566352806369,315.6414,-0.04035677,0.06530604,0.07242352,0.0210315,-0.1752638,0.9842969,10.09401,1.224054,0.1962992,0.08798607,0.01048956,0.0007665954,0.9960662,-2.622683E-08,-0.3,2.072689,0.2631872,1
T4_EU_PS_B3_C2_P297869_S14_0821105453.csv,10962,1566352806399,315.6728,-0.04035914,0.06566857,0.07234034,0.02177681,-0.1722293,0.9848161,9.917459,1.26675,0.2163588,0.08645351,0.01084967,0.0009253957,0.9961964,-2.622683E-08,-0.3,2.072423,0.454995,1
T4_EU_PS_B3_C2_P297869_S14_0821105453.csv,10963,1566352806435,315.7078,-0.04037308,0.06570902,0.07235277,0.02239672,-0.1720374,0.9848358,9.906301,1.302772,0.3002047,0.08636494,0.01109991,0.001628252,0.9962004,-2.622683E-08,-0.3,2.07234,0.4760123,1
T4_EU_PS_B3_C2_P297869_S14_0821105453.csv,10964,1566352806465,315.7395,-0.04066521,0.06579051,0.07260031,0.02189464,-0.1711434,0.9850028,9.854305,1.27336,0.3018121,0.08591264,0.01084464,0.001669519,0.9962423,-2.622683E-08,-0.3,2.072353,0.5207698,1
T4_EU_PS_B3_C2_P297869_S14_0821105453.csv,10965,1566352806504,315.7775,-0.04109314,0.06557527,0.07295822,0.02099104,-0.1731877,0.9846651,9.973211,1.221244,0.238972,0.08693986,0.01043554,0.001151063,0.9961582,-2.622683E-08,-0.3,2.0726,0.3876539,1
T4_EU_PS_B3_C2_P297869_S14_0821105453.csv,10966,1566352806533,315.8067,-0.04133199,0.06522141,0.07314838,0.02032926,-0.1762206,0.9841408,10.1497,1.183383,0.3481046,0.08848318,0.01001755,0.002112239,0.9960251,-2.622683E-08,-0.3,2.072958,0.1988102,1
T4_EU_PS_B3_C2_P297869_S14_0821105453.csv,10967,1566352806567,315.841,-0.04159631,0.06493291,0.07349579,0.02034197,-0.1786224,0.9837074,10.28953,1.184644,0.4126438,0.08970418,0.009973176,0.002659281,0.995915,-2.622683E-08,-0.3,2.073148,0.05233916,1
T4_EU_PS_B3_C2_P297869_S14_0821105453.csv,10968,1566352806599,315.873,-0.04185078,0.06482349,0.07386139,0.01960155,-0.1790237,0.9836495,10.3129,1.141603,0.4759391,0.08991154,0.009548537,0.003240975,0.9958987,-2.622683E-08,-0.3,2.073496,0.05934703,1
T4_EU_PS_B3_C2_P297869_S14_0821105453.csv,10969,1566352806636,315.9087,-0.04220331,0.06472716,0.07420298,0.01802792,-0.1797959,0.9835387,10.35787,1.050094,0.5097566,0.09030235,0.008724642,0.00360294,0.9958697,-2.622683E-08,-0.3,2.073861,0.1582588,1
T4_EU_PS_B3_C2_P297869_S14_0821105453.csv,10970,1566352806665,315.9395,-0.04245573,0.06445875,0.07448816,0.01657827,-0.182495,0.983067,10.51512,0.9661345,0.557063,0.0916695,0.007950008,0.004068098,0.9957495,-2.622683E-08,-0.3,2.074203,0.3102743,1
T4_EU_PS_B3_C2_P297869_S14_0821105453.csv,10971,1566352806701,315.9735,-0.04259922,0.06417209,0.07483335,0.01595397,-0.1834151,0.9829061,10.56874,0.9299108,0.5439346,0.09213327,0.007643181,0.00397901,0.9957094,-2.622683E-08,-0.3,2.074488,0.3789758,1
T4_EU_PS_B3_C2_P297869_S14_0821105453.csv,10972,1566352806733,316.0061,-0.04266788,0.06401984,0.07495597,0.01585564,-0.1856755,0.9824831,10.70052,0.924578,0.5810356,0.0932805,0.007560347,0.004295898,0.9956019,-2.622683E-08,-0.3,2.074833,0.4845679,1
T4_EU_PS_B3_C2_P297869_S14_0821105453.csv,10973,1566352806768,316.0409,-0.04274074,0.06392875,0.07489708,0.01510909,-0.1863707,0.9823633,10.74106,0.8811597,0.6027452,0.09363241,0.007163338,0.004516977,0.9955708,-2.622683E-08,-0.3,2.074956,0.5467969,1
T4_EU_PS_B3_C2_P297869_S14_0821105453.csv,10974,1566352806798,316.0722,-0.04273939,0.06406149,0.07471825,0.01430657,-0.1851759,0.9826013,10.67138,0.8341617,0.5202523,0.09302034,0.006825583,0.003843342,0.9956334,-2.622683E-08,-0.3,2.074897,0.5248867,1
T4_EU_PS_B3_C2_P297869_S14_0821105453.csv,10975,1566352806835,316.1077,-0.04271067,0.06432866,0.07461018,0.01418746,-0.181784,0.9832361,10.47369,0.8266833,0.455661,0.09129845,0.006821015,0.003301233,0.9957948,-2.622683E-08,-0.3,2.074718,0.4182466,1
T4_EU_PS_B3_C2_P297869_S14_0821105453.csv,10976,1566352806866,316.1394,-0.04256397,0.06459691,0.07443701,0.01565211,-0.1791455,0.9836981,10.31999,0.9115847,0.4406136,0.08996419,0.007576892,0.003113921,0.9959114,-2.622683E-08,-0.3,2.07461,0.3032579,1
T4_EU_PS_B3_C2_P297869_S14_0821105453.csv,10977,1566352806901,316.1733,-0.04236856,0.06471896,0.07425259,0.01795962,-0.1777433,0.983913,10.23834,1.045719,0.4094972,0.08925576,0.008770189,0.002744887,0.9959664,-2.622683E-08,-0.3,2.074437,0.1897456,1
T4_EU_PS_B3_C2_P297869_S14_0821105453.csv,10978,1566352806933,316.2063,-0.04222164,0.0646762,0.07398432,0.01988423,-0.1785589,0.9837283,10.28583,1.157969,0.3970395,0.08967008,0.009753706,0.00254488,0.9959205,-2.622683E-08,-0.3,2.074253,0.06852804,1
T4_EU_PS_B3_C2_P297869_S14_0821105453.csv,10979,1566352806970,316.243,-0.04213924,0.06470472,0.073753,0.02070051,-0.1780809,0.9837981,10.258,1.205406,0.3823579,0.08942791,0.01017851,0.002382779,0.9959385,-2.622683E-08,-0.3,2.073984,0.07401875,1
T4_EU_PS_B3_C2_P297869_S14_0821105453.csv,10980,1566352806999,316.2726,-0.04214843,0.06467213,0.07347737,0.0206762,-0.1777942,0.9838504,10.24131,1.203928,0.3414525,0.0892792,0.01019814,0.002029978,0.9959524,-2.622683E-08,-0.3,2.073753,0.09065409,1
T4_EU_PS_B3_C2_P297869_S14_0821105453.csv,10981,1566352807034,316.3071,-0.04214415,0.06479971,0.07322615,0.0204757,-0.1766071,0.9840685,10.17219,1.191992,0.273574,0.08867229,0.01014928,0.001455699,0.9960081,-2.622683E-08,-0.3,2.073477,0.1607126,1
T4_EU_PS_B3_C2_P297869_S14_0821105453.csv,10982,1566352807065,316.3389,-0.0421268,0.06489401,0.0730697,0.02135617,-0.1748158,0.9843695,10.06794,1.242853,0.2055891,0.08776044,0.01064646,0.000835406,0.9960844,-2.622683E-08,-0.3,2.073226,0.2705197,1
T4_EU_PS_B3_C2_P297869_S14_0821105453.csv,10983,1566352807100,316.3732,-0.04204962,0.06480643,0.07281908,0.02257859,-0.1752022,0.9842736,10.09043,1.314097,0.1723429,0.08795314,0.01129071,0.0004895852,0.9960606,-2.622683E-08,-0.3,2.07307,0.2661444,1
T4_EU_PS_B3_C2_P297869_S14_0821105453.csv,10984,1566352807132,316.4061,-0.04183675,0.06468551,0.07259217,0.02476505,-0.1759027,0.984096,10.13119,1.44156,0.2326125,0.08831447,0.01235127,0.0009111038,0.9960157,-2.622683E-08,-0.3,2.072819,0.3127867,1
T4_EU_PS_B3_C2_P297869_S14_0821105453.csv,10985,1566352807168,316.4411,-0.04183699,0.06481236,0.07249367,0.02549922,-0.1747629,0.9842803,10.06486,1.483999,0.1521399,0.08772926,0.01278359,0.0001864776,0.9960623,-2.622683E-08,-0.3,2.072592,0.3901695,1
T4_EU_PS_B3_C2_P297869_S14_0821105453.csv,10986,1566352807199,316.4725,-0.04186896,0.06476805,0.07227018,0.02612457,-0.174914,0.9842371,10.07365,1.520443,0.09903121,0.08779969,0.01314087,-0.0003040781,0.9960514,-2.622683E-08,-0.3,2.072494,0.4092611,1
T4_EU_PS_B3_C2_P297869_S14_0821105453.csv,10987,1566352807235,316.5075,-0.04182658,0.06468395,0.07205103,0.0262527,-0.1754814,0.9841326,10.10667,1.528059,0.131174,0.08809038,0.01318177,-3.437878E-05,0.9960253,-2.622683E-08,-0.3,2.07227,0.3946573,1
T4_EU_PS_B3_C2_P297869_S14_0821105453.csv,10988,1566352807265,316.5385,-0.0417975,0.06471281,0.07196704,0.02614027,-0.1740662,0.9843869,10.02432,1.521125,0.08368474,0.08736909,0.01315937,-0.0004322744,0.996089,-2.622683E-08,-0.3,2.072051,0.4427898,1
T4_EU_PS_B3_C2_P297869_S14_0821105453.csv,10989,1566352807301,316.5742,-0.04176665,0.06459615,0.07177059,0.02639032,-0.1750691,0.9842024,10.08268,1.535956,0.05853849,0.08787339,0.0133066,-0.0006689888,0.9960425,-2.622683E-08,-0.3,2.071967,0.4149588,1
T4_EU_PS_B3_C2_P297869_S14_0821105453.csv,10990,1566352807332,316.6056,-0.0416878,0.06477156,0.07164438,0.02615493,-0.1743869,0.9843298,10.04298,1.522066,359.9913,0.08752064,0.01323779,-0.001237992,0.996074,-2.622683E-08,-0.3,2.071771,0.4338616,1
T4_EU_PS_B3_C2_P297869_S14_0821105453.csv,10991,1566352807368,316.6412,-0.04153471,0.06475148,0.07152425,0.02639998,-0.1740246,0.9843873,10.0219,1.536229,359.96,0.08733362,0.01338497,-0.001518525,0.996088,-2.622683E-08,-0.3,2.071644,0.4622481,1
T4_EU_PS_B3_C2_P297869_S14_0821105453.csv,10992,1566352807399,316.6723,-0.04140515,0.06458598,0.07140792,0.02758829,-0.1743391,0.9842991,10.0402,1.605486,359.8542,0.08747879,0.01406767,-0.002493785,0.9960639,-2.622683E-08,-0.3,2.071524,0.5035778,1
T4_EU_PS_B3_C2_P297869_S14_0821105453.csv,10993,1566352807435,316.7076,-0.04121644,0.06466962,0.07130327,0.02908962,-0.1729254,0.9845052,9.95795,1.692452,359.8388,0.08675992,0.01483519,-0.002682689,0.9961152,-2.622683E-08,-0.3,2.071408,0.6271377,1
T4_EU_PS_B3_C2_P297869_S14_0821105453.csv,10994,1566352807465,316.7392,-0.04110819,0.06445421,0.07106236,0.03079031,-0.1740237,0.98426,10.02185,1.791782,359.8324,0.08731212,0.01570359,-0.00282271,0.9960532,-2.622683E-08,-0.3,2.071303,0.6760855,1
T4_EU_PS_B3_C2_P297869_S14_0821105453.csv,10995,1566352807500,316.7727,-0.04101303,0.06438753,0.07089008,0.03176747,-0.1743623,0.984169,10.04155,1.848778,359.7993,0.08747727,0.01622432,-0.003156913,0.9960294,-2.622683E-08,-0.3,2.071062,0.7206361,1
T4_EU_PS_B3_C2_P297869_S14_0821105453.csv,10996,1566352807532,316.8052,-0.04099321,0.06440967,0.07073041,0.03183673,-0.1734742,0.9843237,9.989877,1.852515,359.7295,0.08701811,0.01630958,-0.003758493,0.9960662,-2.622683E-08,-0.3,2.07089,0.7462481,1
T4_EU_PS_B3_C2_P297869_S14_0821105453.csv,10997,1566352807569,316.8418,-0.04103063,0.06418829,0.07054845,0.03224915,-0.1732083,0.9843571,9.974408,1.876433,359.7378,0.08688404,0.01651112,-0.003703008,0.9960747,-2.622683E-08,-0.3,2.07073,0.7707559,1
T4_EU_PS_B3_C2_P297869_S14_0821105453.csv,10998,1566352807598,316.8721,-0.04109168,0.06395163,0.07018145,0.03204918,-0.176146,0.9838422,10.14536,1.86578,359.7405,0.08837063,0.01641766,-0.003694757,0.9959455,-2.622683E-08,-0.3,2.070549,0.6977351,1
T4_EU_PS_B3_C2_P297869_S14_0821105453.csv,10999,1566352807635,316.9074,-0.04115875,0.06404219,0.0699601,0.03270061,-0.1759762,0.9838511,10.13547,1.90366,359.7432,0.08828388,0.01674479,-0.003699704,0.9959478,-2.622683E-08,-0.3,2.070181,0.7348864,1
T4_EU_PS_B3_C2_P297869_S14_0821105453.csv,11000,1566352807664,316.9383,-0.04115693,0.06412913,0.06974712,0.03246569,-0.1741875,0.9841772,10.03138,1.889368,359.7934,0.08738688,0.01658153,-0.003237051,0.9960312,-2.622683E-08,-0.3,2.06996,0.7548515,1
T4_EU_PS_B3_C2_P297869_S14_0821105453.csv,11001,1566352807700,316.9727,-0.0412043,0.06405172,0.06933635,0.03244353,-0.1757034,0.9839084,10.11959,1.888595,359.8147,0.08815674,0.01655868,-0.003063687,0.9959643,-2.622683E-08,-0.3,2.069747,0.7233464,1
T4_EU_PS_B3_C2_P297869_S14_0821105453.csv,11002,1566352807732,317.0054,-0.04115931,0.06406113,0.06898233,0.0332766,-0.1763925,0.9837573,10.1597,1.93735,359.8385,0.08850753,0.01696408,-0.002900136,0.9959269,-2.622683E-08,-0.3,2.069336,0.762332,1
T4_EU_PS_B3_C2_P297869_S14_0821105453.csv,11003,1566352807765,317.0392,-0.04109962,0.06429801,0.06874126,0.03364435,-0.1744377,0.9840932,10.04594,1.958075,359.856,0.08752083,0.01713094,-0.002747256,0.9960116,-2.622683E-08,-0.3,2.068982,0.8161334,1
T4_EU_PS_B3_C2_P297869_S14_0821105453.csv,11004,1566352807799,317.0719,-0.04094362,0.06437299,0.06846512,0.03376453,-0.1737337,0.9842137,10.00498,1.964824,359.9217,0.0871745,0.01713972,-0.00217539,0.9960433,-2.622683E-08,-0.3,2.068741,0.8418618,1
T4_EU_PS_B3_C2_P297869_S14_0821105453.csv,11005,1566352807834,317.107,-0.04073166,0.06438969,0.06825586,0.0337343,-0.174077,0.984154,10.02495,1.963185,359.9358,0.08735022,0.01711461,-0.002054906,0.9960285,-2.622683E-08,-0.3,2.068465,0.8386015,1
T4_EU_PS_B3_C2_P297869_S14_0821105453.csv,11006,1566352807864,317.1382,-0.04047615,0.06455622,0.06818198,0.03343222,-0.1718087,0.9845629,9.892999,1.944811,359.7904,0.086182,0.01706535,-0.00328565,0.9961278,-2.622683E-08,-0.3,2.068256,0.8871316,1
T4_EU_PS_B3_C2_P297869_S14_0821105453.csv,11007,1566352807902,317.1743,-0.04020847,0.06437618,0.06788183,0.0336368,-0.1743315,0.9841123,10.03976,1.957598,359.7415,0.08744998,0.01721424,-0.003741666,0.9960132,-2.622683E-08,-0.3,2.068182,0.8420942,1
T4_EU_PS_B3_C2_P297869_S14_0821105453.csv,11008,1566352807931,317.2048,-0.03988191,0.06417128,0.06762688,0.03393886,-0.1764011,0.9837331,10.1602,1.975925,359.7231,0.08849346,0.01738855,-0.003933873,0.9959172,-2.622683E-08,-0.3,2.067882,0.8348597,1
T4_EU_PS_B3_C2_P297869_S14_0821105453.csv,11009,1566352807967,317.2397,-0.03959427,0.06425896,0.06739937,0.03406239,-0.1755645,0.9838785,10.11151,1.982818,359.6637,0.08806098,0.01749367,-0.004447575,0.9959515,-2.622683E-08,-0.3,2.067627,0.8609378,1
T4_EU_PS_B3_C2_P297869_S14_0821105453.csv,11010,1566352807998,317.2718,-0.03940199,0.06433058,0.06702143,0.03278407,-0.1758774,0.983866,10.12972,1.908486,359.6264,0.08821663,0.01687657,-0.004717237,0.9959472,-2.622683E-08,-0.3,2.067399,0.7908052,1
T4_EU_PS_B3_C2_P297869_S14_0821105453.csv,11011,1566352808034,317.3066,-0.0393259,0.06447747,0.06663246,0.03112805,-0.1746646,0.9841358,10.05914,1.811652,359.5554,0.08759712,0.01608812,-0.005250571,0.9960123,-2.622683E-08,-0.3,2.067021,0.7246976,1
T4_EU_PS_B3_C2_P297869_S14_0821105453.csv,11012,1566352808065,317.3384,-0.03925046,0.0648112,0.06631555,0.03040971,-0.1723961,0.9845582,9.927165,1.769112,359.5354,0.08644917,0.01573052,-0.005374129,0.9961176,-2.622683E-08,-0.3,2.066633,0.7538139,1
T4_EU_PS_B3_C2_P297869_S14_0821105453.csv,11013,1566352808101,317.3731,-0.03925432,0.06494359,0.06598574,0.03078084,-0.1712647,0.9847441,9.861362,1.790352,359.4113,0.08585884,0.01600664,-0.006460873,0.9961578,-2.622683E-08,-0.3,2.066316,0.8103587,1
T4_EU_PS_B3_C2_P297869_S14_0821105453.csv,11014,1566352808131,317.4048,-0.0391743,0.06503499,0.0656221,0.03172043,-0.1708477,0.9847867,9.837111,1.844885,359.4832,0.08565526,0.01642616,-0.005873203,0.9961721,-2.622683E-08,-0.3,2.065986,0.8713301,1
T4_EU_PS_B3_C2_P297869_S14_0821105453.csv,11015,1566352808166,317.44,-0.03934015,0.06514606,0.06531668,0.0327088,-0.1707823,0.9847657,9.833308,1.902369,359.4956,0.08562109,0.01691647,-0.005807414,0.9961672,-2.622683E-08,-0.3,2.065622,0.9185583,1
T4_EU_PS_B3_C2_P297869_S14_0821105453.csv,11016,1566352808198,317.471,-0.03959571,0.06535293,0.06514637,0.03308599,-0.1691698,0.9850314,9.739551,1.923771,359.5217,0.0848088,0.01708081,-0.005583262,0.9962352,-2.622683E-08,-0.3,2.065317,0.9885356,1
T4_EU_PS_B3_C2_P297869_S14_0821105453.csv,11017,1566352808234,317.5064,-0.04002443,0.06540447,0.06501342,0.03162811,-0.1682458,0.9852375,9.685841,1.838679,359.5792,0.08435413,0.01629744,-0.005013591,0.99629,-2.622683E-08,-0.3,2.065146,0.9526493,1
T4_EU_PS_B3_C2_P297869_S14_0821105453.csv,11018,1566352808264,317.5382,-0.04045405,0.06538588,0.06485185,0.02964762,-0.1690758,0.9851571,9.734086,1.723757,359.6785,0.08479182,0.01522574,-0.004071155,0.9962741,-2.622683E-08,-0.3,2.065013,0.8303944,1
T4_EU_PS_B3_C2_P297869_S14_0821105453.csv,11019,1566352808301,317.5732,-0.04085153,0.06539055,0.06476329,0.02804941,-0.1690447,0.9852092,9.732281,1.630799,359.7356,0.08478656,0.01437534,-0.003506369,0.9962893,-2.622683E-08,-0.3,2.064852,0.7674484,1
T4_EU_PS_B3_C2_P297869_S14_0821105453.csv,11020,1566352808332,317.6051,-0.04123551,0.06547698,0.06466886,0.02681989,-0.1692929,0.9852008,9.746707,1.559364,359.7932,0.08492106,0.01371171,-0.002954287,0.996289,-2.622683E-08,-0.3,2.064763,0.7116191,1
T4_EU_PS_B3_C2_P297869_S14_0821105453.csv,11021,1566352808368,317.6404,-0.04159413,0.06550321,0.06457168,0.02596358,-0.1687219,0.9853217,9.713515,1.509415,359.8466,0.08463994,0.01323776,-0.002448734,0.9963207,-2.622683E-08,-0.3,2.064669,0.7127182,1
T4_EU_PS_B3_C2_P297869_S14_0821105453.csv,11022,1566352808397,317.6713,-0.04192527,0.06550422,0.06452358,0.02582024,-0.1685493,0.985355,9.703482,1.501035,359.8832,0.08455707,0.01313791,-0.002123688,0.9963298,-2.622683E-08,-0.3,2.064572,0.7146374,1
T4_EU_PS_B3_C2_P297869_S14_0821105453.csv,11023,1566352808434,317.7068,-0.04224407,0.06541647,0.06447043,0.0255327,-0.1694838,0.9852022,9.757805,1.484557,359.9223,0.08503412,0.01296558,-0.001777521,0.9962921,-2.622683E-08,-0.3,2.064524,0.652521,1
T4_EU_PS_B3_C2_P297869_S14_0821105453.csv,11024,1566352808465,317.7386,-0.0426459,0.06546828,0.06450619,0.02474874,-0.1694396,0.9852298,9.75524,1.438954,359.9614,0.08501682,0.0125401,-0.001403615,0.9962996,-2.622683E-08,-0.3,2.064471,0.6355062,1
T4_EU_PS_B3_C2_P297869_S14_0821105453.csv,11025,1566352808501,317.7729,-0.04304551,0.06542473,0.06454109,0.02441071,-0.1701394,0.9851176,9.795926,1.419469,0.07903291,0.08538344,0.01228277,-0.0003704899,0.9962724,-2.622683E-08,-0.3,2.064506,0.5858405,1
T4_EU_PS_B3_C2_P297869_S14_0821105453.csv,11026,1566352808531,317.8047,-0.04341336,0.06536194,0.06453288,0.02306125,-0.171385,0.9849342,9.868356,1.341279,0.08435051,0.0860139,0.01159791,-0.0002734075,0.9962264,-2.622683E-08,-0.3,2.064541,0.4909863,1
T4_EU_PS_B3_C2_P297869_S14_0821105453.csv,11027,1566352808566,317.8392,-0.04386766,0.06550786,0.06454844,0.02182339,-0.1704953,0.9851168,9.816619,1.269072,0.02913709,0.08555897,0.01101215,-0.0006942298,0.996272,-2.622683E-08,-0.3,2.064533,0.5381398,1
T4_EU_PS_B3_C2_P297869_S14_0821105453.csv,11028,1566352808597,317.871,-0.04418857,0.06555762,0.06447634,0.02178556,-0.1705483,0.9851084,9.819698,1.266883,0.1507756,0.08559738,0.01090223,0.0003646448,0.9962701,-2.622683E-08,-0.3,2.064548,0.5355885,1
T4_EU_PS_B3_C2_P297869_S14_0821105453.csv,11029,1566352808634,317.9065,-0.04437813,0.06551126,0.06445948,0.02287753,-0.1697403,0.9852232,9.772722,1.330207,0.1969761,0.08519375,0.01141937,0.0007238141,0.9962987,-2.622683E-08,-0.3,2.064476,0.5848376,1
T4_EU_PS_B3_C2_P297869_S14_0821105453.csv,11030,1566352808664,317.9379,-0.04448394,0.06559251,0.06443295,0.02376038,-0.1695971,0.985227,9.764393,1.381515,0.2191575,0.08512395,0.01184918,0.0008794055,0.9962996,-2.622683E-08,-0.3,2.06446,0.6013339,1
T4_EU_PS_B3_C2_P297869_S14_0821105453.csv,11031,1566352808703,317.9751,-0.04464883,0.06561334,0.06437232,0.02332374,-0.1694804,0.9852575,9.75761,1.356094,0.2561094,0.08506852,0.0116009,0.001220272,0.9963068,-2.622683E-08,-0.3,2.064433,0.6045791,1
T4_EU_PS_B3_C2_P297869_S14_0821105453.csv,11032,1566352808732,318.0057,-0.04478515,0.06546315,0.06428511,0.02281208,-0.1702658,0.9851341,9.803271,1.326522,0.2621513,0.0854658,0.01133801,0.001290082,0.9962758,-2.622683E-08,-0.3,2.064372,0.5510744,1
T4_EU_PS_B3_C2_P297869_S14_0821105453.csv,11033,1566352808765,318.0389,-0.0449373,0.06549099,0.0642231,0.02292853,-0.1701259,0.9851556,9.795136,1.333263,0.2050131,0.08538947,0.01143942,0.0007891211,0.9962817,-2.622683E-08,-0.3,2.064285,0.5602303,1
T4_EU_PS_B3_C2_P297869_S14_0821105453.csv,11034,1566352808798,318.0715,-0.04502302,0.06558983,0.0642359,0.0234151,-0.1694972,0.9852525,9.758586,1.361411,0.2124836,0.08507264,0.0116795,0.0008369207,0.9963059,-2.622683E-08,-0.3,2.064223,0.6016592,1
T4_EU_PS_B3_C2_P297869_S14_0821105453.csv,11035,1566352808832,318.1055,-0.04511972,0.06549897,0.06426776,0.02367144,-0.1706779,0.9850425,9.827234,1.376603,0.2543996,0.0856739,0.01177852,0.001182793,0.9962529,-2.622683E-08,-0.3,2.064236,0.533392,1
T4_EU_PS_B3_C2_P297869_S14_0821105453.csv,11036,1566352808863,318.1372,-0.04525055,0.0654808,0.06445496,0.02347787,-0.1710548,0.9849818,9.849154,1.365434,0.2248818,0.08586133,0.01170292,0.0009322143,0.996238,-2.622683E-08,-0.3,2.064268,0.509757,1
T4_EU_PS_B3_C2_P297869_S14_0821105453.csv,11037,1566352808899,318.1723,-0.04540502,0.06549789,0.06476264,0.02320072,-0.1702044,0.9851356,9.799705,1.349111,0.2307412,0.08543187,0.01155792,0.001000522,0.9962765,-2.622683E-08,-0.3,2.064455,0.55778,1
T4_EU_PS_B3_C2_P297869_S14_0821105453.csv,11038,1566352808931,318.204,-0.04555793,0.06519413,0.06487747,0.02245037,-0.1736851,0.9845453,10.00215,1.306277,0.2208473,0.08719047,0.01118775,0.0009260794,0.9961284,-2.622683E-08,-0.3,2.064763,0.343781,1
T4_EU_PS_B3_C2_P297869_S14_0821105453.csv,11039,1566352808965,318.239,-0.04571821,0.06490608,0.06500032,0.02220069,-0.1772874,0.9839087,10.2118,1.292589,0.201413,0.08901077,0.01107854,0.0007467149,0.9959688,-2.622683E-08,-0.3,2.064878,0.1266688,1
T4_EU_PS_B3_C2_P297869_S14_0821105453.csv,11040,1566352808998,318.2714,-0.0458026,0.06492066,0.06521474,0.02213424,-0.1769093,0.9839783,10.18979,1.288631,0.1817954,0.08881755,0.01105986,0.0005814626,0.9959864,-2.622683E-08,-0.3,2.065,0.1506579,1
T4_EU_PS_B3_C2_P297869_S14_0821105453.csv,11041,1566352809032,318.3043,-0.04584405,0.06480882,0.06517644,0.02247766,-0.1776927,0.9838293,10.23539,1.308816,0.2340258,0.08921916,0.01119361,0.001015182,0.9959486,-2.622683E-08,-0.3,2.065215,0.09891172,1
T4_EU_PS_B3_C2_P297869_S14_0821105453.csv,11042,1566352809065,318.3387,-0.04593267,0.06481079,0.0651025,0.0220744,-0.1786298,0.9836687,10.28996,1.285553,0.2214961,0.08969198,0.01099978,0.0009189936,0.9959084,-2.622683E-08,-0.3,2.065176,0.05595291,1
T4_EU_PS_B3_C2_P297869_S14_0821105453.csv,11043,1566352809100,318.373,-0.04601497,0.06500109,0.06512853,0.02095129,-0.1759858,0.9841697,10.13603,1.219545,0.2410203,0.08835535,0.01041492,0.001154832,0.9960339,-2.622683E-08,-0.3,2.065103,0.2264194,1
T4_EU_PS_B3_C2_P297869_S14_0821105453.csv,11044,1566352809131,318.4043,-0.04610045,0.06515296,0.06503789,0.02034975,-0.1748172,0.9843906,10.06802,1.184274,0.2050286,0.08776063,0.01013769,0.000875389,0.9960896,-2.622683E-08,-0.3,2.065129,0.3058279,1
T4_EU_PS_B3_C2_P297869_S14_0821105453.csv,11045,1566352809167,318.4394,-0.04608751,0.06511568,0.06490861,0.02023618,-0.1751234,0.9843385,10.08584,1.177729,0.2663628,0.08792087,0.01003332,0.001411927,0.996076,-2.622683E-08,-0.3,2.065038,0.2920831,1
T4_EU_PS_B3_C2_P297869_S14_0821105453.csv,11046,1566352809197,318.4703,-0.04598349,0.06522721,0.06491733,0.02031399,-0.1745796,0.9844335,10.05419,1.182142,0.23449,0.08764303,0.01009695,0.001134377,0.9961002,-2.622683E-08,-0.3,2.064909,0.3208161,1
T4_EU_PS_B3_C2_P297869_S14_0821105453.csv,11047,1566352809232,318.5046,-0.04597519,0.06540015,0.06486551,0.01972662,-0.1738795,0.9845694,10.01346,1.147812,0.09905969,0.08727694,0.009902721,-1.303947E-05,0.9961349,-2.622683E-08,-0.3,2.064917,0.3758652,1
T4_EU_PS_B3_C2_P297869_S14_0821105453.csv,11048,1566352809263,318.5373,-0.04596547,0.06535619,0.06475352,0.01994905,-0.1747904,0.9844036,10.06646,1.160947,0.2005244,0.0877465,0.009938399,0.0008542412,0.9960929,-2.622683E-08,-0.3,2.064866,0.3214254,1
T4_EU_PS_B3_C2_P297869_S14_0821105453.csv,11049,1566352809299,318.5714,-0.04592724,0.06537539,0.06471083,0.01992912,-0.1743599,0.9844803,10.04141,1.159696,0.2070854,0.08752932,0.009923096,0.000914469,0.9961121,-2.622683E-08,-0.3,2.064754,0.3449174,1
T4_EU_PS_B3_C2_P297869_S14_0821105453.csv,11050,1566352809331,318.6043,-0.04593851,0.06554043,0.06478202,0.01921402,-0.1723689,0.984845,9.925582,1.117681,0.2224524,0.08652336,0.009548938,0.001090135,0.9962035,-2.622683E-08,-0.3,2.064711,0.4722982,1
T4_EU_PS_B3_C2_P297869_S14_0821105453.csv,11051,1566352809366,318.6394,-0.04602527,0.06562753,0.06489263,0.01809035,-0.1720025,0.9849304,9.90427,1.052241,0.2341305,0.08633837,0.008971743,0.001242804,0.9962247,-2.622683E-08,-0.3,2.064782,0.5237671,1
T4_EU_PS_B3_C2_P297869_S14_0821105453.csv,11052,1566352809399,318.6718,-0.0460767,0.0655226,0.06498314,0.01772467,-0.1732629,0.9847161,9.977588,1.0312,0.2389137,0.08697588,0.008783385,0.00129439,0.9961709,-2.622683E-08,-0.3,2.064893,0.4722982,1
T4_EU_PS_B3_C2_P297869_S14_0821105453.csv,11053,1566352809432,318.704,-0.04603405,0.0656504,0.06517932,0.01793096,-0.1723412,0.9848741,9.923967,1.043031,0.282294,0.08651322,0.008854833,0.001666867,0.99621,-2.622683E-08,-0.3,2.064983,0.5128186,1
T4_EU_PS_B3_C2_P297869_S14_0821105453.csv,11054,1566352809465,318.7383,-0.04601023,0.06568046,0.06539875,0.0189285,-0.1724342,0.9848391,9.929379,1.101083,0.2785911,0.08656081,0.009362148,0.001590387,0.9962013,-2.622683E-08,-0.3,2.065179,0.4809199,1
T4_EU_PS_B3_C2_P297869_S14_0821105453.csv,11055,1566352809501,318.773,-0.04597789,0.06550547,0.06552956,0.01893828,-0.1746794,0.9844432,10.06,1.102095,0.3796406,0.08770453,0.009289892,0.002456845,0.9961002,-2.622683E-08,-0.3,2.065399,0.3631561,1
T4_EU_PS_B3_C2_P297869_S14_0821105453.csv,11056,1566352809530,318.8038,-0.04608085,0.06548195,0.0657458,0.01861948,-0.1746761,0.9844499,10.05981,1.083539,0.3908145,0.08770337,0.009120052,0.002568193,0.9961016,-2.622683E-08,-0.3,2.06553,0.3763854,1
T4_EU_PS_B3_C2_P297869_S14_0821105453.csv,11057,1566352809565,318.8387,-0.04613647,0.06560749,0.06603394,0.01730416,-0.1730146,0.9847673,9.963142,1.006688,0.3783246,0.08686038,0.008464991,0.002526066,0.9961814,-2.622683E-08,-0.3,2.065746,0.5020211,1
T4_EU_PS_B3_C2_P297869_S14_0821105453.csv,11058,1566352809596,318.8701,-0.04616179,0.06560427,0.06627329,0.01635465,-0.1730052,0.9847851,9.962596,0.9514422,0.3672718,0.08685364,0.007993117,0.002471897,0.996186,-2.622683E-08,-0.3,2.066034,0.5381398,1
T4_EU_PS_B3_C2_P297869_S14_0821105453.csv,11059,1566352809634,318.9064,-0.04612933,0.06542189,0.06651251,0.0166818,-0.1746233,0.984494,10.05674,0.9707578,0.3825268,0.08767352,0.008146133,0.002582702,0.9961126,-2.622683E-08,-0.3,2.066273,0.454995,1
T4_EU_PS_B3_C2_P297869_S14_0821105453.csv,11060,1566352809663,318.9369,-0.0460017,0.06531115,0.06671548,0.01767593,-0.1754583,0.9843282,10.10533,1.02877,0.4207307,0.08810004,0.008619298,0.002866482,0.9960703,-2.622683E-08,-0.3,2.066513,0.3753442,1
T4_EU_PS_B3_C2_P297869_S14_0821105453.csv,11061,1566352809700,318.9717,-0.04592375,0.06517743,0.06677948,0.01811735,-0.1771275,0.9840211,10.20249,1.054785,0.4214186,0.08894525,0.008841101,0.002844412,0.9959933,-2.622683E-08,-0.3,2.066715,0.2934199,1
T4_EU_PS_B3_C2_P297869_S14_0821105453.csv,11062,1566352809729,319.003,-0.0458819,0.06516798,0.06681246,0.01747894,-0.1769214,0.9840698,10.19049,1.017574,0.4274007,0.0888405,0.008513509,0.002926249,0.9960052,-2.622683E-08,-0.3,2.066779,0.329838,1
T4_EU_PS_B3_C2_P297869_S14_0821105453.csv,11063,1566352809766,319.0391,-0.04588472,0.06541388,0.06689072,0.0168673,-0.1742103,0.984564,10.03271,0.9814807,0.4202805,0.08746757,0.008211381,0.002904536,0.9961293,-2.622683E-08,-0.3,2.066813,0.4571402,1
T4_EU_PS_B3_C2_P297869_S14_0821105453.csv,11064,1566352809797,319.0703,-0.04588055,0.06551434,0.06683847,0.0170221,-0.1734622,0.9846934,9.989182,0.990356,0.3975117,0.08708779,0.008307511,0.00270322,0.9961624,-2.622683E-08,-0.3,2.066891,0.4849715,1
T4_EU_PS_B3_C2_P297869_S14_0821105453.csv,11065,1566352809832,319.1048,-0.04577783,0.06552295,0.06681147,0.01764895,-0.1728875,0.9847834,9.95575,1.026725,0.479798,0.08680417,0.008562579,0.003393616,0.9961829,-2.622683E-08,-0.3,2.066839,0.4873863,1
T4_EU_PS_B3_C2_P297869_S14_0821105453.csv,11066,1566352809863,319.137,-0.04569589,0.06558423,0.06689338,0.01813425,-0.1726428,0.9848176,9.94151,1.054914,0.4670316,0.08668023,0.008817911,0.003262464,0.9961919,-2.622683E-08,-0.3,2.066812,0.4845679,1
T4_EU_PS_B3_C2_P297869_S14_0821105453.csv,11067,1566352809899,319.1715,-0.04572152,0.06560253,0.06697021,0.01843216,-0.1726576,0.9848094,9.942375,1.07225,0.3568839,0.08667959,0.0090519,0.002291718,0.9961925,-2.622683E-08,-0.3,2.066893,0.4760123,1
T4_EU_PS_B3_C2_P297869_S14_0821105453.csv,11068,1566352809930,319.2032,-0.04572902,0.06549387,0.06698218,0.01825063,-0.1740369,0.98457,10.02262,1.06195,0.4070842,0.08738086,0.008921345,0.00272924,0.9961313,-2.622683E-08,-0.3,2.06697,0.4111691,1
T4_EU_PS_B3_C2_P297869_S14_0821105453.csv,11069,1566352809966,319.2392,-0.04572054,0.06549293,0.06702754,0.01869208,-0.1739101,0.9845841,10.01524,1.087615,0.4589337,0.08732146,0.00910522,0.003161022,0.9961336,-2.622683E-08,-0.3,2.066982,0.403483,1
T4_EU_PS_B3_C2_P297869_S14_0821105453.csv,11070,1566352809997,319.2702,-0.04571305,0.06558331,0.06717978,0.01893062,-0.1724884,0.9848296,9.932531,1.101217,0.4897557,0.08660532,0.009203644,0.003425766,0.9961943,-2.622683E-08,-0.3,2.067028,0.4714689,1
T4_EU_PS_B3_C2_P297869_S14_0821105453.csv,11071,1566352810032,319.3054,-0.04570893,0.06565583,0.06737646,0.0178683,-0.1723071,0.9848812,9.921987,1.03938,0.4912178,0.08651189,0.008665428,0.003486077,0.9962071,-2.622683E-08,-0.3,2.06718,0.5116726,1
T4_EU_PS_B3_C2_P297869_S14_0821105453.csv,11072,1566352810063,319.3368,-0.04572155,0.06550604,0.06765521,0.0164596,-0.1734784,0.9847001,9.990123,0.9576291,0.4668918,0.08710002,0.007970244,0.003331154,0.9961622,-2.622683E-08,-0.3,2.067376,0.5039662,1
T4_EU_PS_B3_C2_P297869_S14_0821105453.csv,11073,1566352810099,319.3714,-0.04566256,0.06538936,0.06801422,0.01672784,-0.1743276,0.9845456,10.03953,0.9733856,0.4646441,0.0875298,0.008106865,0.003295837,0.9961235,-2.622683E-08,-0.3,2.067655,0.453703,1
